1635067015402,2.0313,-2.8887,9.0859,0.0236,0.0077,0.0225
1635067015403,1.8115,-2.7402,9.2656,0.0151,-0.0093,0.0161
1635067015405,1.8428,-2.6230,9.3516,-0.0157,-0.0412,0.0118
1635067015406,1.7109,-2.8652,9.2344,-0.0402,-0.0731,0.0140
1635067015407,2.4570,-2.8770,9.0469,0.0162,-0.1115,0.0033
1635067015419,2.2930,-2.7227,9.1328,-0.0061,-0.0114,-0.0052
1635067015420,1.7734,-2.7402,9.0938,-0.0455,0.0194,0.0065
1635067015462,2.0586,-2.8965,9.0547,-0.0242,-0.0157,0.0001
1635067015463,2.2129,-2.8965,9.0625,-0.0093,-0.0104,-0.0094
1635067015468,2.0293,-2.8438,9.1563,-0.0030,0.0035,-0.0052
1635067015469,2.0215,-2.8535,9.1953,-0.0008,0.0013,-0.0084
1635067015471,2.1016,-2.8594,9.1953,-0.0104,0.0013,-0.0084
1635067015501,2.1211,-2.8555,9.2109,-0.0242,0.0120,-0.0063
1635067015502,2.1113,-2.8984,9.1797,-0.0327,0.0173,-0.0094
1635067015509,2.1055,-2.9512,9.1875,-0.0306,0.0215,-0.0094
1635067015524,2.0742,-2.9121,9.1563,-0.0232,0.0184,-0.0137
1635067015525,2.0605,-2.8438,9.1094,-0.0200,0.0173,-0.0233
1635067015526,1.9912,-2.8711,9.1094,-0.0285,0.0162,-0.0243
1635067015554,1.9482,-2.9199,9.0547,-0.0381,0.0162,-0.0254
1635067015555,1.9463,-2.9121,9.0078,-0.0359,0.0130,-0.0307
1635067015556,1.9268,-2.8887,8.9844,-0.0359,0.0088,-0.0254
1635067015587,1.9248,-2.9395,8.9922,-0.0413,0.0120,-0.0211
1635067015588,1.9385,-2.9453,9.0234,-0.0381,0.0109,-0.0190
1635067015589,1.9990,-2.8203,8.9922,-0.0381,0.0003,-0.0222
1635067015613,2.0176,-2.7617,8.9844,-0.0519,0.0056,-0.0307
1635067015614,1.9678,-2.8477,8.9375,-0.0604,0.0130,-0.0307
1635067015617,1.9863,-2.8203,8.8906,-0.0551,0.0003,-0.0318
1635067015643,1.9795,-2.7676,8.8594,-0.0498,-0.0189,-0.0371
1635067015644,1.9199,-2.7852,8.8906,-0.0423,-0.0295,-0.0403
1635067015645,1.9365,-2.8633,8.9688,-0.0349,-0.0412,-0.0371
1635067015673,1.9199,-2.8750,9.0547,-0.0381,-0.0540,-0.0297
1635067015674,1.9482,-2.7168,9.1094,-0.0476,-0.0646,-0.0382
1635067015676,2.0332,-2.5684,9.1406,-0.0732,-0.0688,-0.0541
1635067015704,2.0898,-2.4434,9.0703,-0.1232,-0.0625,-0.0807
1635067015705,2.0898,-2.3516,8.9297,-0.1881,-0.0518,-0.1212
1635067015706,2.0391,-2.3145,8.8359,-0.2380,-0.0476,-0.1616
1635067015737,1.9746,-2.3301,8.7891,-0.2678,-0.0487,-0.1957
1635067015739,1.9365,-2.4238,8.7109,-0.2859,-0.0540,-0.2190
1635067015741,1.9199,-2.5078,8.7109,-0.2922,-0.0604,-0.2329
1635067015771,1.9072,-2.6445,8.6563,-0.2891,-0.0614,-0.2382
1635067015773,1.9336,-2.7051,8.6328,-0.2720,-0.0731,-0.2350
1635067015775,2.0098,-2.5605,8.6641,-0.2488,-0.0987,-0.2329
1635067015787,2.1074,-2.5254,8.7109,-0.2466,-0.1273,-0.2350
1635067015790,2.2383,-2.4961,8.8125,-0.2637,-0.1593,-0.2529
1635067015821,2.3887,-2.3711,8.9063,-0.2986,-0.1880,-0.2871
1635067015823,2.4551,-2.5098,8.9531,-0.3540,-0.1838,-0.3210
1635067015825,2.4414,-2.8574,8.9063,-0.3965,-0.1614,-0.3508
1635067015836,2.3789,-3.1641,8.9375,-0.4063,-0.1530,-0.3774
1635067015838,2.3926,-3.3535,8.8984,-0.3711,-0.1678,-0.3977
1635067015871,2.3750,-3.4824,8.7813,-0.3115,-0.1859,-0.4126
1635067015873,2.3398,-3.4844,8.7578,-0.2732,-0.1997,-0.4338
1635067015875,2.3262,-3.2773,8.7891,-0.2605,-0.2094,-0.4563
1635067015895,2.3574,-2.9922,8.9141,-0.2891,-0.2263,-0.4819
1635067015897,2.4004,-2.8848,9.0625,-0.3774,-0.2295,-0.5083
1635067015900,2.5254,-2.8633,9.1250,-0.4817,-0.2072,-0.5371
1635067015925,2.6582,-3.0645,9.1328,-0.5869,-0.0966,-0.5596
1635067015929,2.6367,-4.2031,8.8750,-0.5337,-0.0497,-0.5571
1635067015932,2.6426,-4.4922,8.6484,-0.4243,-0.0455,-0.5508
1635067015954,2.7148,-4.4688,8.5469,-0.2903,-0.0635,-0.5391
1635067015956,2.7188,-4.3984,8.5469,-0.1913,-0.0583,-0.5181
1635067015957,2.7383,-4.1367,8.6484,-0.1476,-0.0402,-0.4988
1635067015986,2.7910,-3.8066,8.6172,-0.1381,-0.0465,-0.4702
1635067015988,2.7969,-3.5449,8.4766,-0.1550,-0.0827,-0.4541
1635067015990,2.8711,-3.1328,8.3516,-0.2380,-0.1338,-0.4553
1635067016015,2.9844,-2.5938,8.2734,-0.4199,-0.1710,-0.4648
1635067016019,3.0996,-2.3008,8.0547,-0.6328,-0.1530,-0.4819
1635067016021,3.0605,-2.3496,7.7109,-0.7998,-0.1168,-0.5063
1635067016044,2.8496,-2.6465,7.4609,-0.9404,-0.1083,-0.5400
1635067016049,2.6797,-2.8594,7.1211,-1.0557,-0.1604,-0.5806
1635067016051,2.5938,-2.9629,6.7266,-1.1484,-0.2412,-0.6318
1635067016074,2.5605,-3.1211,6.4688,-1.2432,-0.3135,-0.6958
1635067016075,2.5078,-3.2070,6.2930,-1.3438,-0.3923,-0.7593
1635067016076,2.4102,-2.9941,6.2344,-1.4697,-0.4956,-0.8320
1635067016105,2.3379,-2.7598,6.2227,-1.6650,-0.5923,-0.9331
1635067016106,2.2324,-2.7051,6.1406,-1.9209,-0.6646,-1.0547
1635067016108,2.1328,-2.9414,6.0273,-2.1797,-0.7305,-1.1777
1635067016135,2.1113,-3.4004,5.6719,-2.4023,-0.8081,-1.2900
1635067016137,2.2734,-3.7285,5.3906,-2.5625,-0.9063,-1.4053
1635067016138,2.5449,-3.9766,5.2969,-2.6621,-1.0215,-1.4893
1635067016165,3.0137,-4.1406,5.1875,-2.8281,-1.1426,-1.5098
1635067016167,3.4961,-4.4883,5.2305,-3.1016,-1.2061,-1.5273
1635067016169,3.7891,-5.0469,5.1797,-3.3809,-1.2217,-1.5869
1635067016195,3.9727,-5.4961,4.9414,-3.6660,-1.2813,-1.6152
1635067016197,4.2422,-5.5430,4.4805,-3.9375,-1.3203,-1.6309
1635067016198,4.4375,-5.5156,4.3555,-4.1641,-1.3145,-1.6279
1635067016225,4.5820,-5.5859,4.2695,-4.3594,-1.2822,-1.6406
1635067016227,4.4961,-5.8125,4.1719,-4.5313,-1.2334,-1.6025
1635067016228,4.3828,-6.2813,3.8965,-4.6328,-1.1670,-1.5410
1635067016255,4.4531,-6.9883,3.7266,-4.7305,-1.0781,-1.5352
1635067016257,4.6563,-7.3711,3.3613,-4.9023,-1.0117,-1.5049
1635067016259,4.9961,-7.2617,2.9004,-5.0039,-0.9263,-1.4600
1635067016285,5.2617,-6.7070,2.5234,-4.9453,-0.7998,-1.4697
1635067016287,5.2188,-6.2500,1.9053,-4.7656,-0.6230,-1.4609
1635067016289,5.0156,-6.2031,1.0674,-4.4531,-0.4402,-1.4023
1635067016316,4.8516,-6.1836,0.4070,-4.1836,-0.3062,-1.3545
1635067016318,4.8906,-6.1328,-0.1508,-3.9590,-0.2966,-1.3369
1635067016320,5.2539,-6.4023,-0.5815,-3.7227,-0.2817,-1.3115
1635067016345,5.7461,-6.8828,-0.6460,-3.5293,-0.2349,-1.2598
1635067016347,6.1406,-7.1328,-0.8472,-3.3242,-0.1614,-1.2373
1635067016349,6.4063,-7.0234,-0.9863,-3.0195,-0.0625,-1.2510
1635067016374,6.5938,-6.6406,-0.9668,-2.6934,0.0162,-1.2646
1635067016377,6.7969,-6.1445,-1.2734,-2.3906,0.0598,-1.2490
1635067016383,6.9805,-5.8555,-1.8555,-2.0684,0.0939,-1.2227
1635067016394,7.2656,-5.8867,-1.7881,-1.7471,0.1109,-1.2197
1635067016396,7.6563,-5.8633,-1.2588,-1.4639,0.1300,-1.2627
1635067016426,7.9883,-6.2578,-1.3760,-1.1533,0.1290,-1.2676
1635067016428,8.1875,-7.1602,-1.3096,-0.8701,0.1183,-1.1768
1635067016429,8.2813,-7.7500,-1.1006,-0.6616,0.1088,-1.1143
1635067016455,8.2656,-8.2969,-0.9097,-0.3625,0.0886,-1.0576
1635067016457,8.3359,-8.5547,-0.0574,-0.1604,0.0375,-0.9307
1635067016459,8.4844,-7.6484,0.6177,-0.1550,-0.0465,-0.7935
1635067016485,8.7656,-6.1797,0.7373,-0.1764,-0.1348,-0.6987
1635067016487,9.0313,-5.4219,0.6699,-0.2786,-0.1721,-0.5850
1635067016489,9.0625,-5.5156,0.5024,-0.5669,-0.1550,-0.4478
1635067016515,8.9375,-6.1953,0.1747,-0.8691,-0.1359,-0.3350
1635067016517,8.8438,-6.8320,-0.4211,-1.0361,-0.1370,-0.2646
1635067016519,8.7891,-7.6758,-0.6582,-0.9531,-0.1614,-0.2190
1635067016545,8.8125,-8.3281,-0.6895,-0.8008,-0.2062,-0.1542
1635067016547,8.9453,-8.3672,-0.6724,-0.6509,-0.2498,-0.0775
1635067016549,8.9141,-7.9688,-0.2847,-0.4551,-0.2625,-0.0222
1635067016575,8.7422,-7.4492,0.0311,-0.2720,-0.2507,0.0320
1635067016577,8.5234,-7.0352,0.2585,-0.1359,-0.2242,0.0948
1635067016579,8.3047,-6.7891,0.4141,-0.0498,-0.2146,0.1554
1635067016605,8.1875,-6.6367,0.3831,0.0034,-0.2189,0.2043
1635067016607,8.1484,-6.6484,0.5815,0.0545,-0.2380,0.2129
1635067016609,8.1953,-6.8203,0.7227,0.1853,-0.2827,0.1917
1635067016635,8.4219,-6.8945,0.6484,0.2629,-0.3220,0.1587
1635067016637,8.7266,-6.6328,0.6245,0.2407,-0.3147,0.1246
1635067016639,8.8750,-6.1211,0.3135,0.2184,-0.2881,0.0799
1635067016665,8.9219,-5.6094,0.3589,0.2013,-0.2551,0.0172
1635067016667,8.9844,-5.4648,0.8687,0.1918,-0.2168,-0.0403
1635067016669,9.0781,-5.7500,1.0645,0.2119,-0.1774,-0.0254
1635067016695,9.1250,-6.2266,1.3760,0.2715,-0.1370,0.0235
1635067016697,9.1172,-6.3438,1.5098,0.3215,-0.0901,0.0374
1635067016699,8.9531,-6.3008,1.2568,0.3938,-0.0465,0.0501
1635067016725,8.6484,-6.2070,0.9648,0.4609,-0.0221,0.0938
1635067016727,8.4453,-5.9492,0.5410,0.5107,-0.0263,0.1044
1635067016729,8.3672,-5.8359,0.2035,0.5845,-0.0433,0.0778
1635067016756,8.4922,-5.8906,0.1915,0.6479,-0.0859,0.0629
1635067016757,8.6484,-6.0781,0.0694,0.6812,-0.1125,0.0852
1635067016759,8.8203,-6.5859,0.2417,0.7207,-0.1146,0.1140
1635067016786,8.8750,-7.1328,0.3877,0.7778,-0.0955,0.1437
1635067016787,8.7891,-7.5977,0.9551,0.8428,-0.0817,0.1937
1635067016789,8.6875,-6.9570,1.3975,0.7163,-0.1019,0.2352
1635067016816,8.5469,-6.1172,1.1387,0.6118,-0.1008,0.2267
1635067016817,8.3828,-6.4453,0.7324,0.5674,-0.0859,0.2649
1635067016819,8.2500,-6.6797,0.2727,0.4290,-0.1019,0.3054
1635067016846,8.2266,-6.5898,-0.2058,0.3950,-0.0966,0.2693
1635067016847,8.1172,-6.4375,-0.4548,0.4014,-0.0731,0.2629
1635067016849,7.9883,-6.4063,-0.6030,0.3608,-0.0433,0.2927
1635067016876,7.8320,-6.7891,-0.5386,0.3257,-0.0029,0.3013
1635067016877,7.5586,-7.3281,-0.4763,0.3472,0.0194,0.3098
1635067016879,7.2227,-7.5195,-0.3303,0.4663,0.0035,0.3130
1635067016906,6.9766,-7.2422,0.2561,0.6362,-0.0380,0.3044
1635067016907,6.8555,-6.6289,0.6392,0.7417,-0.0933,0.2927
1635067016909,6.9297,-6.0430,0.6582,0.7300,-0.1390,0.2820
1635067016936,7.1484,-5.7813,0.6416,0.6099,-0.1465,0.2649
1635067016937,7.3320,-5.8008,0.4331,0.4333,-0.0880,0.2406
1635067016939,7.3594,-6.0898,0.1149,0.3035,0.0162,0.2203
1635067016964,7.1641,-6.3945,-0.1484,0.2629,0.1013,0.1820
1635067016966,6.8672,-6.4297,-0.5576,0.3152,0.1216,0.1288
1635067016968,6.7461,-5.8477,-1.0293,0.4365,0.0482,0.0640
1635067016994,7.0234,-5.4219,0.2632,0.5430,-0.0497,0.0416
1635067016996,7.4961,-4.8711,0.7349,0.0375,-0.0093,-0.0116
1635067016996,7.8203,-4.0547,0.2751,-0.1658,0.0886,-0.0605
1635067017024,7.5859,-4.4219,0.1221,-0.1881,0.1577,-0.0446
1635067017026,7.4219,-5.2734,0.4834,-0.1327,0.1694,-0.0116
1635067017027,7.4609,-6.1055,0.5000,-0.0625,0.1290,0.0044
1635067017069,7.6484,-6.3828,0.3279,0.0417,0.0758,-0.0360
1635067017073,7.8164,-6.2500,0.1724,0.1577,0.0503,-0.1084
1635067017074,7.8867,-5.9453,0.0503,0.1332,0.0460,-0.1307
1635067017075,7.9219,-5.6719,-0.0359,-0.0423,0.0343,-0.1254
1635067017102,7.8906,-5.8125,0.2035,-0.2051,0.0524,-0.1254
1635067017106,7.7539,-5.9805,0.4453,-0.3369,0.0854,-0.1223
1635067017109,7.6680,-6.0977,0.8403,-0.3733,0.0950,-0.1243
1635067017114,7.6445,-6.6563,0.8857,-0.3337,0.0588,-0.0945
1635067017118,7.5703,-7.3555,0.4812,-0.3008,0.0364,-0.0414
1635067017145,7.4414,-7.7617,0.1724,-0.1561,0.0535,-0.0158
1635067017148,7.2227,-7.6328,0.0144,0.0566,0.0662,-0.0158
1635067017152,7.0547,-6.8281,-0.0933,0.1843,0.0247,-0.0328
1635067017165,7.1523,-6.1445,0.1532,0.2607,-0.0221,-0.0105
1635067017184,7.4023,-6.1445,0.5601,0.2991,-0.0082,0.0225
1635067017189,7.5313,-6.5078,0.5576,0.3022,0.0503,0.0416
1635067017193,7.4492,-6.7461,0.5361,0.3418,0.1013,0.0501
1635067017205,7.2227,-6.5625,0.4595,0.3950,0.1162,0.0512
1635067017217,6.9492,-6.0703,0.2512,0.3928,0.0939,0.0522
1635067017232,6.7891,-5.3594,-0.2751,0.2258,0.0343,0.0491
1635067017265,6.8555,-4.7227,-0.4116,-0.0413,-0.0221,0.0406
1635067017281,7.0703,-4.8711,-0.4668,-0.2786,-0.0402,0.0501
1635067017286,7.2969,-5.6445,-0.7061,-0.4849,-0.0433,0.0533
1635067017291,7.4883,-6.5352,-0.8569,-0.5454,-0.0412,0.0150
1635067017295,7.5039,-7.1484,-0.6006,-0.4563,-0.0295,-0.0052
1635067017300,7.4766,-6.8398,0.1005,-0.3816,-0.0359,-0.0126
1635067017304,7.4648,-6.0625,0.5479,-0.2913,-0.0433,-0.0945
1635067017307,7.5703,-5.6563,0.9717,-0.2062,-0.0593,-0.1531
1635067017314,7.6914,-5.4531,0.9189,-0.2317,-0.0455,-0.1658
1635067017318,7.5430,-5.5781,0.6680,-0.2434,0.0184,-0.1605
1635067017345,7.2461,-5.7500,0.5171,-0.2434,0.0715,-0.1499
1635067017364,7.0234,-5.6719,0.4236,-0.2539,0.0737,-0.1307
1635067017393,6.9922,-5.6523,0.3687,-0.2317,0.0450,-0.1116
1635067017397,7.2031,-5.7773,0.5146,-0.1891,0.0205,-0.1041
1635067017434,7.4766,-6.5664,0.6416,-0.1327,0.0173,-0.0371
1635067017438,7.4766,-7.2734,0.0790,-0.0742,0.0226,0.0044
1635067017442,7.3594,-7.4375,0.1866,0.1237,0.0215,-0.0275
1635067017468,7.1094,-7.1992,0.2394,0.3545,-0.0029,0.0129
1635067017473,7.0859,-6.8711,0.5000,0.4683,-0.0635,0.0320
1635067017477,7.3672,-6.7227,0.6680,0.5034,-0.1104,0.0182
1635067017489,7.6250,-6.7773,0.6177,0.4875,-0.1019,0.0299
1635067017493,7.6484,-6.8672,0.5098,0.4866,-0.0285,0.0416
1635067017505,7.3750,-6.8516,0.4932,0.5513,0.0503,0.0310
1635067017509,6.9570,-6.7266,0.4285,0.6885,0.0801,0.0182
1635067017526,6.6875,-6.6680,0.2920,0.8579,0.0407,0.0193
1635067017535,6.7227,-6.5117,0.3711,1.0059,-0.0561,-0.0063
1635067017569,6.9141,-6.0820,0.5791,1.0986,-0.1284,-0.0424
1635067017599,7.1836,-5.5117,0.6104,1.0957,-0.1656,-0.0403
1635067017607,7.4219,-5.1875,0.6343,1.0205,-0.1656,-0.0594
1635067017620,7.5391,-5.0391,0.7754,0.9087,-0.1115,-0.0978
1635067017624,7.4961,-4.8789,0.7061,0.8569,-0.0551,-0.1393
1635067017636,7.4141,-4.9375,0.5767,0.9268,-0.0221,-0.1946
1635067017642,7.3516,-5.0430,0.7900,0.9663,0.0173,-0.2350
1635067017654,7.1953,-5.0391,1.0127,0.9546,0.0609,-0.2413
1635067017658,7.0898,-5.1680,1.0693,0.9619,0.0779,-0.2286
1635067017670,7.0859,-5.4219,1.1152,0.9800,0.0854,-0.2382
1635067017674,7.1172,-5.5586,1.0889,1.0059,0.0684,-0.2084
1635067017686,7.1602,-5.5313,1.1875,1.0215,0.0226,-0.1700
1635067017690,7.1875,-5.1992,1.3877,1.0410,0.0013,-0.1946
1635067017700,7.2148,-4.9844,1.8027,1.0146,-0.0210,-0.2106
1635067017707,7.4609,-4.9648,2.2910,0.8203,-0.0870,-0.2275
1635067017718,7.6953,-4.8516,2.2656,0.4534,-0.0838,-0.2722
1635067017735,7.7773,-5.4297,2.0254,0.1321,-0.0082,-0.2732
1635067017739,7.5977,-6.3125,1.6895,-0.0668,0.0364,-0.2659
1635067017751,7.3047,-7.3281,1.5410,-0.0423,0.0715,-0.2827
1635067017755,6.7188,-7.0625,1.0361,0.0439,0.0354,-0.3115
1635067017765,6.5313,-2.9707,1.4619,0.0949,-0.0253,-0.5283
1635067017770,6.8125,-2.6738,1.4404,0.6118,-0.1423,-0.3552
1635067017780,7.4883,-6.7031,0.9048,0.5269,-0.2146,-0.1775
1635067017786,8.5781,-8.6563,1.4746,0.3523,-0.1412,-0.4351
1635067017796,8.7109,-7.9766,1.6543,0.6440,-0.0487,-0.3660
1635067017802,8.2109,-6.7656,1.6133,0.8853,-0.0806,-0.1212
1635067017808,7.8945,-5.8633,1.4717,0.9814,-0.0859,-0.2339
1635067017818,7.5664,-5.1172,1.3838,0.9385,-0.0784,-0.2881
1635067017822,7.1953,-4.0586,1.3447,0.7842,-0.0923,-0.2668
1635067017831,6.9609,-4.7617,1.5059,0.8003,-0.1093,-0.3201
1635067017835,6.8555,-4.5195,2.3672,0.5439,-0.1934,-0.5415
1635067017848,7.3945,-2.0801,4.3008,0.3247,-0.2285,-0.8491
1635067017854,8.0156,0.0862,4.5430,-0.2094,-0.2402,-0.7627
1635067017863,9.2266,-4.4063,1.4932,-0.1519,-0.1965,-0.5859
1635067017869,9.3516,-12.8594,0.7397,-0.0699,-0.0338,-0.2627
1635067017878,9.4688,-13.7656,1.0723,0.2747,0.0950,-0.4807
1635067017885,8.2266,-8.9609,1.0410,1.4053,-0.0029,-0.3201
1635067017894,7.2734,-6.4727,1.7852,2.0566,-0.2051,-0.0084
1635067017900,6.1328,-3.0801,2.0898,1.4150,-0.2114,-0.3521
1635067017908,6.3867,5.5820,5.6563,0.6802,-0.0040,-1.2705
1635067017918,5.7656,0.3159,4.0313,1.0156,-0.2561,-0.3669
1635067017924,7.4609,-1.6152,5.6641,-1.0547,-0.2168,-1.1104
1635067017932,9.2578,1.7832,4.9219,-1.1133,0.0928,-2.1543
1635067017936,9.1172,0.9790,2.8633,-1.2168,-0.0806,-1.1426
1635067017949,9.8516,-4.3047,0.2969,-1.3633,0.1003,-0.9160
1635067017953,9.6875,-12.3516,-0.1532,-0.8296,0.3726,-0.8809
1635067017971,8.8359,-11.0781,2.0684,-0.4636,0.5225,-1.2539
1635067017978,7.0977,-2.8848,6.1758,0.4683,0.4353,-1.5693
1635067017984,6.1680,7.5234,4.6719,0.0811,0.1077,-1.7461
1635067017989,7.9727,14.5000,3.0234,-0.1040,-0.2944,-2.3086
1635067017996,11.8750,5.7188,1.7549,0.5063,-0.3933,-1.7383
1635067018001,13.7813,-18.8125,0.5435,0.9727,-0.0817,0.3682
1635067018030,14.6641,-32.4688,0.0455,0.0853,0.4365,0.5127
1635067018037,14.1641,-23.6406,-0.1340,1.9844,0.4280,-0.4658
1635067018041,11.4766,-9.5078,1.3740,3.7520,-0.0827,0.6245
1635067018049,10.2813,1.8740,-0.0526,2.4648,-0.0604,1.2529
1635067018053,10.4688,6.8789,0.3159,1.3086,0.2854,0.7563
1635067018066,9.8281,2.3008,0.4883,0.8779,0.5576,0.9258
1635067018070,8.9609,-4.6445,-0.6460,-0.0381,0.6855,1.3672
1635067018095,8.6953,-7.3281,-1.2900,-0.3252,0.6152,1.1025
1635067018103,8.5781,-5.1875,-0.8403,-0.1349,0.3013,0.8491
1635067018114,9.1406,-4.7109,1.8623,-0.8809,0.2715,1.1943
1635067018119,8.7813,-6.9023,1.9414,-1.6943,0.4758,1.1875
1635067018131,7.7461,-7.3242,1.8906,-2.1367,0.5884,1.0313
1635067018146,6.6094,-6.2383,2.1074,-2.4414,0.5845,0.9590
1635067018160,6.0313,-4.9102,1.7500,-3.0020,0.4961,0.9565
1635067018178,6.2266,-4.6602,0.9023,-3.5625,0.3748,0.9194
1635067018195,6.7891,-5.7266,0.4260,-3.7422,0.2927,0.8428
1635067018211,7.2617,-6.8945,0.3877,-3.4316,0.2450,0.8042
1635067018216,7.5586,-7.1680,0.5313,-2.6855,0.2024,0.7671
1635067018241,7.7109,-6.4766,0.8496,-1.7158,0.1417,0.7344
1635067018245,7.7930,-5.3906,1.2158,-0.8423,0.0662,0.7554
1635067018261,7.7500,-4.7344,1.4434,-0.1934,0.0045,0.8110
1635067018277,7.6133,-4.8047,1.4404,0.2216,-0.0540,0.8745
1635067018294,7.4492,-5.0742,1.2041,0.4727,-0.1263,0.9131
1635067018298,7.3828,-5.0391,1.1201,0.6362,-0.2125,0.9087
1635067018301,7.3750,-5.0156,1.0889,0.7373,-0.2668,0.8887
1635067018305,7.3008,-5.3867,1.0410,0.7705,-0.3008,0.8770
1635067018309,7.1758,-5.7188,1.2520,0.7227,-0.3274,0.8779
1635067018320,6.9414,-5.8984,1.4580,0.6802,-0.2976,0.8564
1635067018325,6.5859,-5.8750,1.6992,0.6260,-0.2487,0.8418
1635067018328,6.2852,-5.4922,1.8857,0.4983,-0.2136,0.7886
1635067018332,5.9648,-5.0859,1.7549,0.3108,-0.1785,0.6958
1635067018335,5.7227,-4.8398,1.6563,0.0524,-0.1476,0.6138
1635067018338,5.5977,-4.8594,1.3975,-0.2062,-0.1242,0.5107
1635067018345,5.4922,-5.1953,1.3096,-0.3838,-0.1029,0.3862
1635067018362,5.5664,-5.4648,1.4502,-0.4880,-0.1252,0.2756
1635067018367,5.9219,-5.2813,1.6328,-0.4880,-0.1816,0.1479
1635067018378,6.3008,-4.9531,1.5508,-0.3860,-0.2242,0.0299
1635067018385,6.5039,-4.5117,1.2637,-0.2849,-0.2634,-0.0743
1635067018394,6.6172,-3.9082,1.2305,-0.2253,-0.2954,-0.2031
1635067018405,6.6289,-3.4727,1.0527,-0.1550,-0.3264,-0.3232
1635067018409,6.4844,-3.3730,0.6797,-0.1072,-0.3455,-0.3892
1635067018435,6.4414,-3.5664,0.5913,-0.0093,-0.4329,-0.4734
1635067018444,6.6484,-3.3164,-1.0078,0.1981,-0.6021,-0.6040
1635067018460,7.2539,-1.7021,-2.9180,0.5117,-0.7583,-0.7554
1635067018465,8.8594,-3.9082,5.6133,0.6396,-0.3901,-0.3818
1635067018469,9.5938,-7.4336,6.7461,-0.1190,-0.0316,-0.0403
1635067018473,9.8047,-8.4453,4.2539,-0.4626,0.0758,-0.4500
1635067018485,9.4609,-7.4063,2.9590,0.2024,0.1641,-0.6182
1635067018489,8.4297,-5.7734,4.4648,0.5225,0.2524,-0.2456
1635067018515,7.4961,-4.4609,4.3320,-0.0891,0.2810,0.0214
1635067018519,7.2578,-5.7148,2.5176,-0.7349,0.2471,-0.0903
1635067018523,7.9219,-8.1016,1.3857,-0.8540,0.2109,-0.2754
1635067018535,8.0156,-8.5547,0.5337,-0.4912,0.2130,-0.2913
1635067018539,7.3125,-7.4961,0.3230,0.2651,0.2152,-0.2520
1635067018565,6.5742,-6.2461,0.7705,0.8877,0.1268,-0.1700
1635067018569,6.6367,-5.4688,1.0771,1.1182,-0.0199,-0.1680
1635067018573,7.2422,-5.2695,1.4072,1.0020,-0.1221,-0.1808
1635067018585,7.9023,-5.2109,1.5459,0.6387,-0.1498,-0.1648
1635067018589,8.2344,-4.7031,1.3428,0.1024,-0.1072,-0.1818
1635067018616,8.0703,-4.3398,1.6563,-0.3796,0.0152,-0.2339
1635067018625,7.5664,-4.6875,1.7041,-0.6372,0.1385,-0.2563
1635067018628,7.1563,-5.8867,1.1914,-0.5210,0.1801,-0.2732
1635067018636,6.8438,-7.1680,0.9360,-0.0210,0.1971,-0.3093
1635067018639,6.7383,-7.5703,1.3662,0.5981,0.1311,-0.2839
1635067018666,7.1250,-6.9883,2.1270,1.0322,0.0003,-0.2329
1635067018674,7.6445,-5.2852,3.0762,0.9546,-0.0391,-0.2020
1635067018690,7.8750,-4.3281,2.6113,0.5479,-0.0040,-0.1509
1635067018695,7.5195,-5.6250,1.4795,0.2629,0.0715,-0.1434
1635067018699,7.2031,-6.1523,1.1387,0.1503,0.0715,-0.1840
1635067018703,6.9063,-5.6328,0.9551,0.3066,0.0067,-0.2297
1635067018716,6.7539,-5.4961,0.9404,0.5801,-0.0593,-0.3137
1635067018723,6.8438,-6.7656,1.3477,0.8696,-0.1423,-0.3723
1635067018735,7.3438,-8.8594,1.2227,1.1855,-0.2487,-0.5625
1635067018739,7.5625,-5.2500,3.9902,1.1221,-0.2688,-0.7773
1635067018766,8.0313,0.4812,4.5703,0.8345,-0.2678,-0.6880
1635067018769,8.2344,-3.7676,1.1777,0.6226,-0.2583,-0.3530
1635067018773,9.1797,-10.5703,0.8594,0.4087,-0.2157,-0.4233
1635067018786,8.9141,-10.4063,1.0244,0.7632,-0.0944,-0.5400
1635067018789,7.6328,-5.9102,0.8208,1.5068,-0.1593,-0.3774
1635067018816,7.4102,-3.1426,1.1748,1.6377,-0.3381,-0.3042
1635067018819,8.3359,-4.1992,2.2012,1.2939,-0.3433,-0.4915
1635067018853,8.5703,-8.2813,2.7832,1.0254,-0.2849,-0.4180
1635067018870,7.9336,-2.1973,5.0273,-0.1168,-0.1539,-0.6445
1635067018888,7.4883,2.4453,5.6875,-0.2944,-0.0348,-0.9097
1635067018904,7.1133,3.7383,4.9219,-1.5928,-0.0710,-0.8638
1635067018908,8.2422,1.4102,1.5586,-2.0469,0.1523,-1.4365
1635067018913,8.3984,-6.5313,0.2035,-1.5146,0.2418,-1.2236
1635067018922,7.8516,-7.7734,2.7539,-1.4785,0.2715,-1.4307
1635067018925,7.6328,0.3638,2.4199,-0.9775,0.2238,-2.2305
1635067018940,7.5586,0.5840,1.1348,0.2354,-0.0051,-1.7490
1635067018956,8.9531,-5.3516,2.6191,0.0353,-0.0997,-1.4482
1635067018961,9.9609,-6.8203,7.5313,-0.1444,0.2279,-2.2988
1635067018964,8.9688,3.2715,5.5234,-0.2615,0.2471,-2.9492
1635067018969,8.4219,12.5469,5.6250,0.1205,0.0375,-2.8789
1635067018973,9.4063,1.2178,3.4746,0.4631,-0.0019,-1.2256
1635067018977,11.1563,-8.8047,-0.3423,-1.9023,0.1406,-1.0938
1635067018998,13.8672,-7.1445,1.0078,-0.8955,0.2333,-2.5664
1635067019005,11.5234,-7.4336,1.1826,1.1807,0.2238,-1.1289
1635067019010,9.5859,-9.7500,-3.6211,-0.4329,0.1981,0.8545
1635067019013,13.0313,-9.5625,-5.5781,-1.9121,-0.1785,0.5903
1635067019032,16.4844,-10.5234,-3.8750,0.0502,-0.1061,-0.0914
1635067019037,15.6016,-8.3438,-1.9551,2.4531,0.4109,0.3000
1635067019049,11.8828,-2.4922,0.0742,3.0918,0.5352,0.9502
1635067019053,9.8281,1.1006,0.5049,1.8691,0.2727,1.2393
1635067019057,10.5469,-1.9463,1.0313,0.0992,0.1514,1.5459
1635067019065,12.2578,-7.4258,0.4978,-1.7793,0.1715,1.8223
1635067019076,13.2734,-10.6797,0.1532,-2.4297,0.2598,1.7480
1635067019080,12.5547,-10.5234,0.1053,-1.7598,0.3801,1.6289
1635067019113,10.6016,-7.5742,0.3350,-1.0107,0.3972,1.6572
1635067019146,8.7266,-4.4453,0.8950,-0.8223,0.4014,1.5791
1635067019162,7.2813,-3.4102,1.0430,-1.0342,0.4407,1.4297
1635067019179,6.4180,-4.2500,0.8208,-1.3838,0.4185,1.2568
1635067019195,6.1797,-5.1523,0.5410,-1.8018,0.3459,1.0391
1635067019212,6.3242,-5.4844,0.1891,-2.1523,0.2534,0.8672
1635067019228,6.6992,-5.5547,-0.0335,-2.3652,0.1322,0.7759
1635067019261,7.0508,-5.6914,-0.0215,-2.3906,0.0545,0.7031
1635067019265,7.1406,-6.1289,0.3613,-2.0801,-0.0019,0.6587
1635067019277,7.1602,-6.1758,0.7827,-1.5234,-0.1050,0.6777
1635067019281,7.2031,-5.4453,1.0889,-0.9521,-0.2317,0.7100
1635067019287,7.1914,-4.3086,1.2256,-0.5742,-0.3115,0.7461
1635067019291,6.9180,-3.5176,1.2803,-0.3828,-0.3477,0.7915
1635067019296,6.4727,-3.4941,1.1943,-0.2371,-0.3689,0.8491
1635067019300,6.0313,-3.7617,0.9263,-0.0699,-0.4253,0.9121
1635067019303,5.6875,-4.1055,0.9429,0.5054,-0.5913,0.9746
1635067019307,5.9023,-4.6406,0.9385,0.6738,-0.6763,0.9810
1635067019318,6.2266,-4.7656,1.0645,0.7842,-0.6851,0.9629
1635067019322,6.2891,-5.0977,1.1055,0.9141,-0.6221,0.9448
1635067019326,6.0469,-5.4531,1.0771,1.0254,-0.5562,0.9521
1635067019330,5.8438,-5.5117,1.1992,1.0947,-0.5327,0.9302
1635067019333,5.7500,-5.3008,1.3877,1.1563,-0.5283,0.8525
1635067019336,5.6953,-5.0078,1.5342,1.1475,-0.5356,0.7563
1635067019340,5.7813,-4.6016,1.7813,0.9834,-0.5552,0.6279
1635067019343,5.9102,-4.4727,2.1641,0.7832,-0.5464,0.4417
1635067019360,6.0039,-4.5703,2.4492,0.6191,-0.5122,0.2522
1635067019379,6.0859,-4.6328,2.1953,0.6001,-0.5137,0.0459
1635067019384,6.1016,-4.2969,1.8145,0.6650,-0.5425,-0.1371
1635067019388,6.1797,-3.4961,1.5889,0.6675,-0.5464,-0.3264
1635067019394,6.2383,-2.5684,1.2617,0.5972,-0.5137,-0.5371
1635067019399,6.2539,-0.7588,-1.3496,0.4333,-0.5806,-0.7744
1635067019403,7.2422,0.4595,0.8950,0.2428,-0.5933,-0.9253
1635067019416,8.7109,-1.1514,4.3320,-0.5029,-0.2966,-0.6021
1635067019419,9.4375,-4.4453,3.9063,-1.6768,0.0907,-0.5469
1635067019446,9.6484,-7.5391,3.0879,-2.0898,0.2737,-0.7773
1635067019460,8.7031,-8.0078,2.3496,-1.7266,0.3982,-0.8540
1635067019464,7.3750,-3.5430,1.3398,-1.1982,0.3459,-0.9434
1635067019469,7.3711,0.3950,2.3262,-0.4231,0.2832,-1.0186
1635067019473,7.9180,-0.9551,1.9170,0.0396,0.2502,-0.6699
1635067019496,9.4453,-4.6484,0.9741,-0.0806,0.1492,-0.5073
1635067019505,10.7578,-10.5234,-0.5552,0.4695,0.1183,-0.4382
1635067019509,10.4688,-14.0547,-0.5938,1.5000,0.1322,-0.3115
1635067019516,9.6641,-11.7109,0.0479,2.4648,-0.0221,-0.2052
1635067019526,8.5938,-6.9023,1.4648,2.9570,-0.1945,0.0629
1635067019536,8.2422,-4.0742,2.6426,2.5000,-0.2805,0.2981
1635067019543,8.9375,-3.8867,2.8984,1.4268,-0.2498,0.2417
1635067019566,9.6797,-5.3047,2.3223,0.4600,-0.0380,0.1065
1635067019575,9.1953,-6.6992,1.7451,0.0694,0.2078,0.1362
1635067019592,7.6914,-6.6172,0.9238,0.2258,0.3025,0.2043
1635067019597,6.3438,-5.0547,0.4070,0.5493,0.2238,0.1746
1635067019600,5.8164,-3.7363,1.0293,0.8579,0.0407,0.1086
1635067019608,6.1289,-3.6289,2.2754,0.9697,-0.1487,0.0906
1635067019616,6.8711,-3.7715,3.0176,0.8374,-0.2455,0.0533
1635067019620,7.4336,-3.6367,3.5117,0.7163,-0.1945,-0.0573
1635067019646,7.5703,-3.5684,3.1191,0.7075,-0.0859,-0.1148
1635067019658,7.4023,-3.6953,2.3750,0.7651,0.0109,-0.1425
1635067019674,7.3633,-4.1172,1.6582,0.9683,0.0524,-0.2020
1635067019679,7.3047,-4.2578,0.9189,1.2588,0.0417,-0.2615
1635067019683,7.1406,-3.8613,0.6606,1.5801,0.0173,-0.3425
1635067019691,7.2383,-3.9941,1.3398,1.8242,-0.0561,-0.3723
1635067019696,7.5352,-4.0664,1.9434,1.7930,-0.1359,-0.4541
1635067019700,8.4453,-3.9258,3.0801,1.4473,-0.1934,-0.4712
1635067019726,9.3906,-6.1133,2.1973,1.0107,-0.2507,-0.3137
1635067019740,9.3984,-7.2188,1.9033,0.8218,-0.1252,-0.3711
1635067019756,8.6563,-6.5859,2.0469,1.0410,-0.0646,-0.2646
1635067019761,8.2891,-6.2813,1.9268,1.3066,-0.1199,-0.1223
1635067019773,8.3594,-6.6641,1.7207,1.4883,-0.1232,-0.1467
1635067019789,8.2344,-5.9219,2.0254,1.6406,-0.1273,-0.2573
1635067019794,8.4766,-4.2031,2.4531,1.5820,-0.2083,-0.2583
1635067019806,8.8984,-4.4648,3.1016,1.2109,-0.2710,-0.2009
1635067019820,8.3438,-6.0664,4.0703,0.6206,-0.3030,-0.3296
1635067019825,8.1250,4.5938,4.8359,-0.8721,-0.1444,-0.8755
1635067019839,8.8828,-1.2539,0.9404,-0.3210,-0.1125,-0.4468
1635067019870,10.2891,-15.3438,0.2896,-0.0093,-0.1242,0.0352
1635067019886,10.2266,-13.8906,0.7778,0.7632,0.2024,-0.6489
1635067019905,7.6719,-4.7813,0.9526,1.9346,-0.0157,-0.2180
1635067019921,7.2188,0.4404,1.9297,1.8643,-0.3018,0.0544
1635067019937,8.2813,-0.5938,2.4863,1.0576,-0.2168,-0.3340
1635067019954,8.8281,-4.3789,2.5391,0.4780,-0.1731,-0.2668
1635067019959,9.0703,-5.0234,2.7266,0.2725,-0.1764,-0.1605
1635067019962,9.2266,-2.9297,3.2305,0.3269,-0.0678,-0.2520
1635067019966,8.8359,-2.1230,2.9492,0.2939,0.0439,-0.1626
1635067019970,8.3047,-3.4434,2.0254,0.1523,0.1257,-0.1669
1635067019974,8.3672,-5.2578,1.6826,0.1821,0.1226,-0.2106
1635067019977,8.6406,-5.2109,1.6201,0.2651,0.0535,-0.1914
1635067020001,8.6719,-4.6797,1.9072,0.2279,0.0311,-0.1223
1635067020011,8.3281,-7.5859,3.8770,0.0513,-0.0040,-0.0903
1635067020016,6.0586,4.7891,7.2617,-1.3564,0.0779,-0.7358
1635067020025,6.1836,10.8438,3.0430,-1.6338,0.2184,-1.1055
1635067020029,7.7461,-12.2422,4.5391,-1.6123,-0.1582,0.1895
1635067020033,9.9297,-0.5313,2.5742,-3.1270,0.4302,-2.1289
1635067020036,7.9805,-3.7988,-1.4844,0.3289,0.2620,-0.6733
1635067020040,11.3281,-21.4063,1.3740,1.5127,-0.4573,1.0137
1635067020044,13.2969,-12.6797,2.4297,1.8613,0.0928,-0.9224
1635067020049,9.6172,0.5767,3.2988,1.9248,-0.1880,0.1885
1635067020052,9.0859,3.8340,3.9707,0.8408,-0.2455,0.2905
1635067020072,9.1328,-0.5840,3.0703,0.1130,0.0652,-0.1967
1635067020081,7.6719,-6.1445,3.4844,0.3491,0.0109,0.2043
1635067020085,7.3672,-3.3555,3.8320,0.3342,-0.1327,-0.0052
1635067020091,8.3281,1.0127,3.5547,0.2854,-0.1306,-0.1924
1635067020097,8.1641,-0.4045,2.2520,0.1609,0.0396,-0.0807
1635067020100,7.3203,-4.0508,1.1270,0.1332,0.2013,-0.1382
1635067020132,7.4180,-5.0547,1.1133,0.4216,0.0779,-0.1371
1635067020133,8.6563,-3.2266,1.6299,0.6055,-0.0933,-0.1425
1635067020134,9.5703,-1.4219,1.7930,0.3704,-0.0987,-0.0978
1635067020156,9.5469,-0.6509,2.0293,-0.1827,-0.0157,-0.0275
1635067020160,8.9141,-1.1563,2.4258,-0.5933,0.0758,-0.0286
1635067020163,8.1953,-2.8945,2.7207,-0.6870,0.1439,-0.0850
1635067020187,7.8164,-5.3750,3.6934,-0.3774,0.1641,-0.1339
1635067020190,8.2969,-6.5898,3.8242,0.0204,0.1375,-0.1328
1635067020194,9.1875,-15.0781,8.6172,0.4971,0.0535,-0.0871
1635067020216,6.3906,-8.6719,16.0938,-1.7559,0.0162,-0.5581
1635067020220,1.7109,21.8906,17.2813,-4.9727,0.3108,-2.7930
1635067020223,-0.9648,29.8594,8.9531,-6.5156,0.2598,-2.3145
1635067020246,4.5820,23.2813,7.7031,-8.3594,0.1918,-3.6660
1635067020250,9.1641,8.2891,-0.6177,-9.0469,0.2810,-4.0234
1635067020254,9.9063,-9.7422,-7.5195,-9.4375,0.8706,-2.4023
1635067020278,13.3359,-22.0000,-13.9844,-8.9844,1.1279,-1.2998
1635067020283,19.5938,-29.6875,-19.4375,-0.2030,0.1109,-1.8174
1635067020288,21.2656,-25.6250,-5.4414,10.1875,-0.3752,-1.4639
1635067020300,18.8125,-14.6094,-2.2070,8.2813,0.3459,0.7651
1635067020304,16.1563,0.9453,-2.2090,8.2813,0.3459,0.7651
1635067020327,13.7188,6.4063,4.7656,-0.2954,1.5723,2.5313
1635067020330,15.3438,-8.6719,1.0508,-4.0938,1.9141,3.6953
1635067020334,16.7188,-25.6250,1.1465,-3.6855,1.8193,4.1055
1635067020357,17.0625,-24.7344,0.6367,-0.9414,1.4600,3.4727
1635067020360,14.5000,-9.0859,1.4961,0.8799,1.2881,3.7598
1635067020364,11.4609,-0.3662,2.7695,1.0791,1.3369,4.1484
1635067020387,8.9922,-0.6821,3.6289,0.5811,1.4375,3.9629
1635067020390,7.2930,-2.7754,2.3672,-0.5645,1.5322,3.5234
1635067020396,5.1133,-3.3867,1.1055,-1.1338,1.4199,2.9668
1635067020417,2.0547,-2.1289,1.1465,-1.1182,1.2100,2.5098
1635067020421,0.7993,-0.2155,1.1416,-1.4824,0.8633,2.0586
1635067020424,1.3047,-0.9336,1.1152,-2.0684,0.5459,1.4619
1635067020447,2.4004,-3.5977,2.0410,-2.3887,0.2693,0.9863
1635067020451,4.0391,-4.0625,2.7012,-2.4355,-0.0987,0.6895
1635067020454,5.3047,-2.6113,2.9941,-2.3418,-0.3350,0.4055
1635067020477,5.8789,-1.6543,2.9414,-2.3105,-0.3933,0.1235
1635067020481,6.4961,-0.8594,2.6230,-2.5996,-0.4316,-0.0190
1635067020484,6.7852,0.7827,1.6367,-3.1641,-0.4722,-0.0818
1635067020507,6.6055,1.5752,0.7490,-3.5879,-0.4380,-0.1680
1635067020511,6.4258,0.1675,0.5122,-3.6602,-0.4221,-0.1223
1635067020514,6.5234,-2.5176,0.3303,-3.4590,-0.4893,-0.0350
1635067020537,6.7656,-4.7109,0.2991,-3.1367,-0.5347,-0.0073
1635067020541,7.1523,-5.6055,0.8403,-2.7148,-0.5850,-0.0318
1635067020544,7.5508,-5.6016,1.6348,-2.1074,-0.6484,-0.1276
1635067020567,7.6094,-4.8711,1.7070,-1.5059,-0.6499,-0.2393
1635067020571,7.2383,-3.9414,1.5674,-0.9380,-0.5933,-0.2551
1635067020574,6.8008,-3.3613,0.8066,-0.4316,-0.5571,-0.2583
1635067020597,6.7109,-2.8125,0.0479,-0.0391,-0.5400,-0.3638
1635067020601,7.1680,-2.4414,0.3494,0.2471,-0.5356,-0.5352
1635067020604,7.6484,-2.8320,-0.0981,0.4375,-0.5210,-0.6094
1635067020628,7.9258,-4.3906,-0.0933,0.6714,-0.4912,-0.6104
1635067020630,7.9688,-6.3633,0.3542,0.9004,-0.4731,-0.5542
1635067020632,7.8203,-7.7109,0.6343,1.0566,-0.4700,-0.5083
1635067020659,7.6328,-8.3359,1.2949,1.2930,-0.5327,-0.4978
1635067020661,7.7031,-7.9805,2.2520,1.3428,-0.6646,-0.4446
1635067020662,7.8828,-6.5430,1.7188,1.0801,-0.7412,-0.4255
1635067020689,7.9375,-5.6797,0.7061,0.8779,-0.7134,-0.4861
1635067020691,7.7031,-5.4727,0.0886,0.7588,-0.5771,-0.4915
1635067020692,7.2227,-5.7305,-0.9263,0.8726,-0.4465,-0.4148
1635067020719,6.8633,-7.2227,-0.6655,1.3584,-0.4243,-0.2106
1635067020721,6.6797,-8.9219,0.0287,1.7949,-0.4902,0.0342
1635067020723,6.9570,-9.0781,1.1318,1.8730,-0.5688,0.1044
1635067020749,7.5195,-8.0703,1.7500,1.9365,-0.6592,0.0076
1635067020751,7.9141,-7.2266,2.1172,1.9854,-0.7114,-0.0456
1635067020753,7.7031,-6.6797,2.2266,1.8750,-0.6294,-0.0201
1635067020778,7.1211,-6.4922,1.2949,1.7959,-0.4944,-0.0360
1635067020780,6.8203,-6.4883,0.8906,1.7666,-0.4497,-0.0499
1635067020782,6.9844,-6.1172,3.0996,1.3887,-0.3306,0.0161
1635067020808,7.1602,-4.5625,3.3730,0.5737,-0.1923,0.0278
1635067020810,7.4219,-3.0176,3.7188,-0.0944,-0.0348,-0.1403
1635067020812,7.4922,-3.5371,2.8262,-0.3083,0.1257,-0.1998
1635067020839,7.2305,-5.6328,1.6064,-0.3987,0.1823,-0.0031
1635067020841,7.0977,-7.4648,1.4932,-0.2922,0.2003,0.0544
1635067020843,7.0938,-7.8828,1.3447,0.0321,0.1715,-0.0297
1635067020869,7.2773,-7.1836,1.3135,0.5298,-0.0008,-0.0679
1635067020871,7.7852,-5.6016,1.6201,0.8799,-0.1976,-0.0861
1635067020872,8.1016,-4.4883,1.4717,0.9727,-0.2103,-0.1499
1635067020899,7.9648,-4.5078,1.7832,0.8618,-0.1625,-0.1094
1635067020901,7.7852,-4.4766,1.7422,0.6099,-0.1476,-0.0871
1635067020903,7.6641,-4.1836,1.3184,0.4736,-0.1104,-0.1318
1635067020929,7.5313,-3.9102,1.4170,0.4226,-0.0880,-0.1434
1635067020931,7.7344,-3.9707,1.8984,0.3608,-0.0551,-0.1626
1635067020933,8.0703,-4.7930,2.0293,0.3887,0.0173,-0.2137
1635067020959,8.0156,-5.8164,1.8623,0.4482,0.0779,-0.2031
1635067020961,7.3398,-6.4375,1.6973,0.5259,0.1120,-0.1243
1635067020963,6.4961,-6.5938,1.9531,0.4758,0.1035,-0.0180
1635067020989,6.2813,-6.6719,2.0332,0.4109,0.0609,-0.0626
1635067020991,6.4180,-6.6094,1.5703,0.3887,-0.0019,-0.1254
1635067020993,6.6719,-5.7500,1.2178,0.3098,-0.0699,-0.1148
1635067021019,7.0938,-4.3281,1.6973,0.2045,-0.0348,-0.1414
1635067021021,7.6172,-4.9102,1.8721,0.2268,0.0673,-0.1052
1635067021023,7.7734,-6.6133,1.4453,0.1343,0.1343,-0.0180
1635067021049,7.5391,-6.9531,1.1748,0.1960,0.2067,-0.0765
1635067021051,7.3203,-7.0352,2.4102,0.3555,0.1439,-0.0541
1635067021053,6.7539,-5.8398,2.3184,-0.0264,0.0513,-0.0116
1635067021080,6.3438,-4.9336,2.3789,-0.3518,0.0588,-0.0754
1635067021081,7.0547,-5.3867,2.1699,-0.4221,-0.0359,-0.1583
1635067021083,8.3203,-5.4336,0.9189,-0.0998,-0.0955,-0.3743
1635067021110,9.2188,-6.2539,1.0049,0.6504,-0.0859,-0.3394
1635067021113,8.7578,-6.0234,0.4092,1.1396,-0.0348,-0.1594
1635067021115,7.8047,-4.5352,0.9336,1.4980,0.0088,-0.1105
1635067021140,7.6367,-2.8496,1.5488,1.4424,-0.1273,-0.0435
1635067021141,8.0781,-2.0000,1.7715,1.1797,-0.2157,-0.0914
1635067021143,8.2266,-2.3184,2.2637,0.9746,-0.1816,-0.1658
1635067021169,7.8164,-3.0117,2.5273,0.8462,-0.1498,-0.1775
1635067021170,7.6289,-3.5859,3.0391,0.8408,-0.1455,-0.2041
1635067021171,8.1250,-4.2500,3.1328,0.8823,-0.1476,-0.2712
1635067021198,8.6094,-4.9453,2.9922,0.9600,-0.0880,-0.3340
1635067021200,8.6094,-5.7500,3.1836,1.1084,0.0024,-0.2925
1635067021202,8.0859,-6.2383,2.8711,1.1748,0.0396,-0.1691
1635067021230,7.1797,-6.1484,2.5078,1.2217,0.0652,-0.1648
1635067021232,6.4844,-6.6172,2.6523,1.2910,0.0386,-0.1989
1635067021233,6.1445,-4.6133,3.8418,1.0391,-0.0912,-0.3340
1635067021260,6.7461,0.6436,3.2930,0.6875,-0.1508,-0.6191
1635067021262,8.2266,-3.8066,2.1777,0.9448,-0.1764,-0.4436
1635067021263,9.5313,-10.2031,1.3877,0.9302,-0.1083,-0.4712
1635067021289,8.8750,-9.7344,0.6846,1.2900,0.0737,-0.5093
1635067021291,8.0234,-6.4180,0.6606,1.7227,-0.1656,-0.1691
1635067021293,8.3516,-5.3047,1.6250,1.8369,-0.3157,-0.2169
1635067021320,8.4688,-5.4609,1.9268,1.5449,-0.2986,-0.2786
1635067021322,8.2578,-5.2383,2.0117,1.0088,-0.3315,-0.1722
1635067021323,8.6094,-8.4375,3.6133,0.5791,-0.3508,-0.2020
1635067021350,7.3906,-3.0723,4.9648,-0.6060,-0.3647,-0.6309
1635067021352,6.4844,11.5313,5.7617,-1.7529,-0.0848,-1.2168
1635067021353,9.0000,-2.5078,2.0059,-1.0254,-0.1061,-0.2637
1635067021380,10.8984,-22.7656,4.2656,-1.0771,0.0290,-0.6221
1635067021382,5.0430,8.6641,1.9053,0.4641,0.3408,-0.7881
1635067021383,8.4141,-4.1992,4.6445,0.0194,-0.7881,0.4438
1635067021410,12.0703,-8.7969,1.6445,-0.7871,0.3003,-1.8311
1635067021412,9.3906,-4.6602,0.0646,0.3057,0.6777,-0.9502
1635067021413,9.5703,-8.0313,-0.1005,2.6797,-0.3030,0.2417
1635067021440,11.3672,-8.8672,2.1543,2.6797,-0.4775,-0.0488
1635067021442,10.1563,-0.4978,2.6680,2.1699,-0.0295,-0.3669
1635067021444,7.9805,2.7539,3.4395,1.9551,-0.1433,0.0565
1635067021470,8.5625,-1.4268,4.9023,1.5879,-0.1539,-0.1840
1635067021472,9.5703,-6.0898,3.4785,1.1064,-0.0423,-0.1542
1635067021473,9.4688,-6.2773,2.5508,0.8066,-0.0391,-0.0467
1635067021500,8.3438,-3.3848,3.1094,0.4727,0.0971,0.0033
1635067021502,7.7109,-1.9316,2.0215,0.0694,0.0992,0.1151
1635067021503,8.1563,-3.0859,1.1611,-0.1998,0.0981,-0.0318
1635067021530,8.2578,-5.0234,1.0459,-0.0551,0.1715,-0.1403
1635067021532,7.8359,-4.6641,1.1436,0.2693,0.1439,-0.1285
1635067021533,7.9766,-3.1816,1.6924,0.5947,0.0886,-0.1722
1635067021560,8.7656,-3.8223,1.8887,0.7290,0.0417,-0.1148
1635067021562,8.9531,-10.4844,4.7656,0.7822,0.1067,-0.0424
1635067021563,5.5703,-7.4219,7.5000,-0.5776,0.1035,-0.4563
1635067021590,1.6182,18.9375,14.5938,-2.8242,0.0768,-2.4707
1635067021592,0.8018,29.6719,10.4922,-3.9551,-0.1550,-2.4844
1635067021593,6.4609,18.6875,6.0234,-6.5391,-0.2369,-3.1348
1635067021621,10.8672,5.8867,-3.2891,-8.3281,0.3333,-4.0820
1635067021623,11.2813,3.2090,-9.0078,-7.7188,0.8481,-4.1914
1635067021624,12.6797,-4.6367,-3.4902,-1.8584,1.1211,-3.8535
1635067021652,12.4063,-29.6094,4.6250,3.7832,0.0152,-1.0645
1635067021659,16.6719,-34.8125,-2.6992,0.8726,-0.7178,0.6099
1635067021662,22.1094,-17.5156,-8.6875,2.9160,-0.7690,-1.2598
1635067021671,21.0156,-6.1641,0.2274,7.7344,-0.1476,-0.8022
1635067021674,14.2422,2.9590,3.2461,5.7852,0.5737,1.2578
1635067021706,9.9688,8.9375,0.2920,1.6396,0.8120,1.4170
1635067021708,11.2891,6.2891,3.5449,-1.1650,0.5918,1.1768
1635067021710,14.6797,-4.6563,2.3184,-2.4766,0.7056,1.7246
1635067021719,14.4531,-16.5156,-1.0771,-2.9668,1.0820,2.6582
1635067021721,12.4453,-18.0469,-0.8115,-2.2773,1.2666,2.2813
1635067021749,10.0781,-10.3594,1.0049,-0.4529,0.9258,1.9063
1635067021750,8.5234,-1.8740,2.1797,0.0715,0.5928,2.3867
1635067021751,7.7266,1.7930,2.7813,-0.4285,0.6748,2.4355
1635067021779,6.3398,-0.0551,3.5703,-1.0439,0.9238,2.0664
1635067021780,4.5781,-3.9414,3.8027,-1.5752,1.0176,1.7783
1635067021781,3.2871,-5.9844,3.6641,-1.6895,0.8994,1.4287
1635067021809,2.8711,-5.5469,3.4258,-1.5996,0.6650,0.9863
1635067021810,3.1426,-4.6602,3.5098,-1.6699,0.4302,0.7002
1635067021811,3.8496,-4.3125,3.4590,-2.0781,0.2705,0.5552
1635067021839,4.6602,-3.9629,2.7813,-2.7188,0.1780,0.4290
1635067021843,5.0742,-3.1113,1.7637,-3.4648,0.0960,0.4258
1635067021848,5.1484,-1.9863,0.9146,-4.1523,0.0247,0.4758
1635067021864,5.1563,-1.2783,0.4260,-4.3633,-0.0168,0.4607
1635067021867,5.2109,-1.5322,0.5000,-3.9238,-0.0657,0.4204
1635067021890,5.4648,-2.9219,1.0576,-2.8262,-0.1625,0.3970
1635067021894,5.8555,-4.5859,1.3838,-1.2334,-0.3306,0.4150
1635067021898,6.3086,-5.3242,0.8618,0.4663,-0.5571,0.4055
1635067021910,6.7500,-4.7500,0.5527,1.8311,-0.7222,0.3745
1635067021915,6.9805,-3.5488,0.6987,2.6074,-0.7817,0.3362
1635067021940,6.9766,-2.8457,0.9023,2.8203,-0.8008,0.2874
1635067021945,7.0273,-2.9980,0.8643,2.6074,-0.8477,0.2203
1635067021950,7.3008,-3.6602,0.7202,2.1719,-0.9253,0.1554
1635067021960,7.6992,-3.9414,0.8594,1.6748,-1.0234,0.0810
1635067021965,8.2734,-3.4316,1.5391,1.1836,-1.0527,-0.0350
1635067021990,8.8672,-3.0879,1.9697,0.8110,-0.9521,-0.1669
1635067022005,9.0703,-3.3125,1.7734,0.5313,-0.8306,-0.2244
1635067022013,8.9531,-3.8145,1.7588,0.3503,-0.7178,-0.2637
1635067022019,8.5859,-4.5039,1.3691,0.3003,-0.6094,-0.3232
1635067022023,7.9883,-4.5430,-0.4668,0.4119,-0.5581,-0.3923
1635067022030,8.0234,-3.2500,0.7158,0.6128,-0.6528,-0.5381
1635067022037,9.3750,-1.6016,5.7266,0.3428,-0.5635,-0.6499
1635067022050,10.0547,-1.2617,5.8516,-0.5752,-0.2434,-0.5859
1635067022055,9.9531,-2.7383,5.4688,-1.3164,0.0588,-0.5957
1635067022081,9.5234,-2.9082,3.0508,-1.3330,0.1130,-0.7583
1635067022086,9.2969,-4.0078,1.0078,-0.3157,0.0843,-0.7427
1635067022091,9.4063,-6.3359,0.9717,0.7715,0.0098,-0.4915
1635067022100,9.7969,-6.1719,1.5059,1.1621,-0.0710,-0.5210
1635067022104,10.2813,-3.8809,2.6230,1.4033,-0.1306,-0.7349
1635067022130,10.3359,-2.6152,3.8398,1.5371,-0.1199,-0.5552
1635067022135,10.1094,-2.9844,4.4375,1.2266,-0.0764,-0.2637
1635067022146,9.9844,-3.6953,4.1836,0.7622,-0.0125,-0.2009
1635067022153,9.6484,-4.1055,3.7969,0.6182,0.0694,-0.2350
1635067022158,8.8750,-4.1250,4.1797,0.7642,0.0917,-0.1700
1635067022170,8.0625,-3.6504,4.3906,0.8452,0.0354,-0.1158
1635067022175,7.7227,-3.7559,4.6836,0.9995,-0.0114,-0.2435
1635067022202,8.0156,-4.7930,4.7266,1.1914,-0.0593,-0.3445
1635067022204,8.7422,-7.1641,4.7500,1.4248,-0.0646,-0.2871
1635067022205,8.8438,-8.1797,5.4063,1.4678,-0.0210,-0.2913
1635067022244,8.5313,-0.6128,7.1836,0.6450,0.0673,-0.6870
1635067022263,7.7539,6.9531,4.7109,-0.0274,0.1992,-0.7725
1635067022279,8.2188,2.1699,0.6558,-0.0093,0.1088,-0.1605
1635067022284,9.9297,-9.2891,-0.0766,-0.0732,0.0598,-0.1499
1635067022296,10.2734,-13.8438,0.3972,0.5415,0.4482,-0.7158
1635067022305,8.2344,-11.9141,0.4380,2.4180,0.3662,-0.4414
1635067022308,7.3906,-8.0391,2.4492,3.4766,-0.3540,0.0001
1635067022312,7.9336,-4.3984,4.1172,3.1250,-0.6060,-0.2529
1635067022317,8.6250,6.6055,5.3672,1.0410,-0.3486,-0.7725
1635067022327,9.5469,5.7539,1.8027,0.9844,-0.0476,-0.2903
1635067022331,10.5625,-8.3672,0.8857,0.4695,-0.1359,0.5137
1635067022335,11.1641,-11.7578,0.5601,-0.3083,0.4045,-0.3679
1635067022339,8.5313,-6.1133,0.1508,0.6831,0.4619,-0.2944
1635067022349,7.1602,-1.2227,0.4978,1.4131,-0.1774,0.1980
1635067022353,8.5234,-0.8257,1.4072,1.3848,-0.3135,-0.2776
1635067022379,9.7969,-3.3730,1.5723,0.9194,-0.2380,-0.3232
1635067022383,9.9531,-4.5000,1.5537,0.4717,-0.1519,-0.0839
1635067022387,8.8125,-3.1914,1.8936,0.3735,0.0843,-0.0658
1635067022399,7.8672,-1.2129,2.1680,0.4524,0.1183,-0.1084
1635067022403,7.6836,-0.1316,2.1133,0.4502,0.0567,-0.1626
1635067022429,7.9961,-1.2920,2.4297,0.4673,0.0630,-0.2115
1635067022433,8.3438,-4.2422,3.0684,0.6489,0.0152,-0.2935
1635067022444,9.0781,-7.6719,5.0625,0.7290,-0.0657,-0.2329
1635067022449,8.4297,-9.2891,6.9570,0.3779,-0.1614,-0.1733
1635067022453,6.2344,14.6641,6.5547,-2.3027,-0.0168,-1.4414
1635067022479,6.2031,16.0000,0.9790,-1.1836,0.3193,-0.7725
1635067022494,11.0703,-11.3750,-0.0766,-1.1211,-0.5527,0.6797
1635067022504,8.6563,-14.8906,-1.5146,1.1084,0.8311,-0.5308
1635067022509,6.6836,-2.3887,2.1797,2.3965,-0.5239,0.5386
1635067022527,9.5078,3.8594,4.8086,2.1953,-0.8096,-0.0988
1635067022543,12.1719,0.5000,4.4609,1.0186,-0.3765,-0.3115
1635067022548,12.1797,-4.6875,4.4258,-0.2168,-0.0487,-0.0105
1635067022560,10.3438,-5.0195,3.7500,-0.5093,0.1832,0.1757
1635067022576,8.6953,-1.9248,4.0000,-0.0828,0.1343,0.1310
1635067022593,8.2813,0.9336,3.7559,0.0290,0.0088,0.0948
1635067022598,8.4219,0.1747,2.8223,-0.0795,0.1099,0.0757
1635067022609,8.3750,-2.9512,1.9912,0.0119,0.2184,0.0406
1635067022626,8.1797,-4.9102,2.2129,0.4001,0.1631,0.0257
1635067022642,8.0547,-3.9336,2.2715,0.5557,-0.0412,0.0342
1635067022647,8.5234,-1.7832,2.5039,0.2629,-0.2029,0.0140
1635067022659,9.2656,-1.2588,2.2090,-0.3455,-0.1338,-0.0328
1635067022675,9.6328,-11.6641,8.2188,-0.6851,0.1566,0.0884
1635067022692,6.7070,-10.0000,12.7266,-3.5996,0.4109,-0.0616
1635067022695,0.9336,29.7969,16.5938,-6.6250,0.8716,-3.6152
1635067022700,-2.9844,34.0000,6.4805,-3.8262,0.8218,-3.5215
1635067022704,3.8281,13.1797,-15.5781,-6.9883,-0.1476,-1.7598
1635067022723,14.3047,-2.2871,0.3447,-7.4453,0.7671,-3.9375
1635067022741,22.0000,-39.3750,-5.6523,1.8730,0.9385,-2.0859
1635067022772,18.7656,-61.8750,0.4236,6.8867,-0.6392,2.4844
1635067022805,12.3438,-6.9219,-4.7344,3.1484,-1.1270,0.2257
1635067022821,14.7969,19.7969,7.1406,4.3438,-0.5444,-2.8789
1635067022854,9.7266,20.7344,5.7969,2.5547,0.4834,0.4077
1635067022887,7.4258,9.5625,-3.6016,-2.0508,0.7300,1.8418
1635067022906,10.1797,-2.9023,-2.7070,-3.8828,0.9517,0.4971
1635067022937,12.6016,-11.8672,-1.6680,-2.2734,0.6494,0.2617
1635067022970,11.4375,-15.0703,-0.2106,-0.0934,0.5576,1.4004
1635067023002,10.0156,-10.8047,1.1729,0.9214,0.3237,1.6689
1635067023021,10.3281,-3.0703,2.8672,1.4932,0.0917,1.1650
1635067023024,10.1484,2.3145,4.5938,1.8789,0.0375,1.1738
1635067023028,9.3281,3.6094,5.6797,1.1436,0.2620,1.5879
1635067023032,9.1016,1.3809,5.3359,-0.3584,0.6143,1.4287
1635067023037,9.3672,-2.3711,4.5195,-1.2500,0.7441,1.0967
1635067023054,9.4063,-4.7266,4.0625,-1.3262,0.6504,1.0723
1635067023070,9.2500,-4.7500,4.0547,-1.2568,0.5259,1.1260
1635067023087,9.1250,-3.4727,3.6914,-1.3340,0.4482,1.0820
1635067023103,9.0000,-2.2949,3.0293,-1.5586,0.3706,1.0371
1635067023108,8.8281,-1.2949,2.3691,-2.0703,0.3108,1.0439
1635067023120,8.6094,-0.9072,2.3555,-2.8047,0.2959,1.0371
1635067023126,8.5234,-1.3594,2.3594,-3.5410,0.2333,0.9990
1635067023129,8.5625,-2.0215,1.6230,-4.1563,0.1758,0.9800
1635067023133,8.3594,-3.0039,1.1133,-4.3242,0.1897,0.9287
1635067023137,7.9219,-4.7266,0.8379,-3.8633,0.1758,0.9131
1635067023142,7.5664,-5.9375,0.7373,-3.2285,0.0184,0.9536
1635067023150,7.5508,-5.6836,0.9453,-2.6484,-0.1252,0.8760
1635067023163,7.3867,-4.7930,0.2035,-2.0801,-0.1550,0.7681
1635067023169,6.8633,-4.2383,-0.5386,-1.5840,-0.1647,0.7744
1635067023173,6.2734,-4.4531,-0.4355,-1.0996,-0.1433,0.7661
1635067023185,5.8945,-5.4844,-0.2083,-0.5410,-0.1370,0.7002
1635067023202,5.8633,-6.5977,-0.0814,0.1385,-0.2688,0.6768
1635067023206,6.1641,-6.9766,0.6030,0.8335,-0.4529,0.6489
1635067023210,6.3047,-6.1914,0.9526,1.3164,-0.5552,0.6035
1635067023213,6.2813,-5.0430,1.6250,1.4795,-0.5923,0.5840
1635067023217,6.3008,-4.2773,2.4629,1.3447,-0.5923,0.5938
1635067023233,6.1875,-4.1563,2.3594,1.0498,-0.5591,0.6045
1635067023251,5.9219,-4.5430,2.0488,0.7739,-0.5029,0.6074
1635067023281,5.5391,-4.8672,1.7422,0.6416,-0.4529,0.5767
1635067023285,5.1445,-5.0703,1.4863,0.6929,-0.4412,0.5127
1635067023290,4.9453,-5.4219,1.5723,0.8516,-0.4934,0.4534
1635067023294,5.1719,-5.6406,1.6328,1.0469,-0.5762,0.3501
1635067023307,5.6758,-5.6289,1.7900,1.2920,-0.6392,0.2043
1635067023310,6.2227,-5.2070,2.1680,1.5039,-0.6763,0.1086
1635067023313,6.6055,-4.1523,2.5469,1.6191,-0.6655,0.0225
1635067023317,6.6016,-2.8555,2.7266,1.6582,-0.5889,-0.1116
1635067023321,6.3633,-2.0703,3.2031,1.5723,-0.5112,-0.2190
1635067023325,6.3086,-1.7666,3.6270,1.3525,-0.4880,-0.3264
1635067023328,6.5000,-1.6680,3.5391,1.1621,-0.4858,-0.4744
1635067023343,6.7813,-1.4004,3.1387,1.1006,-0.4944,-0.6328
1635067023346,7.0078,0.5957,0.7158,1.0010,-0.5591,-0.9321
1635067023350,8.0469,3.1738,0.9863,0.9697,-0.6104,-1.2559
1635067023353,10.0313,2.6738,5.2461,0.6895,-0.4285,-1.0654
1635067023357,11.7656,-0.9385,6.1758,-0.2561,-0.0891,-0.8149
1635067023360,12.3594,-7.0391,5.2813,-0.5869,0.2003,-0.7871
1635067023365,10.8516,-10.3516,3.3770,-0.2668,0.3779,-0.9072
1635067023369,8.7969,-7.6602,2.5801,0.2173,0.3706,-1.0186
1635067023372,8.0625,-3.4707,3.6133,0.5830,0.0928,-0.8828
1635067023376,9.5234,-3.1875,4.8828,0.5259,-0.2051,-0.7773
1635067023379,10.9453,-6.5586,3.8555,0.1098,-0.2615,-0.7842
1635067023383,11.1328,-4.3945,4.9297,-0.6636,0.0567,-1.1250
1635067023386,10.4063,-5.7656,5.1328,0.1279,0.4429,-0.9839
1635067023390,8.2813,-9.2422,3.3125,0.0566,0.1843,-0.3232
1635067023393,8.1328,-1.8066,4.6094,-0.9307,0.0811,-0.9268
1635067023397,8.7500,-0.0886,3.1602,0.1545,0.2832,-0.8711
1635067023402,9.5781,-8.8984,-0.2227,0.9399,-0.1348,0.0278
1635067023406,10.9141,-14.4063,2.3379,1.3330,-0.1306,-0.2063
1635067023410,9.6563,-10.2656,2.1660,2.3809,0.2195,-0.5308
1635067023414,7.8047,-2.5586,2.5039,2.9414,-0.1157,-0.1285
1635067023419,8.2891,2.4023,3.4570,2.5039,-0.4976,-0.1434
1635067023423,9.2813,2.9199,2.9805,1.6709,-0.2380,-0.5073
1635067023426,9.5938,0.3469,2.7598,0.8823,0.0130,-0.5010
1635067023430,9.2422,-2.5293,2.7539,0.5015,0.1013,-0.4287
1635067023440,8.4063,-3.8105,2.5723,0.5522,0.1992,-0.4968
1635067023442,7.9023,-3.3867,2.3125,0.7109,0.1843,-0.5688
1635067023443,7.9766,-4.4531,1.7109,1.0430,0.0205,-0.4500
1635067023462,9.0313,-6.3164,1.7188,0.9917,-0.0231,-0.4585
1635067023466,9.4766,-10.3750,3.7461,1.1377,-0.0402,-0.3276
1635067023482,7.7734,-10.8672,6.2813,0.1683,-0.0072,-0.5010
1635067023486,4.9570,8.8359,10.8281,-2.0664,0.2524,-2.2910
1635067023498,1.5918,30.0781,9.5469,-2.4238,0.2344,-3.0957
1635067023503,4.6797,25.8594,2.0059,-3.0977,-0.4370,-2.1094
1635067023507,11.0000,-6.2109,-10.6563,-3.6758,-0.7222,-0.6074
1635067023532,15.2422,-25.5313,-4.2148,-5.8633,0.7866,-1.6895
1635067023547,13.7891,-19.8438,3.4512,-1.5273,2.5078,-3.4727
1635067023553,8.6406,1.4502,0.2083,4.8867,0.7842,-3.0703
1635067023558,7.9531,-8.1641,7.4766,9.9766,-0.4329,-0.1946
1635067023564,11.0313,-24.2500,0.7490,8.3125,-1.6758,1.1348
1635067023572,14.3516,-4.2422,-5.2813,1.9902,-1.3789,0.1969
1635067023576,16.5938,11.5000,1.5459,1.2803,-0.7051,-0.6382
1635067023602,16.6875,8.2813,8.0859,0.3301,0.1545,0.7915
1635067023606,13.1016,1.3311,-1.6250,-3.2344,1.0596,1.4854
1635067023614,10.8438,-4.2891,-2.3047,-4.1289,1.4697,1.2803
1635067023622,9.2188,-8.4531,-1.4053,-2.8750,1.1250,1.4316
1635067023626,9.2031,-10.2969,-0.1101,-1.4854,0.4897,1.6602
1635067023652,10.8125,-8.6250,1.8066,-0.3860,-0.0019,1.6201
1635067023663,12.7344,-3.9824,2.4043,-0.0317,-0.0657,1.5967
1635067023680,13.0078,0.2847,3.3535,-0.4731,0.3291,1.7012
1635067023685,11.7422,1.8643,3.7773,-1.4473,0.7109,1.6904
1635067023696,10.1875,0.3733,3.5234,-2.5605,0.8940,1.7813
1635067023708,9.4063,-2.3652,2.6406,-3.5684,0.8726,1.8643
1635067023713,9.3359,-4.6914,1.5029,-3.9414,0.7778,1.7832
1635067023729,9.2266,-6.0742,1.1416,-3.5527,0.6323,1.7188
1635067023733,9.0078,-5.8672,1.3096,-2.9805,0.4546,1.6553
1635067023738,8.8047,-4.0234,1.2900,-2.7500,0.3440,1.5518
1635067023745,8.4297,-2.4883,0.9863,-2.7266,0.2715,1.4150
1635067023752,7.8125,-2.6953,0.7515,-2.7441,0.2238,1.3789
1635067023762,7.0977,-3.8770,0.6938,-2.7793,0.1641,1.4268
1635067023772,6.5234,-5.1484,0.8306,-2.5840,0.0556,1.4131
1635067023776,6.0391,-6.1602,0.8760,-2.0488,-0.1157,1.3408
1635067023802,5.7930,-6.5703,0.9478,-1.4492,-0.3274,1.2910
1635067023806,5.8984,-6.1211,1.1201,-1.0244,-0.5239,1.2031
1635067023810,5.9141,-5.1445,0.7661,-0.6968,-0.6094,1.0430
1635067023822,5.5703,-4.6016,0.7202,-0.3413,-0.5698,0.8862
1635067023826,5.1250,-4.8242,1.1133,-0.0147,-0.5273,0.7949
1635067023859,4.9766,-5.1250,1.0771,0.2917,-0.5825,0.7236
1635067023876,5.2852,-5.1836,1.3740,0.6533,-0.6709,0.6514
1635067023894,5.9180,-5.2852,1.9434,0.9790,-0.7134,0.6216
1635067023899,6.5195,-5.3281,1.8955,1.0371,-0.7017,0.6489
1635067023902,6.8398,-5.3047,1.9004,0.8799,-0.6294,0.6479
1635067023914,6.7383,-5.3945,2.1035,0.6650,-0.5239,0.6191
1635067023917,6.4844,-5.6211,2.2500,0.4812,-0.4731,0.6270
1635067023922,6.4336,-5.8672,2.5254,0.3726,-0.4902,0.6245
1635067023925,6.6328,-5.9063,2.8984,0.3320,-0.5200,0.5894
1635067023928,6.7773,-5.3164,2.7695,0.3716,-0.5073,0.5396
1635067023952,6.7266,-4.8242,3.0488,0.5088,-0.4253,0.4980
1635067023957,6.6016,-4.6719,3.2285,0.6450,-0.3562,0.4705
1635067023976,6.5664,-4.6172,3.1465,0.7407,-0.3486,0.4417
1635067023981,6.6016,-4.5781,3.0176,0.7715,-0.3562,0.4128
1635067023993,6.6641,-4.8086,2.8047,0.7905,-0.3369,0.3586
1635067023997,6.7227,-5.1875,2.4121,0.8438,-0.3242,0.2810
1635067024009,6.8438,-5.1016,2.0293,0.9312,-0.3433,0.2065
1635067024014,7.1289,-4.9531,2.1250,1.0527,-0.3530,0.1118
1635067024025,7.4492,-5.0938,2.2480,1.1846,-0.3445,0.0480
1635067024033,7.5859,-5.2148,2.1270,1.2471,-0.3328,0.0044
1635067024036,7.4453,-4.9219,1.9268,1.2148,-0.3306,-0.0499
1635067024063,7.1250,-4.2461,2.0996,1.1416,-0.3562,-0.1243
1635067024075,6.7930,-3.7578,2.1055,1.0098,-0.3892,-0.1786
1635067024092,6.4922,-3.2129,-0.1340,0.8706,-0.4912,-0.2700
1635067024096,6.8203,-3.0039,3.1230,0.5459,-0.5537,-0.3210
1635067024108,7.9648,-3.0781,6.9609,-0.3284,-0.3540,-0.1563
1635067024124,8.5313,-4.2578,4.6992,-0.8062,-0.0253,-0.3264
1635067024129,8.2813,-6.4219,3.4355,-0.0317,0.2056,-0.6426
1635067024133,7.3320,-6.5781,3.0801,1.0029,0.2791,-0.5400
1635067024137,6.0898,-4.6797,2.6934,1.6484,0.2227,-0.3733
1635067024143,5.6680,-3.6230,2.4023,1.8311,0.0503,-0.4360
1635067024157,6.3672,-5.1680,1.7188,1.5322,-0.1412,-0.5220
1635067024163,7.2031,-6.2070,1.7402,0.8452,-0.3179,-0.7031
1635067024174,7.6055,-0.5073,6.0195,-0.1945,-0.2625,-1.1572
1635067024183,7.4375,4.7227,6.7070,-1.0313,0.0109,-1.1670
1635067024187,7.8086,-0.4453,1.7500,-1.8818,-0.1284,-0.5220
1635067024213,9.5859,-7.2695,0.3494,-2.6953,-0.0806,-0.8838
1635067024224,10.2344,-11.2656,0.3782,-0.9966,0.5703,-1.4336
1635067024240,8.3594,-16.1250,1.1895,1.5400,0.4790,-0.4734
1635067024245,8.3125,-13.0781,1.2354,2.1680,-0.2274,-0.1084
1635067024256,9.2188,-6.4727,2.4707,2.4121,-0.3518,-0.4956
1635067024273,9.3438,-2.9590,3.9180,1.7119,-0.3530,-0.1711
1635067024278,9.2969,-2.9844,4.5820,0.4546,-0.2349,0.0618
1635067024290,8.7031,-5.8398,3.9492,-0.2837,0.1183,-0.0371
1635067024307,7.7930,-8.1172,2.7852,-0.1359,0.2727,-0.0743
1635067024312,6.8555,-8.0391,2.5684,0.7271,0.2109,-0.1265
1635067024316,4.9297,-5.5391,4.6797,1.2959,0.1385,-0.2754
1635067024319,4.1992,6.5352,5.0547,0.3396,0.0811,-0.8818
1635067024324,7.0195,4.5781,1.0889,0.8174,-0.1029,-0.7871
1635067024328,11.0781,-10.7891,0.9121,0.7471,-0.4307,-0.3169
1635067024354,12.4766,-16.7969,2.4727,0.3066,0.1609,-0.6714
1635067024372,8.5781,-15.1094,4.5859,0.4822,0.2471,-0.0882
1635067024389,4.4219,-0.1245,6.4648,-1.4189,-0.0221,-0.2126
1635067024393,4.5273,13.2188,5.4961,-2.2246,-0.0476,-0.3093
1635067024405,7.7656,2.6367,2.2520,-2.2246,-0.0476,-0.3093
1635067024409,9.0469,-14.9766,2.4531,-0.7964,1.1621,-1.0410
1635067024414,6.2852,-8.8672,2.0586,0.4844,0.5342,-0.5029
1635067024420,6.4414,-3.1992,4.4766,0.8672,-0.1083,-0.4170
1635067024433,7.6055,2.0371,4.3164,-0.1423,0.0556,-1.1230
1635067024438,8.1875,-1.6992,2.3770,-0.4265,0.2759,-0.9521
1635067024442,7.6445,-7.5000,4.8672,-1.6963,0.3215,-0.5635
1635067024455,6.7578,0.1101,7.9492,-2.6602,0.7725,-1.8770
1635067024459,5.6602,11.4922,5.3750,-2.5605,0.4736,-2.3164
1635067024484,7.5703,14.6328,-1.7207,-2.3691,-0.1146,-1.9170
1635067024504,13.0078,-1.1992,-4.9492,-0.8188,-0.3030,-0.9712
1635067024507,16.5000,-25.8750,-3.9063,0.5132,-0.1721,0.6929
1635067024512,17.0938,-32.3125,-1.8809,1.5967,0.0747,0.5703
1635067024516,14.8359,-13.8516,0.3662,3.5195,0.0332,-0.1243
1635067024524,12.0078,1.8809,0.7969,3.8496,-0.1954,0.2129
1635067024528,10.3125,8.5625,-0.1843,2.4609,0.0375,0.4395
1635067024554,9.1797,6.4102,-0.0694,1.0605,0.3779,0.7661
1635067024570,8.7813,-1.2588,-0.6748,-0.2413,0.4153,1.2744
1635067024586,9.3672,-7.0234,-0.7803,-1.0840,0.3535,1.3174
1635067024591,11.0156,-8.6875,0.0407,-1.0537,0.1683,1.0391
1635067024603,12.5859,-7.6367,1.2520,-0.8711,0.0503,1.0459
1635067024607,12.4531,-5.5273,1.1152,-1.0996,0.2067,1.2012
1635067024612,10.8438,-4.1523,0.7085,-1.3232,0.4631,1.2061
1635067024615,8.8438,-4.2031,0.9839,-1.2852,0.5161,1.2510
1635067024625,7.6680,-4.6992,1.1963,-1.2764,0.3108,1.3125
1635067024636,7.6758,-4.9141,1.2178,-1.3965,0.0471,1.2598
1635067024645,8.2734,-5.1641,0.9956,-1.4502,-0.1104,1.1045
1635067024652,8.4688,-5.7148,0.6245,-1.3525,-0.1327,1.0117
1635067024665,7.9336,-6.1445,0.4834,-1.0654,-0.0987,0.9609
1635067024668,7.1250,-6.3086,0.5674,-0.5293,-0.0955,0.8960
1635067024695,6.4922,-5.9375,0.8833,0.0194,-0.2029,0.8394
1635067024699,6.2383,-4.9883,1.1221,0.3333,-0.3381,0.7524
1635067024702,6.0664,-4.2227,1.4482,0.4302,-0.3657,0.6606
1635067024715,5.7422,-4.3477,1.6279,0.3694,-0.3188,0.6226
1635067024733,5.3203,-5.0391,1.6729,0.2141,-0.2900,0.5840
1635067024750,4.9805,-5.8008,1.6133,0.1555,-0.2710,0.4939
1635067024766,4.6953,-6.2930,1.6826,0.2024,-0.2827,0.4141
1635067024778,4.7031,-6.0938,1.7979,0.2236,-0.3423,0.3118
1635067024782,5.0078,-5.4258,1.8359,0.2141,-0.3796,0.1810
1635067024785,5.3320,-4.8125,1.9199,0.1002,-0.3699,0.0948
1635067024790,5.6445,-4.3984,1.9629,-0.1636,-0.3381,0.0565
1635067024793,5.8242,-4.3281,2.0508,-0.3860,-0.3125,0.0097
1635067024815,5.9648,-4.3906,1.9678,-0.5166,-0.3093,-0.0169
1635067024835,6.1445,-4.3672,1.6182,-0.5562,-0.3296,-0.0041
1635067024840,6.4414,-4.3711,1.1680,-0.4744,-0.3647,-0.0031
1635067024850,6.8477,-4.6992,1.0840,-0.2083,-0.3848,-0.0318
1635067024867,7.1289,-5.2109,1.2539,0.2162,-0.3892,-0.0414
1635067024871,7.2813,-5.6367,1.7549,0.6919,-0.4028,-0.0190
1635067024875,7.4375,-5.7578,2.3301,1.1123,-0.4360,0.0172
1635067024883,7.5742,-5.4180,2.6445,1.3691,-0.4690,0.0544
1635067024888,7.6172,-4.7422,2.7324,1.3936,-0.4700,0.0959
1635067024900,7.7305,-4.2891,2.8027,1.2373,-0.4478,0.0810
1635067024906,7.8398,-4.4453,2.7578,1.0869,-0.4478,0.0129
1635067024909,7.7031,-4.4297,1.4316,0.8853,-0.4465,-0.0552
1635067024936,7.3086,-3.7715,-1.4219,0.7056,-0.4636,-0.1616
1635067024940,7.9883,-2.7461,7.1211,-0.1232,-0.2783,-0.1190
1635067024943,8.2969,-1.6064,7.3477,-1.3584,0.1141,-0.2446
1635067024956,7.4023,-3.1934,3.7266,-1.6777,0.2588,-0.5381
1635067024965,7.1250,-4.0313,2.8555,-1.4111,0.1992,-0.7734
1635067024976,6.5117,-3.3438,2.2754,-0.9307,0.2642,-0.7012
1635067024980,6.0625,-3.5625,2.2266,-0.2008,0.2482,-0.7075
1635067025006,6.3320,-5.1953,1.9268,0.4150,0.1141,-0.7764
1635067025015,6.8047,-4.9492,2.5605,0.6299,0.0194,-0.8594
1635067025032,7.6758,-3.9355,3.4199,0.8013,-0.0178,-0.9053
1635067025037,8.6016,-6.1172,3.0762,0.7534,-0.1604,-0.6372
1635067025048,9.5391,-8.5703,2.0488,0.2354,-0.2200,-0.5649
1635067025065,9.6328,-8.7813,1.7285,0.0928,-0.0476,-0.6563
1635067025069,8.6563,-7.7734,1.7998,0.2588,0.0407,-0.4243
1635067025073,8.0391,-6.0000,1.4385,0.1918,-0.0433,-0.2190
1635067025077,7.8203,-4.5547,1.2568,0.2832,-0.0455,-0.3308
1635067025087,7.6250,-3.8008,1.1484,0.5596,-0.0338,-0.3647
1635067025090,7.5391,-3.1953,1.6201,0.8750,-0.0476,-0.3638
1635067025117,7.7422,-3.7695,2.3301,1.1328,-0.0583,-0.3584
1635067025121,8.3672,-5.3164,2.4023,1.1816,-0.0976,-0.3594
1635067025124,9.1563,-6.7383,2.6133,1.0918,-0.1338,-0.3936
1635067025145,9.5234,-6.6406,2.6895,0.6992,-0.1338,-0.3083
1635067025149,9.1563,-5.2266,2.4004,0.1736,-0.0614,-0.2529
1635067025157,8.3750,-3.9883,1.7568,-0.1658,0.0343,-0.2700
1635067025161,7.8398,-4.3320,1.2373,-0.1710,0.0715,-0.1935
1635067025187,7.7930,-5.3008,1.0244,0.0332,0.0460,-0.1382
1635067025196,8.1016,-5.7813,1.2393,0.4141,0.0141,-0.2180
1635067025213,9.5391,-6.0977,2.7734,0.9346,-0.1146,-0.1031
1635067025218,9.9922,-5.5195,2.6758,0.7930,-0.1050,-0.0616
1635067025229,9.3438,-3.3262,2.0781,0.4248,-0.0104,-0.0690
1635067025246,8.3125,-1.5508,1.8164,0.1970,0.0482,-0.1371
1635067025251,7.8984,-1.7549,1.6064,0.1289,0.0035,-0.2201
1635067025254,8.3359,-3.3086,1.5098,0.0704,-0.0412,-0.3062
1635067025258,8.9063,-4.6797,1.5195,0.0811,-0.0327,-0.4148
1635067025268,9.1563,-5.1758,2.1680,0.1620,0.0077,-0.4351
1635067025278,9.1094,-5.4648,2.4707,0.1630,0.0215,-0.3105
1635067025290,9.0547,-5.8008,1.9648,0.0162,0.0237,-0.2041
1635067025293,8.8438,-5.2734,2.3691,-0.2200,0.0332,-0.1223
1635067025318,8.5469,-4.9219,2.3926,-0.4722,0.0184,0.0203
1635067025321,8.8125,-5.8125,3.1250,-0.7251,0.0258,0.0161
1635067025325,7.7969,-12.5625,7.7031,-0.6138,0.0301,-0.0435
1635067025338,3.2266,-0.2585,9.2813,-2.5195,0.2727,-0.5542
1635067025342,3.8496,13.6406,5.2539,-3.3965,0.5503,-1.1797
1635067025368,9.2031,-4.4766,4.3008,-2.9648,0.1322,-0.3530
1635067025378,9.2109,-9.5938,5.1016,-4.3477,0.9727,-1.9463
1635067025381,4.6484,1.0791,5.3164,-4.0508,1.2246,-2.0527
1635067025388,4.6055,2.7227,-0.5171,-2.9121,0.3013,-1.0693
1635067025392,7.7734,-4.3125,4.3867,-3.4414,0.3057,-1.3467
1635067025418,10.2969,-3.8301,4.2578,-3.6582,0.6216,-2.2598
1635067025422,9.0859,-0.8472,7.0859,-2.0918,0.5864,-1.9268
1635067025426,8.4844,3.4902,4.7617,-0.6606,0.6660,-1.9268
1635067025438,9.6484,-0.7178,-1.0557,1.1328,0.1960,-1.2334
1635067025444,13.9531,-6.3750,-6.3711,2.3281,-0.7148,-0.8169
1635067025476,17.2031,-14.8359,-2.0371,4.1172,-0.7104,0.1544
1635067025480,17.3281,-12.7656,3.0859,4.1992,-0.2274,0.5820
1635067025483,13.7813,-2.8770,1.7734,4.1172,0.2162,0.0257
1635067025488,9.2813,2.0527,0.2705,3.3223,0.3044,0.4033
1635067025492,7.5352,1.6514,-0.8447,1.7461,0.3374,0.9004
1635067025525,8.7578,-2.0469,-0.6772,0.7788,0.3716,0.6343
1635067025558,10.8281,-5.7578,-1.2803,0.5630,0.2727,0.4746
1635067025576,11.8828,-6.5469,-3.2695,0.5962,0.1715,0.6929
1635067025581,12.1094,-5.3242,-2.1855,0.5928,0.1780,0.8066
1635067025607,11.7734,-3.3555,0.2322,0.0109,0.3662,0.7822
1635067025622,10.7656,-2.6367,0.8018,-0.9468,0.5830,0.9185
1635067025656,10.0703,-3.5684,0.4788,-1.7148,0.6011,1.1074
1635067025675,9.9375,-4.7188,0.0096,-1.9951,0.5483,1.1328
1635067025678,9.7109,-5.4922,0.0215,-1.7822,0.5288,1.0977
1635067025683,9.2891,-5.7617,0.3447,-1.4307,0.4758,1.1270
1635067025687,9.0234,-5.7617,0.5742,-1.1113,0.3801,1.1367
1635067025690,8.8125,-5.7109,0.6006,-0.8232,0.2800,1.1074
1635067025707,8.3281,-5.6875,0.5864,-0.5786,0.2013,1.0898
1635067025722,7.6172,-5.6133,0.5361,-0.4275,0.1257,1.0947
1635067025739,6.9883,-5.4219,0.4714,-0.4082,0.0322,1.1162
1635067025755,6.5469,-5.3047,0.3687,-0.4424,-0.0402,1.1045
1635067025788,6.0313,-5.6914,0.4070,-0.3284,-0.0688,1.0625
1635067025821,5.3242,-6.5234,0.3806,-0.0519,-0.1072,1.0439
1635067025854,4.5859,-7.3281,0.5938,0.3374,-0.1582,1.0020
1635067025859,3.9805,-7.7344,0.9766,0.7842,-0.2517,0.9204
1635067025870,3.8398,-7.6133,1.6367,1.1514,-0.4094,0.8354
1635067025873,4.3086,-7.0703,2.2441,1.2715,-0.5679,0.7725
1635067025876,5.0625,-6.5352,2.5664,1.1055,-0.6475,0.7500
1635067025880,5.6797,-6.2500,2.6855,0.7598,-0.6304,0.7192
1635067025883,6.0234,-6.2578,2.4941,0.3906,-0.5654,0.6797
1635067025886,6.2852,-6.4297,1.8164,0.1779,-0.5308,0.6748
1635067025890,6.5313,-6.7305,1.4189,0.2343,-0.5200,0.6489
1635067025893,6.7969,-6.6406,1.3525,0.4727,-0.5273,0.6255
1635067025905,7.0664,-5.8555,1.5273,0.8154,-0.5581,0.6162
1635067025908,7.3398,-4.5039,1.9219,1.0752,-0.5859,0.5737
1635067025911,7.4453,-3.4375,2.2090,1.1680,-0.5742,0.5459
1635067025915,7.3477,-2.7734,2.1563,1.0498,-0.5273,0.5488
1635067025918,7.2969,-2.7305,2.6582,0.9600,-0.4626,0.5137
1635067025921,7.3516,-3.3555,2.5898,0.9419,-0.4307,0.4841
1635067025925,7.5117,-3.8594,-0.7852,0.9790,-0.4497,0.4160
1635067025938,8.4844,-3.4063,2.2813,0.8184,-0.4412,0.2278
1635067025954,10.1563,-1.0576,6.6328,0.1257,-0.2103,-0.1212
1635067025959,9.9609,-0.8906,6.4219,-0.1252,0.1237,-0.4031
1635067025962,8.5234,-1.9150,4.2188,-0.2157,0.1385,-0.3457
1635067025967,7.4609,-2.3809,2.6582,-0.5410,0.0364,-0.1711
1635067025971,7.4219,-2.4707,2.6738,-0.8809,0.0428,-0.2456
1635067025974,8.1016,-2.7168,2.6875,-0.9766,0.0513,-0.4883
1635067025978,9.0234,-4.1797,2.3809,-0.5669,0.0056,-0.6509
1635067025982,9.0156,-6.6523,2.1738,0.0917,0.0269,-0.5137
1635067025986,8.4922,-7.5313,2.2598,0.5361,0.0290,-0.3958
1635067025989,8.3594,-7.0313,2.7754,0.9736,-0.0391,-0.4819
1635067025993,8.5469,-6.3633,3.0859,1.2803,-0.1444,-0.4468
1635067025998,8.8828,-5.6836,3.0996,1.1650,-0.1965,-0.2903
1635067026004,8.8750,-5.2383,2.7363,0.7832,-0.1273,-0.2678
1635067026031,8.2969,-4.9727,2.2344,0.4482,-0.0423,-0.3074
1635067026051,7.3672,-4.4297,1.6611,0.2428,-0.0114,-0.2957
1635067026070,6.6641,-3.8867,1.7305,0.2450,-0.1731,-0.4009
1635067026073,7.5742,-5.8984,2.7598,0.2556,-0.2688,-0.4170
1635067026086,8.6719,-7.7031,2.9609,0.1438,-0.2668,-0.3787
1635067026091,9.3984,-8.2734,2.7734,0.0098,-0.1721,-0.3328
1635067026102,9.3203,-7.2422,1.9961,-0.1094,-0.0614,-0.2158
1635067026106,8.4922,-5.9883,0.9956,-0.2030,0.0152,-0.1094
1635067026112,7.5625,-5.4492,0.5552,-0.2520,0.0290,-0.1063
1635067026115,7.0195,-4.8555,0.9668,-0.3369,-0.0508,-0.1296
1635067026119,6.9922,-4.0977,1.6582,-0.4893,-0.1401,-0.1860
1635067026124,7.5156,-4.3516,2.7969,-0.7754,-0.1390,-0.2074
1635067026135,8.1563,-7.0977,5.8672,-1.2021,-0.0114,-0.1265
1635067026154,7.5039,-3.8027,1.5654,-2.2305,0.2152,-0.2817
1635067026159,8.8125,-2.3242,-0.2656,-1.5479,0.1577,-0.5181
1635067026163,9.3906,-7.3203,-1.1895,-0.4148,0.0556,-0.0573
1635067026166,8.7578,-7.0859,-0.7539,-0.1200,0.1875,-0.1425
1635067026201,7.6914,-3.7324,0.2607,0.5044,0.0343,-0.2925
1635067026218,7.5547,-0.0837,1.6494,0.4036,-0.0933,-0.3242
1635067026226,8.0703,-0.1675,3.2617,-0.0572,-0.0997,-0.2573
1635067026231,8.3281,-3.0430,2.8594,-0.5581,-0.0136,-0.2307
1635067026235,8.0156,-4.5547,1.6416,-0.7637,0.0843,-0.2744
1635067026251,7.6367,-4.5234,0.8496,-0.3721,0.1067,-0.2979
1635067026268,7.6523,-4.2461,0.2561,0.1598,0.0471,-0.2700
1635067026273,8.1328,-3.5742,0.7036,0.4587,-0.0136,-0.3828
1635067026284,8.7656,-3.6621,1.6895,0.4556,-0.0827,-0.4478
1635067026288,9.2344,-5.1523,2.6211,0.1449,-0.1061,-0.4382
1635067026301,9.6328,-7.4844,3.8398,-0.3201,-0.0944,-0.3989
1635067026305,9.0859,-10.7891,8.4453,-0.9927,0.0088,-0.2520
1635067026311,5.7500,-5.7617,8.1797,-2.7031,0.3269,-0.3711
1635067026314,4.3945,-3.8594,10.1641,-3.2617,0.4802,-0.5103
1635067026318,4.6133,-1.7520,5.2109,-4.0625,0.5396,-0.5830
1635067026333,7.1367,0.3279,-2.6641,-3.6250,0.3896,-0.7329
1635067026337,8.8281,-12.4219,4.9844,-2.1777,0.3481,-0.0233
1635067026340,5.2734,-5.8906,2.9980,-2.0840,0.7417,-0.9937
1635067026351,4.5000,0.2083,2.2129,0.3130,0.4163,-0.8276
1635067026367,9.5313,-1.0576,5.0820,0.3333,-0.0827,-0.1765
1635067026381,8.7891,-2.0840,4.2422,-0.8433,0.3770,-0.8555
1635067026400,7.2461,-2.9727,1.1318,-0.4636,0.5713,-0.9937
1635067026404,9.9922,-5.3633,0.6196,0.0130,0.0194,-0.3137
1635067026416,10.4766,-2.0313,1.7813,-0.5200,0.1268,-0.8086
1635067026432,6.5352,-0.9453,3.5996,0.0396,0.5332,-1.0430
1635067026437,6.3750,-1.6182,1.0693,0.6182,0.2737,-0.6743
1635067026449,10.4063,-3.1523,3.7324,0.8472,0.0492,-0.7925
1635067026453,9.0000,-3.2578,3.4258,0.6641,0.5620,-0.9458
1635067026464,6.0352,0.2010,4.0430,1.0264,0.8398,-1.1523
1635067026482,7.0391,4.8164,1.6152,1.6660,0.4321,-1.4072
1635067026487,9.7734,4.1719,-1.8047,1.3467,0.0811,-1.2334
1635067026498,13.4063,0.7852,-0.8545,0.2886,-0.0157,-1.1445
1635067026512,15.0547,-5.9414,-4.6719,0.4163,-0.0774,-0.8564
1635067026524,16.7188,-11.6250,-3.2949,0.8984,-0.0795,-0.2659
1635067026528,16.6563,-11.0469,-1.2637,1.0508,0.1556,0.0374
1635067026532,13.8594,-4.6680,-2.3164,1.1777,0.2258,0.1682
1635067026536,11.3047,0.4045,-0.9023,0.7983,0.2141,0.4607
1635067026541,10.4922,1.5342,-0.3230,-0.3752,0.2120,0.7734
1635067026545,10.8984,-1.5176,-1.3838,-1.4189,0.2013,0.9419
1635067026572,12.0234,-5.5195,-2.1055,-1.9600,0.2333,1.0000
1635067026575,12.4375,-6.6914,-2.4180,-1.7881,0.2727,1.0469
1635067026579,12.1719,-4.6836,-1.3525,-1.3379,0.2778,1.0635
1635067026592,11.7578,-1.9072,-0.2847,-1.0322,0.2407,1.0146
1635067026595,11.2734,-1.5654,0.9048,-1.1328,0.1780,1.1631
1635067026622,11.2344,-4.0938,2.0000,-1.6924,0.1216,1.3984
1635067026625,11.3594,-6.6914,1.7041,-2.1582,0.0130,1.4902
1635067026629,11.0625,-7.5703,0.9526,-2.1055,-0.1539,1.5410
1635067026642,10.4531,-6.7031,0.5552,-1.9834,-0.2837,1.6592
1635067026661,9.8672,-5.4648,0.5503,-2.0625,-0.3445,1.7227
1635067026666,9.1719,-5.1055,-0.0120,-2.1094,-0.3464,1.6797
1635067026694,8.6328,-5.6719,-0.6006,-1.7783,-0.3784,1.5557
1635067026699,8.2188,-6.1484,-1.2852,-1.1289,-0.4456,1.4102
1635067026703,7.5430,-6.0430,-1.2520,-0.4563,-0.4700,1.2930
1635067026727,6.8711,-5.0938,-0.4285,-0.0721,-0.4604,1.1846
1635067026732,6.4844,-4.2734,0.1436,0.0045,-0.4487,1.1230
1635067026744,6.3125,-3.9766,0.0383,-0.1349,-0.4253,1.1016
1635067026776,6.1719,-4.6055,0.1173,-0.2605,-0.3816,1.0635
1635067026793,5.9648,-5.4766,0.6963,-0.3381,-0.3071,1.0146
1635067026798,5.4414,-5.8750,0.9336,-0.2190,-0.2211,0.9141
1635067026811,4.8438,-5.9844,0.7109,-0.0072,-0.1753,0.7822
1635067026828,4.4219,-5.9063,0.5435,0.1141,-0.1390,0.6289
1635067026844,4.0859,-5.9102,0.8232,0.1545,-0.0987,0.5020
1635067026861,3.6836,-5.7305,1.1631,0.1289,-0.0774,0.3799
1635067026892,3.3457,-5.4414,1.5322,0.1141,-0.0753,0.2352
1635067026908,3.0820,-5.3867,2.0469,0.0226,-0.0635,0.1384
1635067026925,2.9922,-5.4180,1.7109,-0.0657,-0.0742,0.0959
1635067026958,3.0547,-5.8086,1.2305,0.0034,-0.1072,0.0555
1635067026961,3.3223,-6.2188,1.1201,0.1843,-0.1273,-0.0382
1635067026990,3.5586,-6.2813,1.1221,0.4333,-0.1327,-0.1233
1635067027009,3.9277,-6.1484,1.1699,0.7290,-0.1572,-0.1998
1635067027013,4.6602,-6.1758,1.4219,0.9385,-0.1902,-0.2668
1635067027025,5.6328,-6.3867,1.5625,0.9897,-0.2072,-0.3223
1635067027029,6.5273,-6.7305,1.3789,0.9014,-0.1934,-0.3489
1635067027033,7.1953,-6.7461,0.9956,0.7163,-0.1710,-0.3606
1635067027038,7.5039,-6.5391,0.7539,0.5259,-0.1604,-0.3828
1635067027041,7.5898,-6.3828,0.5215,0.3545,-0.1731,-0.3936
1635067027045,7.7305,-6.5547,0.3950,0.2778,-0.2369,-0.3904
1635067027058,8.0000,-7.0039,0.2991,0.3279,-0.3188,-0.4009
1635067027062,8.0938,-7.2852,0.3638,0.8994,-0.4497,-0.2817
1635067027075,8.2266,-6.9180,-1.5889,1.2676,-0.5562,-0.2627
1635067027091,9.4063,-6.1094,0.8545,1.4268,-0.4893,-0.3394
1635067027108,9.5859,-5.2930,2.1992,1.6504,-0.2944,-0.3074
1635067027111,8.8594,-5.6094,3.3008,1.8545,-0.1295,-0.2529
1635067027124,8.9766,-4.1602,3.9238,1.4580,-0.1168,-0.2404
1635067027140,8.5156,-2.8906,2.7617,0.9961,-0.0774,-0.2668
1635067027157,7.6563,-3.2129,1.6973,0.6143,-0.0412,-0.2786
1635067027161,6.9258,-3.2402,1.1895,0.1726,-0.0593,-0.3201
1635067027188,6.3828,-3.2207,0.9863,0.0439,-0.1476,-0.4084
1635067027193,6.1836,-3.7070,0.7466,0.1077,-0.2517,-0.4446
1635067027206,6.7461,-4.4453,0.5337,0.1970,-0.3667,-0.4744
1635067027223,7.9648,-5.3594,0.8496,0.3523,-0.4551,-0.4734
1635067027239,9.0703,-6.0625,1.1514,0.5884,-0.4465,-0.4468
1635067027254,9.2500,-6.4297,1.2178,0.8047,-0.3613,-0.3755
1635067027272,8.7891,-6.3555,1.2803,0.8462,-0.2317,-0.3530
1635067027276,8.0078,-5.5781,1.0049,0.8184,-0.1412,-0.3989
1635067027279,7.2969,-4.0625,0.5122,0.7886,-0.1880,-0.4021
1635067027283,6.9609,-3.3418,0.2800,0.6982,-0.2783,-0.4041
1635067027287,7.4844,-3.9805,0.4548,0.4482,-0.3657,-0.4170
1635067027291,8.5859,-5.5391,0.0168,0.3843,-0.4478,-0.4106
1635067027303,9.3984,-6.8359,-0.4500,0.6089,-0.4402,-0.4233
1635067027314,9.2109,-6.5547,-0.1364,0.8770,-0.3232,-0.4626
1635067027318,8.1328,-5.0547,-0.4380,1.1533,-0.2338,-0.5498
1635067027322,7.5117,-3.4180,-0.1604,1.2744,-0.2668,-0.5732
1635067027326,7.8164,-2.1758,0.3208,1.0205,-0.3635,-0.5498
1635067027331,8.3359,-3.0020,0.6680,0.6353,-0.3784,-0.5054
1635067027334,8.8984,-4.8359,0.8232,0.3140,-0.3125,-0.5234
1635067027338,9.3281,-5.8633,0.9624,0.2661,-0.2423,-0.5361
1635067027342,9.3750,-5.9102,1.0957,0.2725,-0.1614,-0.4734
1635067027369,8.9922,-5.5781,1.2041,0.1630,-0.0518,-0.4648
1635067027387,8.4609,-5.4219,1.7881,0.1534,0.0067,-0.4978
1635067027404,8.0781,-5.1484,2.0684,0.2333,0.0109,-0.4531
1635067027418,8.0703,-4.4063,2.5098,0.3013,0.0045,-0.4265
1635067027437,8.4375,-3.7480,3.0859,0.3171,-0.0263,-0.3850
1635067027440,8.9375,-3.8926,2.9688,0.1523,-0.0199,-0.2966
1635067027453,9.5313,-3.9785,2.7910,-0.1742,0.0332,-0.2944
1635067027457,9.6484,-3.6016,2.9277,-0.4424,0.0960,-0.2722
1635067027461,8.8984,-3.3770,1.9629,-0.7520,0.1652,-0.2190
1635067027466,7.7734,-3.9941,7.3203,-1.0410,0.3174,-0.3435
1635067027470,1.5801,0.2417,7.3984,-1.3115,0.8501,-1.1846
1635067027501,-0.5122,1.2393,12.8359,-0.3594,0.8823,-1.4541
1635067027513,4.8789,-2.5977,7.8438,-0.7944,0.2556,-0.6543
1635067027517,10.9375,-3.3652,8.9922,-2.2598,0.1801,-1.0352
1635067027550,8.6875,-3.8320,7.9102,-2.8867,0.8481,-1.3662
1635067027554,5.8008,-2.7578,6.2813,-2.7168,1.0195,-1.1475
1635067027566,9.0703,0.5576,0.2155,-2.2969,0.3608,-0.9883
1635067027585,12.8047,-3.0586,-2.0156,-2.3516,0.1109,-0.4978
1635067027601,14.3750,-8.2891,1.5459,-2.1289,0.5684,-0.5361
1635067027605,11.6953,-9.3906,-2.3672,0.1428,0.6035,-0.5796
1635067027618,10.0156,-6.2305,-3.3730,2.1250,0.2035,-0.3467
1635067027621,9.8672,0.6509,-1.3877,2.1406,0.1205,-0.6636
1635067027634,8.3828,3.1543,2.2930,2.1504,0.4951,-1.0166
1635067027639,6.7969,-1.0391,0.9287,2.4727,0.3887,-0.6870
1635067027643,7.9258,-2.3457,-2.2754,1.8770,0.1067,-0.6411
1635067027646,10.3594,1.1611,-0.0766,1.0303,0.1439,-0.8413
1635067027650,11.1875,0.9478,0.7852,0.7788,0.3003,-0.6763
1635067027665,11.6172,0.3350,-2.1875,0.1992,0.1769,-0.5425
1635067027691,13.5078,-0.5957,-1.3955,-0.4924,0.0258,-0.4456
1635067027695,15.2500,-3.0508,-0.7373,-1.0020,0.0864,-0.2489
1635067027699,15.3203,-4.5195,0.0263,-1.2764,0.3025,-0.1127
1635067027703,13.8047,-2.9160,0.0742,-1.5020,0.4419,-0.0626
1635067027707,12.6719,-0.9814,0.4954,-1.6885,0.4353,0.1235
1635067027711,12.3906,-0.4692,0.7993,-2.1035,0.3557,0.3694
1635067027715,12.4766,-0.6509,0.9956,-2.8770,0.3396,0.6045
1635067027718,12.5000,-1.4795,1.4697,-3.5938,0.3428,0.8140
1635067027722,12.3125,-2.0410,1.6328,-4.1914,0.3057,1.0049
1635067027726,11.8281,-2.5098,1.6230,-4.6523,0.2620,1.1436
1635067027730,11.3281,-3.3867,1.5537,-4.9922,0.2205,1.2422
1635067027734,10.9453,-4.1055,1.0195,-5.2227,0.1949,1.3057
1635067027739,10.6250,-4.3789,0.6079,-5.2188,0.1886,1.3037
1635067027743,10.3516,-4.2656,0.5864,-5.0508,0.1631,1.2598
1635067027747,10.2422,-3.9453,0.5146,-5.0586,0.1173,1.2061
1635067027751,10.0625,-3.6758,0.4907,-5.3789,0.0992,1.2471
1635067027755,9.6406,-3.3848,0.1293,-5.8477,0.1332,1.3311
1635067027758,9.1172,-3.8652,-0.8760,-6.2305,0.1854,1.3027
1635067027762,8.5469,-5.0195,-1.8984,-6.5273,0.2035,1.2559
1635067027770,7.8711,-6.1758,-2.2637,-6.5195,0.2078,1.1787
1635067027774,7.3398,-7.1602,-2.1875,-6.0625,0.1949,0.9897
1635067027778,7.0898,-7.7422,-1.8789,-5.2773,0.1503,0.8042
1635067027787,7.0859,-7.7695,-1.7285,-4.2891,0.0535,0.6831
1635067027788,7.3281,-6.9922,-2.2441,-3.3945,-0.0497,0.6787
1635067027790,7.4453,-6.1133,-3.1914,-2.6895,-0.0742,0.7300
1635067027791,7.3164,-5.5703,-3.7930,-2.1914,-0.0678,0.7139
1635067027796,7.0977,-5.0273,-5.3672,-1.9668,-0.2338,0.6694
1635067027799,7.0977,-5.0273,-5.3672,-1.9482,-0.3848,0.6958
1635067027826,7.3633,-5.5508,-5.6328,-1.8096,-0.5273,0.7246
1635067027846,7.5586,-5.5625,-5.3203,-1.5752,-0.5952,0.7373
1635067027879,7.5977,-5.6094,-4.9844,-1.2061,-0.5825,0.7300
1635067027884,7.4492,-5.7813,-4.9570,-0.8613,-0.5537,0.7319
1635067027888,7.2539,-5.9297,-4.8125,-0.6338,-0.5508,0.7534
1635067027897,7.0625,-5.2305,-5.1484,-0.6338,-0.5625,0.7705
1635067027913,6.9922,-4.4063,-5.3516,-0.7231,-0.6094,0.7563
1635067027930,7.1367,-4.1914,-5.4531,-0.8901,-0.6914,0.7227
1635067027935,7.2031,-4.5313,-5.6367,-1.1348,-0.7690,0.7642
1635067027947,7.0273,-5.1016,-5.4453,-1.2227,-0.8252,0.8032
1635067027963,6.7773,-5.3555,-5.0742,-1.0439,-0.9053,0.7832
1635067027980,6.7070,-5.3828,-4.6250,-0.7061,-1.0166,0.7969
1635067027984,6.8828,-4.8477,-4.4883,-0.4861,-1.1299,0.8374
1635067027996,7.1289,-4.0508,-4.6563,-0.4487,-1.2197,0.8447
1635067028001,7.2891,-3.7988,-4.5000,-0.5083,-1.2549,0.7695
1635067028013,7.1523,-3.8086,-4.7734,-0.6689,-1.2764,0.7065
1635067028029,6.9531,-4.0078,-4.9141,-0.8213,-1.3203,0.6768
1635067028046,6.8945,-4.4375,-5.2578,-0.8691,-1.3848,0.6343
1635067028062,6.9648,-5.0430,-6.1758,-0.7891,-1.4385,0.6279
1635067028074,7.0352,-5.4258,-6.5391,-0.6074,-1.4658,0.6553
1635067028079,7.0820,-5.7031,-5.8828,-0.3008,-1.4756,0.6289
1635067028095,7.0039,-5.6406,-5.3281,0.0162,-1.4355,0.5874
1635067028106,6.6680,-5.1211,-4.9609,0.2162,-1.3809,0.5991
1635067028110,6.3359,-4.7500,-4.7344,0.3225,-1.3584,0.6055
1635067028113,6.0781,-4.4023,-4.8398,0.2791,-1.3350,0.6138
1635067028117,5.8672,-4.0078,-5.4297,0.1534,-1.3086,0.6064
1635067028121,5.8594,-4.0352,-6.0117,0.0258,-1.3242,0.5981
1635067028125,5.8789,-3.9570,-6.0820,-0.1572,-1.3486,0.6011
1635067028130,5.7383,-4.0859,-5.8008,-0.2306,-1.3389,0.5684
1635067028133,5.3945,-4.6484,-5.6211,-0.1998,-1.2891,0.5415
1635067028137,4.9648,-4.9414,-5.2422,-0.1615,-1.2383,0.5513
1635067028141,4.6875,-5.0195,-5.3906,-0.0689,-1.2051,0.5352
1635067028145,4.5859,-5.0586,-5.6563,-0.0019,-1.1768,0.5522
1635067028149,4.5703,-4.9297,-5.4297,0.0321,-1.1455,0.5361
1635067028153,4.5664,-4.5430,-5.5234,0.0715,-1.1191,0.5107
1635067028177,4.4023,-4.3008,-5.7500,0.0939,-1.0684,0.5117
1635067028194,4.3242,-4.4141,-5.8555,0.0321,-1.0488,0.5181
1635067028210,4.3203,-4.3828,-5.5859,-0.0955,-1.0645,0.5308
1635067028215,4.2500,-4.2188,-5.6133,-0.1796,-1.0547,0.5054
1635067028227,3.9414,-4.2031,-5.8867,-0.2849,-1.0127,0.5054
1635067028243,3.5742,-4.2344,-5.4570,-0.4370,-0.9766,0.4971
1635067028248,3.3301,-4.3633,-5.3672,-0.5049,-0.9624,0.4565
1635067028260,3.0547,-4.5820,-5.5938,-0.4456,-0.9146,0.4565
1635067028276,2.8125,-4.6992,-5.6016,-0.3296,-0.8511,0.4543
1635067028280,2.7539,-4.6680,-5.5273,-0.2529,-0.8242,0.4353
1635067028285,2.7949,-4.7461,-5.8008,-0.2083,-0.8115,0.4128
1635067028288,2.7578,-5.0000,-6.0898,-0.1816,-0.7773,0.3960
1635067028292,2.7012,-5.1523,-6.0625,-0.1636,-0.7539,0.3735
1635067028297,2.7676,-5.0820,-6.2344,-0.1295,-0.7529,0.3596
1635067028312,2.7969,-4.8594,-6.1953,-0.1104,-0.7314,0.3662
1635067028317,2.6836,-4.4961,-5.7148,-0.1317,-0.6860,0.3362
1635067028321,2.4648,-4.2305,-5.4141,-0.1838,-0.6528,0.3171
1635067028348,2.2598,-4.1680,-5.5664,-0.3030,-0.6348,0.3108
1635067028358,2.2910,-4.3633,-5.8203,-0.4722,-0.6367,0.2820
1635067028362,2.4434,-4.6875,-6.2148,-0.6240,-0.6357,0.2566
1635067028367,2.5293,-5.2539,-6.6211,-0.7158,-0.6274,0.2384
1635067028371,2.5313,-5.7734,-6.6172,-0.7446,-0.6230,0.1980
1635067028398,2.5078,-6.0703,-6.5234,-0.6743,-0.6167,0.1554
1635067028402,2.4844,-6.3086,-6.3867,-0.5371,-0.6060,0.1405
1635067028406,2.5703,-6.4414,-6.3555,-0.3923,-0.5986,0.1544
1635067028418,2.6055,-6.3945,-6.3711,-0.2371,-0.5752,0.1736
1635067028425,2.6152,-6.1484,-6.2070,-0.0944,-0.5371,0.1768
1635067028448,2.5781,-5.7344,-6.0938,-0.0061,-0.4966,0.1788
1635067028458,2.4922,-5.5234,-6.1992,0.0173,-0.4509,0.1831
1635067028474,2.4434,-5.6641,-6.6328,-0.0040,-0.4072,0.1777
1635067028479,2.5156,-5.8984,-7.4609,-0.0168,-0.3796,0.1788
1635067028483,2.6406,-6.1406,-7.9023,-0.0093,-0.3582,0.1852
1635067028487,2.7637,-6.3750,-8.2266,0.0332,-0.3401,0.1777
1635067028498,2.8477,-6.5234,-8.2422,0.0811,-0.3135,0.2002
1635067028507,2.8594,-6.4688,-7.8945,0.1119,-0.2837,0.2172
1635067028518,2.8594,-6.4844,-7.5625,0.1907,-0.2603,0.2246
1635067028524,2.8379,-6.7227,-7.3555,0.2927,-0.2317,0.2585
1635067028548,2.7734,-6.9922,-7.4375,0.3789,-0.1880,0.3330
1635067028557,2.7266,-7.0273,-7.6211,0.4822,-0.1519,0.4128
1635067028573,2.7188,-7.0234,-7.9688,0.6152,-0.1338,0.4758
1635067028588,2.8809,-7.2227,-8.0703,0.7310,-0.1295,0.5332
1635067028606,3.0977,-7.5703,-8.1172,0.8320,-0.1316,0.6011
1635067028623,3.1074,-7.8477,-7.8945,0.9429,-0.0966,0.6812
1635067028638,2.9316,-8.0156,-7.3516,1.0459,-0.0285,0.7407
1635067028656,2.7910,-8.1328,-6.7930,1.1367,0.0109,0.8159
1635067028701,2.7500,-7.8594,-5.9375,1.2100,0.0354,0.8726
1635067028712,2.9609,-7.3906,-5.4648,1.3701,0.0726,0.8652
1635067028715,3.1074,-7.1367,-5.6055,1.6572,0.1949,0.9546
1635067028720,2.7402,-6.0391,-5.7617,1.7168,0.2917,0.9287
1635067028724,2.5469,-5.4102,-5.9297,1.6768,0.3523,0.8564
1635067028752,2.5254,-5.1133,-6.3359,1.3945,0.3472,0.8438
1635067028771,2.6348,-5.2617,-6.4453,0.8877,0.3120,0.8574
1635067028785,2.6133,-5.8633,-6.5156,0.3428,0.2993,0.8511
1635067028818,2.3398,-6.5977,-6.6406,-0.1487,0.3247,0.8525
1635067028851,2.0176,-7.0508,-6.4141,-0.5518,0.3269,0.8760
1635067028884,1.9365,-7.2109,-6.0938,-0.7935,0.2778,0.8779
1635067028902,2.0723,-7.4414,-6.0430,-0.7915,0.2227,0.8716
1635067028907,2.1523,-7.5234,-5.9648,-0.6240,0.2195,0.8789
1635067028914,2.1152,-7.3164,-5.8125,-0.3115,0.2502,0.8799
1635067028917,2.0000,-7.0313,-5.6719,0.1428,0.2747,0.8525
1635067028935,1.9580,-6.7031,-5.7383,0.6152,0.2810,0.8022
1635067028961,1.9268,-6.3320,-5.9180,1.0625,0.2917,0.7627
1635067028965,1.7998,-5.9805,-6.3047,1.4150,0.3130,0.7310
1635067028969,1.6016,-5.6523,-6.5156,1.5703,0.3130,0.7280
1635067028973,1.4746,-5.3789,-6.3867,1.5098,0.2864,0.7129
1635067028977,1.4668,-5.3320,-6.2148,1.2842,0.2588,0.6851
1635067028981,1.4883,-5.4336,-5.9648,0.9526,0.2450,0.6489
1635067028985,1.4482,-5.5195,-5.7500,0.5830,0.2450,0.6055
1635067028988,1.2803,-5.5430,-5.5625,0.2566,0.2642,0.5693
1635067028992,1.0264,-5.6328,-5.4297,0.0034,0.2822,0.5322
1635067028996,0.8232,-5.8516,-5.3281,-0.1604,0.2727,0.4768
1635067029000,0.7754,-6.1875,-5.4336,-0.2391,0.2502,0.4160
1635067029004,0.7754,-6.5977,-5.7422,-0.2380,0.2365,0.3545
1635067029008,0.7397,-6.9297,-5.9570,-0.1604,0.2322,0.2715
1635067029012,0.6416,-7.0742,-6.0352,-0.0179,0.2407,0.1874
1635067029017,0.5791,-7.1836,-5.9883,0.1512,0.2386,0.1129
1635067029021,0.6270,-7.2031,-5.8281,0.2917,0.2195,0.0544
1635067029025,0.7324,-7.1719,-5.7539,0.4141,0.2024,0.0076
1635067029028,0.7705,-7.1328,-5.6641,0.5376,0.2109,-0.0339
1635067029032,0.7754,-7.0469,-5.7422,0.6270,0.2227,-0.0594
1635067029036,0.7852,-6.9570,-5.9414,0.6309,0.2013,-0.0563
1635067029040,0.8926,-6.8633,-6.2500,0.5225,0.1534,-0.0414
1635067029044,1.1035,-7.0313,-6.3750,0.3428,0.1046,-0.0499
1635067029048,1.3359,-7.3555,-6.4258,0.1109,0.0715,-0.0828
1635067029052,1.5244,-7.6367,-6.3633,-0.1232,0.0545,-0.1073
1635067029066,1.6660,-7.7773,-6.0391,-0.3232,0.0450,-0.1382
1635067029068,1.7734,-7.6172,-5.5508,-0.5137,0.0386,-0.1648
1635067029069,1.8857,-7.3320,-5.1445,-0.6836,0.0439,-0.1637
1635067029070,1.8955,-7.1367,-4.8359,-0.8179,0.0662,-0.1680
1635067029071,1.7900,-7.0781,-4.7891,-0.8701,0.0907,-0.1711
1635067029072,1.6152,-7.1250,-4.9766,-0.8457,0.0875,-0.1542
1635067029098,1.4883,-7.2773,-5.2539,-0.7266,0.0854,-0.1371
1635067029114,1.3926,-7.5117,-5.6250,-0.5381,0.1056,-0.1116
1635067029117,1.3311,-7.6758,-6.0859,-0.3467,0.0886,-0.0967
1635067029131,1.3184,-7.8281,-6.5195,-0.1742,0.0726,-0.0945
1635067029161,1.3115,-7.9531,-6.8281,-0.0434,0.0641,-0.0786
1635067029164,1.3164,-7.9492,-6.9609,0.0492,0.0556,-0.0669
1635067029169,1.3330,-7.8906,-6.7734,0.0875,0.0471,-0.0509
1635067029173,1.3760,-7.8203,-6.5469,0.1002,0.0343,-0.0286
1635067029183,1.4219,-7.8398,-6.2148,0.1172,0.0311,-0.0201
1635067029199,1.5098,-7.8359,-5.8164,0.1492,0.0407,-0.0105
1635067029214,1.5703,-7.7422,-5.6133,0.1875,0.0535,0.0108
1635067029218,1.5195,-7.5703,-5.5273,0.2119,0.0737,0.0289
1635067029231,1.3662,-7.4531,-5.5391,0.2322,0.0928,0.0384
1635067029235,1.2178,-7.4219,-5.6523,0.2385,0.0917,0.0522
1635067029239,1.1084,-7.4414,-5.7656,0.2333,0.0801,0.0671
1635067029247,1.0645,-7.4570,-5.8164,0.2301,0.0598,0.0714
1635067029259,1.1387,-7.5156,-5.7539,0.2333,0.0417,0.0693
1635067029263,1.2637,-7.4922,-5.7422,0.2216,0.0375,0.0746
1635067029281,1.3330,-7.3633,-5.7500,0.1938,0.0417,0.0789
1635067029287,1.3574,-7.2539,-5.7070,0.1747,0.0471,0.0703
1635067029298,1.3594,-7.2031,-5.7695,0.1438,0.0503,0.0629
1635067029302,1.3311,-7.1367,-5.9102,0.0896,0.0503,0.0693
1635067029312,1.2969,-7.1445,-5.9180,0.0353,0.0524,0.0650
1635067029317,1.2637,-7.1758,-5.9805,-0.0125,0.0577,0.0544
1635067029322,1.2441,-7.2773,-6.0898,-0.0498,0.0577,0.0469
1635067029325,1.2998,-7.4453,-6.0898,-0.0838,0.0482,0.0416
1635067029362,1.4316,-7.5000,-5.9375,-0.1136,0.0364,0.0320
1635067029380,1.5986,-7.4648,-5.8359,-0.1190,0.0343,0.0278
1635067029396,1.6758,-7.4023,-5.7695,-0.1051,0.0450,0.0278
1635067029401,1.7070,-7.2734,-5.7188,-0.0944,0.0524,0.0267
1635067029413,1.7236,-7.1680,-5.7305,-0.0806,0.0471,0.0299
1635067029429,1.6777,-7.1641,-5.7813,-0.0657,0.0375,0.0299
1635067029433,1.6367,-7.2070,-5.8203,-0.0498,0.0375,0.0278
1635067029446,1.5439,-7.3398,-6.0234,-0.0370,0.0290,0.0267
1635067029451,1.5098,-7.4492,-6.1133,-0.0444,-0.0061,0.0267
1635067029454,1.5537,-7.4492,-6.0859,-0.0583,-0.0412,0.0140
1635067029458,1.6543,-7.5391,-5.8984,-0.0040,-0.0604,-0.0126
1635067029462,1.7783,-7.6367,-5.6953,0.1151,-0.0764,-0.0520
1635067029479,1.8066,-7.6875,-5.7070,0.2959,-0.0688,-0.0861
1635067029484,1.7520,-7.8086,-5.6563,0.5659,-0.0593,-0.1180
1635067029495,1.6895,-8.0000,-5.6133,0.9258,-0.0593,-0.1775
1635067029512,1.6016,-8.1484,-5.6641,1.2832,-0.0625,-0.2148
1635067029517,1.6582,-8.3281,-5.6445,1.5898,-0.0817,-0.2382
1635067029528,1.7109,-8.2891,-5.4727,1.7432,-0.1093,-0.2424
1635067029532,1.6680,-7.9102,-5.5039,1.7715,-0.1157,-0.2169
1635067029543,1.6582,-7.6133,-5.4727,1.7559,-0.1338,-0.1924
1635067029561,1.6514,-7.3203,-5.3359,1.6406,-0.1539,-0.1935
1635067029576,1.6631,-7.1953,-5.1875,1.4814,-0.1561,-0.2084
1635067029594,1.5752,-7.3438,-5.0469,1.3428,-0.1476,-0.2286
1635067029597,1.5029,-7.6992,-4.9023,1.2305,-0.1401,-0.2467
1635067029603,1.4668,-8.0391,-4.7734,1.1865,-0.1338,-0.2520
1635067029607,1.4648,-8.4844,-4.6992,1.2881,-0.1252,-0.2542
1635067029611,1.4482,-9.0938,-4.5195,1.5059,-0.1157,-0.2764
1635067029614,1.5059,-9.5000,-4.6328,1.8252,-0.1104,-0.2861
1635067029619,1.6250,-10.0391,-4.5898,2.3867,-0.0933,-0.2913
1635067029623,1.7451,-10.4766,-4.3672,3.0566,-0.0870,-0.3350
1635067029658,1.7471,-10.4844,-4.3711,3.8203,-0.1040,-0.3425
1635067029691,1.6807,-10.4688,-4.0781,4.5625,-0.1189,-0.3030
1635067029708,1.6826,-10.0000,-3.7246,5.1250,-0.1678,-0.2307
1635067029713,1.7373,-9.1641,-3.4082,5.5742,-0.2274,-0.1542
1635067029724,1.8242,-8.5781,-2.9121,5.8750,-0.2783,-0.1212
1635067029757,2.0117,-8.2578,-2.2500,5.9219,-0.2913,-0.0892
1635067029775,2.1484,-8.1797,-1.4434,5.8242,-0.2477,-0.0467
1635067029806,2.1152,-8.4609,-0.8208,5.6875,-0.1625,-0.0328
1635067029825,1.8906,-8.9141,-0.2466,5.5664,-0.0870,-0.0084
1635067029839,1.7549,-9.1172,0.3328,5.5000,-0.0668,0.0501
1635067029858,1.7881,-8.9531,0.8643,5.4883,-0.0764,0.1161
1635067029861,1.8096,-8.5625,1.3359,5.4570,-0.1115,0.1597
1635067029865,1.7305,-8.0234,1.8936,5.3359,-0.1880,0.1863
1635067029874,1.6943,-7.4648,2.3887,4.8516,-0.2008,0.2118
1635067029891,1.7188,-7.6367,3.5000,4.6328,-0.0688,0.2310
1635067029907,1.4072,-8.4297,4.1445,4.5000,0.0311,0.2449
1635067029914,1.1729,-8.6797,4.7109,4.3828,0.0013,0.2500
1635067029923,1.1172,-7.9922,4.8477,4.3008,-0.1656,0.2427
1635067029940,1.0215,-6.9961,5.1992,4.1406,-0.3923,0.2491
1635067029956,1.0000,-6.0391,5.6445,3.7910,-0.5562,0.2725
1635067029960,1.2900,-5.2852,6.1211,3.3555,-0.6201,0.2725
1635067029965,1.5723,-5.2188,6.2813,3.0273,-0.5337,0.2532
1635067029973,1.5273,-5.7539,6.7344,2.7031,-0.4541,0.2469
1635067029989,1.5654,-6.2109,7.1289,2.3613,-0.4104,0.2715
1635067029993,1.6924,-6.5625,7.0469,2.1992,-0.3955,0.2683
1635067030006,1.7041,-6.5039,7.4023,2.1406,-0.4211,0.3013
1635067030022,1.8906,-6.2070,7.6133,2.1055,-0.4392,0.3247
1635067030026,2.0215,-6.2227,7.5117,2.1211,-0.4126,0.2852
1635067030030,1.9648,-6.0898,7.6172,2.1074,-0.4158,0.3013
1635067030033,2.0703,-5.5508,7.7617,2.0547,-0.4551,0.3162
1635067030037,2.1797,-5.1797,8.0000,1.9795,-0.4360,0.3193
1635067030041,2.1758,-4.7969,7.9336,1.7881,-0.4028,0.2883
1635067030070,2.0625,-4.9141,7.8906,1.5781,-0.3518,0.2969
1635067030086,2.0742,-5.1250,8.1406,1.4160,-0.2976,0.2947
1635067030103,2.1387,-5.1211,8.5000,1.3516,-0.2742,0.2981
1635067030114,2.1602,-5.0586,8.5938,1.3037,-0.2412,0.3171
1635067030118,2.2090,-4.9297,8.7031,1.2529,-0.2168,0.3022
1635067030137,2.2285,-4.8242,8.7969,1.2324,-0.2157,0.3247
1635067030154,2.3184,-4.5859,9.0000,1.1621,-0.1827,0.3320
1635067030162,2.2695,-4.4102,8.8203,1.0664,-0.1412,0.2766
1635067030166,2.1758,-4.3086,8.9688,1.0000,-0.0912,0.2693
1635067030170,2.1348,-4.3867,9.1719,0.9150,-0.0210,0.2905
1635067030185,2.1055,-4.5508,9.1875,0.8291,0.0162,0.3022
1635067030201,2.0410,-4.6797,8.9609,0.7993,0.0162,0.3118
1635067030218,2.0469,-4.7500,8.7578,0.8301,0.0396,0.3225
1635067030236,2.0078,-4.8281,8.5547,0.8760,0.0684,0.2756
1635067030248,1.9961,-4.6563,8.6250,0.9331,0.0545,0.2725
1635067030264,2.0176,-4.2031,8.7109,0.9165,0.0471,0.2778
1635067030268,1.8643,-4.0820,8.7500,0.8618,0.0684,0.2544
1635067030272,1.7207,-3.8887,8.6719,0.8228,0.0630,0.2395
1635067030275,1.7285,-3.5762,8.6953,0.7930,0.0258,0.2332
1635067030279,1.5801,-3.4258,8.7266,0.6938,0.0237,0.2183
1635067030283,1.4863,-3.5234,8.6641,0.5513,0.0471,0.2012
1635067030287,1.4863,-3.7188,8.4297,0.4568,0.0588,0.1757
1635067030291,1.4102,-3.7168,8.2344,0.4321,0.0471,0.1661
1635067030295,1.3213,-3.6289,8.2891,0.4451,0.0120,0.1587
1635067030299,1.3115,-3.7188,8.4375,0.4343,-0.0157,0.1533
1635067030302,1.3496,-3.8926,8.4609,0.3982,-0.0391,0.1725
1635067030306,1.3428,-3.8770,8.5156,0.3523,-0.0540,0.1842
1635067030310,1.3164,-3.8828,8.4297,0.3120,-0.0657,0.1810
1635067030313,1.4004,-3.7617,8.4688,0.2917,-0.0774,0.1693
1635067030317,1.5439,-3.6855,8.4063,0.2896,-0.0901,0.1597
1635067030322,1.6396,-3.7129,8.4531,0.3057,-0.1008,0.1693
1635067030325,1.7354,-3.8418,8.5469,0.3472,-0.1210,0.1895
1635067030330,1.8857,-3.9941,8.6406,0.4312,-0.1444,0.2043
1635067030334,2.0527,-3.9590,8.8125,0.5522,-0.1827,0.2161
1635067030337,2.1602,-3.9492,8.9609,0.6235,-0.2211,0.2352
1635067030341,2.1211,-3.7188,9.0547,0.6416,-0.2295,0.2363
1635067030345,1.9697,-3.5527,9.4453,0.6406,-0.2220,0.2585
1635067030360,1.8574,-3.5117,9.5547,0.5649,-0.2189,0.2778
1635067030361,1.9004,-3.5469,9.1953,0.4619,-0.1987,0.2661
1635067030362,1.9053,-3.3516,8.9141,0.4204,-0.1796,0.2554
1635067030363,1.7588,-3.0469,8.7813,0.3928,-0.1774,0.2576
1635067030369,1.6826,-2.9922,8.6484,0.3513,-0.1774,0.2576
1635067030373,1.6943,-3.0645,8.4922,0.3386,-0.1848,0.2725
1635067030399,1.7041,-3.0938,8.3984,0.3652,-0.2094,0.2788
1635067030403,1.6943,-3.0547,8.4922,0.4163,-0.2507,0.2810
1635067030406,1.7373,-3.0703,8.6406,0.4524,-0.2817,0.2832
1635067030429,1.7090,-3.1660,8.6250,0.4578,-0.2976,0.2820
1635067030433,1.7324,-3.1309,8.7109,0.4736,-0.3071,0.2778
1635067030436,1.7500,-2.8711,8.8672,0.4790,-0.3264,0.2810
1635067030460,1.7666,-2.6738,8.9766,0.4385,-0.3328,0.2798
1635067030464,1.7832,-2.6641,8.9844,0.3735,-0.3147,0.2715
1635067030468,1.7500,-2.6582,9.0234,0.3206,-0.2944,0.2747
1635067030480,1.6514,-2.7637,9.0313,0.2769,-0.2827,0.2810
1635067030483,1.6992,-3.0586,8.8750,0.2524,-0.2751,0.2874
1635067030510,1.7422,-3.3398,8.6328,0.2683,-0.2764,0.3022
1635067030513,1.6895,-3.4004,8.3906,0.3301,-0.3040,0.3108
1635067030517,1.6563,-3.3398,8.2578,0.3843,-0.3477,0.3118
1635067030540,1.6680,-3.2305,8.3359,0.4055,-0.3816,0.3289
1635067030543,1.7285,-3.0547,8.5469,0.4023,-0.3923,0.3438
1635067030546,1.7852,-2.7578,8.7813,0.3748,-0.4041,0.3406
1635067030570,1.8027,-2.4785,8.8906,0.3193,-0.4285,0.3247
1635067030573,1.8506,-2.4727,9.0859,0.2333,-0.4294,0.3257
1635067030576,1.9199,-2.4727,9.2891,0.1609,-0.4253,0.3555
1635067030600,2.0469,-2.4727,9.5234,0.1183,-0.4243,0.3726
1635067030603,2.2227,-2.4551,9.7969,0.1088,-0.4316,0.3843
1635067030606,2.3262,-2.3262,9.9297,0.0843,-0.4136,0.3821
1635067030630,2.3066,-2.3359,10.0313,0.0364,-0.3774,0.3777
1635067030633,2.4082,-2.3926,10.0156,0.0034,-0.3604,0.3704
1635067030636,2.5566,-2.4180,9.7891,-0.0264,-0.3369,0.3523
1635067030660,2.5918,-2.4766,9.5234,-0.0381,-0.2976,0.3298
1635067030663,2.4668,-2.4961,9.3594,-0.0359,-0.2773,0.3098
1635067030666,2.3125,-2.5742,9.2578,-0.0168,-0.2720,0.2927
1635067030690,2.2227,-2.5918,9.2578,0.0173,-0.2700,0.2842
1635067030693,2.1758,-2.4023,9.3984,0.0481,-0.2603,0.2778
1635067030696,2.1426,-2.1660,9.5703,0.0364,-0.2487,0.2554
1635067030720,2.1816,-2.2109,9.7344,-0.0189,-0.2136,0.2300
1635067030723,2.2188,-2.4004,9.8281,-0.0646,-0.1604,0.2235
1635067030726,2.2168,-2.5703,9.7031,-0.0870,-0.1179,0.2097
1635067030750,2.2656,-2.6484,9.5547,-0.0604,-0.1050,0.1980
1635067030753,2.3340,-2.6211,9.4844,-0.0168,-0.0955,0.1906
1635067030756,2.3496,-2.5977,9.3984,0.0056,-0.0764,0.1768
1635067030780,2.3164,-2.6152,9.2969,0.0119,-0.0572,0.1619
1635067030783,2.2773,-2.6523,9.1875,0.0098,-0.0433,0.1459
1635067030787,2.2207,-2.7148,9.1328,0.0162,-0.0359,0.1310
1635067030810,2.1816,-2.7324,9.0859,0.0279,-0.0391,0.1278
1635067030813,2.2109,-2.6445,9.0313,0.0300,-0.0348,0.1267
1635067030816,2.2168,-2.5371,9.1016,0.0406,-0.0306,0.1246
1635067030840,2.2754,-2.4961,9.2422,0.0385,-0.0391,0.1235
1635067030843,2.3184,-2.5508,9.2422,0.0045,-0.0370,0.1225
1635067030846,2.3750,-2.7109,9.1094,-0.0338,-0.0285,0.1151
1635067030870,2.4238,-2.8535,9.0078,-0.0508,-0.0242,0.1044
1635067030873,2.4141,-3.0020,8.9453,-0.0455,-0.0285,0.0959
1635067030877,2.3809,-3.0488,8.8750,-0.0242,-0.0359,0.0820
1635067030900,2.3691,-2.9824,8.9375,0.0130,-0.0444,0.0746
1635067030903,2.3301,-2.8789,9.1094,0.0460,-0.0529,0.0746
1635067030906,2.3047,-2.7969,9.1641,0.0428,-0.0540,0.0810
1635067030930,2.2930,-2.7070,9.1406,-0.0115,-0.0359,0.0650
1635067030933,2.2949,-2.6348,9.0859,-0.0115,-0.0359,0.0650
1635067030936,2.3789,-2.8848,8.9922,-0.0508,-0.0221,0.0629
1635067030960,2.3809,-2.9180,9.0078,-0.0434,-0.0242,0.0533
1635067030963,2.4219,-2.9180,8.9766,-0.0338,-0.0327,0.0512
1635067030966,2.4082,-2.9395,8.9453,-0.0349,-0.0327,0.0416
1635067030990,2.3984,-2.9805,8.9219,-0.0327,-0.0253,0.0352
1635067030993,2.3965,-2.9941,8.8828,-0.0147,-0.0242,0.0331
1635067030997,2.3887,-2.9590,8.9297,0.0130,-0.0263,0.0289
1635067031020,2.3770,-2.8906,9.0313,0.0332,-0.0242,0.0257
1635067031023,2.3965,-2.9063,9.1719,0.0406,-0.0253,0.0299
1635067031026,2.4648,-2.8984,9.3281,0.0502,-0.0285,0.0352
1635067031050,2.5234,-2.7949,9.3281,0.0545,-0.0274,0.0427
1635067031053,2.5488,-2.6797,9.2734,0.0385,-0.0231,0.0352
1635067031057,2.5723,-2.6445,9.1953,0.0141,-0.0125,0.0257
1635067031080,2.5625,-2.7188,9.0469,-0.0200,0.0067,0.0225
1635067031083,2.5156,-2.7695,8.9063,-0.0327,0.0141,0.0161
1635067031087,2.4492,-2.8457,8.8281,-0.0232,0.0067,0.0108
1635067031110,2.4102,-2.8359,8.8125,0.0034,-0.0019,0.0118
1635067031113,2.3906,-2.8379,8.8750,0.0364,-0.0061,0.0065
1635067031117,2.3594,-2.8359,8.9453,0.0566,-0.0189,0.0065
1635067031140,2.3906,-2.9121,9.0938,0.0726,-0.0242,0.0076
1635067031143,2.3906,-2.8867,9.1719,0.0875,-0.0338,0.0097
1635067031147,2.3789,-2.7695,9.2578,0.0832,-0.0370,0.0097
1635067031170,2.3555,-2.7012,9.2344,0.0556,-0.0253,0.0023
1635067031173,2.3516,-2.7070,9.1563,0.0321,-0.0093,0.0001
1635067031177,2.3613,-2.7734,9.1094,0.0215,-0.0019,-0.0020
1635067031200,2.3359,-2.7969,9.0078,0.0204,-0.0061,-0.0063
1635067031203,2.3047,-2.7207,8.9453,0.0311,-0.0114,-0.0084
1635067031207,2.3008,-2.6855,8.9375,0.0375,-0.0093,-0.0094
1635067031230,2.2852,-2.7227,9.0078,0.0268,-0.0072,-0.0137
1635067031233,2.2656,-2.8262,9.0547,0.0141,-0.0040,-0.0116
1635067031237,2.2500,-2.7715,9.0938,0.0087,-0.0019,-0.0094
1635067031260,2.2910,-2.7402,9.2188,0.0077,-0.0040,-0.0084
1635067031264,2.3184,-2.7891,9.2734,0.0002,-0.0019,-0.0031
1635067031267,2.3184,-2.8457,9.2109,-0.0083,0.0098,0.0044
1635067031290,2.3379,-2.8867,9.1328,-0.0115,0.0130,-0.0020
1635067031294,2.3594,-2.9805,9.0625,-0.0104,0.0162,-0.0073
1635067031297,2.3340,-3.0078,8.9844,0.0066,0.0152,-0.0052
1635067031322,2.2969,-2.9414,8.9375,0.0247,0.0067,-0.0041
1635067031326,2.3164,-2.8887,8.9297,0.0364,-0.0008,0.0023
1635067031329,2.3027,-2.7852,9.0234,0.0481,-0.0072,0.0001
1635067031340,2.2559,-2.8125,9.1406,0.0417,-0.0019,0.0054
1635067031345,2.2422,-2.7754,9.1250,0.0204,-0.0008,0.0235
1635067031371,2.2813,-2.7676,9.1250,-0.0008,0.0045,0.0118
1635067031374,2.2715,-2.8965,9.1016,-0.0210,0.0120,0.0150
1635067031381,2.2930,-2.9180,8.9922,-0.0168,0.0088,0.0267
1635067031399,2.3340,-2.8477,8.9531,0.0013,0.0045,0.0203
1635067031402,2.3398,-2.9199,8.9453,0.0130,0.0024,0.0214
1635067031405,2.3008,-2.9375,8.9219,0.0204,-0.0019,0.0246
1635067031429,2.3047,-2.8535,8.9922,0.0353,-0.0157,0.0246
1635067031433,2.2930,-2.8027,9.0469,0.0311,-0.0210,0.0257
1635067031436,2.2715,-2.7480,9.0469,0.0119,-0.0168,0.0310
1635067031460,2.2930,-2.7305,9.0156,-0.0147,-0.0146,0.0267
1635067031464,2.2813,-2.7207,9.0234,-0.0349,-0.0136,0.0203
1635067031467,2.2832,-2.6758,9.0000,-0.0466,-0.0146,0.0161
1635067031490,2.2832,-2.6836,8.9531,-0.0583,-0.0157,0.0108
1635067031494,2.2715,-2.6563,8.9063,-0.0710,-0.0157,0.0033
1635067031497,2.2949,-2.7266,8.8438,-0.0806,-0.0210,-0.0031
1635067031520,2.2773,-2.7598,8.8281,-0.0817,-0.0338,-0.0094
1635067031524,2.2813,-2.7754,8.9219,-0.0774,-0.0433,-0.0126
1635067031527,2.2734,-2.9023,8.9297,-0.0668,-0.0423,-0.0148
1635067031552,2.4727,-3.0879,8.5938,-0.0370,-0.0423,-0.0137
1635067031554,3.4141,-2.8438,8.4063,0.0875,0.0705,-0.0126
1635067031555,1.0029,-2.5664,9.7031,0.0109,0.1343,-0.0265
1635067031580,1.6660,-2.8867,9.0547,0.0130,-0.1838,-0.0360
1635067031584,3.1953,-3.0469,9.4141,0.1503,-0.2615,-0.0190
1635067031589,2.5000,-2.4395,9.5938,0.0460,-0.1582,-0.0435
