1636288179142,-2.9707,-0.4331,9.3750,-0.0125,0.0085,0.0168
1636288179143,-2.7305,-0.3015,9.3359,0.0864,-0.0255,0.0625
1636288179165,-2.6680,-0.2751,9.4453,0.1300,-0.0277,0.1051
1636288179166,-2.6777,-0.3782,9.4375,0.1216,-0.0266,0.1306
1636288179168,-2.6563,-0.5693,9.4688,0.0417,-0.0191,0.1232
1636288179222,-2.6445,-0.7324,9.5000,-0.0114,-0.0043,0.0795
1636288179224,-2.7695,-0.6030,9.4375,-0.0029,-0.0064,0.0540
1636288179225,-2.7969,-0.3711,9.3984,0.0386,-0.0213,0.0604
1636288179226,-2.7363,-0.2441,9.4688,0.0747,-0.0255,0.0572
1636288179228,-2.6348,-0.2512,9.5469,0.0545,-0.0160,0.0434
1636288179266,-2.6094,-0.2489,9.5938,-0.0019,-0.0011,0.0232
1636288179267,-2.6641,-0.2512,9.5391,-0.0529,0.0149,-0.0034
1636288179273,-2.7363,-0.3303,9.5000,-0.0848,0.0223,-0.0258
1636288179274,-2.7617,-0.4045,9.4375,-0.1008,0.0277,-0.0268
1636288179275,-2.7109,-0.3687,9.4531,-0.0870,0.0255,-0.0183
1636288179295,-2.6621,-0.3374,9.4063,-0.0668,0.0181,-0.0162
1636288179298,-2.7012,-0.3374,9.3516,-0.0646,0.0202,-0.0279
1636288179300,-2.7227,-0.3997,9.3984,-0.0817,0.0255,-0.0258
1636288179325,-2.7148,-0.5195,9.4453,-0.0997,0.0245,-0.0066
1636288179328,-2.7305,-0.6318,9.4063,-0.1178,0.0277,-0.0130
1636288179334,-2.7422,-0.6724,9.2891,-0.1295,0.0319,-0.0481
1636288179342,-2.7539,-0.6294,9.3047,-0.1199,0.0234,-0.0790
1636288179347,-2.7695,-0.4141,9.4609,-0.0966,0.0075,-0.0853
1636288179354,-2.6777,-0.1675,9.5625,-0.0753,-0.0074,-0.1013
1636288179362,-2.5371,-0.1532,9.5391,-0.0721,-0.0128,-0.1704
1636288179373,-2.5059,-0.3877,9.5313,-0.1008,0.0096,-0.2705
1636288179381,-2.6309,-0.5361,9.4375,-0.1083,0.0319,-0.3022
1636288179392,-2.7207,-0.5435,9.5313,-0.0795,0.0383,-0.2886
1636288179399,-2.8789,-0.4858,9.5859,-0.0487,0.0309,-0.2683
1636288179412,-2.9453,-0.2896,9.5703,-0.0104,0.0213,-0.1896
1636288179419,-2.8750,-0.3733,9.6953,0.0513,0.0138,-0.1098
1636288179434,-2.8125,-0.5073,9.7344,0.1365,0.0160,-0.1013
1636288179441,-2.7832,-0.6919,9.5625,0.2162,0.0191,-0.0375
1636288179456,-2.8418,-0.7661,9.3906,0.3035,0.0340,0.0253
1636288179462,-2.8320,-0.8306,9.4375,0.4194,0.0404,0.0657
1636288179473,-2.7012,-0.6509,9.5859,0.5747,0.0202,0.0604
1636288179479,-2.2285,0.4453,9.7891,0.6514,-0.0223,0.1667
1636288179495,-1.5439,1.4551,10.2656,0.7949,-0.0415,0.0189
1636288179505,-2.4648,0.2441,10.1484,0.5830,0.0245,-0.6631
1636288179516,-2.9941,-1.2852,9.5391,0.1024,0.1841,-0.5342
1636288179528,-2.7383,-1.1895,9.1484,0.0843,0.2362,0.0668
1636288179546,-2.5879,0.3088,8.9609,0.3982,0.1521,-0.1992
1636288179558,-2.9277,1.2832,9.0234,0.6396,-0.0011,-0.4492
1636288179583,-2.9707,1.0576,9.1875,0.6313,-0.0309,-0.3684
1636288179584,-2.8457,0.6416,9.2969,0.4578,0.0330,-0.3599
1636288179587,-2.7754,0.5864,9.3594,0.3311,0.0532,-0.4248
1636288179589,-2.7188,0.6055,9.5234,0.3066,0.0149,-0.4619
1636288179594,-2.5254,0.2920,10.1797,0.2939,-0.0181,-0.4663
1636288179601,-2.5352,-0.0958,10.3906,0.2418,-0.0021,-0.4482
1636288179612,-2.5508,-0.6104,9.9141,0.1471,0.0564,-0.4172
1636288179619,-2.6660,-1.1104,9.0938,0.0513,0.1224,-0.3875
1636288179632,-2.8438,-1.0791,8.5859,0.0364,0.1627,-0.3608
1636288179639,-2.8809,-0.6821,8.6484,0.1354,0.1415,-0.3811
1636288179652,-2.8066,-0.2466,9.0000,0.2566,0.0617,-0.3982
1636288179661,-2.8477,-0.2896,9.5391,0.2205,0.0011,-0.3843
1636288179673,-3.0605,-0.7661,9.6406,0.0354,0.0298,-0.3853
1636288179680,-3.2207,-0.8882,9.3828,-0.0753,0.0840,-0.3599
1636288179693,-2.9102,-0.7349,9.1641,0.0098,0.0830,-0.3342
1636288179699,-2.7012,-0.5693,8.9297,0.1663,0.0511,-0.3503
1636288179727,-2.7500,-0.2178,8.9297,0.1971,0.0234,-0.3289
1636288179735,-2.8145,0.1268,9.2969,0.0992,0.0000,-0.2939
1636288179739,-2.8223,-0.3613,9.2656,-0.0806,-0.0085,-0.2566
1636288179749,-2.7402,-0.5098,9.2344,-0.3997,0.0330,-0.2651
1636288179757,-2.8809,-0.2058,9.1797,-0.4424,0.0415,-0.2715
1636288179768,-2.8867,0.4355,9.1406,-0.3965,0.0223,-0.2693
1636288179775,-2.8223,0.9814,9.2422,-0.3477,-0.0298,-0.3269
1636288179784,-2.6836,0.9980,9.4922,-0.4412,-0.0543,-0.3640
1636288179788,-2.7363,0.3447,9.7813,-0.6914,-0.0170,-0.3950
1636288179812,-2.8242,-0.4309,9.9297,-0.9189,0.0606,-0.4565
1636288179816,-2.6309,-0.7227,10.0313,-0.9785,0.1042,-0.5000
1636288179819,-2.5566,-0.7588,10.1563,-0.8838,0.1266,-0.5405
1636288179843,-2.5313,-0.5913,10.3672,-0.6880,0.1606,-0.5981
1636288179848,-2.3887,-0.2825,10.5078,-0.4893,0.1873,-0.6514
1636288179853,-2.2773,-0.0359,10.5703,-0.3860,0.2362,-0.6440
1636288179863,-2.3223,-0.0598,10.3047,-0.4094,0.3245,-0.6206
1636288179868,-2.5605,0.0790,9.9297,-0.4646,0.4265,-0.6406
1636288179893,-2.6875,0.3110,9.7578,-0.5103,0.4832,-0.6792
1636288179898,-2.7852,0.1843,9.6328,-0.5293,0.5063,-0.7490
1636288179903,-2.9297,-0.0694,9.9453,-0.5200,0.5498,-0.8281
1636288179913,-2.9316,-0.3733,9.9297,-0.5283,0.6001,-0.8916
1636288179918,-2.9180,-0.7324,9.9766,-0.5381,0.6406,-0.9644
1636288179944,-2.9746,-0.9624,9.8281,-0.5083,0.6978,-1.0430
1636288179948,-3.0449,-0.7397,9.5000,-0.4380,0.7246,-1.1191
1636288179954,-2.9980,-0.2607,9.1172,-0.4072,0.7437,-1.1729
1636288179963,-2.8984,0.1005,8.6719,-0.4360,0.7681,-1.2480
1636288179969,-2.8945,0.1268,8.5938,-0.5425,0.7798,-1.3262
1636288179994,-3.0332,-0.2705,8.8516,-0.7412,0.7949,-1.3916
1636288179999,-3.2402,-0.8257,9.1094,-0.9731,0.8193,-1.4482
1636288180003,-3.5176,-1.2373,9.2266,-1.1270,0.8481,-1.5078
1636288180014,-3.5469,-1.4795,9.2734,-1.1533,0.8457,-1.5898
1636288180018,-3.7051,-1.6943,9.1563,-1.1377,0.8545,-1.6738
1636288180044,-3.6230,-1.7900,9.1797,-1.1006,0.9097,-1.7568
1636288180048,-3.2617,-1.9863,9.1719,-1.0410,0.9609,-1.8379
1636288180053,-2.7891,-2.2227,9.2891,-0.9092,1.0000,-1.8857
1636288180064,-2.4492,-2.2520,9.2734,-0.8145,1.0586,-1.9502
1636288180071,-2.2402,-2.2754,9.1172,-0.8667,1.1240,-2.0664
1636288180094,-2.2910,-2.4883,8.9219,-1.0713,1.1777,-2.1719
1636288180100,-2.4512,-2.8359,8.6875,-1.4219,1.2432,-2.2559
1636288180106,-2.4727,-3.4590,8.7734,-1.8799,1.3076,-2.3418
1636288180117,-2.3613,-4.4336,8.8750,-2.3320,1.3613,-2.3828
1636288180118,-2.3125,-5.5469,8.8125,-2.6992,1.4326,-2.3691
1636288180143,-2.3242,-6.6094,8.7422,-2.9922,1.5117,-2.3281
1636288180147,-2.4980,-7.2227,8.6484,-3.1602,1.5723,-2.2910
1636288180150,-2.7227,-7.2656,8.6875,-3.2305,1.5723,-2.2070
1636288180174,-2.8535,-7.1680,8.4844,-3.3398,1.5400,-2.0977
1636288180179,-2.9648,-7.1484,8.0625,-3.5801,1.5313,-1.9844
1636288180184,-3.3340,-7.4805,7.7344,-3.9355,1.5605,-1.8555
1636288180194,-3.8398,-8.0938,7.3828,-4.2930,1.6006,-1.7461
1636288180199,-4.0586,-8.9688,7.0039,-4.5430,1.6260,-1.6191
1636288180224,-4.2656,-10.3281,6.6211,-4.7266,1.6367,-1.4824
1636288180229,-4.4688,-11.5313,6.3242,-4.8555,1.6787,-1.3301
1636288180234,-4.2305,-12.1250,5.9531,-4.9141,1.7686,-1.1426
1636288180244,-3.9883,-12.5625,5.4727,-4.8086,1.8574,-0.9790
1636288180249,-3.7617,-13.0234,4.9531,-4.3086,1.9238,-0.7480
1636288180274,-3.6211,-13.5547,4.6016,-3.4102,1.9375,-0.6108
1636288180279,-3.6836,-13.3828,4.2695,-2.2695,1.9785,-0.4917
1636288180284,-3.6875,-13.0781,3.6270,-1.1797,2.0078,-0.3396
1636288180294,-3.8672,-12.9688,2.9609,-0.3582,2.0195,-0.2705
1636288180299,-4.0508,-13.4063,2.6250,0.0067,2.0352,-0.2322
1636288180324,-4.1250,-13.6328,2.5156,-0.0327,2.0527,-0.1247
1636288180330,-3.8633,-13.6016,2.6270,-0.3499,2.0684,0.0817
1636288180335,-3.3906,-13.6641,2.3027,-0.8105,2.0176,0.2710
1636288180344,-3.2480,-14.2891,1.4912,-1.2861,1.9502,0.4966
1636288180349,-3.2930,-14.6328,0.6870,-1.5732,1.9209,0.7915
1636288180375,-3.5039,-14.6250,0.1508,-1.6514,1.8525,1.0352
1636288180384,-3.5898,-14.5859,-0.5098,-1.5400,1.7793,1.2246
1636288180388,-3.4531,-14.6250,-0.9336,-1.4512,1.6504,1.4531
1636288180410,-3.5156,-14.9063,-1.7354,-1.3457,1.5684,1.6670
1636288180412,-2.9824,-14.7500,-1.9463,-1.0332,1.5518,1.8242
1636288180414,-2.4434,-14.2500,-1.9248,-0.7251,1.3877,2.0586
1636288180435,-2.3242,-13.4766,-2.5391,-0.4849,1.2363,2.3320
1636288180446,-2.4414,-12.5938,-2.8359,-0.3115,1.1396,2.5410
1636288180448,-2.7734,-11.7031,-3.0352,-0.2051,1.0254,2.6992
1636288180470,-3.0078,-10.9531,-3.4082,-0.1805,0.8926,2.8906
1636288180472,-2.8945,-10.7109,-3.9043,-0.2220,0.7021,3.1016
1636288180474,-2.5098,-10.7422,-4.0078,-0.3083,0.4299,3.2930
1636288180500,-2.1270,-10.8359,-4.1719,-0.4402,0.1586,3.4707
1636288180502,-1.9795,-10.7188,-4.2969,-0.5083,-0.0905,3.6465
1636288180504,-2.0293,-10.0859,-4.3398,-0.3647,-0.3447,3.8125
1636288180530,-2.1250,-9.2031,-4.2617,-0.0136,-0.6074,3.9434
1636288180532,-2.0195,-8.1797,-4.0078,0.4204,-0.8843,4.0664
1636288180533,-1.7021,-7.3516,-3.7500,0.7661,-1.1553,4.1992
1636288180560,-1.4219,-6.7227,-3.4961,0.9751,-1.3965,4.3359
1636288180562,-1.3281,-6.0859,-3.2070,1.0439,-1.5889,4.4648
1636288180563,-1.5488,-5.4609,-2.9316,1.0234,-1.7266,4.5508
1636288180591,-1.8066,-4.9570,-3.0371,1.0303,-1.8428,4.6094
1636288180592,-2.3281,-4.2969,-2.8242,1.0947,-1.9590,4.6602
1636288180594,-2.8867,-3.4844,-2.7891,1.2275,-2.0801,4.7227
1636288180620,-3.0664,-2.8867,-2.5879,1.4648,-2.2773,4.7500
1636288180621,-2.9629,-2.3301,-1.9482,1.8164,-2.5078,4.7734
1636288180622,-2.5039,-1.7588,-1.3809,2.1309,-2.7168,4.8125
1636288180662,-1.9121,-1.4648,-0.7061,2.4004,-2.8789,4.8594
1636288180664,-1.3740,-1.1680,-0.3687,2.6699,-2.9902,4.8945
1636288180665,-1.0840,-0.6895,-0.2489,2.8809,-3.0449,4.9258
1636288180666,-0.9238,-0.0837,-0.2969,3.0625,-3.0430,4.9805
1636288180696,-0.8643,0.6055,-0.3926,3.2051,-3.0273,5.0391
1636288180697,-0.9790,1.2998,-0.2969,3.2539,-2.9980,5.0977
1636288180699,-0.8975,2.0371,-0.0837,3.2148,-3.0176,5.1602
1636288180707,-0.3374,4.0391,0.0144,3.0098,-3.1094,5.2617
1636288180708,-0.3374,4.0391,0.0144,2.8867,-3.0801,5.2813
1636288180739,-0.6436,5.2852,0.0886,2.7266,-3.0234,5.2852
1636288180741,-0.9165,5.1172,0.6606,2.4922,-3.0098,5.2891
1636288180742,-0.4285,4.3789,1.1348,2.2227,-3.1074,5.2930
1636288180771,0.8164,3.2871,1.7734,1.9912,-3.2754,5.3086
1636288180772,2.2441,2.4453,2.3887,1.9141,-3.3320,5.3555
1636288180774,3.4609,2.6191,2.9492,2.0762,-3.2129,5.4141
1636288180801,4.1719,4.1719,3.3730,2.4883,-2.9824,5.5039
1636288180803,4.4453,7.2188,3.9414,3.0059,-2.7637,5.6055
1636288180816,4.6445,10.7813,4.5977,3.3359,-2.6191,5.6563
1636288180826,4.8320,13.7969,5.1406,3.3066,-2.4688,5.6523
1636288180833,4.8242,15.5000,5.8359,2.8906,-2.2109,5.6211
1636288180837,4.9844,15.5859,6.2266,2.1816,-1.8828,5.4922
1636288180849,5.3281,14.3359,6.2383,1.4717,-1.5674,5.1797
1636288180851,5.6953,13.5625,5.3125,0.9951,-1.2637,4.7695
1636288180881,5.7422,13.7109,4.9023,1.0205,-1.0107,4.4453
1636288180883,5.6328,15.6406,4.3594,1.6719,-0.8818,4.1445
1636288180884,5.6133,19.0625,4.4609,2.4473,-0.9233,3.7656
1636288180911,5.7578,21.5313,4.5195,2.8926,-0.9727,3.2832
1636288180913,5.9375,22.8125,4.0391,2.8105,-0.8818,2.6719
1636288180914,6.1875,23.1563,3.1973,2.2793,-0.7119,1.9893
1636288180943,6.6289,22.8281,2.5723,1.6367,-0.6108,1.2900
1636288180945,6.6211,22.0781,2.5918,1.2090,-0.5840,0.5391
1636288180947,6.1836,21.7344,2.8105,1.1553,-0.6138,-0.3013
1636288180956,6.1680,21.4688,3.1328,1.2764,-0.7778,-1.0713
1636288180959,6.3086,21.1094,3.1387,1.2852,-0.9595,-1.8174
1636288180986,6.5508,20.8594,2.9219,1.0439,-1.0449,-2.5176
1636288180988,6.8008,19.9375,2.7148,0.7207,-1.1016,-3.1582
1636288180990,6.8633,19.3750,2.3262,0.4365,-1.1475,-3.8867
1636288181016,6.8906,18.8438,2.0840,0.1130,-1.2334,-4.5156
1636288181018,6.8125,17.9375,1.6563,-0.1774,-1.3223,-5.0000
1636288181020,6.5234,17.2656,1.6035,-0.4849,-1.3887,-5.4180
1636288181046,6.2070,15.9766,1.7090,-0.7773,-1.4316,-5.8203
1636288181048,5.8555,14.9453,1.5586,-1.0986,-1.4229,-6.2188
1636288181050,5.3047,14.2188,1.3359,-1.5068,-1.3818,-6.4883
1636288181076,4.5352,13.7656,1.7617,-1.8467,-1.3232,-6.6992
1636288181078,3.6309,12.9688,1.7666,-2.1602,-1.2588,-6.8750
1636288181080,3.0371,11.7344,2.2500,-2.4023,-1.1592,-7.1055
1636288181106,2.8359,9.8125,3.2715,-2.5547,-1.0605,-7.3555
1636288181108,2.8477,8.2500,3.5684,-2.5371,-0.9565,-7.4961
1636288181110,2.3672,7.3828,3.8672,-2.3672,-0.8076,-7.5586
1636288181184,1.7852,6.6914,3.9082,-2.1113,-0.6455,-7.6133
1636288181186,1.6396,4.9570,4.5352,-1.8867,-0.5020,-7.7422
1636288181188,1.7568,2.0723,4.2852,-1.6104,-0.3320,-7.8633
1636288181189,1.6807,-0.1580,3.9063,-1.4268,-0.1755,-7.8906
1636288181191,1.6494,-1.1172,2.9648,-1.4951,-0.0755,-7.8164
1636288181195,1.7158,-1.1318,2.3340,-1.7256,-0.0277,-7.7070
1636288181197,2.1035,-0.6938,2.0215,-2.0391,0.0351,-7.6523
1636288181199,2.9395,-0.5171,2.1582,-2.4785,0.1011,-7.6680
1636288181201,4.2578,-2.1914,2.4180,-3.1016,0.1787,-7.6992
1636288181226,4.7852,-5.8281,0.9814,-3.6523,0.3799,-7.6797
1636288181229,2.8438,-9.1563,-1.2783,-3.8145,0.7715,-7.5742
1636288181242,0.5527,-10.4141,-1.4600,-3.5391,1.0967,-7.4219
1636288181246,0.5024,-9.4141,-0.2607,-3.1465,1.0039,-7.2305
1636288181248,2.3027,-7.0898,1.5029,-3.0273,0.6924,-6.8750
1636288181268,4.0156,-5.8711,3.1680,-3.1719,0.4607,-6.4023
1636288181278,4.2266,-7.5313,3.2617,-3.5137,0.4233,-6.1055
1636288181288,2.7402,-11.6172,0.5791,-4.1406,0.7021,-5.8594
1636288181295,-0.1555,-16.0469,-2.6680,-4.5742,1.1816,-5.3789
1636288181320,-3.1641,-17.5000,-3.6543,-3.9277,1.4824,-4.6680
1636288181323,-4.4883,-15.5703,-3.4707,-2.5938,1.3711,-4.0039
1636288181332,-4.4453,-12.8203,-2.2949,-1.2441,1.0811,-3.2969
1636288181340,-4.0117,-11.3281,-0.9790,-0.2295,0.7949,-2.5898
1636288181345,-4.0625,-11.5078,-0.7134,0.0428,0.6157,-2.1172
1636288181359,-4.8477,-12.8125,-1.2656,-0.3008,0.6128,-1.6709
1636288181364,-5.8594,-14.1875,-1.4668,-0.8198,0.6533,-1.2168
1636288181392,-6.4844,-15.1484,-1.3213,-1.2627,0.5757,-0.8418
1636288181400,-6.6953,-15.5313,-1.1436,-1.5713,0.4214,-0.4451
1636288181415,-6.7266,-15.5078,-1.0166,-1.7979,0.2798,-0.0215
1636288181420,-6.6406,-15.1719,-0.6196,-1.9150,0.1436,0.3550
1636288181430,-6.4297,-14.7813,-0.3687,-1.8584,0.0213,0.6328
1636288181451,-6.3984,-14.4531,-0.2944,-1.7402,-0.0340,0.8604
1636288181479,-6.4766,-14.2344,-0.6343,-1.8096,-0.0532,1.1553
1636288181481,-6.6250,-14.2813,-1.3281,-2.1719,-0.1255,1.5459
1636288181483,-6.4883,-14.5781,-1.9053,-2.6445,-0.2627,2.0000
1636288181486,-5.8164,-14.9297,-2.4531,-2.9512,-0.4915,2.4395
1636288181487,-5.0703,-15.0156,-2.7383,-2.9043,-0.7832,2.8301
1636288181505,-4.3164,-14.6641,-2.8027,-2.4961,-1.0586,3.2188
1636288181506,-3.5430,-13.9531,-2.8809,-1.8369,-1.3164,3.5820
1636288181507,-3.0488,-12.8047,-2.8672,-1.0801,-1.5625,3.9355
1636288181532,-3.0195,-11.7031,-2.8867,-0.3828,-1.7832,4.2852
1636288181533,-3.2617,-11.1172,-2.6836,0.2810,-1.9629,4.5742
1636288181534,-3.0195,-10.5391,-2.3477,0.9248,-2.1191,4.8359
1636288181561,-2.0527,-9.4844,-1.7930,1.4482,-2.3164,5.0781
1636288181563,-0.9263,-7.9961,-1.0527,1.8330,-2.5508,5.3047
1636288181564,-0.0431,-6.4727,-0.4331,2.1113,-2.7422,5.5313
1636288181587,0.3423,-4.9648,0.0526,2.3379,-2.8184,5.6992
1636288181591,-0.1245,-3.4902,0.7466,2.4805,-2.7695,5.8047
1636288181593,-1.1465,-2.2188,1.1084,2.5039,-2.6621,5.8867
1636288181623,-2.2695,-1.5439,1.3047,2.5117,-2.5547,5.9570
1636288181626,-3.2422,-1.4814,1.8066,2.5996,-2.4941,5.9922
1636288181627,-3.4824,-1.6396,2.1211,2.6895,-2.4902,6.0234
1636288181651,-2.7793,-1.5586,1.8115,2.7695,-2.5332,6.0977
1636288181655,-1.6299,-1.0410,1.7324,2.9863,-2.5918,6.1992
1636288181656,-0.7705,0.8926,2.1641,3.3984,-2.5781,6.2734
1636288181681,-0.4834,3.8613,2.2910,3.8203,-2.4316,6.3281
1636288181683,-0.8521,6.3906,2.5508,4.1367,-2.1738,6.4023
1636288181684,-1.3164,7.5977,2.6777,4.2500,-1.8828,6.4844
1636288181710,-0.3542,5.8203,3.4785,3.0781,-1.4961,6.4453
1636288181711,0.3782,6.0078,3.4609,2.0273,-1.4424,6.3750
1636288181712,0.8809,7.3203,3.0137,1.2549,-1.3936,6.3828
1636288181740,1.0459,10.2422,1.9990,1.2363,-1.3164,6.3438
1636288181741,0.7251,14.4531,1.7998,1.7920,-1.2051,6.1602
1636288181742,1.1631,16.5938,2.8262,2.5664,-1.1699,5.8594
1636288181770,2.5078,16.3750,4.4141,3.1328,-1.2705,5.5625
1636288181771,3.8203,15.8516,5.0742,2.8926,-1.2139,5.3711
1636288181772,4.2266,16.5938,4.6680,2.1113,-0.9087,5.1250
1636288181802,3.8594,17.3438,5.4023,1.8867,-0.5210,4.7266
1636288181803,3.6660,18.3750,3.8750,2.3887,-0.3010,4.2227
1636288181804,3.4004,20.5156,2.2637,2.8906,-0.2639,3.8047
1636288181830,2.9180,23.5625,0.6655,3.3848,-0.1724,3.3438
1636288181831,2.0488,25.1094,-0.6919,3.6797,-0.0436,2.6875
1636288181832,1.4912,27.6875,-1.6826,3.8926,0.1160,1.9150
1636288181858,1.4717,29.3906,-2.8574,2.7441,-0.1191,1.3867
1636288181860,1.1729,28.7344,-1.0410,1.6406,-0.2522,0.5859
1636288181861,1.8262,24.5313,1.1006,0.8726,-0.4512,-0.2333
1636288181888,2.7598,21.7344,0.2825,0.2035,-0.6064,-1.0840
1636288181889,2.9297,20.4844,1.0908,0.2524,-0.6807,-2.0391
1636288181890,2.5508,20.6563,1.2227,1.2725,-0.8638,-2.9355
1636288181917,2.3066,21.3750,0.7300,2.0547,-1.2246,-3.4512
1636288181919,2.0293,22.0781,-0.1484,2.1621,-1.4990,-3.9160
1636288181920,1.6035,21.6406,-1.2803,1.5313,-1.6025,-4.4219
1636288181947,1.2324,20.4063,-2.0938,0.5396,-1.6572,-4.8906
1636288181950,1.1270,18.5313,-2.4434,-0.4722,-1.7461,-5.2969
1636288181952,1.2354,16.9844,-2.2656,-1.2061,-1.8809,-5.6797
1636288181977,0.9717,15.6328,-0.7085,-1.5977,-1.9873,-6.0391
1636288181981,0.5361,13.7656,1.7188,-1.6973,-2.0293,-6.2930
1636288181985,0.3806,11.5000,3.1309,-1.7783,-2.0273,-6.4570
1636288181997,0.5288,9.4609,2.9961,-2.0703,-1.9844,-6.6445
1636288182001,0.1508,8.3281,2.3145,-2.4688,-1.8428,-6.7930
1636288182027,-0.9121,7.9219,1.9102,-2.8340,-1.5400,-6.8477
1636288182031,-1.9150,6.9531,2.3516,-3.1152,-1.1895,-6.8633
1636288182034,-2.2305,5.1797,3.6426,-3.2422,-0.9233,-6.8633
1636288182057,-1.1680,2.5469,4.5078,-3.4980,-0.8003,-6.9141
1636288182061,0.6846,-0.0694,4.8047,-3.8281,-0.7085,-7.0938
1636288182064,1.4023,-1.9990,4.2305,-4.0469,-0.3660,-7.1836
1636288182087,0.7227,-2.4199,2.4316,-4.1367,0.1649,-7.0352
1636288182091,-0.2585,-2.0273,1.2354,-4.1406,0.6055,-6.8516
1636288182094,-0.6006,-2.4004,0.7920,-3.9902,0.9170,-6.7852
1636288182117,0.0407,-4.4336,1.1943,-3.7930,1.0938,-6.8125
1636288182121,1.1963,-6.4492,1.5625,-3.7109,1.1221,-6.7227
1636288182124,1.4717,-6.9648,1.5752,-3.8242,1.1416,-6.4258
1636288182148,0.8521,-6.3633,1.2441,-3.8223,1.3232,-6.0625
1636288182152,0.6245,-5.1641,0.7876,-3.6855,1.4570,-5.8242
1636288182154,1.0693,-4.9570,0.1555,-3.7852,1.4316,-5.6289
1636288182179,1.5010,-6.5313,-0.7324,-4.0859,1.4150,-5.3516
1636288182181,1.1416,-8.8516,-1.8428,-4.5469,1.4736,-5.0156
1636288182182,-0.0933,-11.1172,-2.1445,-5.1328,1.5313,-4.6836
1636288182209,-1.6846,-12.8828,-2.1602,-5.5430,1.5400,-4.2539
1636288182211,-3.1934,-13.3516,-2.5801,-5.6914,1.5107,-3.5508
1636288182213,-4.5586,-12.6797,-2.6738,-5.3398,1.4521,-2.5879
1636288182239,-5.2461,-11.4922,-2.6270,-4.2305,1.2744,-1.9229
1636288182241,-5.9531,-10.9922,-2.4219,-2.8574,1.0771,-1.7100
1636288182243,-6.3945,-11.2656,-3.1113,-1.8945,0.9287,-1.4453
1636288182270,-6.3242,-12.1250,-3.5020,-1.3262,0.6797,-0.9033
1636288182271,-5.9805,-12.5234,-3.3848,-0.7017,0.2915,-0.4023
1636288182273,-5.8398,-12.4531,-3.2871,-0.1273,-0.0755,-0.0417
1636288182300,-5.9063,-12.2422,-3.2402,0.3418,-0.3501,0.3945
1636288182302,-5.7188,-11.7813,-2.8164,0.7725,-0.6030,0.8628
1636288182303,-5.3594,-11.2344,-2.1211,1.0625,-0.8833,1.2598
1636288182331,-5.0703,-11.1016,-1.5322,1.1572,-1.1396,1.6396
1636288182333,-4.5508,-11.4531,-1.1582,1.1484,-1.3477,2.0137
1636288182334,-3.7148,-11.7891,-1.0889,1.0811,-1.5459,2.3652
1636288182360,-2.7910,-11.7656,-0.9121,1.0479,-1.7412,2.7227
1636288182362,-2.0039,-11.0625,-0.7944,1.2002,-1.9053,3.0957
1636288182363,-1.7139,-9.9766,-0.7202,1.4980,-2.0332,3.4551
1636288182390,-2.3926,-8.6875,-0.4070,1.8350,-2.1133,3.8047
1636288182392,-3.6719,-7.4414,-0.0431,2.1055,-2.1484,4.1328
1636288182394,-4.6602,-6.4141,0.3303,2.3301,-2.1270,4.3945
1636288182420,-4.8164,-5.4336,0.8354,2.5039,-2.1152,4.5742
1636288182422,-4.3281,-4.4766,1.2422,2.5938,-2.1797,4.7148
1636288182424,-3.5762,-3.8340,1.8066,2.6934,-2.2637,4.8086
1636288182453,-2.8125,-3.2695,2.3887,2.8320,-2.3008,4.7969
1636288182455,-2.5313,-2.7695,2.7910,2.9199,-2.2578,4.7695
1636288182456,-3.1504,-2.4004,3.1426,2.9531,-2.1309,4.7930
1636288182481,-4.3164,-2.0078,3.3359,2.9902,-1.9287,4.8789
1636288182483,-5.0273,-1.6104,3.1523,3.1094,-1.7227,4.9961
1636288182485,-4.7461,-1.2129,3.0449,3.3340,-1.6514,5.0820
1636288182511,-3.9082,-0.6846,3.0723,3.5820,-1.6895,5.1250
1636288182513,-3.1758,0.2106,3.2832,3.7559,-1.6865,5.1836
1636288182514,-2.7793,1.8359,3.6602,3.8008,-1.5771,5.2617
1636288182541,-2.8242,5.2461,4.1641,3.6699,-1.4014,5.3320
1636288182543,-3.4941,9.4219,4.4805,3.2871,-1.1943,5.3906
1636288182545,-4.6914,11.9844,3.5742,2.8105,-0.9512,5.5586
1636288182571,-5.7891,10.0625,3.7754,2.4238,-0.7173,5.7422
1636288182573,-5.2188,6.3633,3.6621,1.8535,-0.6328,5.6133
1636288182575,-4.0742,3.5176,3.4629,0.6118,-0.6406,5.1602
1636288182601,-2.9121,1.9316,4.6992,-0.2211,-0.7173,4.8477
1636288182603,-0.8662,7.8008,3.4043,1.1436,-0.9063,4.9805
1636288182605,-1.3613,16.0781,2.6348,2.5781,-0.7363,5.0195
1636288182631,-1.7783,21.9219,2.8594,3.9023,-0.7183,4.7930
1636288182633,-2.0684,23.7031,3.7754,4.4883,-0.7969,4.6602
1636288182635,-1.8838,22.8594,3.1504,3.2012,-0.5874,4.4570
1636288182661,-1.7090,18.8438,3.4102,0.7778,-0.0490,3.8926
1636288182664,-0.9360,15.2891,3.8555,-0.6655,0.2969,3.2578
1636288182669,-0.6655,16.5313,2.6953,-1.1660,0.2542,2.9023
1636288182682,-1.2783,19.1875,3.6973,-0.2881,0.1862,2.3770
1636288182684,-1.3594,22.1094,4.2969,1.3867,-0.0702,1.7900
1636288182712,-1.1318,24.2656,3.7676,2.3691,-0.2893,1.2852
1636288182714,-1.0889,25.1563,2.2695,2.3301,-0.1830,0.6509
1636288182716,-1.2705,23.9844,0.8042,1.6582,0.0436,-0.0492
1636288182741,-1.4189,21.7813,0.7158,0.9419,0.1553,-0.6885
1636288182743,-1.2471,18.7188,1.7305,0.5649,0.0809,-1.2832
1636288182745,-0.8164,16.5313,2.6426,0.6748,-0.0968,-1.9834
1636288182771,-0.5840,16.1250,2.8848,1.0371,-0.2988,-2.5898
1636288182773,-0.7515,18.0156,2.0273,1.3486,-0.5093,-3.0508
1636288182775,-0.8140,19.3125,2.5195,1.2559,-0.6641,-3.5059
1636288182801,-0.5435,18.6094,2.2383,0.7441,-0.6768,-3.9824
1636288182808,-0.2681,17.3594,0.6055,-0.3391,-0.5820,-4.2695
1636288182810,-0.6655,15.1406,-0.0096,-1.4834,-0.3701,-4.5156
1636288182832,-1.7715,13.0469,0.1938,-2.0684,-0.1447,-4.7617
1636288182834,-2.9180,11.4531,0.5913,-2.1426,-0.0223,-4.9414
1636288182836,-3.5898,10.2188,1.1514,-1.8828,0.0202,-5.1914
1636288182861,-3.7168,9.5000,1.9004,-1.4990,-0.0234,-5.5391
1636288182862,-3.7480,9.2031,2.8164,-1.2109,-0.1361,-5.7813
1636288182863,-3.8535,8.4688,3.7441,-1.2021,-0.1979,-5.8320
1636288182891,-3.7910,7.1211,4.2188,-1.5264,-0.1564,-5.8281
1636288182892,-3.5957,5.5000,4.2148,-2.1348,0.0043,-5.8828
1636288182893,-3.4297,3.4258,3.9785,-2.7832,0.2808,-5.9414
1636288182922,-3.1875,1.0957,3.5176,-3.3438,0.5552,-5.9844
1636288182923,-2.9512,-1.5029,2.9941,-3.9004,0.8276,-6.0078
1636288182925,-2.8027,-3.6758,2.1563,-4.4297,1.1504,-6.0195
1636288182952,-3.1094,-4.7305,1.1201,-5.1133,1.4834,-6.0273
1636288182954,-4.8086,-5.5977,2.4043,-5.8750,1.9072,-5.8398
1636288182956,-6.5117,-5.4102,1.9219,-6.1484,2.2949,-5.3008
1636288182982,-6.6719,-4.8828,1.5557,-5.9297,2.3809,-4.8633
1636288182984,-5.4219,-5.6133,2.1523,-5.3320,2.3359,-4.8281
1636288182986,-3.7813,-7.2813,1.1104,-4.9570,2.3438,-4.7344
1636288183012,-2.5176,-8.9922,0.9478,-4.8945,2.4492,-4.0508
1636288183014,-1.4355,-10.1641,0.5718,-4.5391,2.5078,-3.2949
1636288183016,-1.1748,-10.7578,0.1245,-3.5586,2.4922,-3.0645
1636288183042,-1.9004,-9.9297,-0.3040,-2.2734,2.3555,-2.8574
1636288183044,-3.0273,-7.7188,-0.7178,-1.4053,2.1563,-2.3906
1636288183046,-3.8027,-6.3555,-1.5322,-1.1729,1.9639,-1.9326
1636288183072,-4.3086,-6.8711,-2.5195,-1.3984,1.6904,-1.5439
1636288183074,-5.0234,-7.1797,-3.6914,-2.0957,1.3545,-1.1309
1636288183076,-5.4453,-8.7422,-4.8086,-2.8516,0.9917,-0.7334
1636288183102,-5.8203,-11.1797,-5.3906,-2.7383,0.5264,-0.4514
1636288183104,-6.2813,-12.4063,-5.4844,-1.9863,0.1670,-0.1194
1636288183106,-6.3945,-12.0781,-5.0117,-1.1143,-0.0905,0.3306
1636288183133,-6.1563,-11.0547,-4.2461,-0.2295,-0.3574,0.7798
1636288183139,-5.8828,-9.9844,-3.2598,0.4885,-0.6362,1.1338
1636288183141,-5.7617,-9.1094,-2.2656,0.8608,-0.9214,1.4072
1636288183163,-5.8633,-8.5859,-1.3594,0.9385,-1.2109,1.6465
1636288183165,-6.1563,-8.5234,-0.7778,0.8618,-1.4521,1.8770
1636288183167,-6.4570,-8.6250,-0.7251,0.7769,-1.6338,2.0703
1636288183192,-6.7109,-8.3594,-0.9121,0.7407,-1.7871,2.2832
1636288183195,-6.7656,-7.4063,-1.0986,0.8101,-1.9209,2.5352
1636288183196,-6.5117,-5.9531,-0.7637,0.9634,-2.0547,2.7852
1636288183222,-6.2070,-4.4844,0.1221,1.0703,-2.2070,3.0820
1636288183225,-5.9023,-3.4531,0.9072,1.0566,-2.4238,3.3652
1636288183226,-5.9375,-3.2988,1.5059,1.0488,-2.6523,3.4902
1636288183253,-6.2344,-3.5332,2.1367,1.1553,-2.7988,3.5449
1636288183255,-6.6680,-3.2559,2.4023,1.3291,-2.8574,3.6211
1636288183256,-7.1797,-2.3984,2.5684,1.5215,-2.8418,3.7520
1636288183283,-7.4063,-1.2656,3.0234,1.8398,-2.8301,3.8945
1636288183285,-7.2188,-0.2106,3.5098,2.2578,-2.8809,4.0195
1636288183286,-6.6094,0.5479,3.9160,2.6289,-2.9746,4.1641
1636288183313,-5.7070,0.9839,4.3906,2.8750,-3.0508,4.3164
1636288183316,-4.8086,1.5537,4.8047,2.9766,-3.0137,4.4336
1636288183317,-4.2031,2.5938,4.8984,2.9512,-2.8594,4.5234
1636288183343,-4.1563,4.1914,5.2109,2.9219,-2.6191,4.6094
1636288183345,-4.4648,6.1719,5.4063,2.9395,-2.3633,4.6719
1636288183347,-4.8047,8.0078,5.3555,2.8926,-2.1816,4.7344
1636288183373,-5.0469,9.2031,5.4688,2.7344,-2.0449,4.8398
1636288183375,-5.0938,9.8906,6.1758,2.4375,-1.9102,4.9492
1636288183377,-4.6914,10.5469,6.9453,1.9639,-1.8066,4.9688
1636288183403,-4.1094,11.0625,7.4141,1.4053,-1.7344,4.9063
1636288183405,-4.0117,11.7891,7.8789,1.0000,-1.5566,4.8320
1636288183407,-4.5977,12.6484,8.5391,0.7803,-1.2949,4.8320
1636288183435,-4.3477,12.5234,9.0938,0.4993,-1.0420,4.7969
1636288183437,-2.8906,10.5703,6.1836,-0.1104,-0.8311,4.4453
1636288183439,-1.2588,7.7852,3.8066,-0.9858,-0.6870,4.0977
1636288183463,-1.5146,3.5918,2.7637,-1.4541,-0.4648,4.0234
1636288183465,-0.7227,2.4199,0.0909,-1.2461,-0.3989,4.2305
1636288183467,0.7803,6.8086,2.7402,-1.0664,-0.8491,4.4883
1636288183493,-0.0551,15.1406,5.6445,-0.0763,-1.1660,4.3945
1636288183496,0.9072,24.5625,9.0156,1.8398,-1.3213,3.3164
1636288183497,1.6777,32.5000,11.2422,3.2422,-1.6895,1.9375
1636288183523,1.9678,28.0938,11.2266,3.4473,-1.6807,2.0508
1636288183525,1.1348,24.3906,7.5547,1.7754,-0.9648,2.1426
1636288183527,-0.2106,21.1250,5.6367,-0.8232,0.0383,1.1816
1636288183552,-0.4644,15.3281,4.3594,-0.5347,0.0947,-0.4524
1636288183554,-0.7227,16.9844,4.9961,1.3438,-0.2351,-1.1240
1636288183556,-0.0526,20.2500,5.5039,3.3496,-0.6704,-2.0410
1636288183581,0.6895,22.8906,5.1641,4.4688,-1.0723,-2.8633
1636288183582,1.1826,23.5938,4.4414,4.2852,-1.1680,-3.4609
1636288183584,1.2969,21.7344,3.4941,3.0723,-1.0439,-3.9707
1636288183611,1.1221,18.2813,2.9609,1.5293,-0.8833,-4.3086
1636288183612,0.8618,14.7344,2.7051,0.4312,-0.7788,-4.5820
1636288183614,0.2776,13.5234,1.8047,0.0439,-0.7354,-4.9219
1636288183641,-0.3926,14.1953,1.2754,0.1365,-0.8418,-5.2266
1636288183643,-0.9551,14.9609,1.4434,0.3770,-1.0391,-5.5352
1636288183644,-1.2373,15.4297,1.9629,0.3025,-1.1982,-5.8008
1636288183674,-1.2783,14.1953,3.7773,-0.2881,-1.2334,-5.9961
1636288183680,-0.6221,10.6797,4.7930,-1.1719,-1.1641,-6.1523
1636288183682,-0.0144,7.4375,4.7188,-2.0781,-0.9946,-6.2930
1636288183702,-0.6484,5.4375,4.9219,-2.6523,-0.7148,-6.4141
1636288183719,-1.5488,4.1445,3.9590,-2.7539,-0.4436,-6.5273
1636288183725,-2.1172,3.5098,2.4941,-2.5605,-0.2671,-6.6133
1636288183732,-2.4395,2.9316,1.6973,-2.2051,-0.1500,-6.6484
1636288183736,-2.2949,2.0371,0.8306,-1.8730,-0.0851,-6.6641
1636288183741,-1.5557,0.9956,1.0625,-1.7109,-0.0755,-6.7109
1636288183752,-0.2106,-0.7300,2.6660,-1.7881,-0.0649,-6.7031
1636288183757,1.3477,-2.9629,3.9492,-2.3164,-0.0776,-6.5859
1636288183782,2.5605,-5.8203,5.4102,-3.4355,0.0468,-6.4336
1636288183787,2.5840,-9.8125,6.0859,-4.8359,0.5029,-6.2891
1636288183792,1.0293,-12.6406,6.0469,-5.6289,1.2734,-5.9844
1636288183803,0.1221,-13.7031,5.1641,-5.3047,1.7998,-5.5234
1636288183808,0.6484,-13.8594,4.2461,-3.8809,1.7139,-5.1602
1636288183838,0.9189,-12.8750,3.3750,-2.1895,1.3252,-4.8320
1636288183840,-0.4548,-11.3906,2.9121,-1.7344,1.0830,-4.3047
1636288183841,-2.4766,-9.9609,1.8955,-2.6484,1.1719,-3.5703
1636288183862,-3.8320,-9.1875,-0.4548,-4.1797,1.3447,-2.8672
1636288183865,-4.8477,-9.8281,-2.1387,-5.5273,1.4521,-2.2539
1636288183871,-4.9883,-11.8750,-2.0313,-5.9922,1.4170,-1.5449
1636288183882,-3.8203,-13.6016,-0.9766,-5.5508,1.0391,-1.0078
1636288183885,-2.7676,-13.5000,-0.7681,-4.7188,0.5586,-0.7217
1636288183912,-2.5996,-12.6875,-1.6299,-3.9414,0.3276,-0.2683
1636288183915,-2.8867,-12.7578,-1.9482,-3.2051,0.1873,0.3499
1636288183918,-3.4688,-13.5000,-1.0605,-2.5645,-0.0766,0.9097
1636288183943,-3.6621,-13.9453,-0.3015,-1.9180,-0.3501,1.4707
1636288183945,-2.8594,-12.8359,0.5239,-0.9507,-0.5532,2.0840
1636288183946,-1.6777,-10.7578,1.3184,0.0535,-0.8013,2.7246
1636288183972,-1.2471,-8.8047,1.4268,0.5981,-1.0957,3.1992
1636288183974,-2.0313,-7.3828,1.2617,0.6460,-1.2246,3.5742
1636288183975,-3.6875,-6.5938,1.0078,0.3630,-1.1699,3.8457
1636288184003,-5.3086,-6.3906,0.8232,0.1237,-1.2129,3.9551
1636288184005,-5.7852,-6.3906,0.4453,0.1843,-1.4473,4.0078
1636288184006,-5.4727,-5.8438,0.7944,0.5234,-1.8105,4.1289
1636288184032,-5.1758,-4.5898,0.9814,1.0127,-2.1582,4.3125
1636288184034,-5.1250,-3.3301,1.4004,1.5781,-2.3887,4.4102
1636288184036,-5.2813,-2.3125,2.2109,2.2148,-2.5020,4.4688
1636288184062,-5.3203,-1.4219,2.6367,2.7480,-2.5781,4.5234
1636288184064,-5.4727,-0.6797,3.1953,3.1152,-2.6055,4.5703
1636288184066,-5.6641,-0.1963,3.5000,3.4063,-2.5801,4.6328
1636288184092,-5.7852,0.2561,3.7324,3.6387,-2.5098,4.7148
1636288184094,-5.6836,0.9121,3.9453,3.8691,-2.3965,4.8164
1636288184096,-5.3438,2.0410,3.7188,4.1250,-2.2891,4.9336
1636288184122,-4.9688,4.2266,3.3008,4.3906,-2.1621,5.0703
1636288184124,-4.9219,7.3555,2.7578,4.6016,-1.9482,5.2578
1636288184126,-5.4922,10.5234,2.6797,4.7227,-1.6875,5.4688
1636288184154,-6.3047,12.0938,3.8555,4.7617,-1.4785,5.6172
1636288184156,-6.3320,10.8672,4.4375,4.6016,-1.3965,5.7031
1636288184158,-5.6602,7.9375,4.6914,4.0273,-1.3770,5.7109
1636288184184,-4.1484,4.4219,4.4063,3.2656,-1.2979,5.5391
1636288184186,-1.7158,0.5718,3.1191,2.8359,-1.2432,5.1875
1636288184188,0.7466,-1.5723,1.7900,3.0820,-1.1826,4.8906
1636288184214,1.7734,1.8213,0.3469,4.1133,-0.9106,4.9063
1636288184216,1.9297,9.8516,-1.0195,5.2969,-0.7700,5.2656
1636288184218,2.2695,19.6406,-1.3926,6.4141,-0.9585,5.4727
1636288184244,2.2207,25.1563,0.5767,7.1016,-1.0234,5.0547
1636288184246,1.7520,25.5000,1.7402,6.4258,-0.6572,4.4961
1636288184248,1.3232,25.6719,-0.3901,3.5137,0.1053,4.3477
1636288184274,0.3135,25.4844,-2.1152,-0.3062,0.9775,4.0742
1636288184277,-1.0986,23.8281,-2.1777,-2.8672,1.4355,3.4707
1636288184278,-1.8770,21.8906,-2.0313,-4.0430,1.3740,2.9707
1636288184304,-1.3164,19.9375,-1.0479,-4.1563,0.9971,2.4961
1636288184307,-0.3184,19.4531,0.5957,-3.0664,0.4617,1.7520
1636288184308,0.1029,21.2500,1.3574,-1.1631,0.0053,0.9395
1636288184334,0.3064,23.5781,1.4336,0.7983,-0.3606,0.1381
1636288184337,0.5410,24.5625,1.0215,2.0742,-0.6406,-0.6919
1636288184339,0.7158,24.1719,0.3542,2.3379,-0.7222,-1.5156
1636288184364,0.7178,22.2344,0.2896,1.8984,-0.7427,-2.1504
1636288184367,0.8926,19.9531,0.3494,1.5195,-0.8203,-2.8047
1636288184369,1.1104,18.6719,-0.2466,1.1855,-0.9585,-3.4297
1636288184395,0.8306,18.3125,-0.9404,0.9150,-1.1240,-3.8887
1636288184397,0.2705,18.5781,-1.6396,0.7568,-1.3105,-4.2578
1636288184399,-0.0862,18.7969,-2.0469,0.4790,-1.4736,-4.5742
1636288184425,-0.3398,18.0781,-1.9648,-0.1146,-1.5742,-4.9063
1636288184427,-0.4331,16.2813,-1.5801,-0.9946,-1.6436,-5.2227
1636288184429,-0.4907,14.0625,-0.6699,-1.9209,-1.7002,-5.4961
1636288184455,-0.4883,11.9141,0.6460,-2.6504,-1.7363,-5.7344
1636288184457,-0.7134,9.9453,1.7588,-3.1133,-1.6934,-5.9492
1636288184459,-1.1729,9.1563,2.3574,-3.4473,-1.5957,-6.0664
1636288184485,-1.7041,8.0391,3.7930,-3.7930,-1.4082,-6.0898
1636288184487,-1.6582,6.2422,3.5039,-4.1641,-1.1191,-6.0625
1636288184489,-1.7764,4.3164,4.4883,-4.7578,-0.7402,-6.0703
1636288184515,-2.1035,1.9629,4.8984,-5.2461,-0.1830,-6.1719
1636288184517,-1.6230,-0.0598,2.3770,-5.4141,0.3086,-6.3359
1636288184519,-2.0996,-1.6611,2.5313,-5.0430,0.8140,-6.5078
1636288184545,-2.2715,-2.2109,1.6230,-4.0430,1.1074,-6.6055
1636288184547,-1.7256,-2.4434,1.3262,-3.1406,1.0107,-6.6367
1636288184549,-1.0049,-1.7783,1.7070,-2.8281,0.8799,-6.6367
1636288184575,-0.6030,-1.1582,1.7949,-3.3125,0.9097,-6.4141
1636288184578,-0.3040,-2.8203,1.9912,-4.2773,1.0303,-6.0195
1636288184579,2.3965,-13.0000,2.3086,-5.1406,1.3359,-5.3555
1636288184605,1.6445,-14.8203,1.8555,-4.5039,1.8643,-4.9531
1636288184608,0.4932,-12.8594,1.8262,-3.4531,2.0527,-4.4180
1636288184609,-0.9429,-8.8047,0.6655,-2.5801,1.5537,-3.9219
1636288184635,-2.5449,-6.0820,-0.3757,-2.1855,1.0820,-3.3672
1636288184638,-3.9180,-5.6328,-0.6367,-2.4336,0.9609,-2.7617
1636288184640,-5.0195,-6.8984,-0.8354,-3.4141,0.9683,-2.2500
1636288184665,-5.3945,-10.9688,-1.2754,-4.6211,0.8511,-1.8721
1636288184668,-3.8984,-16.4063,-0.8306,-4.9766,0.3767,-1.5068
1636288184670,-2.5469,-18.7500,-0.7900,-4.0742,-0.1021,-0.9463
1636288184696,-3.0781,-16.3125,-0.6606,-2.3125,-0.1075,-0.2417
1636288184698,-4.0547,-11.9922,-0.3997,-0.3594,-0.1383,0.3179
1636288184700,-4.7500,-9.3750,0.1508,1.1201,-0.4480,0.6816
1636288184726,-5.0391,-8.3203,0.7134,1.8398,-0.6274,1.0635
1636288184728,-4.6641,-8.0625,1.1777,1.7881,-0.7573,1.4805
1636288184730,-4.1328,-8.6250,1.7881,1.3545,-0.9907,1.8389
1636288184756,-4.0000,-9.5000,1.9053,0.8823,-1.1875,2.1172
1636288184758,-4.7031,-10.1797,1.9551,0.4780,-1.2402,2.3965
1636288184760,-5.5547,-10.3047,2.3125,0.2971,-1.2363,2.7188
1636288184786,-5.5625,-9.6719,2.5488,0.5151,-1.3350,3.0137
1636288184793,-4.9609,-8.2813,2.9395,1.0234,-1.5420,3.2871
1636288184795,-4.6094,-6.5664,3.2676,1.4648,-1.7080,3.5605
1636288184816,-4.7617,-5.1680,3.5469,1.7236,-1.7471,3.7891
1636288184818,-5.0273,-4.2148,3.7324,1.8887,-1.7266,3.9512
1636288184820,-5.1523,-3.4082,3.9336,1.9629,-1.7285,4.0547
1636288184847,-5.3125,-2.5938,4.1914,1.9688,-1.7471,4.1563
1636288184848,-5.6953,-1.8027,4.4141,2.0195,-1.7666,4.2617
1636288184850,-6.1992,-1.1582,4.7422,2.2148,-1.7490,4.3398
1636288184875,-6.3867,-0.5435,4.9883,2.5430,-1.7002,4.3945
1636288184877,-6.1250,-0.0909,5.2852,2.9219,-1.6611,4.4922
1636288184878,-5.5117,-0.0574,5.7188,3.3398,-1.6201,4.6172
1636288184905,-4.6797,-0.1794,5.4844,3.8145,-1.5156,4.7188
1636288184907,-3.8125,-0.2825,5.3438,4.3164,-1.3184,4.8164
1636288184909,-3.3359,0.0670,3.9785,4.9023,-1.0498,4.9180
1636288184937,-3.1836,1.6660,2.2012,5.5938,-0.8203,5.0078
1636288184939,-3.1719,4.3359,1.2471,6.1094,-0.6924,5.1172
1636288184941,-3.2188,7.3320,0.4524,6.3516,-0.6084,5.2227
1636288184967,-3.4844,9.7969,0.1316,6.3047,-0.4299,5.4023
1636288184969,-3.9141,11.4375,0.1388,5.9453,-0.1404,5.6719
1636288184971,-3.9570,12.8516,1.1201,5.1836,0.0330,5.9609
1636288184997,-3.2500,12.2891,2.1211,4.0391,0.0277,6.0664
1636288184999,-1.3477,7.5977,2.5469,3.0410,0.1361,5.6680
1636288185000,0.5215,5.0000,2.4336,2.2813,0.4182,5.0469
1636288185027,1.8066,5.5469,2.3379,1.5000,0.6289,5.0156
1636288185028,2.2500,9.0547,1.8428,1.4268,0.7056,5.3086
1636288185030,2.1445,15.2656,1.9746,2.0625,0.5776,5.2188
1636288185057,2.4023,20.7969,1.8408,2.7422,0.3511,4.7227
1636288185059,2.2266,23.0625,1.2158,2.6680,0.4033,4.2891
1636288185060,1.6348,22.7344,0.1938,1.3447,0.7979,4.1680
1636288185087,1.0479,20.4063,-0.5313,-0.8188,1.2764,4.0625
1636288185089,0.4692,18.4063,-1.0820,-2.5039,1.5459,3.7402
1636288185090,0.4788,17.9688,0.3135,-2.9648,1.4268,3.3496
1636288185117,0.7202,17.7969,-0.2656,-2.1914,1.0391,2.8320
1636288185119,0.7900,20.9063,-1.6035,-0.9756,0.7183,2.3770
1636288185120,1.0049,22.4219,-1.3115,0.1109,0.3691,1.6602
1636288185147,1.3525,23.0156,-1.4102,0.9771,0.0660,0.8486
1636288185149,1.4697,22.5156,-1.1035,1.1406,-0.0905,0.2380
1636288185150,1.6445,21.0781,-0.4524,1.1494,-0.1884,-0.4524
1636288185177,2.2324,19.9844,0.0287,1.2354,-0.4214,-1.0557
1636288185179,2.5039,18.9063,0.6221,1.4209,-0.7192,-1.6113
1636288185180,2.2617,18.2813,0.6558,1.7354,-0.9014,-2.3027
1636288185207,2.4102,18.5469,0.1221,1.7354,-1.0527,-2.8691
1636288185209,2.3379,18.0313,-0.1293,1.4131,-1.2256,-3.3301
1636288185211,2.1387,17.1875,-0.4189,1.0146,-1.3301,-3.7949
1636288185237,1.8740,16.4844,-0.4812,0.4141,-1.3926,-4.1719
1636288185239,1.5146,15.3125,-0.0814,-0.2551,-1.4424,-4.4961
1636288185241,1.2617,13.9766,0.5791,-0.8262,-1.5020,-4.7695
1636288185267,0.9766,12.8203,1.0293,-1.3223,-1.5664,-4.9688
1636288185269,0.4883,11.8125,1.0576,-1.7910,-1.5615,-5.0820
1636288185271,-0.3901,11.0234,0.8662,-2.2148,-1.4775,-5.1641
1636288185297,-1.4434,10.8828,0.4309,-2.5898,-1.3730,-5.2461
1636288185299,-2.4746,10.0547,1.1299,-2.9434,-1.2656,-5.3242
1636288185301,-3.0176,8.2266,2.4531,-3.2324,-1.2041,-5.3398
1636288185327,-2.9102,6.5078,3.6719,-3.5527,-1.2051,-5.3555
1636288185329,-2.2695,5.5586,4.0547,-3.9180,-1.1758,-5.4414
1636288185331,-2.0332,4.6289,5.0703,-4.1836,-0.9585,-5.5273
1636288185357,-2.1074,3.6133,5.2383,-4.1250,-0.5723,-5.5117
1636288185359,-2.3711,2.6563,5.0469,-4.1172,-0.2256,-5.3867
1636288185361,-2.7266,1.8145,5.2344,-4.2617,0.0532,-5.2969
1636288185387,-2.8789,1.0264,4.6055,-4.5430,0.3479,-5.2539
1636288185388,-3.0039,-0.1555,4.0430,-4.7344,0.6743,-5.1953
1636288185389,-3.1113,-1.3232,3.9063,-4.7148,0.9629,-5.1445
1636288185416,-3.2129,-1.7979,3.6172,-4.7305,1.1699,-5.1055
1636288185417,-3.4492,-1.7041,3.4824,-4.8438,1.3291,-4.9766
1636288185418,-3.6406,-1.4619,3.4395,-4.9297,1.4766,-4.7383
1636288185447,-3.5742,-1.6875,2.9805,-5.0625,1.6387,-4.5039
1636288185448,-3.6270,-2.8633,2.9297,-5.5000,1.8643,-4.3242
1636288185449,-3.3691,-5.1094,1.2617,-6.1953,2.0840,-4.1289
1636288185476,-3.4707,-8.6953,-0.0574,-6.7617,2.1387,-3.9375
1636288185478,-4.5469,-11.6641,-0.6460,-6.9180,2.1406,-3.6914
1636288185480,-5.6758,-12.7578,-0.5098,-6.6016,2.1621,-3.2480
1636288185509,-5.6992,-11.3672,0.2489,-5.6523,2.1230,-2.7363
1636288185511,-5.1328,-8.3672,0.8496,-4.3594,2.0586,-2.3574
1636288185513,-4.8789,-6.1016,0.5264,-3.4434,2.0430,-1.9580
1636288185535,-4.6758,-5.9219,-0.5171,-3.0898,1.8662,-1.5244
1636288185540,-4.1211,-7.0547,-1.0742,-2.9336,1.4063,-1.2373
1636288185545,-3.5332,-8.4766,-1.8789,-2.7207,0.8364,-1.1270
1636288185555,-3.8359,-10.1094,-2.7520,-2.2813,0.6626,-0.9609
1636288185560,-4.4219,-10.8750,-3.6230,-1.5020,0.4841,-0.5459
1636288185585,-5.3281,-10.1250,-4.2734,-0.6699,0.1968,-0.0843
1636288185590,-5.3281,-10.1250,-4.2734,0.6089,-0.4797,0.7979
1636288185595,-5.2773,-9.1719,-3.7813,0.6089,-0.4797,0.7979
1636288185605,-5.4336,-9.0703,-2.8672,1.2305,-1.2129,1.4004
1636288185610,-5.6328,-9.0547,-1.7979,1.4141,-1.4961,1.5771
1636288185635,-5.4453,-8.9297,-0.8403,1.5762,-1.7275,1.7861
1636288185640,-4.8281,-8.6953,0.1245,1.7783,-1.9258,2.0898
1636288185645,-4.2773,-7.8125,1.1104,2.0234,-2.0820,2.4219
1636288185655,-4.1680,-6.5820,1.6709,2.1719,-2.1816,2.7188
1636288185679,-4.5195,-5.7773,1.5674,2.2305,-2.1836,2.9629
1636288185684,-5.1953,-5.3867,1.1943,2.2949,-2.1270,3.1836
1636288185689,-5.8672,-4.7617,1.1963,2.4004,-2.1270,3.3750
1636288185698,-6.2930,-3.9824,1.9727,2.5430,-2.2383,3.5527
1636288185704,-6.2266,-3.0820,3.1406,2.8008,-2.4629,3.7578
1636288185715,-5.9258,-2.3027,3.9023,3.1191,-2.7148,3.9746
1636288185720,-5.8359,-1.6875,4.6211,3.4238,-2.8027,4.1641
1636288185746,-5.8242,-0.9360,5.3008,3.6777,-2.7188,4.2852
1636288185751,-5.5938,0.0048,5.4336,3.8867,-2.6094,4.3711
1636288185756,-5.2148,0.8950,4.9805,4.1445,-2.4844,4.4414
1636288185766,-4.9180,1.9033,4.6953,4.4648,-2.3223,4.5195
1636288185771,-4.5820,3.2480,4.7773,4.7188,-2.1211,4.6172
1636288185796,-4.1602,4.6797,5.0273,4.8750,-1.9297,4.7344
1636288185801,-4.0078,5.5898,5.8906,4.9805,-1.7178,4.8320
1636288185808,-3.9707,6.1719,6.0547,5.0664,-1.4678,4.8867
1636288185816,-4.1055,7.0469,5.7578,4.9648,-1.1631,4.9375
1636288185830,-4.2930,8.3672,5.2539,4.6563,-0.8223,5.0352
1636288185843,-4.2422,9.6094,4.7461,4.2383,-0.5278,5.1797
1636288185848,-4.0625,10.6875,4.5391,3.7207,-0.3298,5.3164
1636288185856,-3.8633,11.0078,4.1797,3.0273,-0.2010,5.4023
1636288185861,-3.8008,11.0156,2.6953,2.4004,-0.0862,5.5000
1636288185886,-3.3301,8.8750,1.7471,1.8057,0.1500,5.6484
1636288185891,-1.3398,4.3477,1.6250,1.6191,0.3171,5.3555
1636288185894,1.2832,0.8496,0.8687,1.6904,0.1958,4.8086
1636288185906,3.0020,1.2539,0.9624,2.0000,0.0245,4.4883
1636288185910,2.9414,7.9453,1.1172,2.6563,0.0075,4.7695
1636288185936,2.7109,19.1563,1.2090,3.6973,-0.1936,5.0977
1636288185939,3.6836,26.0313,3.8848,4.9180,-0.5850,4.4258
1636288185952,4.5742,26.8906,4.2656,5.2617,-0.5811,3.3438
1636288185957,3.8105,23.8281,1.3330,2.8750,0.0564,3.4980
1636288185962,2.0742,19.8281,-0.5552,-0.5371,1.1416,3.6426
1636288185976,0.4070,17.5625,-3.0020,-2.5879,1.7061,3.1152
1636288185979,-0.1652,17.2500,-2.7051,-2.7129,1.4297,2.5781
1636288186005,0.8330,17.9063,-2.6875,-1.1543,0.6758,1.9355
1636288186009,1.8027,20.9844,-1.8359,0.7344,-0.0106,1.3193
1636288186013,2.3867,22.5781,-0.1029,2.0547,-0.4192,0.5776
1636288186025,2.9902,22.3906,1.0049,2.6055,-0.6406,-0.1801
1636288186038,3.4570,21.4219,1.1006,2.2324,-0.7300,-0.7256
1636288186045,3.2363,19.7031,0.6655,1.5293,-0.7588,-1.2324
1636288186049,2.7266,18.7969,-0.2607,1.0801,-0.8257,-1.8730
1636288186076,2.3770,18.4531,-1.0693,0.7622,-1.0469,-2.4082
1636288186079,2.4922,18.6719,-1.7813,0.4290,-1.3223,-2.8496
1636288186083,2.3066,18.4531,-2.0195,-0.0604,-1.5576,-3.2617
1636288186095,1.8115,18.0781,-1.9941,-0.6304,-1.6582,-3.7480
1636288186099,1.5176,17.1250,-2.2832,-1.3262,-1.7285,-4.1445
1636288186131,1.4053,15.8828,-2.5039,-1.9268,-1.8105,-4.4688
1636288186134,1.2705,14.7109,-1.8789,-2.3145,-1.9131,-4.7891
1636288186138,1.0645,14.2813,-0.1101,-2.5195,-2.0410,-5.0313
1636288186146,0.9980,13.3281,2.8340,-2.5566,-2.1582,-5.1992
1636288186160,1.2041,11.3672,4.6797,-2.5313,-2.1387,-5.3516
1636288186165,0.9741,9.5000,5.8789,-2.6953,-1.8936,-5.4844
1636288186179,-0.1268,8.2813,6.4102,-2.8555,-1.4873,-5.6172
1636288186197,-1.0957,7.6250,5.0000,-2.9102,-1.1689,-5.6992
1636288186200,-1.7979,8.7266,2.0078,-2.8555,-0.9170,-5.7578
1636288186204,-2.8125,10.7734,0.8115,-2.7402,-0.6191,-5.8125
1636288186216,-3.3906,10.6875,1.7236,-2.7578,-0.3191,-5.9063
1636288186219,-2.2012,7.7344,3.0332,-3.1055,-0.1638,-6.0977
1636288186246,0.0526,2.7676,5.9688,-3.6230,-0.0564,-6.3047
1636288186249,2.1738,-1.8115,6.2617,-3.8223,0.1798,-6.4805
1636288186253,2.0547,-4.9258,4.8125,-3.6406,0.6704,-6.5391
1636288186266,-0.1819,-5.3789,4.9141,-2.9102,1.1221,-6.4102
1636288186269,-1.7207,-3.5137,4.7852,-2.1211,1.0254,-6.1797
1636288186296,-2.1230,-1.8164,4.6328,-1.9023,0.7065,-5.9531
1636288186300,-1.9961,-1.5410,4.1367,-2.1230,0.7285,-5.7852
1636288186303,-1.7979,-2.4707,3.4004,-2.9824,0.9854,-5.6992
1636288186316,-1.5508,-4.8594,3.2988,-4.3945,1.2363,-5.6445
1636288186320,-0.7466,-7.5547,2.2383,-5.7227,1.3926,-5.3945
1636288186346,-0.4932,-10.1953,0.8809,-6.2969,1.5479,-4.8555
1636288186350,-1.2900,-11.5859,0.6699,-5.6055,1.7510,-4.2617
1636288186354,-1.9941,-11.1016,1.4600,-4.2539,1.5742,-3.8770
1636288186366,-2.6523,-9.8438,1.9199,-3.2285,1.0566,-3.5625
1636288186376,-3.3691,-9.1328,1.8857,-2.9102,0.7637,-3.0527
1636288186394,-3.7656,-9.5234,1.5361,-3.0645,0.7339,-2.4941
1636288186409,-3.8848,-11.5938,1.1729,-3.3125,0.6606,-2.1133
1636288186427,-4.2891,-14.3281,0.8496,-3.3984,0.4990,-1.7471
1636288186431,-4.9102,-15.4063,0.7876,-3.1797,0.3799,-1.1074
1636288186441,-5.5039,-13.1484,0.7036,-2.5820,0.2839,-0.3247
1636288186451,-5.4453,-9.9922,0.5576,-1.5781,0.1404,0.2805
1636288186459,-5.1992,-8.3125,0.9600,-0.2764,-0.1128,0.6455
1636288186463,-4.9102,-7.5078,1.4795,0.5918,-0.3691,0.9858
1636288186467,-4.5898,-7.2813,1.9463,0.5566,-0.5723,1.3369
1636288186477,-4.4531,-7.9141,2.1680,0.0822,-0.7725,1.6074
1636288186480,-4.7188,-8.5000,2.1465,-0.4424,-0.9478,1.7988
1636288186507,-5.2813,-8.8594,1.5967,-0.8711,-1.0518,2.0293
1636288186510,-5.7383,-9.3125,0.9165,-0.9595,-1.1631,2.2871
1636288186514,-5.8398,-9.5781,0.9238,-0.5933,-1.3467,2.5156
1636288186527,-5.3633,-9.2031,1.3643,-0.0465,-1.6055,2.7441
1636288186538,-4.5195,-8.2188,2.0957,0.4587,-1.8867,3.0430
1636288186546,-3.7969,-7.1133,3.0039,0.9023,-2.1387,3.3770
1636288186550,-3.5781,-6.0977,3.4063,1.2656,-2.3203,3.6289
1636288186577,-4.0508,-5.0781,3.3203,1.5049,-2.3691,3.7754
1636288186580,-4.8711,-3.9844,2.7324,1.6270,-2.3105,3.9102
1636288186584,-5.6055,-2.8027,2.0195,1.6494,-2.2617,4.0781
1636288186596,-5.8633,-1.5625,1.6279,1.5869,-2.3301,4.2305
1636288186600,-5.7031,-0.5479,2.2402,1.4629,-2.5449,4.3477
1636288186626,-4.0117,0.7134,5.2656,1.3330,-2.8613,4.4375
1636288186630,-4.0117,0.7134,5.2656,1.1299,-3.5508,4.5938
1636288186634,-2.0938,0.6245,7.3906,1.1299,-3.5508,4.5938
1636288186647,-2.1328,0.3469,6.8906,1.5840,-3.3379,4.6250
1636288186650,-2.8770,-0.1771,6.2344,1.9482,-2.8145,4.6523
1636288186677,-3.2598,-0.0263,5.4414,2.3398,-2.4277,4.6797
1636288186681,-2.6934,1.1484,4.6836,2.7051,-2.3672,4.8047
1636288186684,-1.5410,3.3027,4.4023,3.2402,-2.4531,5.0273
1636288186697,-0.5073,6.4766,4.7344,3.9141,-2.4785,5.2148
1636288186701,0.1604,10.4453,5.3242,4.5039,-2.4121,5.2617
1636288186727,0.4524,13.6563,6.7969,4.8945,-2.2852,5.2500
1636288186731,0.3184,14.2969,8.8516,5.1445,-2.0820,5.3164
1636288186734,0.1149,13.1719,8.5703,5.0156,-1.8154,5.4766
1636288186747,-0.0574,11.0078,7.4648,3.9531,-1.2588,5.2578
1636288186752,-0.1675,9.6094,5.9727,2.8262,-0.5254,4.7031
1636288186767,0.0000,10.7656,5.1797,2.1055,-0.0660,4.5273
1636288186770,0.4453,12.7188,4.6875,1.9932,-0.0425,4.6641
1636288186797,1.1084,14.7188,4.6055,2.4297,-0.1884,4.5508
1636288186800,1.8887,16.6875,5.5039,2.8281,-0.3394,4.0586
1636288186804,2.3828,18.1719,5.6406,2.8086,-0.3181,3.4883
1636288186817,2.4980,19.1094,5.1055,2.3320,-0.0819,3.1719
1636288186821,2.5371,19.1875,4.3125,1.5693,0.1404,2.9961
1636288186847,2.3281,19.1250,2.8789,0.7451,0.2905,2.7266
1636288186851,1.4766,19.7656,1.4189,0.0460,0.4277,2.3340
1636288186854,0.9766,19.7656,0.7729,-0.2859,0.4053,1.9248
1636288186867,1.4004,18.9219,1.6299,-0.1561,0.1543,1.4160
1636288186871,1.8145,18.8750,2.9453,0.3640,-0.1170,0.7212
1636288186897,2.0898,19.4219,3.6973,1.1572,-0.3362,-0.0109
1636288186901,2.2305,20.0000,4.5352,1.9678,-0.5586,-0.6504
1636288186904,2.2637,20.4219,4.8281,2.5313,-0.7744,-1.1621
1636288186917,2.3574,20.5938,4.1563,2.7090,-0.9268,-1.6367
1636288186921,2.5840,19.8281,2.9590,2.4648,-0.9810,-2.2305
1636288186952,2.6738,18.6875,1.6846,1.9473,-0.9663,-2.8770
1636288186956,2.2617,18.5781,0.8950,1.2832,-0.9556,-3.2969
1636288186961,1.8311,17.0625,0.7637,0.8130,-1.0693,-3.5938
1636288186967,1.8408,15.7422,1.1777,0.6558,-1.2305,-4.1250
1636288186971,1.9648,15.0469,1.6680,0.2610,-1.4023,-4.4570
1636288186997,1.8525,14.4922,1.6230,-0.2285,-1.4844,-4.6328
1636288187001,1.4668,14.6563,0.8091,-0.6753,-1.5068,-4.8594
1636288187005,0.7061,15.0781,0.3542,-1.2031,-1.4746,-5.0391
1636288187017,-0.2871,14.5859,0.5215,-1.7969,-1.4063,-5.0938
1636288187021,-0.9502,12.6406,1.7832,-2.3535,-1.3066,-5.2383
1636288187047,-0.5649,9.9453,4.0078,-2.8730,-1.2334,-5.4805
1636288187051,0.4978,6.9648,6.1719,-3.2637,-1.2412,-5.6719
1636288187055,1.0527,4.8594,5.7188,-3.4102,-1.1670,-5.7539
1636288187071,0.5073,3.7480,5.8359,-3.4453,-0.8945,-5.7852
1636288187087,-0.4668,2.9551,6.1758,-3.2930,-0.5894,-5.8242
1636288187092,-1.5273,2.9004,5.2188,-3.1777,-0.3799,-5.7969
1636288187095,-2.2266,3.0059,4.7305,-3.3984,-0.1798,-5.7734
1636288187107,-2.2324,2.3066,4.9141,-3.8652,0.0255,-5.6914
1636288187111,-1.6367,1.1914,4.6680,-4.2969,0.1884,-5.6719
1636288187138,-1.2178,0.0862,4.4453,-4.7422,0.3701,-5.6914
1636288187152,-1.3359,-0.8662,3.8633,-5.1914,0.6289,-5.6094
1636288187156,-1.8643,-1.7471,3.7598,-5.6172,0.9224,-5.3750
1636288187161,-2.2754,-2.7324,3.8125,-5.9180,1.1689,-5.0664
1636288187165,-2.4395,-4.1172,2.4492,-5.9219,1.3291,-4.7813
1636288187178,-3.0977,-5.0313,1.7471,-5.4258,1.4766,-4.5781
1636288187181,-3.5684,-4.9531,1.5918,-4.7578,1.5303,-4.5352
1636288187208,-3.5977,-4.9531,0.8379,-4.3789,1.4424,-4.5820
1636288187211,-3.6484,-5.5039,0.5649,-4.2617,1.4316,-4.4141
1636288187215,-3.4922,-6.6133,0.8882,-4.2813,1.3838,-4.0313
1636288187228,-2.5898,-8.4766,0.9360,-4.2734,1.0264,-3.7871
1636288187231,-1.8359,-11.0859,1.3018,-3.8848,0.6235,-3.6387
1636288187258,-1.7520,-12.7344,1.9248,-3.1055,0.5117,-3.4121
1636288187261,-2.3223,-12.6719,2.2422,-2.3125,0.5405,-3.0840
1636288187265,-3.0352,-11.8125,2.6543,-1.5029,0.5264,-2.5488
1636288187285,-3.1523,-10.9688,2.9512,-0.6465,0.4001,-1.9580
1636288187289,-3.0156,-10.1797,2.8652,0.0535,0.2299,-1.5234
1636288187302,-3.1348,-9.6797,2.2695,0.3491,0.1171,-1.1279
1636288187305,-3.7129,-9.6797,1.6064,0.2769,0.0766,-0.6631
1636288187318,-4.6484,-9.5156,1.2871,-0.0444,0.0681,-0.1949
1636288187322,-5.2266,-9.1875,1.2969,-0.5562,-0.0223,0.2605
1636288187348,-4.9219,-9.5234,1.5225,-1.0020,-0.2734,0.7031
1636288187363,-4.1602,-10.0078,2.2109,-1.1826,-0.5947,1.1211
1636288187366,-3.4258,-10.1250,2.8594,-1.1777,-0.8638,1.5068
1636288187371,-3.4258,-10.1563,3.3457,-0.9678,-0.9927,1.7988
1636288187383,-3.9980,-9.9297,3.5176,-0.5825,-0.9629,2.0527
1636288187395,-4.5820,-9.2422,3.3008,-0.2349,-0.9106,2.3320
1636288187398,-4.8906,-8.5391,2.9629,0.0035,-0.9438,2.6406
1636288187408,-4.6875,-8.1016,3.0293,0.1832,-1.0654,2.9258
1636288187412,-4.1719,-7.7734,3.5996,0.3162,-1.2617,3.1445
1636288187438,-3.4258,-7.4922,3.9277,0.4514,-1.5029,3.2930
1636288187442,-2.8945,-7.0313,4.1094,0.6650,-1.6963,3.4316
1636288187455,-3.2148,-6.2578,4.4258,0.9814,-1.7637,3.6035
1636288187460,-4.3008,-5.4336,4.5117,1.3105,-1.7559,3.7539
1636288187465,-5.4219,-4.7461,4.1953,1.5918,-1.7041,3.8672
1636288187489,-5.9102,-4.0547,4.0820,1.8359,-1.7148,3.9941
1636288187507,-5.5000,-3.3145,4.4336,2.1152,-1.9053,4.1016
1636288187511,-4.4219,-2.5488,5.0039,2.4922,-2.1855,4.1680
1636288187525,-3.3359,-1.9365,5.7461,2.9629,-2.3730,4.2109
1636288187540,-2.5527,-1.3164,6.4375,3.4727,-2.3906,4.2422
1636288187544,-2.0605,-0.6177,7.0234,3.9375,-2.2813,4.2773
1636288187558,-2.0078,0.1221,7.5313,4.3945,-2.0332,4.3438
1636288187562,-2.4668,1.2539,7.4141,4.8594,-1.6846,4.4531
1636288187565,-3.0039,2.8965,6.5313,5.2266,-1.3848,4.5938
1636288187569,-3.5117,4.1602,6.1523,5.5039,-1.1797,4.7695
1636288187579,-3.8105,4.9023,6.0352,5.7109,-0.9927,4.9492
1636288187583,-3.5879,5.6211,5.6992,5.6836,-0.8257,5.0781
1636288187609,-2.7930,7.7734,5.1836,5.4336,-0.6660,5.1016
1636288187613,-2.8008,8.5703,4.6797,4.9883,-0.1735,5.0703
1636288187616,-2.7051,8.1953,2.3691,4.7891,0.0468,5.1680
1636288187629,-2.4863,6.0039,0.9624,4.5352,0.2224,5.3047
1636288187632,-1.4912,3.7051,-0.0862,4.2656,0.3403,5.4453
1636288187659,0.6318,3.1387,-0.7349,4.0938,0.1724,5.3789
1636288187663,2.8672,5.7422,0.1053,4.4180,-0.1606,5.0898
1636288187666,3.9160,11.3828,0.9980,4.8633,-0.3926,4.9492
1636288187679,4.2109,16.5156,2.1250,4.7695,-0.4629,4.9648
1636288187683,4.4844,19.2813,2.0645,3.9160,-0.3542,4.8672
1636288187709,4.3320,19.7813,1.2109,2.0625,-0.0638,4.7578
1636288187721,3.4746,17.5781,0.7944,-0.4763,0.3552,4.7500
1636288187725,2.9316,14.7266,1.0742,-2.7617,0.6714,4.7969
1636288187730,3.3633,12.7578,1.7949,-3.9082,0.6343,4.6484
1636288187734,4.5664,12.8438,3.2344,-3.5566,0.2861,4.2500
1636288187759,5.3164,14.5703,4.6953,-2.0098,-0.1351,3.7500
1636288187763,5.6094,17.1875,5.0195,0.0662,-0.4841,3.2676
1636288187767,5.3008,20.0781,4.5000,1.7148,-0.7129,2.8281
1636288187779,4.5898,21.5625,3.3145,2.6309,-0.7373,2.2852
1636288187783,4.1094,22.5000,1.2852,2.8516,-0.6172,1.6934
1636288187809,3.7246,22.2813,0.1436,2.5605,-0.4980,1.0420
1636288187820,3.4219,21.6406,-0.8140,2.1582,-0.4128,0.3296
1636288187824,3.8945,20.6875,-0.8618,1.6895,-0.4937,-0.3577
1636288187829,4.7227,19.7031,0.1005,1.2930,-0.7456,-0.9878
1636288187833,5.0938,18.9375,0.9600,1.0645,-0.9746,-1.6992
1636288187860,4.9180,19.2656,0.9360,0.8364,-1.1416,-2.3359
1636288187863,4.6016,19.8281,0.7612,0.5576,-1.3184,-2.8613
1636288187867,4.6094,20.0000,0.0551,0.2056,-1.4678,-3.3750
1636288187880,4.3281,19.9219,-0.8687,-0.4658,-1.5449,-3.8086
1636288187883,3.7813,18.9063,-1.2178,-1.2676,-1.5322,-4.3125
1636288187910,3.6289,17.1875,-0.8066,-1.9365,-1.5225,-4.8047
1636288187913,3.8652,15.2109,0.2489,-2.3809,-1.6143,-5.1797
1636288187917,4.0625,13.1484,1.4053,-2.5840,-1.7285,-5.4570
1636288187930,3.6816,11.4063,2.0176,-2.6836,-1.7334,-5.6094
1636288187933,2.6016,10.2266,2.4023,-2.8848,-1.6299,-5.6445
1636288187960,1.4717,9.7344,2.8906,-3.2461,-1.4824,-5.6289
1636288187966,0.3638,9.2422,3.0820,-3.7598,-1.3115,-5.6094
1636288187970,-0.5742,8.5234,4.1641,-4.3320,-1.0576,-5.5898
1636288187980,-1.2949,7.0742,5.9727,-4.8555,-0.7808,-5.6055
1636288187985,-1.4531,5.7500,6.0664,-5.3672,-0.5659,-5.5781
1636288188010,-1.4551,5.0156,5.3555,-5.9766,-0.2690,-5.5078
1636288188013,-1.3955,4.1563,4.5742,-6.4023,0.1713,-5.5000
1636288188017,-1.1201,2.5879,4.4453,-6.5898,0.5596,-5.5313
1636288188030,-0.9360,0.5938,5.0078,-6.5898,0.8799,-5.4688
1636288188043,-0.8833,-0.8496,4.7188,-6.6484,1.1592,-5.2266
1636288188049,-1.2686,-1.8115,3.8301,-6.7031,1.5039,-4.9180
1636288188053,-1.8242,-2.6152,3.7500,-6.5000,1.8682,-4.6367
1636288188080,-2.1348,-2.8906,3.4492,-6.1250,2.0586,-4.4336
1636288188093,-2.4570,-2.6094,2.8574,-5.8984,2.0879,-4.2266
1636288188109,-2.9609,-2.6348,2.1328,-5.7695,2.1348,-3.8965
1636288188127,-3.4199,-3.6211,1.5293,-5.5156,2.1973,-3.5488
1636288188142,-3.4883,-5.3125,1.6348,-5.0820,2.1895,-3.3730
1636288188146,-3.0488,-6.9063,1.7373,-4.6523,2.0898,-3.3359
1636288188149,-2.8652,-7.8438,1.8330,-4.3555,1.9551,-3.1719
1636288188154,-3.2910,-7.8047,2.0078,-4.0898,1.8711,-2.7305
1636288188158,-3.7715,-7.4648,1.9697,-3.7305,1.8057,-2.2793
1636288188162,-4.2383,-7.1914,2.0059,-3.2520,1.7090,-1.9863
1636288188170,-4.7227,-6.9453,2.2734,-2.9063,1.5703,-1.7197
1636288188174,-4.8320,-7.1953,2.4180,-2.7422,1.2842,-1.4121
1636288188200,-4.6484,-8.3828,2.0469,-2.5254,1.0000,-1.2188
1636288188204,-4.4844,-9.5938,1.2920,-2.1426,0.8618,-1.1250
1636288188208,-4.3789,-10.0000,0.8257,-1.7637,0.7563,-0.8750
1636288188220,-4.1602,-9.7031,0.5313,-1.4121,0.5225,-0.4619
1636288188224,-4.1875,-9.3047,0.2896,-1.0332,0.2500,-0.1226
1636288188250,-4.6211,-9.0000,0.1938,-0.6851,0.0638,0.1125
1636288188254,-5.1641,-8.5547,0.2561,-0.3997,-0.1042,0.3201
1636288188257,-5.3242,-8.4141,0.3997,-0.1295,-0.3118,0.5508
1636288188275,-5.1016,-8.6797,0.7944,0.2290,-0.5498,0.7969
1636288188290,-4.8867,-8.8047,1.3379,0.6128,-0.7861,1.0459
1636288188302,-4.7422,-8.5469,1.3613,0.8896,-0.9980,1.2949
1636288188306,-4.9648,-8.1875,1.4336,1.0674,-1.1270,1.5635
1636288188309,-5.3164,-7.6328,1.8555,1.2188,-1.2158,1.8379
1636288188320,-5.5508,-6.9258,2.4785,1.3291,-1.3701,2.0430
1636288188325,-5.6719,-6.3672,3.2051,1.4639,-1.5469,2.2227
1636288188341,-5.7188,-5.8164,3.9844,1.6309,-1.6787,2.3926
1636288188344,-5.5625,-5.1094,4.4023,1.7607,-1.7813,2.5410
1636288188370,-5.4922,-4.4375,4.8086,1.7979,-1.8545,2.7051
1636288188374,-5.5117,-3.7539,5.2148,1.7363,-1.8906,2.8789
1636288188378,-5.6367,-3.2734,5.5000,1.4941,-1.9102,3.0156
1636288188390,-5.6797,-3.2266,5.8320,1.1777,-1.9336,3.1445
1636288188405,-5.5391,-3.4902,6.2227,0.9194,-1.9785,3.2461
1636288188410,-5.1875,-3.9453,6.6563,0.8789,-2.0586,3.2813
1636288188414,-4.6094,-4.0938,6.8672,1.1494,-2.1426,3.3027
1636288188447,-4.0156,-3.5176,6.9219,1.6162,-2.1523,3.3945
1636288188454,-3.4355,-2.4727,6.8867,2.2266,-2.0723,3.5371
1636288188457,-3.0566,-1.2637,6.6758,2.9082,-1.9541,3.6563
1636288188463,-2.9980,0.0622,6.3828,3.5195,-1.7930,3.7461
1636288188467,-3.2285,1.7617,6.4375,3.9746,-1.6133,3.8418
1636288188481,-3.4805,4.1016,6.5547,4.2500,-1.4727,3.9395
1636288188485,-3.7324,6.5938,6.6875,4.3594,-1.3848,4.0391
1636288188510,-4.0117,8.5156,6.6133,4.3164,-1.2900,4.1406
1636288188514,-4.3164,9.3750,6.5898,4.1133,-1.1680,4.2031
1636288188518,-4.3945,9.1484,6.5156,3.7344,-1.0420,4.1875
1636288188531,-4.2500,7.8398,6.6367,3.2109,-0.9478,4.0977
1636288188534,-3.9043,6.0586,6.6992,2.7344,-0.9097,4.0156
1636288188561,-3.1855,4.2109,6.3438,2.4922,-0.9395,4.0195
1636288188565,-2.2402,3.1211,5.3477,2.5859,-0.9565,4.0820
1636288188568,-1.6514,3.8203,4.6992,2.9902,-0.8809,4.1172
1636288188581,-1.0576,5.1367,4.5313,3.5723,-0.7949,4.1406
1636288188596,-0.2896,6.6641,4.6250,4.1992,-0.7754,4.1992
1636288188601,1.0645,9.4453,4.3203,4.7656,-0.7617,4.2891
1636288188605,1.0645,9.4453,4.3203,5.3516,-0.4097,4.1250
1636288188633,1.4863,10.1719,4.0977,5.3516,-0.4097,4.1250
1636288188637,2.3008,11.4453,3.2578,4.7891,0.0606,3.8379
1636288188640,2.5801,11.6953,2.9824,4.2109,0.2690,3.8281
1636288188650,2.7930,12.1875,2.7598,3.5664,0.4575,3.7891
1636288188654,2.8574,13.0313,2.4922,2.8809,0.6191,3.6445
1636288188680,2.7715,14.0000,2.1445,2.2988,0.7788,3.4160
1636288188684,2.7324,14.8438,1.6631,1.8584,0.8906,3.1777
1636288188695,2.8340,15.4375,1.4453,1.4629,0.9170,2.9688
1636288188701,2.7793,15.8281,1.4531,1.0313,0.9575,2.7383
1636288188711,2.5625,16.1094,1.2754,0.4854,1.0098,2.4570
1636288188721,2.4512,16.2813,1.2754,-0.1390,1.0010,2.1328
1636288188724,2.4316,16.0313,1.8242,-0.6563,0.9404,1.7910
1636288188751,2.4336,15.4766,2.2734,-0.9263,0.8779,1.4297
1636288188760,2.5820,15.0078,2.1250,-0.9487,0.7607,1.0498
1636288188764,2.8496,14.8516,1.8506,-0.7485,0.5693,0.6553
1636288188771,2.8672,14.7422,1.9219,-0.3135,0.4233,0.2488
1636288188775,2.7539,15.1719,1.8525,0.2512,0.3054,-0.1300
1636288188795,2.6328,15.9766,1.8477,0.7192,0.1500,-0.4800
1636288188799,2.7227,16.2188,1.9336,0.9619,-0.0053,-0.8716
1636288188811,2.6875,15.8828,1.4648,0.9268,-0.1170,-1.2637
1636288188815,2.4609,15.8984,0.9121,0.7026,-0.1884,-1.5352
1636288188841,2.2090,15.1719,0.7539,0.5874,-0.2925,-1.8262
1636288188858,2.2012,14.8438,0.6294,0.6099,-0.4480,-2.2031
1636288188862,2.2070,14.6641,0.7803,0.5620,-0.6265,-2.4785
1636288188867,2.1270,14.7188,0.8208,0.5649,-0.8032,-2.7363
1636288188870,2.0293,14.9688,0.7920,0.5566,-1.0029,-2.9648
1636288188881,1.8096,14.7734,0.8423,0.5513,-1.1621,-3.1777
1636288188885,1.6279,14.5938,0.5815,0.5386,-1.2969,-3.3281
1636288188911,1.3096,14.1016,0.5435,0.4492,-1.4063,-3.4453
1636288188925,1.0127,13.8672,0.3015,0.3481,-1.4736,-3.5391
1636288188929,0.7876,14.1406,0.5410,0.2269,-1.5674,-3.6094
1636288188934,0.5601,13.7266,0.7827,0.1173,-1.6719,-3.7285
1636288188939,0.2896,13.1797,0.9956,-0.0614,-1.7598,-3.9043
1636288188954,0.0144,12.5469,0.4380,-0.6050,-1.8652,-4.0078
1636288188960,-0.2322,11.2266,0.7539,-1.2617,-1.9063,-4.0977
1636288188971,-0.4714,10.0000,1.9365,-1.7021,-1.9326,-4.2188
1636288188976,-0.6533,9.4688,2.9180,-2.0977,-2.0000,-4.2578
1636288188992,-0.9263,8.8906,3.9453,-2.5527,-1.9883,-4.2773
1636288188996,-1.1748,8.4297,4.5039,-2.9629,-1.8408,-4.3320
1636288189021,-1.4531,8.2813,5.4180,-3.3672,-1.6543,-4.3750
1636288189025,-1.6992,7.2891,6.5234,-3.7480,-1.4482,-4.3906
1636288189029,-1.6582,5.9883,6.5117,-4.0977,-1.2119,-4.3711
1636288189041,-1.6348,4.6484,6.4297,-4.4766,-0.9023,-4.3672
1636288189050,-1.7764,3.4355,6.4766,-4.6836,-0.5225,-4.3984
1636288189061,-2.0313,2.2227,6.5039,-4.6875,-0.2096,-4.4063
1636288189065,-2.4004,0.9932,6.4258,-4.4922,0.0692,-4.4102
1636288189081,-3.0020,-0.2705,6.6484,-3.9512,0.3542,-4.3633
1636288189099,-3.5586,-1.0771,7.0469,-3.0762,0.5552,-4.2148
1636288189119,-4.0352,-0.9336,5.8047,-1.9756,0.6001,-4.0156
1636288189123,-4.1992,-0.5625,4.7969,-0.7539,0.5010,-3.8477
1636288189127,-4.1914,-0.3589,4.4258,0.4343,0.3105,-3.8516
1636288189132,-4.6484,-0.2944,3.8184,1.3389,0.1447,-3.9258
1636288189136,-5.0938,-0.0958,2.7227,1.7900,0.0340,-3.9219
1636288189161,-5.2383,0.0886,2.4727,1.8623,-0.1361,-3.7813
1636288189165,-5.2227,0.2896,3.4004,1.8066,-0.3894,-3.5371
1636288189170,-5.0313,0.8521,4.3164,1.6123,-0.6445,-3.2324
1636288189181,-4.7734,1.2637,5.2969,1.2432,-0.8301,-2.9551
1636288189185,-4.5508,1.1875,6.1875,0.9077,-0.9321,-2.7520
1636288189211,-4.3984,0.9023,6.5977,0.6387,-0.9766,-2.6035
1636288189215,-4.2891,0.8975,6.4844,0.3599,-0.9961,-2.4902
1636288189230,-4.2109,0.8618,6.4414,0.0364,-0.9927,-2.4043
1636288189250,-4.1758,0.6245,6.1758,-0.2625,-0.9331,-2.3262
1636288189264,-4.1875,0.3088,6.1016,-0.4700,-0.8647,-2.2383
1636288189268,-4.1055,-0.1627,6.4414,-0.5796,-0.8340,-2.1367
1636288189273,-4.1914,-0.8833,7.0820,-0.6318,-0.7925,-2.0371
1636288189280,-4.4375,-1.8096,7.6094,-0.6582,-0.6938,-1.8809
1636288189284,-4.5625,-2.5273,7.1289,-0.6807,-0.6064,-1.6816
1636288189291,-4.4844,-2.9434,7.1953,-0.6851,-0.6021,-1.5332
1636288189295,-4.6172,-3.0430,7.2422,-0.5850,-0.6001,-1.4121
1636288189321,-4.8398,-2.6973,7.1680,-0.4063,-0.5659,-1.2598
1636288189325,-4.9492,-2.2207,7.1523,-0.2391,-0.5552,-1.1074
1636288189330,-5.0977,-1.8574,7.2773,-0.1242,-0.5532,-0.9644
1636288189344,-5.3125,-1.7070,7.4023,-0.0678,-0.5200,-0.8149
1636288189349,-5.5117,-1.5801,7.5898,-0.0912,-0.4797,-0.6724
1636288189362,-5.6953,-1.6396,7.7773,-0.1870,-0.4341,-0.5479
1636288189366,-5.8281,-1.8672,7.9922,-0.2891,-0.3777,-0.4185
1636288189392,-5.9414,-2.1758,8.2188,-0.3679,-0.3340,-0.2854
1636288189395,-6.1250,-2.4336,8.1953,-0.4028,-0.2852,-0.1769
1636288189400,-6.3711,-2.5371,8.2031,-0.3530,-0.2405,-0.0662
1636288189412,-6.5664,-2.3926,8.2422,-0.2328,-0.2266,0.0562
1636288189415,-6.6523,-2.1660,8.1094,-0.1168,-0.2383,0.1615
1636288189442,-6.5898,-2.0059,8.0234,-0.0455,-0.2490,0.2488
1636288189446,-6.4805,-1.9033,7.8828,-0.0082,-0.2426,0.3455
1636288189460,-6.3281,-1.7568,7.6953,0.0088,-0.2416,0.4636
1636288189465,-6.2695,-1.5195,7.6484,-0.0051,-0.2573,0.5615
1636288189469,-6.3555,-1.4434,7.5664,-0.0465,-0.2734,0.6230
1636288189482,-6.5859,-1.4844,7.4258,-0.0838,-0.2839,0.7061
1636288189486,-6.6836,-1.5391,7.3242,-0.1072,-0.3020,0.8188
1636288189504,-6.5742,-1.6279,7.4688,-0.0901,-0.3403,0.9170
1636288189508,-6.3984,-1.7041,7.6133,-0.0029,-0.3840,0.9912
1636288189524,-6.2695,-1.6328,7.6367,0.1514,-0.4150,1.0752
1636288189529,-6.1563,-1.4023,7.6914,0.3630,-0.4417,1.1602
1636288189542,-6.0703,-1.0391,7.6602,0.5962,-0.4724,1.2266
1636288189546,-6.0078,-0.6030,7.5938,0.8154,-0.5029,1.2871
1636288189572,-5.8906,-0.1077,7.5117,0.9771,-0.5288,1.3574
1636288189576,-5.8359,0.3184,7.4648,1.0449,-0.5469,1.4297
1636288189580,-5.7773,0.6343,7.3867,1.0459,-0.5542,1.5059
1636288189594,-5.6406,0.8423,7.1836,0.9800,-0.5459,1.5752
1636288189599,-5.4961,0.9214,7.0195,0.8398,-0.5352,1.6201
1636288189614,-5.3672,0.7969,6.9492,0.6650,-0.5342,1.6572
1636288189619,-5.2891,0.6509,6.9648,0.5078,-0.5352,1.7236
1636288189632,-5.3086,0.5454,6.9922,0.3950,-0.5361,1.8086
1636288189636,-5.2813,0.5864,7.0234,0.3301,-0.5488,1.8848
1636288189662,-5.1641,0.6177,7.0820,0.3098,-0.5850,1.9316
1636288189666,-4.9844,0.6655,7.0469,0.3035,-0.6831,2.0273
1636288189669,-4.4648,0.8643,6.9531,0.3035,-0.6831,2.0273
1636288189684,-4.3242,0.9048,6.9141,0.0950,-0.7480,2.1484
1636288189689,-4.1953,0.8306,7.0625,-0.0061,-0.7490,2.2246
1636288189704,-4.1406,0.7036,7.2734,-0.0274,-0.7417,2.2930
1636288189709,-4.0469,0.7251,7.4492,0.0588,-0.7300,2.3535
1636288189722,-3.8945,0.8833,7.6953,0.2693,-0.7266,2.4063
1636288189726,-3.6973,1.1963,7.7734,0.5874,-0.7319,2.4492
1636288189752,-3.4082,1.6943,7.8672,0.9517,-0.7393,2.4629
1636288189756,-3.1387,2.3555,7.9023,1.2725,-0.7471,2.4590
1636288189759,-2.9492,3.0762,7.9766,1.5068,-0.7339,2.4707
1636288189801,-2.8438,3.7617,8.0313,1.6289,-0.6938,2.4961
1636288189805,-2.7207,4.3242,8.0781,1.6523,-0.6309,2.5254
1636288189813,-2.6406,4.7188,8.1719,1.6162,-0.5532,2.5684
1636288189818,-2.5820,4.9844,8.2578,1.5674,-0.4617,2.6211
1636288189826,-2.4219,5.2891,8.2734,1.4883,-0.3799,2.6602
1636288189831,-2.1797,5.7656,8.1172,1.3682,-0.3223,2.6543
1636288189835,-1.9463,6.3750,8.1094,1.2715,-0.2639,2.6152
1636288189844,-1.8838,6.9531,8.3438,1.1719,-0.1936,2.5469
1636288189850,-1.8311,7.4805,8.2969,1.0107,-0.1277,2.4727
1636288189862,-1.7686,7.6484,8.1016,0.7505,-0.0670,2.4258
1636288189866,-1.7285,7.4531,8.0391,0.4460,0.0085,2.4258
1636288189892,-1.6992,7.2070,8.0156,0.1631,0.0755,2.4473
1636288189896,-1.6250,6.9492,8.1172,-0.0721,0.1117,2.4395
1636288189900,-1.5195,6.7852,8.2031,-0.2274,0.1277,2.4023
1636288189914,-1.3545,6.6992,8.3359,-0.2966,0.1426,2.3633
1636288189919,-1.2969,6.6055,8.5000,-0.2944,0.1735,2.3301
1636288189934,-1.2158,6.7461,8.5313,-0.2189,0.2032,2.3066
1636288189939,-1.0693,7.1055,8.5469,-0.1040,0.2001,2.2676
1636288189956,-0.9668,7.4063,8.4609,0.0226,0.1904,2.2012
1636288189959,-0.7852,7.6055,8.2578,0.0917,0.1904,2.1289
1636288189973,-0.5435,7.6523,8.1328,0.0567,0.1979,2.0781
1636288189983,-0.3877,7.5859,8.0000,-0.0327,0.2340,2.0391
1636288189993,-0.3423,7.5352,8.0234,-0.1316,0.2893,2.0000
1636288189996,-0.3567,7.4648,8.1016,-0.2062,0.3308,1.9551
1636288190024,-0.2920,7.3438,8.1641,-0.2317,0.3564,1.9170
1636288190030,-0.2346,7.3164,8.1406,-0.2179,0.3682,1.8799
1636288190035,-0.1724,7.3945,8.1641,-0.1667,0.3682,1.8340
1636288190043,-0.0933,7.4805,8.1875,-0.0859,0.3564,1.7822
1636288190048,-0.0263,7.5625,8.1563,-0.0061,0.3384,1.7266
1636288190072,0.0120,7.5703,8.0703,0.0450,0.3394,1.6768
1636288190076,0.0215,7.5430,8.0078,0.0598,0.3564,1.6299
1636288190080,0.0383,7.5273,7.8828,0.0535,0.3745,1.5889
1636288190092,0.1101,7.5352,7.7852,0.0545,0.3850,1.5498
1636288190096,0.1627,7.5547,7.7148,0.0673,0.3840,1.5010
1636288190122,0.1843,7.5977,7.5547,0.0950,0.3777,1.4424
1636288190139,0.1794,7.6719,7.5586,0.1088,0.3723,1.3779
1636288190143,0.0215,7.6914,7.5820,0.1013,0.3767,1.3252
1636288190156,-0.1340,7.7109,7.6953,0.0662,0.3850,1.2813
1636288190161,-0.2058,7.6680,7.8047,0.0194,0.3831,1.2490
1636288190164,-0.1436,7.5664,7.8945,-0.0199,0.3713,1.2139
1636288190172,0.0072,7.4375,8.0234,-0.0391,0.3618,1.1699
1636288190176,0.2441,7.3086,7.9258,-0.0316,0.3552,1.1143
1636288190202,0.4165,7.2109,7.8516,-0.0178,0.3511,1.0586
1636288190206,0.4070,7.2148,7.7969,-0.0114,0.3489,1.0146
1636288190210,0.3135,7.2539,7.6719,0.0024,0.3403,0.9927
1636288190222,0.1747,7.2773,7.7539,-0.0019,0.3245,0.9893
1636288190237,0.0431,7.2656,7.7969,-0.0242,0.3118,0.9829
1636288190243,0.0622,7.2734,7.8516,-0.0572,0.2988,0.9658
1636288190246,0.1675,7.2422,7.9141,-0.0987,0.2871,0.9512
1636288190274,0.2776,7.1680,7.8555,-0.1242,0.2734,0.9277
1636288190280,0.3184,7.0625,7.8672,-0.1423,0.2639,0.8926
1636288190285,0.3184,6.9375,7.9102,-0.1572,0.2649,0.8457
1636288190292,0.3279,6.8711,7.9531,-0.1880,0.2671,0.7969
1636288190296,0.2776,6.7461,8.0469,-0.2507,0.2788,0.7656
1636288190312,0.2537,6.6367,7.9766,-0.3198,0.3054,0.7520
1636288190316,0.3064,6.5742,7.9219,-0.4094,0.3276,0.7402
1636288190342,0.3230,6.5430,7.8711,-0.4924,0.3416,0.7285
1636288190346,0.2991,6.5156,7.7109,-0.5229,0.3435,0.7168
1636288190350,0.3806,6.5313,7.5938,-0.5239,0.3267,0.7007
1636288190364,0.5288,6.4258,7.6055,-0.5254,0.3086,0.6787
1636288190370,0.6558,6.1523,7.5742,-0.5337,0.3032,0.6572
1636288190383,0.7158,5.8672,7.5938,-0.5615,0.2957,0.6489
1636288190387,0.6294,5.6289,7.6484,-0.5933,0.2871,0.6553
1636288190412,0.4595,5.5313,7.6055,-0.6069,0.2861,0.6699
1636288190416,0.3687,5.4766,7.5039,-0.6084,0.2681,0.6763
1636288190420,0.3110,5.4102,7.2148,-0.6221,0.2416,0.6655
1636288190432,0.2944,5.2852,6.8398,-0.6499,0.2170,0.6445
1636288190436,0.3831,5.1133,6.5117,-0.7168,0.1925,0.6191
1636288190465,0.5000,4.7305,6.2852,-0.8359,0.1766,0.5806
1636288190471,0.5864,4.2461,6.0977,-0.9805,0.1606,0.5391
1636288190476,0.5815,3.8535,6.1055,-1.1221,0.1298,0.5190
1636288190485,0.4331,3.5586,6.2773,-1.2109,0.1138,0.5083
1636288190490,0.3687,3.4160,6.4805,-1.1875,0.1128,0.5020
1636288190502,0.3757,3.4902,6.6484,-1.0850,0.0670,0.4924
1636288190506,0.3589,3.7617,6.7305,-0.9443,0.0075,0.4807
1636288190533,0.4380,3.9668,6.5547,-0.8027,-0.0340,0.4541
1636288190537,0.8281,4.0625,6.4766,-0.7295,-0.0925,0.3955
1636288190540,1.1533,3.8828,6.9141,-0.7612,-0.1617,0.3435
1636288190554,1.3047,3.3945,7.3438,-0.8838,-0.1893,0.3486
1636288190559,1.3398,2.9434,8.1250,-1.0547,-0.1404,0.3923
1636288190575,1.3398,2.5391,8.7656,-1.1514,-0.0798,0.4690
1636288190580,1.2803,2.4238,9.0078,-1.0781,-0.0766,0.5498
1636288190593,1.2852,2.8574,9.3672,-0.8306,-0.1202,0.5889
1636288190596,1.5361,3.6816,9.6328,-0.4902,-0.2159,0.5933
1636288190623,1.8525,4.5820,9.6328,-0.1838,-0.3308,0.5879
1636288190641,2.1152,5.3516,9.8359,-0.0104,-0.3894,0.5913
1636288190646,2.2930,5.6094,10.1563,-0.0157,-0.3884,0.6021
1636288190653,2.3984,5.2969,10.2500,-0.1934,-0.3521,0.6094
1636288190658,2.4141,4.8555,10.2969,-0.5039,-0.2861,0.6392
1636288190664,2.2344,4.4922,10.4688,-0.8315,-0.2075,0.7031
1636288190671,2.0391,4.2617,10.5391,-0.9976,-0.1521,0.7500
1636288190684,2.0820,4.2539,10.7734,-0.9468,-0.1627,0.7095
1636288190690,2.3926,4.3398,11.0469,-0.7729,-0.2256,0.6167
1636288190703,2.8203,4.5547,11.2500,-0.6094,-0.2542,0.5444
1636288190706,3.2422,4.6250,11.5313,-0.5210,-0.2288,0.5010
1636288190733,3.5625,4.3477,11.6797,-0.4998,-0.1787,0.4509
1636288190740,3.5039,4.1641,11.6641,-0.4934,-0.0830,0.4116
1636288190744,3.4531,4.6758,11.6250,-0.4263,0.0011,0.4009
1636288190755,3.3887,5.4688,11.7422,-0.2634,-0.0085,0.3508
1636288190760,3.3203,6.0000,11.6875,-0.0710,-0.0191,0.2231
1636288190775,3.2246,6.2383,11.5469,-0.0040,0.0266,0.0955
1636288190780,2.9688,6.2461,11.4219,-0.3135,0.1979,-0.0428
1636288190793,2.2910,5.4727,10.9688,-0.3135,0.1979,-0.0428
1636288190796,2.2910,5.4727,10.9688,-0.7563,0.3818,-0.2194
1636288190823,2.0410,4.1680,10.3516,-0.8496,0.4319,-0.2886
1636288190828,1.9268,3.7910,9.9375,-0.8457,0.4448,-0.3364
1636288190832,1.6396,3.7500,9.5156,-0.7627,0.4309,-0.3513
1636288190843,1.4883,3.6641,9.1719,-0.6265,0.3850,-0.3491
1636288190847,1.4697,3.2676,8.9766,-0.4871,0.3074,-0.3801
1636288190873,1.4355,2.9316,8.8984,-0.4158,0.2500,-0.4067
1636288190877,1.2617,2.8379,8.7500,-0.4231,0.2202,-0.3621
1636288190880,1.1104,2.8457,8.8125,-0.4146,0.1766,-0.2905
1636288190893,0.9766,2.8672,9.0313,-0.2976,0.1117,-0.2800
1636288190897,0.8975,2.9395,8.9922,-0.1455,0.0394,-0.2800
1636288190926,0.9404,3.1426,8.8828,-0.0625,-0.0255,-0.2322
1636288190931,1.0127,3.1992,9.0313,-0.0657,-0.0627,-0.1885
1636288190943,0.8735,2.9551,8.9453,-0.1390,-0.0702,-0.1821
1636288190960,0.5791,2.8262,8.8984,-0.2539,-0.0660,-0.1577
1636288190964,0.5073,2.8145,8.9688,-0.3635,-0.0787,-0.0949
1636288190970,0.6196,2.8203,9.0469,-0.3923,-0.1096,-0.0577
1636288190976,0.7729,2.7969,9.1250,-0.3987,-0.1234,-0.0598
1636288190996,1.0215,2.5488,9.1484,-0.4028,-0.1340,-0.0694
1636288191009,1.0723,2.3008,9.2031,-0.3721,-0.1361,-0.0428
1636288191013,1.1133,2.1387,9.2734,-0.3369,-0.1329,0.0083
1636288191018,1.1729,2.0586,9.4844,-0.2720,-0.1532,0.0349
1636288191028,1.2920,2.1895,9.6328,-0.1731,-0.1851,0.0540
1636288191032,1.3613,2.3828,9.7344,-0.1252,-0.2042,0.0859
1636288191044,1.3975,2.5918,9.7813,-0.1338,-0.1979,0.1157
1636288191048,1.4072,2.8340,9.8594,-0.1710,-0.1873,0.1210
1636288191074,1.4580,2.8594,10.0469,-0.2200,-0.1776,0.1019
1636288191078,1.5889,2.6309,10.2266,-0.2656,-0.1521,0.0679
1636288191095,1.6709,2.3477,10.4219,-0.3115,-0.1021,0.0508
1636288191100,1.7207,2.0547,10.5469,-0.3369,-0.0521,0.0646
1636288191104,1.6631,1.9990,10.6016,-0.2922,-0.0128,0.0838
1636288191114,1.6328,2.1953,10.6250,-0.1848,0.0075,0.0923
1636288191119,1.5771,2.5684,10.5156,-0.0593,0.0117,0.0902
1636288191144,1.5361,2.9766,10.3984,0.0332,0.0213,0.0849
1636288191147,1.5410,3.2266,10.2891,0.0598,0.0436,0.0668
1636288191151,1.5029,3.2383,10.1563,0.0290,0.0819,0.0317
1636288191164,1.4170,3.1602,9.9766,-0.0423,0.1213,0.0030
1636288191168,1.3594,3.0137,9.8359,-0.1178,0.1532,-0.0151
1636288191194,1.3643,2.8242,9.6953,-0.1656,0.1735,-0.0321
1636288191211,1.2012,2.6992,9.4297,-0.2615,0.2021,-0.0757
1636288191214,1.0889,2.3594,9.2500,-0.3647,0.2288,-0.1045
1636288191228,1.1582,2.0391,9.1406,-0.2869,0.1968,-0.0640
1636288191243,1.2041,2.2031,9.1406,-0.0731,0.1202,-0.0375
1636288191259,1.2012,2.6855,9.3125,0.1290,0.0340,-0.0811
1636288191277,1.3574,3.2070,9.5000,0.2842,-0.0351,-0.1300
1636288191292,1.4912,3.4941,9.6797,0.3247,-0.0649,-0.0790
1636288191309,1.4355,3.4316,9.8438,0.1981,-0.0223,0.0359
1636288191325,1.4141,3.2461,9.7891,-0.0635,0.0649,0.0817
1636288191329,1.3545,2.7363,9.5703,-0.3765,0.1500,0.0795
1636288191334,1.2520,1.9893,9.5391,-0.5742,0.2159,0.0349
1636288191338,1.2275,1.4316,9.5000,-0.6006,0.2170,-0.0268
1636288191341,1.1748,1.5293,9.4453,-0.5435,0.1469,-0.0417
1636288191345,1.1650,1.8213,9.5000,-0.4211,0.0702,-0.0300
1636288191350,1.2012,1.9531,9.6641,-0.2391,0.0128,-0.0545
1636288191353,1.2305,2.0293,9.8594,-0.0572,-0.0287,-0.0683
1636288191358,1.1484,2.2285,10.1328,0.0439,-0.0532,-0.0502
1636288191362,1.1318,2.4336,10.0078,0.0184,-0.0692,-0.0204
1636288191374,1.1650,2.6035,9.9063,-0.1273,-0.0447,0.0402
1636288191378,1.2588,2.5293,9.7891,-0.2668,0.0340,0.1136
1636288191404,1.2705,2.3340,9.6250,-0.4114,0.1181,0.1274
1636288191408,1.1631,2.1543,9.4844,-0.5308,0.1851,0.1232
1636288191412,1.1152,1.9482,9.3906,-0.5889,0.2159,0.1285
1636288191427,1.0986,1.8838,9.3516,-0.5806,0.1904,0.1444
1636288191430,2.4336,1.9004,7.4648,-0.4775,0.1372,0.1550
1636288191462,-0.6821,1.8555,11.0313,-0.2477,0.2373,0.1423
1636288191473,1.9697,2.0254,9.0156,0.0598,0.1744,0.1306
1636288191487,1.1826,2.3496,9.8359,-0.0561,-0.2703,-0.0258
