1635669938885,-0.3015,-1.7549,9.8750,-0.1203,-0.0407,0.0114
1635669938887,0.1340,-1.9199,9.7656,-0.0735,-0.1130,0.0114
1635669938939,0.5674,-1.6250,9.7344,0.0180,-0.0609,-0.0067
1635669938941,0.2751,-1.5098,9.7813,0.0638,0.0285,0.0199
1635669938942,-0.0670,-1.5078,9.8828,0.0670,0.0518,0.0433
1635669938944,-0.0311,-1.3613,9.9297,0.0457,0.0316,0.0231
1635669938945,0.1101,-1.2637,9.9297,0.0138,0.0168,0.0050
1635669938968,0.1843,-1.2617,9.9844,-0.0160,0.0285,-0.0003
1635669938970,0.1747,-1.2949,9.9922,-0.0416,0.0476,-0.0109
1635669938971,0.1245,-1.3379,9.9688,-0.0522,0.0604,-0.0269
1635669938990,0.1053,-1.3711,10.0000,-0.0543,0.0668,-0.0439
1635669938994,0.2825,-1.4072,9.9063,-0.0511,0.0710,-0.0705
1635669939002,0.2991,-1.5840,9.8203,-0.0107,0.1125,-0.0833
1635669939007,-0.0598,-1.6729,9.9453,0.0616,0.1498,-0.0673
1635669939010,-0.0862,-1.4912,9.9844,0.0903,0.1370,-0.1173
1635669939038,0.0215,-1.4023,9.8828,0.0957,0.1179,-0.1428
1635669939040,0.0215,-1.5098,9.8281,0.0850,0.1306,-0.1514
1635669939042,-0.1149,-1.5098,9.5859,0.0616,0.1593,-0.1588
1635669939071,-0.2178,-1.4189,9.5859,0.0446,0.1550,-0.1652
1635669939073,-0.2632,-1.4502,9.6250,0.0148,0.1401,-0.1715
1635669939075,-0.2010,-1.5059,9.6172,-0.0107,0.1157,-0.1812
1635669939097,-0.0598,-1.5771,9.5859,-0.0118,0.0966,-0.2014
1635669939103,0.0407,-1.6514,9.5938,-0.0022,0.0901,-0.2216
1635669939105,0.0646,-1.7139,9.6406,0.0138,0.0955,-0.2461
1635669939134,0.0120,-1.7041,9.6484,0.0223,0.0966,-0.2737
1635669939136,0.0431,-1.6299,9.5703,0.0244,0.0955,-0.3035
1635669939138,0.1508,-1.5439,9.5313,0.0180,0.0880,-0.3279
1635669939157,0.2585,-1.5029,9.5313,-0.0043,0.0806,-0.3491
1635669939159,0.4978,-1.6494,9.6172,-0.0224,0.0699,-0.3823
1635669939168,0.6963,-1.7207,9.5781,-0.0362,0.0859,-0.4023
1635669939188,0.4739,-1.4121,9.6719,-0.0873,0.1338,-0.4055
1635669939192,0.2656,-1.0625,9.7344,-0.1660,0.1199,-0.4653
1635669939200,0.5864,-1.1084,9.6484,-0.2448,0.0646,-0.5469
1635669939220,1.1250,-1.4580,9.5313,-0.3245,0.0210,-0.6172
1635669939221,1.2637,-1.4531,9.5234,-0.3926,0.0561,-0.6377
1635669939223,1.1875,-1.4766,9.4453,-0.4341,0.1050,-0.6494
1635669939250,1.0645,-1.5938,9.4219,-0.4438,0.1498,-0.7002
1635669939251,0.8906,-1.6250,9.3359,-0.4128,0.1721,-0.7524
1635669939253,0.8975,-1.4697,9.3594,-0.3704,0.1614,-0.8130
1635669939276,1.0557,-1.3398,9.4141,-0.3618,0.1572,-0.8813
1635669939279,1.1172,-1.5029,9.4531,-0.3723,0.1614,-0.9219
1635669939282,1.1465,-1.5273,9.4297,-0.3916,0.1625,-0.9751
1635669939306,1.1846,-1.4844,9.3047,-0.4043,0.1604,-1.0371
1635669939308,1.2012,-1.4883,9.2500,-0.4224,0.1688,-1.0723
1635669939309,1.1680,-1.5098,9.2031,-0.4587,0.1838,-1.1182
1635669939339,1.1416,-1.6631,9.0938,-0.4810,0.1923,-1.1777
1635669939341,1.0527,-1.7158,9.1172,-0.4927,0.1902,-1.2266
1635669939343,0.9648,-1.6367,9.2578,-0.5225,0.1774,-1.2842
1635669939375,1.0625,-1.6563,9.4141,-0.5776,0.1381,-1.3525
1635669939377,1.2949,-1.8887,9.4141,-0.6426,0.1136,-1.4121
1635669939380,1.4004,-2.2109,9.2891,-0.6851,0.1199,-1.4629
1635669939389,1.3760,-2.4746,9.1484,-0.6885,0.1487,-1.5146
1635669939391,1.3379,-2.6152,9.1016,-0.6626,0.1656,-1.5566
1635669939423,1.3281,-2.6484,9.1172,-0.6460,0.1710,-1.5947
1635669939425,1.3164,-2.6680,9.0859,-0.6523,0.1796,-1.6289
1635669939426,1.2227,-2.6836,9.0469,-0.6733,0.1987,-1.6533
1635669939449,1.1748,-2.6738,9.0313,-0.7148,0.2104,-1.6738
1635669939455,1.2754,-2.9004,9.2031,-0.8013,0.1880,-1.6934
1635669939457,1.7354,-3.5625,9.6406,-0.9312,0.1423,-1.7012
1635669939471,2.1797,-3.9258,10.1328,-1.1855,0.1381,-1.6934
1635669939473,2.4746,-3.5391,10.4766,-1.5479,0.2114,-1.6670
1635669939502,2.6973,-3.2813,10.9063,-1.9121,0.4019,-1.5684
1635669939506,2.2090,-3.2578,10.2500,-2.4082,0.6763,-1.4463
1635669939508,0.9766,-3.9805,9.9141,-2.6504,0.5615,-1.3643
1635669939522,0.8833,-4.5820,9.7031,-2.9160,0.5679,-1.2334
1635669939524,0.5313,-4.7578,9.0156,-3.1113,0.7393,-1.1953
1635669939553,-0.1699,-5.1289,8.7578,-3.1211,0.8574,-1.1045
1635669939555,-0.6606,-5.0313,9.0313,-3.1094,0.9009,-1.0576
1635669939557,-1.0293,-4.8477,9.3203,-3.0684,0.9170,-1.0459
1635669939577,-1.1318,-4.9844,9.5547,-3.0117,0.8755,-1.0244
1635669939579,-1.1035,-5.4219,9.7109,-2.9414,0.8330,-1.0352
1635669939581,-1.1875,-6.2656,9.7031,-2.7227,0.8369,-1.0283
1635669939607,-1.3359,-7.1797,9.5391,-2.3965,0.8550,-1.0205
1635669939609,-1.5605,-7.6289,9.3516,-2.0273,0.8711,-1.0293
1635669939611,-1.9727,-7.5234,9.1094,-1.6436,0.8926,-1.0225
1635669939637,-2.5313,-7.3203,8.9297,-1.2549,0.9092,-0.9580
1635669939639,-3.0117,-7.3320,8.8750,-0.9106,0.8926,-0.8813
1635669939641,-3.2383,-7.2852,8.9219,-0.7236,0.8213,-0.8247
1635669939667,-3.2988,-7.2539,9.0391,-0.6978,0.7329,-0.7310
1635669939669,-3.0391,-8.3594,9.5547,-0.6724,0.6328,-0.5991
1635669939671,-2.5938,-10.1875,9.8672,-0.6499,0.5210,-0.4270
1635669939697,-2.4492,-11.8438,9.6250,-0.4702,0.4646,-0.2524
1635669939699,-2.3652,-12.8906,9.3750,-0.0501,0.4690,-0.0981
1635669939701,-2.2070,-13.0938,9.2266,0.4233,0.4753,0.0614
1635669939727,-2.0918,-12.6719,9.1250,0.8213,0.4880,0.2423
1635669939729,-2.0195,-11.9922,9.0469,1.1055,0.5010,0.4104
1635669939731,-1.9033,-11.3516,8.9844,1.2744,0.5020,0.5859
1635669939757,-1.8740,-10.5781,8.8047,1.3242,0.5122,0.7827
1635669939759,-1.9482,-9.8828,8.5781,1.3262,0.5176,0.9795
1635669939761,-1.9844,-9.2109,8.2344,1.2578,0.4934,1.1611
1635669939787,-2.0527,-8.6172,7.8906,1.1338,0.4626,1.3486
1635669939789,-2.0527,-8.2813,7.6445,0.9893,0.4167,1.5146
1635669939791,-1.9268,-8.1016,7.6211,0.8438,0.3647,1.6436
1635669939817,-1.8213,-8.1875,7.5586,0.7959,0.3188,1.7588
1635669939819,-1.7979,-8.3516,7.4492,0.8457,0.2859,1.8779
1635669939821,-1.7686,-8.3828,7.1992,1.0127,0.2477,1.9805
1635669939847,-1.6777,-8.2266,6.8828,1.2607,0.2114,2.0762
1635669939849,-1.4980,-7.9180,6.7422,1.5566,0.1870,2.1328
1635669939851,-1.3281,-7.2852,6.6172,1.8057,0.1742,2.1680
1635669939879,-1.3525,-6.5430,6.5313,1.9658,0.1593,2.2051
1635669939885,-1.4844,-5.6211,6.5547,2.0117,0.1550,2.2344
1635669939887,-1.7500,-4.8828,6.2656,2.0059,0.1316,2.2617
1635669939897,-1.9482,-4.4570,6.0469,1.9502,0.0731,2.3066
1635669939900,-2.1016,-4.2188,5.9883,1.8809,0.0189,2.3262
1635669939928,-2.1270,-4.0430,5.8477,1.8115,-0.0503,2.3262
1635669939930,-2.0820,-3.8242,5.7930,1.7412,-0.1205,2.3125
1635669939932,-2.0332,-3.6211,5.5820,1.6094,-0.2301,2.2539
1635669939958,-2.2168,-3.2305,5.7188,1.5947,-0.2354,2.2246
1635669939969,-2.2109,-3.2559,6.0469,1.6826,-0.2886,2.1895
1635669939971,-1.9316,-3.1211,6.0781,1.7598,-0.3770,2.1523
1635669939989,-1.4746,-2.8125,6.0781,1.8301,-0.4429,2.0840
1635669939994,-0.9360,-2.2773,6.1250,1.8389,-0.4685,1.9971
1635669939998,-0.4189,-1.6016,6.0391,1.7695,-0.4695,1.9121
1635669940009,0.0837,-1.1943,6.0156,1.6631,-0.4609,1.8574
1635669940014,0.3901,-0.8330,6.0352,1.5029,-0.4248,1.8154
1635669940039,0.6104,-0.5981,6.4805,1.3770,-0.3630,1.7598
1635669940044,0.8594,-0.4739,6.9961,1.2725,-0.3364,1.6973
1635669940048,1.2998,-0.3733,7.5625,1.1611,-0.3406,1.6367
1635669940059,1.8770,-0.3064,7.8438,1.0879,-0.3333,1.5547
1635669940064,2.4707,-0.4141,7.7734,1.0879,-0.3003,1.4746
1635669940089,3.0176,-0.2727,7.6484,1.1045,-0.2461,1.3828
1635669940094,3.5859,0.3782,7.8164,1.0615,-0.1705,1.2451
1635669940099,4.0938,1.0557,8.4844,0.8809,-0.0917,1.0908
1635669940109,4.5508,1.6084,9.2500,0.5894,-0.0226,0.9326
1635669940114,4.8633,1.5342,9.7969,0.4084,0.0487,0.7754
1635669940139,4.9336,0.5791,9.7734,0.5020,0.1561,0.5996
1635669940144,4.5234,-1.1104,8.5234,1.1006,0.3210,0.3359
1635669940148,4.0156,-3.1816,7.2891,2.1309,0.5879,-0.0077
1635669940159,3.4395,-2.7266,6.7383,3.1445,0.8818,-0.2396
1635669940164,2.6680,0.3254,6.9727,3.8867,1.1299,-0.5693
1635669940190,1.6084,4.0469,7.4688,3.8926,1.2578,-0.9556
1635669940194,0.6270,6.1133,8.2500,3.1680,1.2080,-1.1738
1635669940199,0.2896,5.8438,8.8828,2.0098,1.0137,-1.2207
1635669940210,0.3757,4.3906,8.9141,0.7573,0.8262,-1.1836
1635669940221,0.0958,2.6152,8.8203,-0.2012,0.7915,-1.0674
1635669940230,-0.9717,1.6084,8.5156,-0.8320,0.8892,-0.9258
1635669940235,-2.8809,0.8379,8.1328,-1.1953,1.0186,-0.8218
1635669940262,-5.1797,-0.0909,7.4141,-1.4697,1.1143,-0.7686
1635669940264,-7.5313,-0.5815,6.5703,-1.6445,1.1729,-0.7227
1635669940265,-9.9922,-1.4287,6.3008,-1.5508,1.2656,-0.6548
1635669940289,-12.3750,-2.3301,6.3008,-1.2822,1.3340,-0.6440
1635669940292,-13.8906,-2.5684,6.2344,-0.8564,1.2256,-0.6758
1635669940296,-14.5391,-2.1172,6.0508,-0.2661,1.0176,-0.6182
1635669940319,-15.0781,-0.8618,5.9336,0.3647,0.8872,-0.4822
1635669940322,-15.5703,1.0391,5.9609,0.8350,0.8042,-0.3057
1635669940326,-15.6016,3.0879,6.0820,0.9927,0.6265,-0.0695
1635669940350,-14.8906,4.6680,7.1094,0.8672,0.3860,0.1646
1635669940355,-13.6953,5.4141,8.1641,0.5254,0.1210,0.3955
1635669940359,-12.6328,5.6328,8.4844,0.0531,-0.1588,0.6304
1635669940370,-11.6953,4.9219,8.3203,-0.3757,-0.4141,0.8159
1635669940376,-10.7266,3.6875,7.7539,-0.7012,-0.6270,0.9053
1635669940400,-9.7969,2.3594,7.4492,-0.8301,-0.7559,0.9082
1635669940405,-8.7344,1.0361,7.7852,-0.7363,-0.8364,0.8496
1635669940409,-7.4258,0.2130,8.0859,-0.5107,-0.9346,0.7456
1635669940420,-5.8984,-0.2346,8.2188,-0.1990,-1.0479,0.6318
1635669940425,-4.2734,-0.2776,8.5000,0.0723,-1.1260,0.5371
1635669940451,-2.7207,0.1866,8.9375,0.1616,-1.1523,0.4668
1635669940455,-1.3164,0.6699,9.6406,0.0148,-1.1846,0.4487
1635669940460,0.1221,0.7134,10.4297,-0.3384,-1.2676,0.4561
1635669940470,1.7998,0.1699,10.9922,-0.8013,-1.3906,0.4519
1635669940474,3.6309,-0.8950,11.2656,-1.1816,-1.4854,0.4604
1635669940500,5.4023,-2.4023,11.2188,-1.3008,-1.4678,0.4668
1635669940504,6.7813,-3.7129,10.9922,-1.1719,-1.3057,0.4326
1635669940507,7.6992,-4.4258,11.0625,-0.8184,-1.0166,0.3721
1635669940530,8.0313,-4.7852,11.0234,-0.3118,-0.6685,0.3220
1635669940534,8.0469,-4.5273,10.7656,0.1754,-0.3342,0.2742
1635669940537,7.7461,-3.6230,10.3750,0.5488,-0.0066,0.2094
1635669940560,7.1250,-2.3594,9.9844,0.7646,0.3008,0.1870
1635669940564,6.2852,-1.4355,9.5234,0.7935,0.5869,0.1796
1635669940567,5.2617,-1.0361,9.0703,0.6147,0.8359,0.1614
1635669940591,4.0469,-0.6821,8.5547,0.3457,1.0381,0.1082
1635669940594,2.7363,-0.2417,8.1250,0.1744,1.2021,0.0306
1635669940598,1.3545,0.1101,7.8047,0.1382,1.3271,-0.0503
1635669940621,-0.3398,0.3064,7.5586,0.1510,1.4463,-0.1428
1635669940624,-2.5293,0.3184,7.2656,0.1840,1.5801,-0.2386
1635669940628,-5.1172,0.4453,6.9297,0.2595,1.6787,-0.3269
1635669940651,-7.9023,0.6177,6.6523,0.4595,1.6963,-0.3801
1635669940654,-10.4063,0.9453,6.4063,0.6787,1.5830,-0.3801
1635669940658,-11.9688,1.9648,6.4414,0.7520,1.2959,-0.3779
1635669940681,-12.5859,3.1543,6.6758,0.6416,0.9541,-0.4089
1635669940684,-12.7969,3.7793,7.1289,0.3669,0.7095,-0.4109
1635669940688,-13.1719,3.8359,7.3555,-0.0107,0.5645,-0.3376
1635669940711,-13.5469,3.5996,7.2109,-0.3267,0.4221,-0.2184
1635669940715,-13.5078,3.2422,6.8789,-0.4534,0.2466,-0.0918
1635669940718,-12.6719,3.0020,6.7031,-0.4470,0.0699,0.0348
1635669940741,-11.5156,2.6934,7.1289,-0.3596,-0.0492,0.1348
1635669940745,-10.4375,2.3984,7.6914,-0.2246,-0.1300,0.1699
1635669940748,-9.2500,2.2285,8.2578,-0.0426,-0.2407,0.1976
1635669940771,-8.0781,2.1426,8.7109,0.1595,-0.3535,0.2391
1635669940775,-7.0117,2.2656,8.8906,0.3127,-0.4321,0.2625
1635669940778,-6.0898,2.4961,9.0000,0.3628,-0.4834,0.2656
1635669940801,-4.1680,1.9033,8.8203,0.0914,-0.6055,0.2083
1635669940805,-4.1680,1.9033,8.8203,0.0914,-0.6055,0.2083
1635669940809,-1.9912,1.0313,10.0313,-0.3276,-0.7686,0.0401
1635669940831,-0.5981,0.5264,10.5234,-0.5161,-0.8970,0.0082
1635669940835,0.8594,-0.0551,10.5938,-0.6768,-0.9961,0.0040
1635669940839,2.0918,-0.5552,10.7813,-0.7759,-0.9771,0.0104
1635669940862,2.8223,-1.3018,11.1172,-0.7744,-0.8389,0.0263
1635669940865,3.0996,-2.0684,11.1719,-0.7021,-0.6543,0.0178
1635669940869,3.1250,-2.7012,11.2344,-0.5000,-0.4705,-0.0280
1635669940920,3.2188,-2.9980,11.1250,-0.2012,-0.3206,-0.0684
1635669940923,3.5254,-3.0430,10.9844,0.1255,-0.1843,-0.0950
1635669940925,3.7363,-2.7070,10.8125,0.3679,-0.0056,-0.1439
1635669940927,3.5469,-2.0938,10.5859,0.4712,0.2306,-0.2078
1635669940929,2.8457,-1.5869,10.3359,0.4341,0.4775,-0.2578
1635669940963,1.9053,-1.0605,10.1484,0.2966,0.7114,-0.3066
1635669940967,0.7637,-0.7852,9.8281,0.1670,0.8989,-0.3557
1635669940971,-0.4858,-0.9907,9.4453,0.0850,1.0313,-0.4077
1635669940973,-1.6348,-1.2207,9.0156,0.0872,1.1455,-0.5078
1635669940974,-2.7637,-1.2305,8.6172,0.2074,1.2451,-0.6079
1635669940991,-4.1953,-1.1484,8.2500,0.4211,1.3574,-0.6641
1635669940993,-6.0430,-1.1270,8.1172,0.6445,1.4678,-0.6992
1635669941002,-8.1563,-0.9839,8.2109,0.8203,1.5225,-0.7505
1635669941004,-10.0859,-0.5791,8.1172,0.9810,1.4385,-0.8154
1635669941036,-11.1641,0.2130,7.8594,1.1211,1.1973,-0.8516
1635669941037,-11.1875,1.1943,7.5586,1.2070,0.8965,-0.8481
1635669941039,-10.6641,1.9678,7.3242,1.2246,0.6890,-0.8184
1635669941064,-10.7969,2.4297,7.3125,1.1680,0.6753,-0.7246
1635669941066,-12.1563,2.6094,7.1484,1.0928,0.7637,-0.5352
1635669941067,-13.4844,2.7598,6.4727,1.0186,0.7104,-0.3098
1635669941094,-13.5234,3.1914,5.5508,0.8979,0.4478,-0.0897
1635669941096,-12.3516,3.6387,4.9414,0.6997,0.1561,0.1019
1635669941100,-11.0156,3.7656,5.0625,0.4160,-0.0088,0.2487
1635669941115,-10.1016,3.5742,5.2383,0.0510,-0.1290,0.3711
1635669941117,-9.1875,3.1133,5.4805,-0.2883,-0.3174,0.4722
1635669941144,-8.0313,2.3574,5.8828,-0.4863,-0.5469,0.5303
1635669941148,-6.6953,1.2305,6.2188,-0.5254,-0.7803,0.5518
1635669941150,-5.2734,0.3447,6.6133,-0.4521,-0.9780,0.5391
1635669941176,-3.8516,-0.2035,6.9258,-0.2554,-1.0977,0.5039
1635669941178,-2.5586,-0.5601,7.3008,0.0297,-1.1475,0.4775
1635669941179,-1.4883,-0.4429,7.6016,0.3254,-1.1201,0.4529
1635669941205,-0.7661,0.2227,7.7305,0.5615,-1.0244,0.4370
1635669941212,-0.2705,1.3232,7.6641,0.6563,-0.8823,0.4326
1635669941213,-0.1221,2.4004,7.8828,0.5488,-0.7207,0.4338
1635669941234,-0.1963,3.1973,8.1641,0.2394,-0.5728,0.4146
1635669941235,-0.3230,3.4688,8.1172,-0.2086,-0.4768,0.3625
1635669941237,-0.2847,3.0977,7.8945,-0.6626,-0.4312,0.2783
1635669941267,-0.1077,2.6250,7.5156,-1.0322,-0.3833,0.1614
1635669941270,-0.0311,2.1875,7.1016,-1.2246,-0.2896,0.0433
1635669941275,-0.1029,1.6807,6.8828,-1.2627,-0.1598,-0.0567
1635669941296,-0.3711,1.4453,6.9102,-1.2305,-0.0205,-0.1737
1635669941298,-0.8164,1.5127,6.9688,-1.1719,0.0923,-0.3174
1635669941300,-1.2568,1.4961,6.7070,-1.1357,0.1891,-0.4407
1635669941324,-1.7041,1.4619,6.1758,-1.1436,0.2869,-0.5405
1635669941329,-2.1992,1.5889,5.5781,-1.2285,0.4114,-0.6558
1635669941331,-2.7422,1.7422,5.0391,-1.3818,0.5444,-0.7993
1635669941345,-3.3301,1.6680,4.4102,-1.6270,0.6104,-0.9375
1635669941347,-3.6445,1.2207,4.3477,-1.9766,0.5967,-1.1035
1635669941376,-3.5918,0.4070,4.9727,-2.3672,0.5625,-1.2949
1635669941379,-3.5234,-0.4739,5.4531,-2.6641,0.5381,-1.4316
1635669941381,-3.5176,-1.5840,5.7266,-2.6875,0.5264,-1.5234
1635669941396,-3.5957,-2.5137,5.8750,-2.5176,0.5083,-1.5840
1635669941397,-3.7402,-2.7090,6.3086,-2.2715,0.4956,-1.6553
1635669941426,-3.9551,-2.4043,7.0430,-2.0566,0.5010,-1.7529
1635669941429,-4.2852,-2.2617,7.6133,-1.9541,0.4912,-1.8066
1635669941430,-4.5508,-2.7754,7.7422,-1.8730,0.4348,-1.8359
1635669941454,-4.5625,-3.5742,7.2383,-1.7617,0.3625,-1.8877
1635669941456,-4.4570,-4.1484,6.6953,-1.5791,0.3167,-1.9307
1635669941460,-4.4023,-4.2969,6.0391,-1.3809,0.3071,-1.9795
1635669941483,-4.5391,-4.2227,5.6992,-1.2246,0.3188,-2.0176
1635669941486,-4.8867,-4.1094,6.0195,-1.1416,0.3198,-2.0332
1635669941488,-5.2070,-4.1563,6.8438,-1.0508,0.2625,-2.0527
1635669941513,-5.2227,-4.4570,7.6719,-0.8447,0.1284,-2.0820
1635669941515,-4.8945,-4.5820,8.0156,-0.5991,-0.0450,-2.0781
1635669941516,-4.3008,-4.4727,8.5781,-0.4204,-0.2279,-2.0508
1635669941544,-3.7168,-4.1055,9.0000,-0.4670,-0.3833,-2.0430
1635669941546,-3.2285,-4.0547,8.8750,-0.6626,-0.4727,-2.0781
1635669941548,-3.1211,-4.5195,8.3359,-0.8491,-0.5054,-2.0977
1635669941574,-3.3301,-5.0391,7.8594,-0.8364,-0.5088,-2.1035
1635669941576,-3.4785,-5.7422,7.6719,-0.4917,-0.5332,-2.1035
1635669941577,-3.4531,-6.3359,7.4141,-0.0607,-0.5854,-2.0898
1635669941604,-3.2793,-6.2109,7.3242,0.2446,-0.6460,-2.0371
1635669941606,-3.0762,-5.4648,7.6172,0.3052,-0.7280,-1.9824
1635669941608,-2.8711,-4.6875,8.4375,0.0627,-0.8320,-1.9688
1635669941634,-2.5820,-4.1445,9.7109,-0.3555,-0.9600,-1.9551
1635669941636,-2.1035,-4.0352,10.2578,-0.6362,-1.0762,-1.9199
1635669941638,-1.6777,-4.7930,10.1875,-0.6245,-1.1377,-1.8203
1635669941665,-1.4580,-6.1094,10.0234,-0.4597,-1.1611,-1.7207
1635669941666,-1.3262,-7.0313,9.5313,-0.2012,-1.1563,-1.6934
1635669941668,-1.1650,-7.5859,9.3672,0.2234,-1.1221,-1.6641
1635669941695,-1.0625,-7.6797,9.6172,0.5752,-1.0996,-1.6299
1635669941696,-1.0293,-6.6406,10.2500,0.6489,-1.0947,-1.6660
1635669941698,-1.1172,-5.1680,10.8906,0.4490,-1.1494,-1.6670
1635669941725,-1.2617,-4.3086,10.9688,0.1862,-1.2305,-1.6094
1635669941726,-1.0391,-5.3750,10.5469,0.0584,-1.3438,-1.5186
1635669941728,-0.5767,-6.6719,9.9297,0.0329,-1.4326,-1.4131
1635669941755,-0.1484,-7.1172,9.1953,0.1361,-1.4336,-1.3066
1635669941756,0.0646,-6.7773,8.9375,0.3936,-1.3545,-1.1992
1635669941758,0.0431,-6.0430,9.6016,0.6479,-1.2666,-1.1006
1635669941785,-0.0646,-5.7695,10.6563,0.8574,-1.2266,-0.9980
1635669941786,0.2227,-6.0625,11.1563,0.9126,-1.2568,-0.9546
1635669941788,0.6460,-6.2578,11.5547,0.8276,-1.2783,-0.9824
1635669941815,1.1367,-6.5859,11.7422,0.8115,-1.2500,-1.0117
1635669941817,1.5918,-6.5156,11.4766,0.7158,-1.1670,-1.0723
1635669941818,1.7881,-5.7188,10.9453,0.4841,-1.0264,-1.0879
1635669941845,1.6758,-4.8203,10.3281,0.2159,-0.8608,-0.9868
1635669941847,1.3760,-4.3281,9.6953,-0.0341,-0.7461,-0.8208
1635669941848,1.2090,-3.8867,8.9922,-0.3447,-0.7002,-0.6992
1635669941875,1.1611,-3.7402,8.4766,-0.6875,-0.6440,-0.6353
1635669941877,1.1826,-4.1406,8.1953,-1.0645,-0.6079,-0.5601
1635669941878,1.2998,-4.8086,8.0938,-1.4033,-0.6143,-0.5078
1635669941903,1.4980,-5.1875,8.5625,-1.5840,-0.6377,-0.5044
1635669941904,1.7617,-5.5703,9.1563,-1.5791,-0.6406,-0.5068
1635669941905,2.0801,-6.1875,9.3125,-1.4648,-0.6045,-0.4854
1635669941933,2.3477,-6.7969,9.1094,-1.2988,-0.5234,-0.4717
1635669941934,2.5391,-7.0781,8.8594,-1.0918,-0.4226,-0.4802
1635669941935,2.6582,-7.1328,8.5156,-0.8330,-0.3247,-0.4812
1635669941963,2.7480,-6.9688,8.1328,-0.5840,-0.2184,-0.4939
1635669941964,2.7891,-6.6758,7.8789,-0.3682,-0.1109,-0.5088
1635669941965,2.6992,-6.3125,7.6406,-0.2330,-0.0173,-0.4695
1635669941999,2.5469,-5.8320,7.4023,-0.1649,0.0561,-0.4258
1635669942001,2.3613,-5.5234,7.2891,-0.1692,0.1093,-0.3865
1635669942003,2.2090,-5.4766,7.3945,-0.2172,0.1263,-0.3481
1635669942027,2.1660,-5.6523,7.6797,-0.2585,0.1019,-0.3269
1635669942032,2.3340,-5.8438,7.8008,-0.2959,0.0678,-0.3162
1635669942036,2.5410,-5.9141,7.7305,-0.3225,0.0646,-0.2971
1635669942045,2.5293,-5.9258,7.6289,-0.3140,0.0912,-0.2661
1635669942049,2.4023,-5.8594,7.4961,-0.2788,0.1189,-0.2407
1635669942075,2.3125,-5.8359,7.4492,-0.2224,0.1306,-0.2078
1635669942079,2.3223,-5.8555,7.3945,-0.1831,0.1199,-0.1694
1635669942084,2.3281,-5.8242,7.2773,-0.1543,0.1083,-0.1407
1635669942095,2.3125,-5.8555,7.3867,-0.1150,0.0955,-0.1046
1635669942099,2.3457,-5.9219,7.6250,-0.0618,0.0742,-0.0769
1635669942125,2.4512,-5.9805,7.6953,-0.0086,0.0561,-0.0630
1635669942129,2.5234,-5.9922,7.5117,0.0244,0.0561,-0.0471
1635669942134,2.4844,-5.9180,7.4063,0.0734,0.0678,-0.0237
1635669942145,2.4102,-5.8320,7.4375,0.1425,0.0784,-0.0014
1635669942150,2.4043,-5.6992,7.4023,0.1957,0.0817,0.0242
1635669942175,2.3145,-5.4844,7.4180,0.2244,0.0880,0.0486
1635669942179,2.1484,-5.2578,7.5391,0.2266,0.0891,0.0688
1635669942184,2.0586,-5.0898,7.7305,0.1968,0.0699,0.0816
1635669942195,2.0527,-5.1641,7.8477,0.1510,0.0412,0.1029
1635669942199,2.1270,-5.3398,7.8711,0.0723,0.0210,0.1221
1635669942225,2.1641,-5.5234,7.9336,-0.0033,0.0125,0.1455
1635669942229,2.1563,-5.7695,8.0156,-0.0703,0.0040,0.1891
1635669942234,2.1582,-6.0039,8.2813,-0.1511,-0.0141,0.2369
1635669942245,2.2383,-6.4297,8.8203,-0.1990,-0.0428,0.2976
1635669942255,2.4531,-6.7891,9.3516,-0.2627,-0.0609,0.3796
1635669942265,2.6133,-7.1211,10.0469,-0.3225,-0.0439,0.4912
1635669942270,2.7090,-7.4258,10.5078,-0.4097,0.0061,0.6382
1635669942295,2.7910,-8.1016,10.8438,-0.5479,0.0508,0.8394
1635669942300,2.9336,-9.3594,11.1250,-0.6875,0.0912,1.0713
1635669942304,3.1641,-10.4531,11.4922,-0.7896,0.1561,1.3467
1635669942314,3.1543,-11.0547,12.0078,-0.7969,0.2827,1.6289
1635669942317,2.9551,-10.8594,12.3516,-0.8340,0.4509,1.7607
1635669942344,2.3691,-10.3672,12.6328,-0.9575,0.6382,1.8975
1635669942347,1.5059,-9.9375,12.5234,-1.2070,0.7485,1.9746
1635669942364,0.8809,-10.4063,12.2656,-1.3438,0.8159,2.2578
1635669942369,0.5981,-12.1563,12.6484,-1.0137,0.8721,2.5078
1635669942372,0.9907,-13.4063,12.7813,-0.3713,0.8433,2.4629
1635669942384,1.2998,-13.1016,12.0938,0.1968,0.8989,2.5020
1635669942387,0.9790,-12.1406,11.0391,0.5298,1.0898,2.6543
1635669942416,0.2871,-11.2578,10.3672,0.6616,1.3037,2.7871
1635669942419,-0.3184,-10.2969,9.9219,0.7998,1.4521,2.9121
1635669942423,-0.7466,-9.6016,9.7188,1.1094,1.5244,3.0566
1635669942434,-0.9336,-8.9453,9.6250,1.3525,1.5332,3.1406
1635669942437,-0.9453,-8.4219,9.3984,1.4365,1.5264,3.1973
1635669942478,-1.0195,-8.0078,8.7266,1.4307,1.5225,3.3027
1635669942495,-1.3877,-7.2773,7.7930,1.4756,1.5576,3.3398
1635669942511,-2.0254,-6.5977,7.0430,1.6631,1.6211,3.3379
1635669942516,-2.7207,-5.7148,6.4180,1.7529,1.6338,3.3281
1635669942519,-3.1602,-4.6914,5.7617,1.7148,1.5605,3.3066
1635669942523,-3.4629,-3.9023,5.3047,1.6553,1.4453,3.2715
1635669942526,-3.7402,-3.8281,5.2500,1.6650,1.3584,3.2246
1635669942530,-4.0117,-4.2969,5.1211,1.7764,1.2490,3.1504
1635669942534,-4.1406,-4.7734,4.6992,1.9375,1.0938,3.0508
1635669942538,-4.0547,-4.5430,4.0430,2.0527,0.8999,2.9453
1635669942564,-3.8730,-4.0430,3.6367,2.1816,0.7085,2.8535
1635669942567,-3.6328,-3.5488,3.8711,2.2715,0.5410,2.7559
1635669942571,-3.3887,-3.0156,4.1602,2.2988,0.3635,2.6523
1635669942594,-3.1016,-2.3965,4.1055,2.2949,0.2062,2.5605
1635669942597,-2.9453,-1.8594,3.6016,2.2461,0.0646,2.5117
1635669942601,-2.9453,-1.3398,3.1211,2.1563,-0.0545,2.4766
1635669942624,-3.0801,-0.7705,3.0820,2.0840,-0.1482,2.4395
1635669942628,-2.9609,-0.0814,3.5430,2.0215,-0.2524,2.3691
1635669942631,-2.5566,0.5791,3.9883,1.9375,-0.3726,2.2617
1635669942654,-1.9580,0.9692,4.4141,1.8457,-0.4587,2.1465
1635669942658,-1.2900,1.1035,4.7773,1.7256,-0.5015,2.0137
1635669942661,-0.7876,1.2656,5.1055,1.5322,-0.5098,1.8623
1635669942674,-0.5601,1.6328,5.6094,1.3496,-0.4768,1.6885
1635669942677,-0.4355,2.0918,6.1445,1.2227,-0.4460,1.5029
1635669942704,-0.0909,2.2266,6.8555,1.1582,-0.4578,1.3447
1635669942707,0.4355,2.2500,7.0898,1.1289,-0.4802,1.1719
1635669942711,1.1797,2.1777,7.1172,1.1416,-0.4673,0.9805
1635669942734,1.7471,2.0156,6.9180,1.1709,-0.3738,0.7871
1635669942737,1.8984,2.0742,6.4961,1.1426,-0.1960,0.5815
1635669942741,1.7617,2.2734,6.6602,1.0752,0.0125,0.3550
1635669942764,1.5176,2.3594,6.9258,0.9575,0.1997,0.1210
1635669942767,1.2539,2.2090,7.6523,0.8296,0.3381,-0.0758
1635669942771,1.1387,1.5801,8.2266,0.7402,0.4307,-0.2556
1635669942794,0.9551,0.5693,8.4375,0.7148,0.5059,-0.3906
1635669942807,0.3972,-0.1005,8.1953,0.7085,0.6123,-0.5044
1635669942810,-1.6445,-0.2010,7.7656,0.8374,0.8232,-0.6440
1635669942815,-2.7754,0.4285,7.1641,0.8989,0.8433,-0.6470
1635669942818,-3.9258,1.3047,6.6953,0.9385,0.8550,-0.6016
1635669942844,-4.8828,1.9990,6.4453,0.9141,0.8477,-0.5649
1635669942848,-5.7969,2.3887,6.2695,0.7896,0.8330,-0.5249
1635669942851,-7.1406,2.3516,6.2852,0.5884,0.8721,-0.4609
1635669942874,-9.1563,1.9600,6.3633,0.3413,0.9287,-0.4600
1635669942878,-11.2031,2.0391,6.3398,0.0723,0.8926,-0.5332
1635669942881,-12.7188,2.0313,6.1328,-0.0320,0.7402,-0.5898
1635669942904,-13.4375,1.4170,5.7930,0.0818,0.5176,-0.5767
1635669942921,-13.7031,1.2275,5.5313,0.2573,0.3008,-0.5234
1635669942925,-14.0000,1.8955,5.4102,0.4075,0.1688,-0.4290
1635669942929,-14.1953,2.5410,5.1484,0.4937,0.0327,-0.2908
1635669942933,-14.0625,3.1602,4.7891,0.4031,-0.1492,-0.1482
1635669942944,-13.4766,3.4395,4.4648,0.2042,-0.3237,0.0220
1635669942948,-12.5859,3.1016,4.3359,-0.0682,-0.4653,0.1934
1635669942974,-11.6953,2.8887,4.5664,-0.3777,-0.5791,0.3242
1635669942978,-10.6719,2.3965,5.1094,-0.5967,-0.7207,0.4189
1635669942981,-9.5156,1.5176,5.8164,-0.7139,-0.8760,0.5083
1635669943004,-8.3828,0.4812,6.5430,-0.7075,-1.0381,0.5879
1635669943008,-7.2344,-0.1268,7.0742,-0.5732,-1.1973,0.6211
1635669943011,-5.9180,-0.1580,7.3711,-0.3704,-1.3418,0.6499
1635669943038,-4.5664,0.1819,7.7109,-0.2395,-1.4414,0.6914
1635669943042,-3.1934,0.9575,8.6094,-0.3000,-1.4795,0.7178
1635669943045,-1.7471,1.6582,10.0781,-0.5278,-1.4941,0.7197
1635669943055,-0.2394,1.5918,10.9844,-0.8691,-1.5029,0.7476
1635669943058,1.1533,0.7993,11.1016,-1.2168,-1.4766,0.7935
1635669943085,2.3125,-0.2417,11.2031,-1.4482,-1.3438,0.7681
1635669943088,3.2715,-1.1748,11.7188,-1.4902,-1.1182,0.6890
1635669943091,4.0742,-2.0430,12.3281,-1.3096,-0.8555,0.6021
1635669943115,4.6406,-2.9512,12.9453,-0.9087,-0.5703,0.5166
1635669943118,4.9531,-3.2676,12.7344,-0.3682,-0.2556,0.4114
1635669943121,4.8398,-2.7227,11.7891,0.2266,0.1157,0.2859
1635669943145,4.1367,-1.4746,10.9688,0.6816,0.5239,0.1444
1635669943148,3.0020,0.2944,10.2734,0.8042,0.8794,-0.0067
1635669943152,2.0000,1.4863,9.7344,0.6660,1.1143,-0.1428
1635669943175,1.1465,1.7813,9.1328,0.3425,1.2598,-0.2512
1635669943178,0.2585,1.3594,8.7031,0.0180,1.3555,-0.3418
1635669943181,-0.7300,0.3542,8.5234,-0.1426,1.4170,-0.4172
1635669943205,-2.0781,-0.4045,7.9219,-0.1373,1.4736,-0.5000
1635669943208,-3.7363,-1.0771,7.3945,0.1350,1.5420,-0.5693
1635669943211,-5.6953,-1.3184,7.0391,0.5039,1.5967,-0.5947
1635669943235,-7.9023,-0.6797,6.8984,0.8682,1.6172,-0.5884
1635669943238,-10.0078,0.5146,6.7617,1.1650,1.5488,-0.5522
1635669943242,-11.7422,1.7998,6.5977,1.2607,1.3652,-0.5015
1635669943265,-13.0703,2.6992,6.7656,1.1611,1.1572,-0.4333
1635669943268,-14.1719,3.0352,6.7070,0.9404,0.9858,-0.3130
1635669943272,-14.7891,3.1445,6.2188,0.6768,0.8276,-0.1609
1635669943295,-14.5469,3.4688,5.4414,0.4211,0.6499,-0.0450
1635669943302,-13.7422,4.0352,4.5430,0.1722,0.5010,0.0550
1635669943306,-12.9609,4.2578,3.8652,-0.0597,0.4338,0.1667
1635669943315,-12.4531,3.8867,3.6445,-0.2766,0.4041,0.2795
1635669943319,-12.0156,3.3789,4.0117,-0.4363,0.3071,0.3721
1635669943345,-11.2422,2.6582,4.8086,-0.4417,0.0753,0.4231
1635669943349,-10.0469,2.0254,5.5703,-0.3606,-0.2842,0.4307
1635669943352,-8.6016,1.8262,6.7031,-0.1990,-0.6523,0.4041
1635669943365,-7.1172,1.6230,7.3320,-0.0022,-0.9761,0.3711
1635669943368,-5.6758,1.5537,7.4805,0.1393,-1.2275,0.3369
1635669943395,-4.2734,1.7422,7.3242,0.1979,-1.3613,0.2764
1635669943399,-3.0488,2.1328,7.5195,0.1670,-1.3574,0.2274
1635669943402,-1.8428,2.0820,8.7578,0.0936,-1.2734,0.1891
1635669943425,-0.6772,1.5391,9.9453,-0.0660,-1.1895,0.1731
1635669943429,0.4714,0.6631,10.8516,-0.2469,-1.0918,0.1550
1635669943434,1.4961,-0.2297,11.5625,-0.3938,-0.9292,0.1125
1635669943446,2.2422,-0.7251,11.9453,-0.4736,-0.7036,0.0688
1635669943449,2.5977,-1.1777,12.0469,-0.4490,-0.4365,0.0370
1635669943483,2.6016,-1.7813,11.8984,-0.3970,-0.1545,0.0220
1635669943491,2.3262,-2.0742,11.4922,-0.3213,0.1327,0.0008
1635669943497,1.8242,-2.0684,11.0078,-0.1362,0.4136,-0.0322
1635669943505,1.1436,-1.6777,10.3047,0.0361,0.6519,-0.0524
1635669943510,0.3088,-0.8906,9.5391,0.1159,0.8604,-0.0695
1635669943527,-0.8042,-0.2250,8.8594,0.1169,1.0557,-0.0662
1635669943531,-2.1230,0.2991,8.3359,0.0255,1.2021,-0.0460
1635669943537,-3.5586,0.7852,7.9297,-0.1097,1.2861,-0.0248
1635669943542,-4.9492,1.0098,7.7344,-0.2278,1.3037,-0.0099
1635669943567,-6.2188,0.7275,7.3164,-0.3064,1.2490,-0.0045
1635669943571,-7.3281,0.5957,6.7031,-0.3374,1.1533,0.0008
1635669943575,-8.2344,0.9575,6.1523,-0.2172,1.0859,0.0146
1635669943586,-9.1172,1.8047,5.7188,-0.0065,1.0449,0.0508
1635669943589,-9.9141,3.0137,5.3867,0.1191,0.9902,0.0901
1635669943616,-10.4453,4.1016,5.1445,0.0765,0.8989,0.0933
1635669943619,-10.6172,4.8047,4.8438,-0.1235,0.7808,0.0540
1635669943623,-10.5313,5.1445,4.4648,-0.4023,0.6763,0.0125
1635669943636,-10.1563,5.3477,4.1055,-0.6587,0.5889,-0.0226
1635669943639,-9.5313,5.3320,4.0078,-0.8491,0.5010,-0.0811
1635669943666,-8.9766,5.2656,4.3789,-1.0342,0.4285,-0.1482
1635669943669,-8.4688,4.9297,4.9688,-1.2217,0.3518,-0.2216
1635669943673,-7.7734,4.0352,5.5938,-1.3760,0.2391,-0.3215
1635669943686,-6.9180,2.9902,6.2422,-1.4326,0.1210,-0.4622
1635669943690,-6.0313,1.9580,6.7266,-1.3320,0.0476,-0.6353
1635669943716,-5.1563,0.9600,6.5430,-1.1270,-0.0109,-0.7920
1635669943720,-4.4805,0.1938,6.2578,-0.9067,-0.0226,-0.9058
1635669943723,-4.1914,-0.2297,6.0000,-0.6958,0.0434,-0.9917
1635669943736,-3.9922,-0.2489,5.6016,-0.6514,0.0880,-1.0791
1635669943740,-3.9551,0.0790,5.6719,-0.8032,0.1678,-1.1563
1635669943766,-4.0508,0.3469,5.9883,-0.9692,0.2477,-1.1768
1635669943770,-4.1211,-0.3040,6.1406,-1.1426,0.2168,-1.1113
1635669943773,-4.1914,-1.1318,6.3555,-1.3086,0.1636,-1.0801
1635669943786,-4.2383,-1.3643,6.6953,-1.4365,0.1487,-1.1270
1635669943790,-4.3320,-1.4531,6.8438,-1.5342,0.1199,-1.1279
1635669943816,-4.5391,-1.7568,6.7695,-1.6455,0.0583,-1.0684
1635669943820,-4.7148,-2.1035,6.5117,-1.6455,0.0583,-1.0684
1635669943823,-4.8203,-2.9063,5.8359,-1.4990,-0.0003,-1.1143
1635669943836,-5.0313,-3.0586,6.0703,-1.3252,0.0221,-1.1455
1635669943840,-5.3477,-3.0039,6.1953,-1.1611,0.0423,-1.1631
1635669943866,-5.5703,-2.7754,6.0625,-1.0215,0.0019,-1.1904
1635669943870,-5.6016,-2.4199,5.7891,-0.9287,-0.0651,-1.2373
1635669943873,-5.5703,-2.1113,5.8906,-0.9365,-0.1205,-1.2939
1635669943886,-5.3359,-2.0391,6.5234,-0.9819,-0.1663,-1.3623
1635669943890,-5.0156,-2.3027,6.9375,-0.9917,-0.2024,-1.4512
1635669943916,-4.8789,-2.7793,6.9258,-0.8755,-0.2067,-1.5186
1635669943920,-4.9414,-3.1875,6.6328,-0.6191,-0.1631,-1.5713
1635669943939,-5.1133,-3.2617,6.2969,-0.3213,-0.1216,-1.6318
1635669943943,-5.1563,-2.8555,5.8594,-0.1373,-0.1257,-1.7100
1635669943955,-5.0703,-2.1113,5.4023,-0.2054,-0.1492,-1.8086
1635669943960,-5.0469,-1.6016,5.4141,-0.5317,-0.1609,-1.9014
1635669943963,-5.2188,-1.5752,5.5039,-1.0176,-0.1503,-1.9805
1635669943986,-5.4023,-2.2129,5.3789,-1.4639,-0.1566,-2.0313
1635669943990,-5.2969,-3.3574,5.8242,-1.6885,-0.2195,-2.0605
1635669943993,-4.8086,-4.7109,6.7148,-1.6221,-0.3120,-2.0859
1635669944006,-4.2109,-5.8477,7.3203,-1.3242,-0.3821,-2.0977
1635669944020,-3.7285,-6.6211,7.5430,-0.8428,-0.3960,-2.0898
1635669944027,-3.4707,-7.0547,7.5273,-0.3235,-0.3535,-2.0859
1635669944030,-3.3418,-6.7852,7.3555,-0.0533,-0.3193,-2.0996
1635669944056,-3.3965,-5.5469,6.4922,-0.1448,-0.3025,-2.1367
1635669944060,-3.6914,-4.7539,5.7188,-0.2991,-0.2439,-2.1426
1635669944063,-4.0430,-5.1797,5.6680,-0.5083,-0.2152,-2.0859
1635669944087,-4.1602,-5.8242,6.0039,-0.7744,-0.2512,-2.0566
1635669944090,-3.9277,-6.6758,6.7617,-0.7300,-0.3162,-2.0410
1635669944094,-3.5156,-7.6797,7.6719,-0.4619,-0.4131,-2.0176
1635669944107,-3.1211,-8.1875,8.0547,-0.1405,-0.4736,-2.0078
1635669944120,-2.8809,-8.3359,8.2734,0.2106,-0.4983,-1.9590
1635669944135,-2.8262,-7.5508,8.0156,0.2500,-0.5493,-1.9277
1635669944138,-3.0137,-5.8555,7.4336,-0.0224,-0.5781,-1.9316
1635669944147,-3.2461,-4.9570,6.9531,-0.3447,-0.5781,-1.8613
1635669944150,-3.2559,-5.2969,6.7422,-0.7896,-0.6377,-1.7461
1635669944177,-2.9609,-6.4141,7.0469,-1.2402,-0.7129,-1.6602
1635669944180,-2.5293,-7.7969,7.3945,-1.4639,-0.7695,-1.5957
1635669944184,-2.2285,-8.7109,7.6055,-1.3945,-0.7939,-1.5273
1635669944197,-2.1230,-9.0156,7.7617,-1.1299,-0.7705,-1.4580
1635669944200,-2.2422,-8.4063,7.8203,-1.0801,-0.7651,-1.3916
1635669944227,-2.6055,-6.8633,7.6133,-1.3398,-0.7769,-1.3760
1635669944230,-2.9082,-6.2031,7.4453,-1.5576,-0.7822,-1.3652
1635669944234,-2.7793,-7.1602,6.9180,-1.7646,-0.8618,-1.3018
1635669944247,-2.2910,-8.5703,6.4414,-1.9727,-0.9331,-1.2402
1635669944250,-1.7930,-9.6953,6.7969,-1.9424,-0.9087,-1.2080
1635669944277,-1.5225,-10.4219,7.1641,-1.7002,-0.8354,-1.1904
1635669944280,-1.4355,-10.9297,7.1641,-1.3057,-0.7642,-1.1885
1635669944290,-1.3525,-11.1875,6.9844,-0.7925,-0.7065,-1.2129
1635669944297,-1.2178,-11.1719,6.7656,-0.2512,-0.6567,-1.2217
1635669944300,-1.0313,-10.8672,6.7148,0.2010,-0.6152,-1.2002
1635669944327,-0.8208,-10.1563,6.8086,0.4277,-0.6245,-1.1885
1635669944332,-0.7227,-8.8828,6.6250,0.4116,-0.6406,-1.1904
1635669944348,-0.6724,-7.8203,6.5430,0.3457,-0.6299,-1.1729
1635669944365,-0.5625,-7.3398,6.5977,0.2361,-0.6313,-1.1074
1635669944382,-0.4260,-7.2188,6.6328,0.0574,-0.6567,-1.0439
1635669944387,-0.2346,-7.3477,6.6797,-0.1383,-0.6792,-1.0342
1635669944400,-0.0526,-7.6445,6.5742,-0.2563,-0.7090,-1.0508
1635669944403,0.1316,-8.0313,6.2969,-0.2299,-0.7310,-1.0957
1635669944407,0.3494,-8.6016,6.0039,0.0180,-0.7407,-1.1387
1635669944411,0.7466,-9.4766,5.8555,0.4553,-0.7354,-1.1523
1635669944415,1.1104,-10.0703,5.7930,0.8999,-0.7227,-1.1338
1635669944427,1.3281,-9.9766,5.6563,1.2305,-0.6885,-1.1514
1635669944446,1.3643,-9.3047,5.6367,1.4746,-0.6362,-1.1797
1635669944452,1.3379,-8.7109,5.8047,1.6621,-0.5908,-1.1963
1635669944458,1.3428,-8.1484,6.1914,1.7051,-0.5864,-1.1689
1635669944467,1.2656,-7.1250,6.5430,1.3125,-0.5664,-1.0859
1635669944471,1.2012,-6.7969,6.4141,0.7583,-0.5737,-1.0459
1635669944512,1.3955,-7.5859,6.1445,0.6372,-0.6587,-1.0146
1635669944528,1.6582,-7.9688,5.9805,0.7339,-0.7026,-0.9312
1635669944561,1.9600,-7.4570,5.9141,0.8818,-0.6748,-0.8779
1635669944578,2.1563,-6.8516,6.0039,1.0107,-0.6055,-0.8110
1635669944584,2.1953,-6.6328,6.2969,1.0049,-0.5513,-0.7046
1635669944610,2.1816,-6.7578,6.4297,0.8789,-0.5313,-0.5884
1635669944627,2.2031,-7.0313,6.5781,0.7764,-0.5142,-0.5088
1635669944656,2.3184,-7.1719,6.7109,0.7275,-0.4939,-0.4451
1635669944676,2.4648,-7.1289,6.8555,0.7275,-0.4568,-0.3972
1635669944692,2.5371,-6.9609,7.0039,0.7510,-0.4087,-0.3428
1635669944725,2.5371,-6.7969,7.0547,0.8330,-0.3621,-0.2971
1635669944743,2.5742,-6.4375,7.1914,0.9063,-0.3206,-0.2683
1635669944747,2.6113,-6.0586,7.2734,0.9233,-0.2800,-0.2534
1635669944774,2.6758,-5.8477,7.3125,0.9395,-0.2439,-0.2588
1635669944790,2.7363,-5.6758,7.4023,0.9341,-0.2067,-0.2544
1635669944807,2.7715,-5.4961,7.4180,0.8477,-0.1715,-0.2396
1635669944811,2.7852,-5.5313,7.4492,0.7827,-0.1375,-0.2344
1635669944815,2.7930,-5.5742,7.5391,0.7510,-0.1013,-0.2365
1635669944823,2.7832,-5.3945,7.5938,0.6870,-0.0684,-0.2290
1635669944840,2.7402,-5.2188,7.5664,0.5869,-0.0396,-0.2141
1635669944856,2.6719,-5.1719,7.5195,0.4937,-0.0120,-0.2003
1635669944872,2.6094,-5.1875,7.5313,0.4063,0.0082,-0.1641
1635669944876,2.5723,-5.1758,7.5313,0.3105,0.0157,-0.1365
1635669944880,2.5703,-5.1602,7.5430,0.2159,0.0168,-0.1259
1635669944884,2.5781,-5.2109,7.5547,0.1063,0.0210,-0.0918
1635669944891,2.6152,-5.4297,7.6367,0.0084,0.0210,-0.0407
1635669944894,2.6836,-5.6289,7.6563,-0.0554,0.0242,-0.0120
1635669944905,2.7070,-5.7578,7.6445,-0.1054,0.0434,0.0082
1635669944921,2.6426,-5.8711,7.5859,-0.1383,0.0657,0.0359
1635669944954,2.5840,-5.9180,7.5156,-0.1565,0.0859,0.0635
1635669944970,2.4824,-5.8945,7.5234,-0.1628,0.0966,0.0784
1635669944987,2.4609,-5.9414,7.7227,-0.1586,0.0923,0.0870
1635669945003,2.6719,-5.9961,7.6836,-0.1586,0.0838,0.1040
1635669945007,2.8457,-5.9727,7.4648,-0.2001,0.1168,0.1455
1635669945011,2.8105,-6.0156,7.4336,-0.2522,0.1859,0.2094
1635669945015,2.6953,-6.2813,7.3672,-0.2969,0.2444,0.2913
1635669945019,2.5059,-6.5547,7.5820,-0.3564,0.2859,0.3721
1635669945025,2.1738,-6.6289,8.0625,-0.6758,0.2954,0.5552
1635669945052,1.7256,-7.1367,9.5703,-0.9053,0.2220,0.6934
1635669945057,2.1523,-7.7539,10.3594,-1.1084,0.1136,0.8667
1635669945061,2.8809,-8.7813,10.6563,-1.2061,0.0518,1.0830
1635669945071,3.5703,-9.8828,10.5469,-1.2451,0.0944,1.3311
1635669945074,3.6504,-10.3516,10.3906,-1.3594,0.2678,1.5723
1635669945087,3.0078,-10.3906,10.2188,-1.5000,0.4763,1.7383
1635669945101,2.1953,-10.6563,10.1563,-1.4170,0.6421,1.8887
1635669945118,1.3975,-11.5078,10.1641,-1.1709,0.7744,2.1133
1635669945134,0.8066,-12.2969,10.1875,-1.0527,0.8477,2.3340
1635669945150,0.6104,-12.8828,10.0000,-1.0449,0.8433,2.4512
1635669945154,0.7227,-13.1016,9.6953,-0.9673,0.8188,2.5332
1635669945158,0.8115,-12.9609,9.4766,-0.6309,0.8403,2.5898
1635669945162,0.5552,-12.7109,9.7891,-0.1511,0.9170,2.6270
1635669945180,0.0766,-12.2031,9.9141,0.1797,0.9775,2.6836
1635669945200,-0.3926,-12.0625,9.4219,0.4521,1.0205,2.7363
1635669945203,-0.9097,-12.5078,8.7500,0.7114,1.0654,2.8320
1635669945216,-1.3574,-12.6406,7.9766,0.9883,1.1074,2.9883
1635669945232,-1.5244,-12.2031,7.2148,1.4541,1.1416,3.1094
1635669945249,-1.5225,-10.7813,6.6680,1.8301,1.1650,3.1348
1635669945252,-1.6924,-8.8672,6.3984,1.9375,1.2139,3.1719
1635669945265,-2.2285,-7.0938,6.2344,1.7637,1.2773,3.2598
1635669945281,-3.0273,-5.7695,6.2695,1.4473,1.3086,3.3535
1635669945300,-3.7852,-5.4727,6.4648,1.1348,1.2598,3.4414
1635669945303,-4.3359,-5.9492,6.2617,0.7808,1.1143,3.5215
1635669945316,-4.3945,-6.5586,5.6836,0.5371,0.8999,3.5586
1635669945332,-4.1797,-6.9570,5.0352,0.5605,0.7031,3.5527
1635669945336,-4.0430,-6.8086,4.6211,0.7944,0.6030,3.5195
1635669945349,-4.3242,-6.4297,4.5273,1.1592,0.6030,3.4863
1635669945365,-4.9883,-6.0781,4.3789,1.5146,0.6318,3.4629
1635669945383,-5.5273,-5.5391,4.1641,1.7734,0.5605,3.4102
1635669945387,-5.3203,-4.7383,3.9141,1.9150,0.3391,3.2949
1635669945391,-4.5195,-3.8828,3.8535,1.9854,0.0870,3.1563
1635669945395,-3.7559,-3.1094,3.8223,1.9971,-0.0386,3.0313
1635669945399,-3.7617,-2.4961,3.6758,1.9189,0.0189,2.9570
1635669945403,-4.4375,-1.9775,3.5313,1.7744,0.1083,2.9160
1635669945407,-5.0781,-1.4004,3.3203,1.5742,0.0699,2.8613
1635669945411,-5.0039,-0.9526,3.3145,1.3721,-0.1322,2.7949
1635669945445,-4.2070,-0.9839,3.4043,1.1201,-0.3992,2.7246
1635669945458,-3.1094,-1.6152,3.7266,0.8413,-0.5972,2.6641
1635669945478,-2.2500,-2.0508,3.8105,0.5732,-0.6938,2.5820
1635669945494,-1.6445,-2.0625,4.0469,0.4724,-0.7373,2.4668
1635669945498,-1.2227,-1.8721,4.5352,0.5298,-0.7598,2.3672
1635669945514,-0.7012,-1.5225,5.0898,0.6582,-0.7905,2.3008
1635669945518,-0.0168,-1.2354,5.5508,0.8042,-0.8301,2.2422
1635669945522,0.5674,-0.6748,6.0781,0.8491,-0.8418,2.1523
1635669945525,1.0127,0.5215,6.4922,0.7896,-0.8140,2.0254
1635669945529,1.4287,1.7188,7.1484,0.7275,-0.7471,1.9131
1635669945533,1.9004,2.4453,8.1797,0.6777,-0.6650,1.8271
1635669945536,2.5723,2.5820,8.9141,0.5688,-0.6108,1.6934
1635669945540,3.4531,2.4922,9.1172,0.4138,-0.5811,1.4697
1635669945544,4.2852,2.0859,9.2578,0.2979,-0.4854,1.1875
1635669945547,5.0586,1.8525,9.5703,0.2426,-0.3025,0.8604
1635669945551,5.4492,2.3027,9.5938,0.2542,-0.0524,0.5239
1635669945555,5.2773,2.6543,9.4531,0.3828,0.2561,0.2369
1635669945559,4.6016,2.9414,9.2969,0.4617,0.5591,0.0082
1635669945562,3.5020,2.8555,9.0391,0.4626,0.8159,-0.1949
1635669945566,2.3301,2.2695,8.7813,0.3979,1.0195,-0.4172
1635669945569,1.2998,1.2900,8.5391,0.3169,1.1436,-0.6377
1635669945573,0.1388,0.2297,8.2969,0.2627,1.2578,-0.8374
1635669945577,-1.4404,-0.6963,8.0078,0.2489,1.3877,-0.9971
1635669945581,-3.2285,-1.6846,7.7422,0.3115,1.4805,-1.1064
1635669945584,-5.4023,-2.3359,7.2227,0.4011,1.5605,-1.1543
1635669945588,-8.2578,-2.3984,6.3359,0.5000,1.6592,-1.1406
1635669945592,-11.7344,-2.2734,5.2852,0.6064,1.6807,-1.1064
1635669945595,-14.2969,-2.5137,4.2266,0.6670,1.4395,-1.1201
1635669945599,-14.5781,-3.0059,3.3047,0.6328,0.9922,-1.1738
1635669945617,-13.9297,-3.0645,2.9512,0.5586,0.7520,-1.1689
1635669945618,-14.5859,-2.6582,3.0547,0.5210,0.8521,-1.0225
1635669945620,-16.4531,-2.1387,3.0078,0.4585,0.9658,-0.7715
1635669945621,-17.7656,-1.4121,2.5039,0.3159,0.8032,-0.5078
1635669945622,-17.5156,-0.3423,2.2324,0.1339,0.4456,-0.2822
1635669945623,-16.1563,0.7300,2.4707,-0.0777,0.1146,-0.0641
1635669945625,-14.7969,1.2900,3.3008,-0.3235,-0.1237,0.1753
1635669945626,-13.9375,1.1201,4.4766,-0.5864,-0.3311,0.4028
1635669945627,-13.3750,0.3040,5.2813,-0.7939,-0.5674,0.6094
1635669945631,-12.6094,-0.7227,5.6094,-0.8096,-0.8389,0.7446
1635669945635,-11.3984,-1.3594,5.7422,-0.6099,-1.1084,0.7871
1635669945639,-10.0781,-1.3789,5.6992,-0.3096,-1.3203,0.7881
1635669945649,-8.7578,-1.1172,5.7773,-0.0288,-1.4688,0.7549
1635669945652,-7.5117,-0.8330,5.9766,0.2000,-1.5576,0.7070
1635669945679,-6.2813,-0.7681,6.5664,0.4128,-1.6133,0.6743
1635669945682,-4.9453,-0.6680,7.5195,0.5415,-1.6670,0.6201
1635669945686,-3.6211,-0.2274,8.1172,0.5405,-1.7217,0.5762
1635669945699,-2.4004,0.3469,8.6016,0.4595,-1.7471,0.5688
1635669945702,-1.2441,0.8735,9.3203,0.2786,-1.7363,0.5742
1635669945729,-0.1724,1.1533,10.4297,0.0201,-1.7188,0.5679
1635669945732,0.9048,0.9287,11.7109,-0.2469,-1.7002,0.5400
1635669945736,1.9990,0.2155,12.4688,-0.4502,-1.6660,0.5166
1635669945749,2.9648,-0.7397,12.1641,-0.5044,-1.5811,0.4807
1635669945752,3.7246,-1.2783,11.1016,-0.3938,-1.4023,0.4167
1635669945779,4.2578,-1.1914,10.2969,-0.1256,-1.0840,0.3455
1635669945782,4.5000,-0.8472,9.9453,0.1776,-0.6587,0.2913
1635669945786,4.3086,-0.2705,9.8828,0.3499,-0.2354,0.2476
1635669945799,3.7910,0.3901,9.9531,0.3381,0.1370,0.1561
1635669945802,3.1113,0.9668,9.8906,0.1573,0.4456,0.0401
1635669945829,2.3770,0.8662,9.9531,-0.0469,0.6836,-0.0854
1635669945832,1.8115,0.0814,9.8281,-0.2150,0.8423,-0.2206
1635669945836,1.2090,-0.8906,9.4063,-0.2725,0.9648,-0.3577
1635669945849,0.5674,-1.6182,9.0859,-0.1639,1.0898,-0.4961
1635669945852,-0.2202,-1.9629,8.7813,0.0776,1.2197,-0.6118
1635669945879,-1.3281,-1.8955,8.5469,0.3638,1.3604,-0.6846
1635669945882,-2.7539,-1.6299,8.2500,0.5986,1.4951,-0.7236
1635669945886,-4.2188,-1.2705,7.8945,0.6841,1.5654,-0.7524
1635669945899,-5.6016,-0.8809,7.6211,0.6274,1.5654,-0.7813
1635669945902,-7.0859,-0.5957,7.3125,0.5063,1.5586,-0.7793
1635669945929,-10.9609,-0.1938,6.5586,0.2457,1.5479,-0.6416
1635669945933,-10.9609,-0.1938,6.5586,0.2457,1.5479,-0.6416
1635669945936,-13.6484,-0.6797,6.0781,-0.0373,1.1748,-0.5674
1635669945949,-14.3516,-1.3213,5.6250,-0.0703,0.9893,-0.5142
1635669945953,-14.7969,-1.8555,5.3398,0.0106,0.8521,-0.4365
1635669945979,-14.9531,-1.8213,5.3125,0.2074,0.7178,-0.3450
1635669945982,-14.8047,-1.2373,5.3906,0.4509,0.5645,-0.2344
1635669945986,-14.1953,-0.5049,5.4258,0.6338,0.3625,-0.1046
1635669945999,-13.4375,0.1173,5.3555,0.6924,0.1699,0.0423
1635669946003,-13.0156,0.6177,5.2891,0.6309,0.0189,0.2274
1635669946029,-12.6719,1.0195,5.3711,0.4744,-0.1471,0.3987
1635669946033,-12.1250,1.4102,5.3047,0.2435,-0.3608,0.5283
1635669946036,-11.3672,1.6973,5.0586,-0.0118,-0.6025,0.6401
1635669946049,-10.5781,1.6348,5.0508,-0.2469,-0.8086,0.7456
1635669946053,-9.8047,1.0674,5.2422,-0.4417,-0.9800,0.8242
1635669946079,-9.0938,0.3567,5.3359,-0.5820,-1.1396,0.8628
1635669946083,-8.3984,-0.2871,5.5469,-0.6001,-1.2930,0.8818
1635669946086,-7.5000,-0.6821,6.1328,-0.5000,-1.4482,0.8530
1635669946099,-6.2813,-0.5718,6.7305,-0.3374,-1.6133,0.7944
1635669946103,-4.8789,-0.1555,7.3750,-0.1383,-1.7471,0.7798
1635669946129,-3.4590,0.1029,8.2891,0.0318,-1.8086,0.8027
1635669946133,-2.0938,0.2705,8.9453,0.0936,-1.8057,0.8125
1635669946136,-0.9238,0.6870,9.4609,0.0116,-1.7588,0.7900
1635669946149,0.0981,1.1797,10.0625,-0.1342,-1.6592,0.7656
1635669946153,0.8926,1.1055,10.6094,-0.2362,-1.5039,0.7314
1635669946179,1.5322,0.7158,10.7734,-0.3425,-1.3232,0.6572
1635669946183,2.0996,0.3184,10.6250,-0.4023,-1.1289,0.5508
1635669946186,2.6055,-0.0551,10.2422,-0.3523,-0.9014,0.4221
1635669946199,3.0371,-0.1125,9.9609,-0.2224,-0.6172,0.2954
1635669946203,3.4629,0.0574,10.1484,-0.0299,-0.2876,0.1986
1635669946229,3.6953,0.1794,10.3438,0.1159,0.0465,0.1210
1635669946233,3.6133,0.2871,10.2422,0.1404,0.3582,0.0306
1635669946237,3.2383,0.3638,9.9453,0.0818,0.6519,-0.0865
1635669946249,2.6426,0.3926,9.6641,-0.0288,0.9126,-0.2120
1635669946253,1.9678,0.3350,9.3203,-0.1606,1.1191,-0.3279
1635669946280,1.1992,-0.0215,8.8828,-0.2627,1.2881,-0.4141
1635669946283,0.3877,-0.5889,8.5625,-0.3235,1.4326,-0.4885
1635669946299,-0.4907,-1.0049,8.3672,-0.3127,1.5547,-0.5864
1635669946303,-1.3662,-1.4053,8.1953,-0.2224,1.6348,-0.7012
1635669946307,-2.0898,-2.0313,7.8789,-0.0980,1.6406,-0.8130
1635669946320,-2.8379,-2.2090,7.3281,-0.0011,1.6484,-0.9067
1635669946323,-3.7930,-2.0898,6.7422,0.1808,1.7168,-0.9644
1635669946350,-4.8516,-2.0156,6.1875,0.3733,1.7656,-0.9888
1635669946353,-5.8047,-1.7188,5.6484,0.4436,1.7383,-1.0117
1635669946356,-6.5820,-1.2520,5.2305,0.3979,1.6553,-1.0313
1635669946370,-7.4648,-0.6870,5.2539,0.2776,1.5713,-1.0244
1635669946373,-8.6719,-0.3374,5.3438,0.1053,1.5000,-0.9771
1635669946400,-9.6484,-0.3088,5.6211,-0.1192,1.3174,-0.9453
1635669946403,-9.8359,-0.5337,6.1445,-0.3564,0.9702,-0.9736
1635669946407,-9.7031,-0.9956,6.4688,-0.5161,0.6274,-0.9834
1635669946420,-9.9766,-1.3330,6.3633,-0.5288,0.4443,-0.9131
1635669946423,-10.3516,-1.5127,6.1602,-0.3650,0.3210,-0.8301
1635669946450,-10.5938,-1.3164,6.1055,-0.1288,0.1561,-0.7803
1635669946453,-10.8828,-0.6938,6.0586,0.0521,0.0263,-0.7324
1635669946457,-11.6094,-0.0622,5.9844,0.1202,-0.0045,-0.6523
1635669946470,-12.8516,0.0742,5.6641,0.0276,0.0125,-0.5601
1635669946473,-13.9297,-0.1627,5.3242,-0.1660,-0.0322,-0.5107
1635669946500,-14.1250,-0.3423,5.2969,-0.3096,-0.1747,-0.5024
1635669946503,-13.2969,-0.6484,5.7148,-0.3054,-0.3535,-0.4736
1635669946507,-12.1797,-0.7397,6.3242,-0.2139,-0.4812,-0.4077
1635669946520,-11.3438,-0.5195,7.0469,-0.0554,-0.5415,-0.2908
1635669946523,-10.7891,-0.3230,7.6914,0.1298,-0.6118,-0.1375
1635669946550,-10.2422,-0.2537,7.8906,0.3032,-0.7334,0.0040
1635669946554,-9.5078,-0.1125,7.7695,0.4192,-0.8770,0.1157
1635669946557,-8.9063,0.3469,7.5742,0.4341,-0.9517,0.2146
1635669946570,-8.7578,0.7993,7.4063,0.3542,-0.9204,0.3157
1635669946574,-8.9453,0.8232,7.2422,0.1787,-0.8599,0.3892
1635669946600,-8.6641,0.4907,7.1914,-0.0575,-0.8940,0.3977
1635669946604,-7.8164,0.1149,7.2422,-0.2299,-0.9746,0.3987
1635669946607,-6.8789,-0.3613,7.4922,-0.2639,-1.0049,0.4316
1635669946620,-6.1758,-0.8091,7.7969,-0.2224,-0.9673,0.4573
1635669946624,-5.7734,-0.9980,7.9219,-0.1606,-0.9111,0.4785
1635669946650,-5.4609,-0.9814,8.0391,-0.0618,-0.8643,0.4827
1635669946659,-5.0781,-0.9404,8.3125,0.0468,-0.8452,0.4839
1635669946663,-4.5703,-1.1172,8.4453,0.1307,-0.8599,0.4817
1635669946670,-3.9160,-1.4961,8.6094,0.2085,-0.8779,0.4709
1635669946674,-3.1875,-1.6875,8.7656,0.3276,-0.8662,0.4561
1635669946701,-2.5410,-1.4170,8.8672,0.4905,-0.8047,0.4561
1635669946704,-2.1367,-0.9648,8.9063,0.6606,-0.6831,0.4775
1635669946707,-2.0703,-0.3853,8.8516,0.6924,-0.5278,0.5029
1635669946720,-2.2637,0.1819,8.7969,0.5679,-0.3789,0.4998
1635669946724,-2.4531,0.2681,8.6953,0.3435,-0.2832,0.4709
1635669946751,-2.5039,0.3230,8.5000,0.0308,-0.2236,0.4307
1635669946754,-2.2852,0.1915,8.4688,-0.2139,-0.1747,0.3838
1635669946757,-1.9434,-0.1340,8.3750,-0.3916,-0.1322,0.3508
1635669946771,-1.5488,-0.3757,8.3906,-0.5063,-0.0801,0.2954
1635669946774,-1.3760,-0.3494,8.2344,-0.5669,0.0114,0.2285
1635669946801,-1.4844,-0.2322,8.0156,-0.5552,0.1519,0.1870
1635669946813,-1.7832,-0.1293,7.7969,-0.4917,0.2849,0.1370
1635669946817,-2.0645,0.1316,7.6680,-0.4534,0.3699,0.0486
1635669946821,-2.3398,0.5239,7.5547,-0.4553,0.4275,-0.0630
1635669946825,-2.6328,0.7876,7.3750,-0.4958,0.4795,-0.1748
1635669946851,-2.9727,0.9214,6.9805,-0.5820,0.5220,-0.2822
1635669946854,-3.5215,0.9766,6.6289,-0.6948,0.5591,-0.3779
1635669946858,-4.1484,0.9312,6.4844,-0.8223,0.5732,-0.4685
1635669946871,-4.5703,0.8496,6.2500,-0.9917,0.5137,-0.5684
1635669946874,-4.7070,0.7036,5.9531,-1.1738,0.4019,-0.6768
1635669946901,-4.6523,0.5742,5.6680,-1.5205,0.2146,-0.9238
1635669946904,-4.5000,0.5024,5.4727,-1.5205,0.2146,-0.9238
1635669946908,-3.9277,-0.0958,5.2617,-1.6641,0.0497,-1.2500
1635669946921,-3.7285,-0.7900,4.9219,-1.5898,0.0029,-1.4092
1635669946924,-3.7109,-1.3135,5.0156,-1.4863,-0.0109,-1.5410
1635669946951,-3.8105,-1.2754,5.0273,-1.4375,-0.0450,-1.7002
1635669946955,-3.7793,-1.0293,4.8359,-1.3965,-0.1152,-1.8945
1635669946958,-3.5977,-0.7944,4.5313,-1.4053,-0.1938,-2.0723
1635669946971,-3.3770,-0.5815,4.1914,-1.4619,-0.2493,-2.2383
1635669946975,-3.1719,-0.5576,4.3320,-1.4648,-0.2842,-2.4199
1635669947001,-2.9629,-0.8066,4.5000,-1.3877,-0.2971,-2.6055
1635669947005,-2.8867,-1.5703,4.4648,-1.1475,-0.3013,-2.7422
1635669947008,-2.7461,-2.6855,4.5078,-0.8589,-0.3557,-2.8633
1635669947021,-2.3711,-3.3652,4.6875,-0.7407,-0.4609,-3.0254
1635669947024,-1.9795,-3.0273,4.8477,-0.8428,-0.5649,-3.2168
1635669947051,-1.7090,-2.2559,5.3477,-0.9502,-0.6235,-3.4160
1635669947055,-1.6514,-1.9385,5.9805,-0.9556,-0.6714,-3.5547
1635669947058,-1.7637,-2.2500,6.4570,-0.8628,-0.7559,-3.6309
1635669947071,-1.8311,-3.1621,6.6563,-0.5786,-0.8896,-3.6797
1635669947075,-1.5273,-4.7422,6.4492,-0.1852,-1.0996,-3.6875
1635669947101,-0.8735,-6.1641,6.2813,0.0106,-1.3184,-3.6875
1635669947105,-0.2751,-6.8711,6.5586,-0.1001,-1.4473,-3.6934
1635669947108,-0.1053,-6.5273,7.2617,-0.5098,-1.4922,-3.7109
1635669947121,-0.3447,-5.3867,8.0547,-0.9131,-1.4824,-3.7676
1635669947125,-0.8594,-4.6680,8.1328,-0.9883,-1.4453,-3.7402
1635669947151,-1.3115,-4.9336,7.8477,-0.7759,-1.4590,-3.5879
1635669947155,-1.2354,-5.7695,7.5898,-0.4736,-1.5410,-3.4629
1635669947182,-0.5171,-6.9141,7.5391,-0.1224,-1.6455,-3.3789
1635669947186,0.6895,-9.0313,7.8477,0.2457,-1.7441,-3.2539
1635669947190,1.8936,-11.1797,8.8828,0.3191,-1.8320,-3.0859
1635669947193,2.5977,-11.5313,9.8984,0.2010,-1.8184,-2.9941
1635669947201,2.1914,-10.5078,11.6953,0.4148,-1.6602,-2.8828
1635669947205,0.8545,-9.9922,13.9922,1.0371,-1.5869,-2.6680
1635669947231,0.3159,-10.1484,14.7969,1.6289,-1.7373,-2.5859
1635669947235,0.5889,-10.8359,14.6563,1.7988,-1.9121,-2.7988
1635669947239,1.1270,-12.4297,15.4766,1.5508,-1.9814,-3.1602
1635669947252,1.7373,-14.8594,18.0313,0.7349,-2.0859,-3.1367
1635669947255,3.2031,-17.3906,16.2969,-0.0394,-2.3379,-2.3066
1635669947281,6.2539,-18.3281,14.5781,1.1592,-2.2480,-1.5762
1635669947285,7.3867,-12.5234,12.9766,2.2637,-1.5586,-1.4961
1635669947288,5.8906,-5.7344,11.0781,2.5684,-0.7588,-1.6406
1635669947312,3.6543,-2.3086,9.8125,2.0293,-0.3833,-1.1738
1635669947315,2.0430,-1.4795,8.6406,1.0469,-0.3577,-0.6016
1635669947319,1.5967,-1.6279,7.3906,0.1138,-0.5044,-0.3577
1635669947331,2.2734,-2.3613,6.3438,-0.4575,-0.6929,-0.2715
1635669947335,3.2383,-2.9375,5.6172,-0.7769,-0.7695,-0.1832
1635669947362,3.7773,-3.3398,5.4648,-0.9395,-0.7183,-0.0950
1635669947365,3.7480,-3.8828,5.7930,-0.9980,-0.6260,-0.0258
1635669947369,3.5742,-4.5391,6.1758,-0.9971,-0.5864,0.0274
1635669947382,3.7266,-5.2461,6.5898,-0.9170,-0.6196,0.0401
1635669947385,4.2422,-5.8789,6.8281,-0.7500,-0.6514,0.0433
1635669947412,4.8359,-6.1875,6.7383,-0.5107,-0.6162,0.0508
1635669947415,5.0508,-6.0234,6.6445,-0.2181,-0.4951,0.0582
1635669947428,4.8750,-5.5938,6.5898,0.0712,-0.3545,0.0561
1635669947433,4.5664,-5.0859,6.6328,0.3042,-0.2673,0.0348
1635669947436,4.3828,-4.7305,6.7578,0.4775,-0.2418,-0.0003
1635669947462,4.4102,-4.4688,6.9414,0.5752,-0.2576,-0.0194
1635669947478,4.4609,-4.3594,7.1680,0.6201,-0.2715,-0.0407
1635669947481,4.4766,-4.4609,7.4922,0.6426,-0.2800,-0.0673
1635669947486,4.5039,-4.6523,7.7734,0.6533,-0.2939,-0.0981
1635669947489,4.5117,-4.7305,7.9922,0.6680,-0.3057,-0.1205
1635669947502,4.5117,-4.6797,8.1719,0.6841,-0.3162,-0.1311
1635669947506,4.4648,-4.4531,8.2500,0.6904,-0.3193,-0.1184
1635669947535,4.4141,-4.0625,8.2500,0.6616,-0.3247,-0.0981
1635669947539,4.3516,-3.6445,8.1563,0.5947,-0.3269,-0.0705
1635669947543,4.2344,-3.2344,8.0000,0.4915,-0.3301,-0.0365
1635669947552,4.2070,-2.8906,7.9336,0.3647,-0.3364,-0.0024
1635669947556,4.1797,-2.7188,7.9219,0.2223,-0.3396,0.0306
1635669947582,4.1602,-2.7539,7.9453,0.0797,-0.3418,0.0572
1635669947586,4.2383,-3.0059,8.0078,-0.0447,-0.3450,0.0657
1635669947589,4.3516,-3.3340,8.0625,-0.1362,-0.3386,0.0646
1635669947602,4.4766,-3.6836,8.1172,-0.1831,-0.3142,0.0604
1635669947606,4.5625,-3.9688,8.1406,-0.1884,-0.2769,0.0550
1635669947632,4.5820,-4.2422,8.1953,-0.1490,-0.2195,0.0433
1635669947636,4.6016,-4.3750,8.2188,-0.0714,-0.1609,0.0189
1635669947639,4.5781,-4.2891,8.2031,0.0106,-0.1067,-0.0141
1635669947653,4.5625,-4.0430,8.1328,0.0818,-0.0503,-0.0375
1635669947657,4.5977,-3.6953,8.0391,0.1074,0.0157,-0.0471
1635669947683,4.5273,-3.5137,7.9492,0.0616,0.0764,-0.0343
1635669947688,4.4219,-3.5117,7.8281,-0.0086,0.1210,-0.0173
1635669947692,4.3516,-3.6309,7.8477,-0.0916,0.1508,0.0040
1635669947702,4.4023,-3.8281,8.4141,-0.2330,0.1625,0.0455
1635669947706,4.5938,-3.8672,8.8203,-0.4534,0.1667,0.0912
1635669947732,4.7734,-4.0742,9.0547,-0.6138,0.2083,0.1390
1635669947736,4.9219,-4.5664,9.3125,-0.6694,0.2935,0.2008
1635669947739,5.0586,-4.9883,9.4609,-0.7173,0.3765,0.2964
1635669947752,5.1602,-5.4141,10.1094,-0.7617,0.4509,0.4326
1635669947756,5.3555,-5.7539,11.1797,-0.8672,0.5190,0.6060
1635669947782,5.8008,-6.1719,12.3281,-1.0234,0.6147,0.8145
1635669947786,6.3203,-6.9609,12.9141,-1.2637,0.7744,1.0771
1635669947789,6.3672,-7.8789,12.6016,-1.6094,0.9893,1.4092
1635669947802,5.7695,-8.7500,12.2344,-1.9170,1.2441,1.7021
1635669947806,5.0781,-10.5234,12.1328,-2.0703,1.4619,1.9863
1635669947832,5.0156,-12.9141,11.7109,-1.9961,1.5508,2.3105
1635669947836,5.2813,-14.7266,11.3750,-1.6514,1.6748,2.6035
1635669947839,5.3320,-14.8359,11.1797,-1.2783,1.9189,2.8398
1635669947852,4.3984,-13.3984,11.0391,-1.1182,2.2402,3.0547
1635669947856,1.7568,-12.6328,11.3672,-1.1104,2.5020,3.3477
1635669947882,-0.3542,-12.7031,11.6953,-1.1328,2.4844,3.6035
1635669947886,-0.3901,-13.4375,11.1719,-1.0225,2.2402,3.6777
1635669947890,0.1364,-14.5781,10.1563,-0.7915,2.0098,3.8184
1635669947903,0.4907,-14.9688,8.9766,-0.0990,1.9902,4.3047
1635669947906,0.3853,-13.9219,7.7773,-0.0990,1.9902,4.3047
1635669947932,-0.0862,-10.9453,6.3477,0.9385,2.0566,4.5313
1635669947936,-0.0862,-10.9453,6.3477,1.1016,2.0000,4.6328
1635669947939,-0.3589,-7.5703,5.5820,1.2295,1.9951,4.7227
1635669947953,-1.1729,-6.5234,5.3398,1.3545,2.0742,4.7813
1635669947956,-2.4258,-5.9492,5.1094,1.4248,2.1406,4.8125
1635669947983,-3.5137,-5.4258,5.0469,1.4688,2.0586,4.7344
1635669947986,-3.8633,-4.6680,4.8906,1.5859,1.7900,4.5547
1635669947990,-3.3457,-3.6641,4.6914,1.7139,1.4570,4.3398
1635669948003,-2.6406,-2.5977,4.3555,1.7842,1.2295,4.1719
1635669948006,-2.4648,-1.6777,3.9355,1.8193,1.1611,4.0352
1635669948033,-2.8457,-1.1318,3.6289,1.7881,1.1621,3.8906
1635669948036,-3.2656,-0.8472,3.3438,1.6934,1.0605,3.7148
1635669948040,-3.0469,-0.8569,3.3418,1.5723,0.7773,3.5098
1635669948053,-2.1250,-0.6655,3.4473,1.3936,0.4199,3.2832
1635669948056,-1.1367,-0.0431,3.3984,1.2842,0.1816,3.0254
1635669948083,-0.4092,0.5889,3.4824,1.2959,0.0731,2.7773
1635669948086,0.1412,1.0029,3.8301,1.3135,-0.0045,2.5781
1635669948090,0.6724,1.3496,4.0781,1.2734,-0.0747,2.3926
1635669948103,1.1133,1.6563,4.1094,1.2129,-0.1141,2.1934
1635669948106,1.5195,1.9072,4.2773,1.1709,-0.1311,1.9893
1635669948133,2.0605,1.9102,4.9961,1.1807,-0.1290,1.7744
1635669948136,2.6035,1.6250,5.7461,1.1982,-0.1046,1.5566
1635669948140,3.0898,1.2520,6.2344,1.1396,-0.0567,1.3398
1635669948153,3.3633,1.1416,6.3555,1.0010,0.0306,1.0781
1635669948156,3.2656,1.3691,6.1250,0.8477,0.1476,0.7964
1635669948183,2.6875,1.3545,6.2461,0.8232,0.3147,0.5498
1635669948186,2.0742,0.5552,6.8438,0.9268,0.4785,0.3550
1635669948190,1.7881,-0.1197,7.0117,1.0068,0.5464,0.1582
1635669948202,1.5674,-0.4573,7.2227,1.1396,0.5879,-0.0365
1635669948206,1.2012,-0.5361,7.5586,1.3145,0.6997,-0.2280
1635669948233,0.3733,-0.5313,7.6484,1.4316,0.8794,-0.3855
1635669948236,-0.8594,-0.4331,7.6445,1.4482,1.0557,-0.5142
1635669948239,-2.1875,-0.2466,7.3828,1.3340,1.1621,-0.6152
1635669948252,-3.3516,-0.2632,7.1484,1.1426,1.1992,-0.7217
1635669948256,-4.4883,-0.1125,6.9375,0.8662,1.2129,-0.8320
1635669948283,-5.6758,0.0287,6.8945,0.6021,1.2402,-0.9248
1635669948286,-7.4492,0.0670,6.5234,0.3584,1.3311,-0.9546
1635669948289,-10.0078,-0.1388,5.8125,0.1638,1.4189,-0.9175
1635669948302,-12.7031,-0.4573,5.1328,-0.0054,1.3809,-0.8789
1635669948306,-14.5469,-0.8281,4.3125,-0.0873,1.1123,-0.8643
1635669948333,-14.8203,-1.5488,3.7852,-0.0203,0.7393,-0.8599
1635669948336,-14.5078,-2.0098,3.5273,0.1605,0.5059,-0.8057
1635669948340,-15.1328,-1.8672,3.7754,0.4211,0.5059,-0.7173
1635669948353,-16.7031,-1.0693,3.8848,0.6011,0.5137,-0.6025
1635669948356,-17.6094,-0.1771,3.4043,0.6191,0.2751,-0.4802
1635669948383,-17.1875,0.2825,2.8594,0.4841,-0.1024,-0.3589
1635669948386,-15.9141,0.5195,2.4629,0.2817,-0.4248,-0.2035
1635669948391,-14.4922,0.5913,2.7207,0.1638,-0.6333,-0.0045
1635669948402,-13.6172,0.4907,3.5313,0.1169,-0.7705,0.2401
1635669948406,-13.2734,0.1938,4.2422,0.0659,-0.9248,0.4956
1635669948433,-12.7266,-0.2871,4.5117,-0.0150,-1.1445,0.6719
1635669948436,-11.6484,-0.6484,4.5078,-0.1182,-1.4033,0.7275
1635669948439,-10.2969,-0.7539,4.4336,-0.1958,-1.6201,0.7383
1635669948453,-8.9844,-0.7876,4.4766,-0.2341,-1.7646,0.7402
1635669948456,-7.6250,-0.8184,5.0898,-0.2437,-1.8838,0.7095
1635669948483,-6.1523,-0.9214,6.0000,-0.2607,-2.0410,0.6646
1635669948486,-4.5586,-0.9312,6.8750,-0.3032,-2.2070,0.6392
1635669948490,-2.8711,-0.7036,7.9414,-0.3320,-2.3145,0.6318
1635669948503,-1.2920,-0.2896,8.8672,-0.3862,-2.3477,0.6411
1635669948506,0.1364,0.0072,9.6016,-0.4395,-2.3223,0.6636
1635669948533,1.3379,-0.0694,10.0469,-0.5107,-2.2461,0.6743
1635669948536,2.2207,-0.2681,10.5391,-0.5967,-2.1055,0.6328
1635669948539,2.9297,-0.5215,11.3047,-0.6299,-1.9063,0.5210
1635669948552,3.7070,-0.9907,11.9609,-0.5488,-1.7021,0.3838
1635669948556,4.5430,-1.4004,11.8828,-0.3809,-1.5059,0.2656
1635669948582,5.2070,-1.3398,11.2656,-0.1118,-1.2188,0.1646
1635669948586,5.3906,-0.8999,10.8203,0.1925,-0.8013,0.0986
1635669948589,4.8477,-0.1627,10.5234,0.3511,-0.3193,0.0380
1635669948602,3.9160,0.6079,10.4453,0.2808,0.1252,-0.0822
1635669948606,3.0254,0.8618,10.4375,-0.0022,0.4114,-0.1992
1635669948633,2.4531,0.3806,10.3984,-0.3511,0.6094,-0.3269
1635669948646,2.0645,-0.8809,10.4219,-0.5576,0.7988,-0.4600
1635669948650,1.6201,-2.5410,10.3438,-0.5352,0.9819,-0.5649
1635669948654,0.9668,-3.5586,10.0859,-0.3362,1.1602,-0.6548
1635669948658,-0.1604,-3.4375,9.8672,-0.0150,1.3750,-0.7378
1635669948682,-1.5703,-2.8535,9.4531,0.3340,1.5850,-0.7930
1635669948690,-3.1211,-2.2070,8.8594,0.5688,1.7305,-0.8174
1635669948694,-4.6133,-1.4336,8.1484,0.6338,1.7871,-0.8257
1635669948702,-6.0781,-0.4883,7.4453,0.5317,1.7754,-0.8408
1635669948706,-7.8594,0.2991,7.0039,0.3137,1.7715,-0.8472
1635669948745,-10.2422,0.4692,6.6914,0.0223,1.7803,-0.8228
1635669948748,-12.8359,-0.3972,6.1563,-0.2661,1.7090,-0.7822
1635669948752,-14.8672,-1.5820,5.4336,-0.4702,1.5176,-0.7471
1635669948756,-16.1094,-2.8223,4.5625,-0.3948,1.2861,-0.6875
1635669948760,-16.7969,-3.8418,3.8203,-0.0235,1.1074,-0.6099
1635669948773,-17.2656,-3.6719,3.3203,0.4712,0.9883,-0.5259
1635669948776,-17.0781,-2.3008,3.0430,0.9404,0.8179,-0.4312
1635669948803,-16.3594,-0.7012,2.8105,1.1904,0.6050,-0.3174
1635669948812,-15.6250,0.6079,2.6016,1.1230,0.4231,-0.1588
1635669948816,-15.2656,1.5078,2.9160,0.8193,0.2891,0.0359
1635669948822,-14.9453,1.9727,3.6738,0.3894,0.1019,0.2517
1635669948826,-14.3984,1.9531,4.3750,-0.0692,-0.1780,0.4741
1635669948852,-13.4531,1.4482,5.1641,-0.4553,-0.4768,0.6655
1635669948856,-12.0391,0.4260,5.7148,-0.7524,-0.7788,0.7925
1635669948860,-10.3281,-0.8306,5.8906,-0.9375,-1.0527,0.8521
1635669948872,-8.7344,-1.8115,6.0625,-0.9585,-1.2451,0.8394
1635669948876,-7.5117,-2.2441,6.0078,-0.8545,-1.3418,0.8213
1635669948902,-6.4688,-1.9551,5.6758,-0.7266,-1.3711,0.8213
1635669948906,-5.2578,-1.1006,6.1055,-0.7095,-1.3799,0.7900
1635669948909,-3.9199,-0.3040,7.0625,-0.8447,-1.4092,0.7627
1635669948922,-2.5879,-0.2227,8.1484,-1.0791,-1.4463,0.7925
1635669948926,-1.1963,-0.8833,9.3281,-1.3223,-1.4609,0.8135
1635669948952,0.1866,-1.7617,10.1953,-1.5000,-1.4541,0.7720
1635669948956,1.5439,-2.5664,10.2344,-1.4951,-1.4111,0.7041
1635669948959,2.6113,-3.1563,9.9766,-1.3018,-1.2813,0.6484
1635669948972,3.2480,-3.1543,9.7422,-1.0479,-1.0381,0.5913
1635669948976,3.4648,-2.6152,9.9453,-0.7832,-0.7227,0.5059
1635669949003,3.3887,-2.2324,10.6328,-0.5371,-0.4153,0.4199
1635669949006,3.2715,-1.7549,10.6328,-0.3970,-0.2087,0.3848
1635669949010,3.3223,-1.3135,9.9844,-0.2585,-0.0758,0.3816
1635669949022,3.3047,-0.9551,9.3359,-0.1873,0.1189,0.3635
1635669949026,2.8535,-0.4573,9.0000,-0.2532,0.4126,0.3179
1635669949053,2.0391,0.1364,8.8516,-0.4480,0.7070,0.2263
1635669949056,1.1221,0.1675,8.8828,-0.6958,0.9106,0.1146
1635669949060,0.3853,-0.2297,8.7188,-0.9185,1.0303,-0.0120
1635669949075,-0.2417,-0.7441,8.3906,-0.9717,1.1230,-0.1407
1635669949078,-0.8643,-1.4482,8.1641,-0.8354,1.2178,-0.2673
1635669949133,-1.7520,-1.6777,7.9336,-0.6768,1.3447,-0.4014
1635669949137,-2.9922,-1.3359,7.6680,-0.5073,1.4951,-0.5557
1635669949142,-4.4141,-1.0244,7.4609,-0.3010,1.6436,-0.7939
1635669949153,-7.5313,-0.7300,6.6406,-0.2788,1.6602,-0.8535
1635669949177,-9.2344,-0.8618,6.1445,-0.2744,1.6523,-0.8994
1635669949182,-10.7422,-1.1104,5.6563,-0.3257,1.5654,-0.9751
1635669949191,-11.4609,-1.4072,5.3945,-0.4001,1.3516,-1.1191
1635669949207,-11.2500,-1.7715,5.4023,-0.4587,1.1016,-1.2686
1635669949211,-10.9063,-2.2656,5.2500,-0.4800,0.9614,-1.3105
1635669949215,-11.0469,-2.7793,5.1133,-0.4033,0.9614,-1.2666
1635669949219,-11.4375,-3.2949,5.0273,-0.2522,0.9390,-1.1924
1635669949240,-11.4688,-3.6270,4.9648,-0.0714,0.7881,-1.1211
1635669949244,-10.9297,-3.6758,5.1797,0.0712,0.5605,-1.0469
1635669949262,-10.1563,-3.5313,5.4102,0.1339,0.3604,-0.9717
1635669949265,-9.6563,-3.2734,5.7578,0.1063,0.2402,-0.8770
1635669949273,-9.5859,-3.2305,5.8086,0.0170,0.1519,-0.7451
1635669949277,-9.3750,-3.4805,5.8750,-0.0809,0.0231,-0.6226
1635669949291,-8.7656,-3.7773,5.9609,-0.1575,-0.1471,-0.5288
1635669949295,-8.0000,-3.8867,5.9922,-0.2150,-0.2864,-0.4492
1635669949300,-7.4258,-3.9336,6.1445,-0.2405,-0.3440,-0.3770
1635669949307,-7.2070,-4.1484,6.3984,-0.2054,-0.3428,-0.2949
1635669949314,-7.0938,-4.4063,6.4805,-0.1129,-0.3491,-0.2163
1635669949322,-6.8320,-4.3516,6.5430,0.0170,-0.3960,-0.1715
1635669949326,-6.3867,-4.0820,6.6328,0.1627,-0.4429,-0.1460
1635669949338,-5.9648,-3.7715,6.7773,0.2786,-0.4451,-0.1237
1635669949350,-5.8242,-3.5215,6.9766,0.3457,-0.4014,-0.0950
1635669949371,-5.8633,-3.2656,7.1602,0.3894,-0.3472,-0.0535
1635669949387,-5.8633,-3.0996,7.3086,0.4287,-0.3291,-0.0163
1635669949394,-5.7695,-2.8945,7.1953,0.4426,-0.3247,0.0135
1635669949398,-5.6953,-2.6152,7.1172,0.4277,-0.2971,0.0391
1635669949401,-5.6602,-2.3047,7.0820,0.3552,-0.2534,0.0465
1635669949405,-5.6719,-2.0000,7.0664,0.2277,-0.2078,0.0412
1635669949413,-5.7188,-1.9316,7.1094,0.0797,-0.1631,0.0465
1635669949416,-5.7305,-2.1680,7.1719,-0.0469,-0.1183,0.0635
1635669949453,-5.7188,-2.5078,7.0586,-0.1192,-0.0917,0.0699
1635669949462,-5.6680,-2.6797,6.9180,-0.1256,-0.0768,0.0635
1635669949486,-5.6758,-2.7168,6.9258,-0.0873,-0.0439,0.0486
1635669949502,-5.8281,-2.6543,6.9180,-0.0394,0.0029,0.0327
1635669949519,-5.9609,-2.6133,6.8555,-0.0118,0.0210,0.0157
1635669949535,-5.9102,-2.5508,6.8008,-0.0001,0.0008,-0.0120
1635669949539,-5.7578,-2.5059,6.6563,-0.0001,-0.0301,-0.0386
1635669949551,-5.7070,-2.4395,6.5898,-0.0150,-0.0279,-0.0630
1635669949568,-5.7656,-2.4102,6.6563,-0.0416,0.0008,-0.0758
1635669949584,-5.8477,-2.4453,6.6875,-0.0756,-0.0056,-0.0928
1635669949588,-5.7813,-2.4727,6.6016,-0.1054,-0.0535,-0.1226
1635669949599,-5.6211,-2.5566,6.4414,-0.1150,-0.0950,-0.1599
1635669949651,-5.4531,-2.4648,6.2344,-0.1203,-0.1141,-0.1981
1635669949656,-5.2773,-2.3906,6.0430,-0.1203,-0.1194,-0.2429
1635669949664,-5.1172,-2.4824,5.8438,-0.1203,-0.1205,-0.2961
1635669949667,-5.0117,-2.5781,5.6211,-0.1299,-0.1194,-0.3450
1635669949673,-4.9023,-2.5000,5.6016,-0.1416,-0.1248,-0.4077
1635669949682,-4.6953,-2.2539,5.6250,-0.1586,-0.1492,-0.4822
1635669949715,-4.4609,-2.1328,5.6523,-0.1884,-0.1864,-0.5288
1635669949719,-4.2422,-1.9941,5.6484,-0.2627,-0.2162,-0.5757
1635669949741,-4.1094,-1.8428,5.4219,-0.3438,-0.2418,-0.6479
1635669949745,-4.0664,-1.8408,4.9883,-0.4043,-0.2864,-0.7183
1635669949749,-4.0313,-1.8906,4.5156,-0.4607,-0.3374,-0.7983
1635669949753,-3.9941,-1.8623,3.9688,-0.4854,-0.3833,-0.8994
1635669949758,-3.8965,-1.9434,3.5547,-0.4363,-0.4312,-1.0127
1635669949762,-3.7461,-2.1270,3.8301,-0.3257,-0.4758,-1.1416
1635669949766,-3.5703,-2.3750,4.7461,-0.1416,-0.5234,-1.2930
1635669949769,-3.4688,-2.5781,5.0469,0.0489,-0.6182,-1.4248
1635669949773,-3.4199,-2.6309,5.0820,0.2212,-0.7578,-1.5439
1635669949777,-3.3008,-2.4180,5.0703,0.3499,-0.8931,-1.6953
1635669949780,-3.1641,-2.1289,4.7969,0.4170,-1.0107,-1.8320
1635669949784,-3.0371,-2.0215,4.3047,0.4116,-1.1367,-1.9385
1635669949788,-2.7852,-1.9678,3.5273,0.3115,-1.2705,-2.0664
1635669949791,-2.5176,-1.8115,2.7832,0.1871,-1.3770,-2.2031
1635669949796,-2.3828,-1.8359,2.9844,0.1138,-1.4346,-2.3047
1635669949800,-2.3926,-2.3477,4.4570,0.1031,-1.4844,-2.3828
1635669949803,-2.4043,-3.0703,5.7813,0.1074,-1.5938,-2.4492
1635669949807,-2.3242,-3.4199,6.1016,0.1564,-1.7852,-2.4980
1635669949812,-2.0195,-3.5391,5.9727,0.3542,-1.9814,-2.5762
1635669949816,-1.5889,-3.7324,5.5391,0.5786,-2.1426,-2.6465
1635669949843,-1.1729,-3.6113,5.7305,0.6572,-2.2988,-2.6914
1635669949846,-0.6509,-3.3555,6.8594,0.6563,-2.4473,-2.7734
1635669949850,-0.1843,-3.5332,7.1406,0.6479,-2.5605,-2.8203
1635669949863,0.0646,-4.2109,6.8828,0.6650,-2.6367,-2.8184
1635669949866,0.2227,-5.0781,6.9805,0.7637,-2.6660,-2.8320
1635669949893,0.3950,-5.5391,7.4141,0.6924,-2.7051,-2.8086
1635669949896,0.7227,-5.1367,7.7383,0.3489,-2.8008,-2.8066
1635669949900,1.1104,-4.4219,8.6406,0.0393,-2.9063,-2.8262
1635669949913,1.5273,-4.2188,10.1484,-0.0309,-3.0059,-2.7773
1635669949916,1.9697,-4.7617,10.5000,0.1787,-3.0898,-2.6895
1635669949943,2.4766,-6.6055,10.5781,0.6094,-3.1426,-2.5527
1635669949946,3.2930,-8.2500,9.9766,0.8286,-3.1738,-2.4023
1635669949949,4.2539,-8.4844,9.3828,0.8735,-3.0996,-2.2910
1635669949963,5.0508,-7.8125,9.8125,0.8130,-2.8633,-2.1191
1635669949966,5.1211,-6.4063,10.4297,0.4543,-2.6211,-1.8926
1635669949993,4.8945,-4.9297,11.5234,0.1287,-2.4609,-1.7705
1635669949996,4.7656,-4.0820,12.2813,-0.0331,-2.3379,-1.6455
1635669950000,4.5430,-4.1797,12.9375,-0.1448,-2.2129,-1.4551
1635669950013,4.5820,-5.5625,13.1328,-0.1139,-2.1582,-1.3398
1635669950016,4.5938,-7.5313,13.5703,-0.0320,-2.1133,-1.2676
1635669950043,4.7969,-8.8516,15.5625,0.2106,-2.0508,-1.1533
1635669950046,5.7461,-8.7109,16.2969,0.2563,-1.9746,-1.2441
1635669950050,6.7773,-9.7188,16.5781,0.6885,-1.7285,-1.6426
1635669950062,7.6797,-9.7891,17.1875,0.5308,-1.5195,-1.5781
1635669950066,7.7422,-9.8516,16.6875,0.8413,-1.1865,-1.0020
1635669950092,7.1172,-8.6563,15.3750,1.3154,-0.8184,-0.4951
1635669950096,6.1289,-5.3906,13.1172,1.1846,-0.5610,-0.0141
1635669950099,5.5313,-1.3525,10.6406,0.8638,-0.2705,0.1636
1635669950112,5.1406,1.2803,10.0625,0.3679,0.0540,0.3508
1635669950116,4.4688,0.4141,10.5703,-0.2469,0.3796,0.4871
1635669950142,3.7227,-0.3088,11.3906,-0.9585,0.5283,0.5029
1635669950146,3.6270,0.0598,11.6953,-1.5703,0.4626,0.4678
1635669950149,4.3203,-0.6772,11.5547,-1.9736,0.2976,0.5571
1635669950162,5.2188,-2.0469,11.2734,-2.3203,0.2211,0.6060
1635669950166,5.9883,-3.3867,10.8359,-2.5410,0.3328,0.6284
1635669950192,5.9961,-4.5391,10.5859,-2.6309,0.6030,0.8018
1635669950196,5.2383,-5.7109,10.3203,-2.5957,0.7891,0.8647
1635669950199,4.1719,-7.4453,10.4297,-2.2871,0.8379,0.9092
1635669950225,4.7695,-8.1563,10.7266,-1.8213,0.7285,0.9253
1635669950229,6.3984,-7.8008,10.9766,-1.4844,0.6997,0.9209
1635669950233,7.3594,-7.5938,10.8359,-1.3291,0.9019,1.0264
1635669950237,7.2148,-7.8594,10.4844,-1.2949,1.2646,1.1680
1635669950262,6.3516,-8.6328,10.2422,-1.2451,1.6309,1.2686
1635669950266,5.3594,-9.5469,9.7344,-1.1709,1.8711,1.3701
1635669950269,4.6953,-9.9688,9.1797,-1.0957,1.9727,1.4834
1635669950292,4.3711,-10.0156,8.7813,-0.9531,2.0273,1.6299
1635669950296,4.1016,-9.9531,8.2734,-0.7363,2.1309,1.7969
1635669950299,3.7188,-10.0781,8.1016,-0.4661,2.2871,1.9346
1635669950312,3.1777,-10.1016,8.1172,-0.2352,2.4258,2.0684
1635669950316,2.5078,-9.9609,8.1250,-0.0788,2.5215,2.1738
1635669950342,1.8457,-10.1563,7.9883,0.0340,2.5703,2.2578
1635669950346,1.2012,-10.4063,7.6523,0.3149,2.4863,2.4355
1635669950349,0.3901,-10.4844,6.7930,0.5776,2.3613,2.5293
1635669950362,0.4475,-9.7656,6.4102,0.7969,2.2207,2.5879
1635669950375,0.4475,-9.7656,6.4102,1.0029,2.1191,2.6738
1635669950382,0.6294,-7.8711,5.4492,1.1543,2.0840,2.8027
1635669950386,0.1724,-7.1758,4.9688,1.1816,2.1035,2.9414
1635669950412,-0.6436,-6.6953,4.5625,1.1475,2.1152,3.0508
1635669950415,-1.3428,-6.4180,4.4453,1.0322,2.0273,3.0996
1635669950419,-1.6104,-6.0664,4.4453,0.8530,1.8242,3.1270
1635669950442,-1.5508,-5.5742,4.3906,0.7373,1.5811,3.1250
1635669950446,-1.3691,-5.0352,4.5352,0.8013,1.3936,3.0898
1635669950449,-1.3877,-4.7344,4.8594,1.0166,1.3037,3.0801
1635669950480,-1.6660,-4.5391,4.7930,1.2188,1.2246,3.0723
1635669950483,-1.9072,-4.3398,4.6055,1.3975,1.0859,3.0352
1635669950486,-1.8789,-4.2969,4.4766,1.5566,0.9009,2.9609
1635669950492,-1.6416,-3.8438,4.3164,1.5996,0.7266,2.8477
1635669950495,-1.5752,-2.7930,4.1094,1.6201,0.6338,2.6914
1635669950522,-1.8164,-1.6992,4.0078,1.6895,0.6221,2.5840
1635669950526,-2.1855,-0.8569,4.0508,1.6963,0.6094,2.5254
1635669950529,-2.4492,-0.3613,4.4648,1.6133,0.5669,2.4727
1635669950554,-2.5410,-0.2155,4.8164,1.4521,0.4775,2.3945
1635669950558,-2.4648,-0.0551,5.1953,1.1768,0.3477,2.2695
1635669950562,-2.1973,0.0766,5.7227,0.8926,0.2179,2.0957
1635669950566,-1.8672,0.0837,6.1328,0.6445,0.1115,1.9102
1635669950592,-1.6826,0.1508,6.5586,0.4861,0.0412,1.7637
1635669950596,-1.6279,0.1484,6.9375,0.5093,-0.0035,1.6338
1635669950606,-1.6104,0.1077,7.1094,0.6118,-0.0513,1.5186
1635669950612,-1.3877,0.1580,7.3398,0.7202,-0.1056,1.3887
1635669950616,-0.9072,0.2991,7.5820,0.7861,-0.1268,1.2480
1635669950642,-0.2106,0.1866,8.2969,0.8564,-0.0864,1.1250
1635669950646,0.5264,-0.3015,9.0547,0.8872,0.0157,0.9624
1635669950649,1.1348,-0.3638,9.2891,0.8193,0.1572,0.7656
1635669950662,1.4121,-0.1197,9.2031,0.7725,0.3550,0.5742
1635669950666,1.2441,-0.1125,8.9609,0.7275,0.5977,0.4072
1635669950692,0.6870,-0.1627,8.6875,0.5786,0.8540,0.2274
1635669950696,0.0551,-0.4548,8.6797,0.4297,1.0508,0.0295
1635669950699,-0.2969,-1.4219,9.0938,0.3733,1.1670,-0.1663
1635669950712,-0.2537,-2.8281,9.4766,0.4490,1.2227,-0.3364
1635669950716,-0.1077,-3.8984,9.3359,0.6768,1.2813,-0.4482
1635669950743,-0.3997,-4.2852,8.7031,1.0635,1.4268,-0.4919
1635669950746,-1.4502,-3.4824,7.8438,1.4170,1.6533,-0.5054
1635669950749,-3.0352,-1.7285,7.2227,1.6230,1.8584,-0.4695
1635669950762,-4.8320,-0.0886,6.9492,1.5898,1.9951,-0.3779
1635669950766,-6.9727,0.8833,6.6523,1.2422,2.0625,-0.2961
1635669950792,-9.2188,1.2041,6.2305,0.7031,1.9570,-0.2355
1635669950800,-10.8203,1.2090,5.6563,0.1307,1.6729,-0.2429
1635669950804,-11.9063,0.8184,4.8398,-0.2681,1.3652,-0.2544
1635669950812,-12.8906,-0.3853,3.4395,-0.3330,1.1582,-0.2056
1635669950816,-13.8359,-2.2344,2.1777,-0.0054,1.0625,-0.1726
1635669950850,-14.8594,-3.1133,1.5410,0.5859,1.0244,-0.1823
1635669950853,-15.7891,-1.9463,1.1611,1.2861,0.9170,-0.2386
1635669950857,-16.1563,0.5840,0.8330,1.8652,0.6743,-0.3013
1635669950862,-15.7109,3.0078,1.0479,2.0137,0.3274,-0.3152
1635669950866,-15.1016,4.8711,1.4980,1.6191,-0.0194,-0.2386
1635669950892,-14.3984,5.3164,1.8955,0.9375,-0.4036,-0.0630
1635669950896,-13.4063,4.5273,2.3301,0.1797,-0.8389,0.1008
1635669950899,-12.3359,3.3555,2.6230,-0.4670,-1.2402,0.2360
1635669950913,-11.2500,1.7637,2.8691,-0.8638,-1.5908,0.3284
1635669950916,-10.0859,0.2010,3.6172,-1.0225,-1.8809,0.3071
1635669950942,-8.7031,-0.8281,4.5430,-0.9727,-2.1289,0.2178
1635669950946,-7.0117,-1.5771,5.4766,-0.7148,-2.3301,0.1231
1635669950950,-5.2734,-2.0742,6.5352,-0.3970,-2.4551,0.0412
1635669950963,-3.6270,-2.0430,8.2344,-0.1479,-2.4668,0.0199
1635669950966,-2.1387,-1.5059,9.8047,-0.0682,-2.4082,0.0667
1635669950993,-0.7944,-0.8735,11.5391,-0.2107,-2.3184,0.1327
1635669950996,0.4595,-0.7134,12.8047,-0.5732,-2.2168,0.1976
1635669951000,1.5098,-1.1846,12.8984,-1.0049,-2.0781,0.2881
1635669951013,2.2715,-2.5000,12.8828,-1.2754,-1.8516,0.3711
1635669951017,2.8809,-4.2539,12.9609,-1.3242,-1.5439,0.4114
1635669951042,3.5000,-5.4336,12.7188,-1.1455,-1.2031,0.4189
1635669951046,4.0508,-5.8633,12.9063,-0.7212,-0.8003,0.4028
1635669951049,4.2578,-5.4844,13.0078,-0.2192,-0.3440,0.3594
1635669951072,3.9844,-4.3438,12.6953,0.1968,0.1157,0.3157
1635669951076,3.3105,-3.0820,12.3047,0.4404,0.5239,0.2998
1635669951079,2.4609,-2.1250,11.8125,0.4287,0.8511,0.2913
1635669951103,1.7568,-1.7285,11.2500,0.2817,1.0938,0.2666
1635669951106,1.1250,-2.2910,10.5547,0.1595,1.2686,0.2327
1635669951110,0.5840,-3.2070,10.1406,0.1265,1.4141,0.1965
1635669951123,0.0024,-3.9609,9.7813,0.2830,1.5352,0.1539
1635669951126,-0.8066,-3.8828,9.0156,0.5605,1.6309,0.1284
1635669951153,-1.9893,-2.9531,8.1641,0.9053,1.7490,0.1093
1635669951156,-3.5625,-1.8311,7.3906,1.1768,1.8848,0.1050
1635669951164,-5.4844,-0.7588,6.6563,1.2510,1.9814,0.1093
1635669951173,-7.3750,0.2920,5.9023,1.1426,1.9736,0.1082
1635669951176,-8.9922,1.0166,4.9883,0.9883,1.8467,0.0912
1635669951203,-10.0703,1.1084,4.3164,0.8438,1.6699,0.0423
1635669951206,-10.8984,1.0771,3.8125,0.7300,1.5098,0.0018
1635669951210,-11.9766,1.1680,3.5566,0.7427,1.3936,-0.0173
1635669951223,-13.2969,1.3857,3.3398,0.8521,1.2549,-0.0205
1635669951226,-14.2969,1.7236,3.2188,0.9619,1.0254,-0.0460
1635669951253,-14.5391,2.2324,3.0371,1.0215,0.7251,-0.0960
1635669951256,-14.1953,2.9824,2.8496,1.0273,0.4434,-0.1173
1635669951260,-13.7188,3.9297,2.7363,0.9478,0.2274,-0.1014
1635669951283,-13.0547,4.4453,2.7070,0.7437,0.0168,-0.0577
1635669951286,-12.2656,4.5000,2.8379,0.4160,-0.2067,0.0114
1635669951290,-11.5781,4.1797,3.2676,0.0967,-0.4036,0.0774
1635669951303,-10.8906,3.4473,3.8418,-0.1458,-0.6045,0.1178
1635669951306,-10.0391,2.5234,4.5078,-0.3054,-0.8271,0.1263
1635669951333,-9.1250,1.7158,5.1758,-0.3745,-1.0391,0.0880
1635669951336,-8.2266,1.1943,5.6250,-0.3469,-1.2363,0.0093
1635669951340,-7.2148,0.8306,5.7500,-0.2639,-1.4209,-0.0779
1635669951363,-6.1133,0.5503,5.8828,-0.1788,-1.5566,-0.1514
1635669951367,-5.0625,0.4978,6.1797,-0.1150,-1.6172,-0.1929
1635669951370,-4.1406,0.4834,6.6484,-0.0831,-1.6172,-0.1823
1635669951383,-3.3984,0.3040,7.4219,-0.1118,-1.5762,-0.1396
1635669951386,-2.7305,-0.1029,8.2969,-0.2373,-1.5215,-0.1194
1635669951413,-2.0938,-0.6772,9.1406,-0.4309,-1.4658,-0.1184
1635669951416,-1.5029,-1.1387,10.0859,-0.6416,-1.3916,-0.1259
1635669951420,-0.8662,-1.4404,10.9688,-0.8203,-1.3174,-0.1205
1635669951433,-0.1268,-2.0098,11.6328,-0.9116,-1.2422,-0.1014
1635669951436,0.6055,-2.7930,11.9531,-0.9482,-1.1299,-0.0790
1635669951463,1.2305,-3.3750,11.8438,-0.8843,-0.9429,-0.0726
1635669951467,1.6680,-3.9395,11.6250,-0.6523,-0.6641,-0.0641
1635669951470,1.8525,-4.1094,11.1641,-0.0862,0.0753,-0.0673
1635669951483,1.0479,-2.3750,10.5156,0.1298,0.4763,-0.0726
1635669951487,1.0479,-2.3750,10.5156,0.1298,0.4763,-0.0726
1635669951513,-0.4309,-0.6533,10.0703,0.0265,1.0371,-0.0535
1635669951517,-1.0146,-0.5288,9.7109,-0.2032,1.1914,-0.0844
1635669951520,-1.4619,-1.0078,9.2734,-0.4341,1.2852,-0.1184
1635669951533,-1.8145,-1.5195,8.6484,-0.5928,1.3574,-0.1609
1635669951537,-2.4023,-1.6299,7.9141,-0.5957,1.4551,-0.1940
1635669951564,-3.3652,-1.5098,7.3398,-0.4534,1.5840,-0.1907
1635669951568,-4.5156,-1.1367,6.9375,-0.3086,1.6768,-0.1652
1635669951578,-5.4766,-0.5215,6.6602,-0.2256,1.6826,-0.1758
1635669951583,-6.1992,0.0598,6.2422,-0.2267,1.6094,-0.2333
1635669951587,-6.7461,0.5503,5.7617,-0.3374,1.4980,-0.3237
1635669951613,-7.2773,0.8760,5.3906,-0.5181,1.4102,-0.4109
1635669951617,-7.9180,0.9287,5.2344,-0.7012,1.3701,-0.4609
1635669951620,-8.6563,0.7324,4.9453,-0.8057,1.2959,-0.4844
1635669951633,-8.9922,0.1053,4.6680,-0.7534,1.1348,-0.5664
1635669951637,-8.8438,-0.5171,4.6445,-0.6289,0.9551,-0.6963
1635669951663,-8.9219,-0.5313,4.8086,-0.4746,0.8721,-0.7856
1635669951673,-9.3594,-0.0455,5.0313,-0.2842,0.8496,-0.8335
1635669951679,-9.5703,0.4668,4.7500,-0.1628,0.6899,-0.8931
1635669951693,-9.4922,0.9980,4.5938,-0.2384,0.4858,-0.9761
1635669951705,-9.2578,1.1104,4.7031,-0.3821,0.3391,-1.0264
1635669951713,-9.1406,0.5410,4.9609,-0.5098,0.2487,-1.0332
1635669951716,-9.0234,-0.2489,5.2695,-0.6172,0.1284,-1.0498
1635669951720,-8.7422,-1.2852,5.7734,-0.6553,-0.0322,-1.0928
1635669951751,-8.4141,-2.1914,6.0781,-0.6406,-0.1747,-1.1064
1635669951757,-8.1953,-2.7012,6.2383,-0.5459,-0.2693,-1.0801
1635669951762,-7.9570,-2.7539,6.2891,-0.3884,-0.3757,-1.0557
1635669951768,-7.6133,-2.8438,6.1953,-0.2362,-0.5107,-1.0029
1635669951772,-7.2969,-2.9766,6.3008,-0.1416,-0.5991,-0.9185
1635669951784,-7.2070,-2.7402,6.5430,-0.0851,-0.6128,-0.8389
1635669951790,-7.2344,-2.4219,6.7266,-0.0777,-0.6440,-0.7725
1635669951813,-7.0508,-2.4531,6.8789,-0.1777,-0.7129,-0.7153
1635669951817,-6.7266,-2.6406,7.0352,-0.3289,-0.7739,-0.6714
1635669951821,-6.4297,-2.7090,6.9375,-0.4619,-0.7983,-0.6323
1635669951833,-6.1367,-2.9180,6.8750,-0.5044,-0.8140,-0.5884
1635669951837,-5.8555,-3.2949,7.0547,-0.5073,-0.8130,-0.5620
1635669951863,-5.7070,-3.6172,7.2891,-0.4980,-0.7842,-0.5288
1635669951867,-5.6602,-3.8887,7.4570,-0.4268,-0.7544,-0.4929
1635669951871,-5.6328,-4.1914,7.4453,-0.3425,-0.7505,-0.4663
1635669951883,-5.5156,-4.4063,7.1250,-0.2661,-0.7622,-0.4482
1635669951887,-5.3320,-4.4727,6.7148,-0.1915,-0.7651,-0.4248
1635669951913,-5.2070,-4.2383,6.4688,-0.1331,-0.7334,-0.3770
1635669951917,-5.1797,-3.9160,6.5313,-0.0990,-0.6895,-0.3130
1635669951920,-5.0977,-3.7344,7.0742,-0.1011,-0.6631,-0.2642
1635669951933,-5.0195,-3.7891,7.7305,-0.1437,-0.6479,-0.2365
1635669951937,-5.0234,-3.8535,7.9531,-0.2075,-0.6406,-0.2098
1635669951963,-5.0703,-3.8516,7.9141,-0.2086,-0.6514,-0.1694
1635669951967,-5.0586,-3.8516,7.8164,-0.1426,-0.6768,-0.1683
1635669951970,-4.9258,-3.8105,7.6445,-0.0777,-0.7075,-0.1875
1635669951983,-4.7539,-3.7598,7.8477,-0.0245,-0.7207,-0.2003
1635669951987,-4.5781,-3.6738,8.1797,0.0265,-0.7056,-0.2206
1635669952013,-4.5820,-3.4160,8.0547,0.0489,-0.6802,-0.2067
1635669952017,-4.7031,-3.0762,7.7109,0.0595,-0.6650,-0.1981
1635669952020,-4.8359,-2.8027,7.6641,0.0318,-0.6543,-0.2046
1635669952033,-4.8477,-2.6582,7.9609,-0.0586,-0.6631,-0.2014
1635669952037,-4.7656,-2.7852,8.1875,-0.1490,-0.6938,-0.1992
1635669952063,-4.5938,-3.2188,8.1719,-0.2150,-0.7324,-0.1949
1635669952067,-4.4492,-3.6719,8.0547,-0.2097,-0.7461,-0.2078
1635669952070,-4.3008,-3.9141,7.9844,-0.1171,-0.7310,-0.2152
1635669952083,-4.2461,-3.8652,7.8750,0.0127,-0.7090,-0.2120
1635669952087,-4.2500,-3.6914,7.9961,0.1372,-0.6812,-0.2333
1635669952113,-4.2617,-3.5352,8.5391,0.1808,-0.6660,-0.2450
1635669952117,-4.2344,-3.3105,8.9219,0.1499,-0.6748,-0.2610
1635669952120,-4.0938,-3.1816,9.0078,0.1244,-0.6958,-0.2629
1635669952134,-3.9180,-3.0879,8.8828,0.0903,-0.7129,-0.2598
1635669952137,-3.7695,-2.9102,8.5625,0.0212,-0.6992,-0.2673
1635669952163,-3.6641,-2.9316,8.1797,-0.0224,-0.6577,-0.2683
1635669952167,-3.6426,-3.1973,7.7813,-0.0469,-0.6143,-0.2629
1635669952173,-3.6758,-3.4414,7.6211,-0.0309,-0.5791,-0.2727
1635669952183,-3.6523,-3.7559,8.1094,0.0563,-0.5640,-0.2896
1635669952187,-3.6055,-3.8398,8.5781,0.1095,-0.5811,-0.3025
1635669952213,-3.4902,-3.6543,8.7188,0.1616,-0.5991,-0.3035
1635669952217,-3.3691,-3.5215,8.7266,0.2595,-0.6162,-0.3057
1635669952220,-3.2871,-3.4043,8.5469,0.3115,-0.6270,-0.3057
1635669952233,-3.2695,-3.2988,8.2734,0.3413,-0.6162,-0.3120
1635669952237,-3.2715,-3.2422,8.0391,0.3828,-0.6089,-0.3184
1635669952265,-3.3555,-3.1641,7.9180,0.4043,-0.6045,-0.3193
1635669952268,-3.4316,-3.1602,7.9844,0.4766,-0.6108,-0.3247
1635669952272,-3.3652,-3.3887,8.1641,0.6084,-0.6479,-0.3291
1635669952283,-3.1191,-3.7129,8.5000,0.7671,-0.6992,-0.3291
1635669952287,-2.9238,-3.8535,8.5469,0.9395,-0.7227,-0.3301
1635669952314,-2.8105,-3.6953,8.4922,1.1660,-0.7153,-0.3557
1635669952317,-2.8223,-3.2617,8.5469,1.3154,-0.6992,-0.3450
1635669952324,-2.9453,-2.6367,8.4609,1.2891,-0.7036,-0.3503
1635669952338,-3.0234,-1.8193,8.4531,1.0693,-0.7236,-0.3557
1635669952343,-3.0449,-1.2568,8.5938,0.7725,-0.7695,-0.3279
1635669952355,-2.9395,-1.3594,8.7891,0.4724,-0.8257,-0.2810
1635669952358,-2.7617,-2.0840,8.9063,0.2319,-0.8853,-0.2301
1635669952383,-2.5273,-3.1016,8.9531,0.1063,-0.9375,-0.2098
1635669952387,-2.2520,-3.7891,8.9219,0.1021,-0.9634,-0.2014
1635669952391,-2.1641,-4.0234,8.8750,0.2947,-0.9385,-0.1907
1635669952403,-2.1348,-3.8730,8.9844,0.6318,-0.9048,-0.1897
1635669952407,-2.2266,-3.6953,9.1875,0.9541,-0.8940,-0.1674
1635669952433,-2.2070,-3.5742,9.2500,1.2119,-0.9111,-0.2024
1635669952437,-2.1172,-3.2578,9.1719,1.3916,-0.9321,-0.2280
1635669952440,-1.9600,-2.8145,9.2188,1.5469,-0.9526,-0.2206
1635669952453,-1.7852,-2.3340,9.2422,1.6113,-0.9717,-0.2014
1635669952457,-1.6631,-1.8555,9.2031,1.5859,-0.9771,-0.1843
1635669952483,-1.6709,-1.7832,9.4688,1.5547,-0.9844,-0.1450
1635669952486,-1.5625,-2.0117,9.5938,1.4873,-1.0205,-0.1077
1635669952490,-1.3184,-2.1582,9.9375,1.4102,-1.0654,-0.0599
1635669952515,-1.0049,-2.2422,10.0781,1.3789,-1.0996,-0.0141
1635669952517,-0.6582,-2.0996,10.0000,1.3496,-1.0918,0.0040
1635669952518,-0.5337,-1.7881,10.2422,1.3203,-1.0605,0.0604
1635669952542,-0.4070,-1.8984,10.6406,1.2920,-1.0576,0.1221
1635669952544,-0.1508,-2.2109,10.7188,1.1865,-1.0664,0.1487
1635669952546,0.1580,-2.3359,10.6641,1.1240,-1.0371,0.1785
1635669952572,0.4045,-2.1699,10.5625,1.1455,-0.9600,0.2434
1635669952574,0.4548,-1.6777,10.3984,1.1465,-0.8525,0.3167
1635669952576,0.2585,-1.0098,10.2656,1.0898,-0.7397,0.3689
1635669952602,0.0144,-0.4763,10.1563,0.9946,-0.6597,0.4126
1635669952604,-0.1819,-0.3447,10.2969,0.8916,-0.6377,0.4497
1635669952606,-0.0862,-0.5171,10.4063,0.7915,-0.6567,0.4465
1635669952633,0.2083,-0.5410,10.3359,0.7183,-0.6694,0.4487
1635669952634,0.4092,-0.4429,10.3438,0.7329,-0.6470,0.4731
1635669952636,0.4573,-0.3398,10.4297,0.8052,-0.5791,0.5029
1635669952665,0.3806,0.4978,10.0000,0.7881,-0.5449,0.5176
1635669952668,0.2561,0.7900,9.9063,0.7480,-0.5249,0.5391
1635669952672,0.1460,0.9741,9.9141,0.6680,-0.5107,0.5347
1635669952682,0.1197,1.0479,9.9141,0.5859,-0.5234,0.5254
1635669952684,0.2058,0.9790,10.0000,0.5181,-0.5459,0.5146
1635669952713,0.3374,0.9478,10.1250,0.4509,-0.5767,0.4966
1635669952715,0.5195,0.9790,10.0078,0.3936,-0.5864,0.4722
1635669952718,0.6128,0.9287,10.0000,0.3701,-0.5703,0.4646
1635669952742,0.6724,0.8735,9.9766,0.3542,-0.5547,0.4604
1635669952744,0.7227,0.8115,9.9766,0.3350,-0.5332,0.4402
1635669952745,0.7109,0.6963,9.9375,0.3330,-0.5098,0.4221
1635669952773,0.6797,0.5625,9.9766,0.3457,-0.4897,0.4072
1635669952774,0.7202,0.7178,10.0234,0.3489,-0.4780,0.4019
1635669952776,0.7109,1.0410,10.2344,0.3499,-0.4717,0.3911
1635669952803,0.8257,1.1650,10.2969,0.3254,-0.4780,0.3679
1635669952805,0.8906,1.1533,10.1328,0.2681,-0.4727,0.3455
1635669952807,0.8833,1.1006,10.0781,0.2212,-0.4568,0.3347
1635669952833,0.8643,1.1270,10.0234,0.1946,-0.4438,0.3167
1635669952842,0.8569,1.1221,10.0625,0.1936,-0.4216,0.2932
1635669952844,0.8882,0.9648,10.2188,0.1946,-0.4077,0.2805
1635669952854,1.0293,0.8184,10.2344,0.1851,-0.4045,0.2539
1635669952856,1.1895,0.7466,10.1875,0.2148,-0.3843,0.2274
1635669952884,1.2109,0.6558,10.1328,0.2712,-0.3406,0.2168
1635669952885,1.1484,0.7373,10.0469,0.3052,-0.2971,0.2072
1635669952886,1.0645,0.9668,10.1328,0.3137,-0.2737,0.1945
1635669952913,1.1035,1.0869,10.1719,0.2839,-0.2727,0.1774
1635669952915,1.2305,1.0791,10.0391,0.2234,-0.2673,0.1614
1635669952916,1.2852,1.0195,9.9844,0.1744,-0.2396,0.1593
1635669952945,1.2656,0.9287,10.0156,0.1414,-0.2205,0.1582
1635669952946,1.2588,0.8784,9.9141,0.1255,-0.2067,0.1476
1635669952948,1.3232,0.7158,9.9063,0.1499,-0.1907,0.1433
1635669952975,1.4023,0.5889,9.8828,0.1713,-0.1812,0.1444
1635669952976,1.4531,0.6821,9.8438,0.1914,-0.1641,0.1455
1635669952978,1.3975,0.8281,9.8516,0.2117,-0.1428,0.1455
1635669953004,1.3662,0.9526,9.8281,0.2117,-0.1311,0.1433
1635669953006,1.2998,1.0430,9.7344,0.1989,-0.1248,0.1401
1635669953008,1.2637,1.0605,9.7813,0.1882,-0.1300,0.1316
1635669953035,1.3545,0.8140,9.9141,0.1851,-0.1514,0.1231
1635669953036,1.5127,0.6343,9.7188,0.1542,-0.1705,0.1082
1635669953038,1.5674,0.6221,9.6797,0.1276,-0.1705,0.0827
1635669953065,1.5889,0.7876,9.7969,0.1234,-0.1566,0.0518
1635669953066,1.5840,1.0840,9.9688,0.1499,-0.1406,0.0231
1635669953068,1.5918,1.4102,9.8203,0.1829,-0.1385,-0.0099
1635669953095,1.5771,1.4912,9.7344,0.2010,-0.1545,-0.0216
1635669953096,1.5557,1.5225,9.6406,0.1722,-0.1588,-0.0194
1635669953098,1.4316,1.4121,9.4688,0.1510,-0.1482,-0.0131
1635669953125,1.3545,1.1611,9.1875,0.1499,-0.1726,0.0008
1635669953126,1.4023,1.3184,9.0703,0.1627,-0.2024,-0.0173
1635669953128,1.4648,1.4023,9.1641,0.1851,-0.2098,-0.0109
1635669953155,1.3613,1.2783,9.1328,0.1627,-0.2067,0.0316
1635669953156,1.3135,1.2012,9.0938,0.1287,-0.2078,0.0476
1635669953158,1.3838,1.2734,9.1406,0.1063,-0.2205,0.0412
1635669953185,1.4551,1.3496,9.1406,0.0712,-0.2279,0.0401
1635669953186,1.4551,1.3838,9.1953,0.0276,-0.2290,0.0465
1635669953188,1.4844,1.3379,9.4219,0.0095,-0.2333,0.0508
1635669953215,1.6543,1.3359,9.5938,-0.0192,-0.2418,0.0423
1635669953217,1.7236,1.3574,9.7188,-0.0362,-0.2247,0.0444
1635669953218,1.6973,1.2422,9.9141,-0.0182,-0.1981,0.0614
1635669953245,1.7549,1.1484,9.9844,0.0031,-0.1812,0.0688
1635669953247,1.7900,1.1465,9.9531,0.0414,-0.1566,0.0678
1635669953248,1.7686,1.2275,9.9453,0.0797,-0.1248,0.0710
1635669953275,1.7666,1.4072,9.8359,0.0925,-0.0981,0.0699
1635669953277,1.7188,1.5537,9.7188,0.0850,-0.0811,0.0582
1635669953279,1.6758,1.5986,9.6563,0.0670,-0.0662,0.0455
1635669953305,1.6680,1.3877,9.6563,0.0446,-0.0609,0.0423
1635669953307,1.7139,1.2061,9.6641,0.0138,-0.0609,0.0370
1635669953308,1.7881,1.2207,9.6641,0.0063,-0.0535,0.0306
1635669953335,1.7832,1.1680,9.7188,0.0329,-0.0364,0.0370
1635669953337,1.7764,1.1533,9.7422,0.0489,-0.0269,0.0423
1635669953338,1.7734,1.2227,9.6641,0.0403,-0.0205,0.0412
1635669953365,1.7090,1.2900,9.5547,0.0287,-0.0152,0.0401
1635669953367,1.6826,1.2852,9.5391,0.0201,-0.0173,0.0338
1635669953369,1.7041,1.2852,9.5234,0.0031,-0.0226,0.0295
1635669953395,1.7588,1.2803,9.5234,-0.0054,-0.0258,0.0263
1635669953397,1.7783,1.3066,9.6563,-0.0224,-0.0279,0.0199
1635669953399,1.8428,1.2705,9.8281,-0.0501,-0.0247,0.0146
1635669953425,1.9463,1.2900,9.7656,-0.0639,-0.0141,0.0125
1635669953427,1.9463,1.2520,9.7422,-0.0384,0.0125,0.0189
1635669953429,1.9053,1.1533,9.7656,-0.0043,0.0349,0.0348
1635669953455,1.9004,1.1631,9.6719,0.0244,0.0487,0.0391
1635669953457,1.8457,1.3135,9.5859,0.0489,0.0699,0.0380
1635669953459,1.6924,1.3975,9.6250,0.0595,0.0806,0.0391
1635669953487,1.5752,1.4121,9.6172,0.0414,0.0688,0.0348
1635669953492,1.5820,1.5293,9.5938,0.0053,0.0476,0.0167
1635669953496,1.6084,1.5127,9.6484,-0.0160,0.0338,0.0082
1635669953506,1.6514,1.3857,9.6563,-0.0277,0.0199,0.0050
1635669953508,1.7158,1.2900,9.6016,-0.0373,0.0178,-0.0035
1635669953535,1.7354,1.1895,9.6328,-0.0245,0.0231,-0.0035
1635669953537,1.7139,1.1748,9.5781,-0.0128,0.0221,0.0008
1635669953539,1.6680,1.2090,9.5547,0.0021,0.0146,-0.0067
1635669953572,1.6631,1.2441,9.5234,0.0063,0.0051,-0.0173
1635669953574,1.7256,1.2617,9.4609,0.0021,-0.0013,-0.0226
1635669953578,1.7900,1.1875,9.1797,0.0265,-0.0513,-0.0109
1635669953600,2.0547,1.0479,9.6484,0.0712,-0.0088,0.0104
1635669953601,1.7188,1.3643,9.7266,0.0297,0.0444,0.0157
1635669953603,1.8594,1.5840,10.0000,0.0148,0.0168,0.0146
