1636291449835,3.1328,4.9102,8.4922,-0.1126,0.0767,0.0149
1636291449838,3.4297,3.8730,8.1953,-0.2393,0.0735,0.0213
1636291449839,3.7363,3.2793,8.1484,-0.2573,0.1064,-0.0212
1636291449884,3.4141,3.2676,8.2578,-0.2307,0.1235,-0.0074
1636291449885,3.1719,3.3320,8.5625,-0.1754,0.0894,0.0000
1636291449886,3.3125,3.3105,8.7422,-0.1786,0.0639,-0.0212
1636291449905,3.5215,3.3457,8.7891,-0.2179,0.0681,-0.0415
1636291449907,3.5352,3.3672,8.8281,-0.1829,0.0830,-0.0287
1636291449911,3.4297,3.4141,8.8750,-0.0605,0.0862,-0.0064
1636291449929,3.4609,3.4590,8.8750,0.0874,0.0767,-0.0223
1636291449932,3.6055,3.4688,8.8125,0.1810,0.0692,-0.0755
1636291449935,3.6191,3.6328,8.7500,0.1481,0.0980,-0.1202
1636291449946,3.2480,3.7383,8.7109,0.0746,0.1522,-0.0298
1636291449953,3.2090,3.5996,8.6719,0.0661,0.1075,0.0224
1636291449969,3.4004,3.5801,8.6719,0.1108,0.0905,-0.0840
1636291449976,3.5098,3.7129,8.7656,0.1704,0.0851,-0.1425
1636291449986,3.5469,3.9902,8.8281,0.1757,0.0788,-0.1500
1636291449990,3.4727,4.0977,8.8125,0.1034,0.0841,-0.1862
1636291450018,3.6445,4.5469,8.7969,-0.2222,0.1490,-0.2489
1636291450019,3.1875,4.1328,8.6797,-0.4202,0.3096,-0.0351
1636291450020,2.8242,2.2520,8.3125,0.1693,0.1724,-0.0904
1636291450048,3.7871,2.9453,8.6563,0.0246,-0.0340,-0.2671
1636291450049,3.4824,4.5820,8.3281,-0.1583,0.0373,-0.1979
1636291450050,2.7188,3.9297,8.4844,0.1896,0.0788,-0.1127
1636291450078,3.3613,3.8086,8.7266,-0.0850,0.0288,-0.1553
1636291450079,3.6523,4.0664,8.4375,-0.2732,0.0745,-0.1702
1636291450084,3.4531,3.9453,8.4219,-0.1116,0.0203,-0.1947
1636291450107,3.5000,4.2031,8.6641,-0.1987,-0.0010,-0.2234
1636291450109,3.5313,4.3789,8.5703,-0.3030,0.0394,-0.2245
1636291450111,3.5703,4.1211,8.7422,-0.2891,0.0479,-0.2426
1636291450135,3.6836,4.0625,8.9297,-0.3638,0.0660,-0.2585
1636291450137,3.7148,4.1094,8.9531,-0.3945,0.0894,-0.2903
1636291450140,3.7363,4.1758,9.1250,-0.3882,0.0947,-0.3169
1636291450166,3.9414,4.5859,9.3125,-0.4531,0.1096,-0.3542
1636291450169,4.2227,5.0742,9.4453,-0.5659,0.1628,-0.4414
1636291450173,4.4766,5.2227,9.2031,-0.7700,0.2703,-0.5317
1636291450189,4.5625,5.0625,8.8047,-1.0215,0.3926,-0.6001
1636291450191,4.4336,4.6992,8.4531,-1.1973,0.4619,-0.6680
1636291450218,4.1094,4.5273,8.1875,-1.3330,0.4895,-0.7349
1636291450220,3.8535,4.4844,8.1484,-1.4766,0.4949,-0.8223
1636291450223,3.7988,4.2148,8.0781,-1.6045,0.5137,-0.9297
1636291450246,3.7715,4.0195,8.0781,-1.6211,0.5488,-1.0596
1636291450252,3.5957,4.0078,8.1172,-1.4531,0.5713,-1.1953
1636291450254,3.1738,3.9805,8.1172,-1.1650,0.5747,-1.3193
1636291450264,2.7422,4.0508,8.0313,-0.8838,0.5151,-1.4434
1636291450266,2.4570,3.9551,7.7969,-0.6880,0.4470,-1.5586
1636291450294,2.4258,4.1367,7.4531,-0.6743,0.3320,-1.6680
1636291450301,2.4570,4.5898,7.6914,-0.9136,0.2086,-1.8809
1636291450302,2.3984,4.3711,7.8281,-1.3135,0.1990,-2.0879
1636291450328,2.0586,3.9355,8.1016,-1.6943,0.3542,-1.9814
1636291450330,1.6758,3.3672,8.4766,-1.9561,0.4341,-1.9629
1636291450331,1.4912,2.4883,8.6719,-1.7285,0.4417,-2.2148
1636291450360,1.3809,2.0391,9.0234,-1.2012,0.3330,-2.3965
1636291450362,1.7305,2.6094,9.5078,-0.8667,0.1351,-2.5449
1636291450364,1.8330,3.3750,9.1328,-0.6475,0.0990,-2.6016
1636291450389,1.4795,2.4609,7.9102,-0.7266,0.2330,-2.3789
1636291450391,1.6514,-0.2776,8.2109,-1.1758,0.2703,-2.2383
1636291450392,1.3398,-2.6367,11.0859,-1.3721,0.2075,-2.0371
1636291450419,0.5552,-0.3230,9.1719,-1.2588,0.1129,-2.0938
1636291450420,1.2012,3.8145,9.0391,-0.6606,-0.0138,-2.6465
1636291450423,2.2383,6.0508,9.1797,-0.6465,-0.0553,-2.8262
1636291450447,3.2207,6.6133,9.7500,-1.9893,-0.0957,-2.5020
1636291450448,3.8633,6.3633,9.5781,-4.0703,-0.0138,-2.3906
1636291450449,3.7852,4.3281,7.6797,-5.9844,0.1554,-2.3496
1636291450475,3.1641,1.3643,5.4844,-7.1563,0.2395,-2.0469
1636291450477,2.7617,-1.5840,4.3555,-7.5625,0.2469,-1.7119
1636291450478,2.9551,-5.2656,4.0195,-7.4375,0.2595,-1.3467
1636291450507,3.0664,-10.2188,4.5664,-6.7031,0.2203,-0.9575
1636291450508,2.7637,-15.9375,6.2539,-5.3125,0.2510,-0.5703
1636291450510,1.4219,-17.5938,5.8945,-3.1230,0.0075,-0.1681
1636291450537,1.1777,-13.3281,6.5742,-0.4883,-0.7363,-0.3159
1636291450539,3.0059,-7.7344,8.7656,1.4336,-1.2295,-0.8140
1636291450540,4.8359,-4.3711,11.0391,1.1416,-0.5977,-0.2213
1636291450567,4.1172,-2.6113,12.4141,0.4800,-0.1627,0.1904
1636291450569,3.4355,-2.3496,12.2891,0.1991,0.0192,0.3384
1636291450570,3.0352,-2.1016,12.1328,0.1066,0.2427,0.3096
1636291450597,2.3184,-2.4102,12.5234,-0.1732,0.6055,0.3276
1636291450599,1.6367,-3.1504,12.7578,-0.6221,0.7886,0.4810
1636291450600,2.2480,-2.4746,12.5859,-0.8989,0.6396,0.4426
1636291450627,3.9043,-0.6919,12.7969,-0.8882,0.5830,0.1926
1636291450629,4.8594,0.4883,12.3203,-1.1240,0.7363,0.0085
1636291450630,4.5703,0.3398,11.2891,-1.6162,1.0322,-0.0266
1636291450657,3.4746,-0.3972,10.4453,-1.9717,1.3838,-0.0415
1636291450659,2.6328,-0.7705,10.3359,-2.1094,1.6777,-0.1287
1636291450660,2.5625,-1.1846,10.2188,-2.0859,1.8438,-0.2202
1636291450687,3.0195,-1.7422,10.4141,-2.1094,1.8809,-0.2988
1636291450689,3.7012,-2.0586,10.9531,-2.3535,1.9570,-0.2542
1636291450691,3.9902,-3.0938,11.6406,-2.5332,2.2168,-0.1425
1636291450717,3.7676,-4.2617,11.9141,-2.7207,2.5898,-0.0425
1636291450719,3.3145,-4.3711,11.4922,-2.8789,2.9160,-0.0425
1636291450720,2.8906,-3.6074,10.6250,-2.9941,3.0078,-0.2180
1636291450747,2.4707,-2.6406,8.9063,-3.0625,3.0488,-0.3882
1636291450749,1.9727,-2.4355,7.3750,-3.1406,3.1582,-0.3201
1636291450751,1.2490,-3.7051,6.6523,-3.3281,3.2598,-0.1372
1636291450777,0.8950,-5.3008,6.3320,-3.7852,3.3691,-0.1724
1636291450779,0.5981,-6.3203,6.0039,-4.1992,3.5156,-0.2820
1636291450781,-0.1197,-7.1563,6.0625,-4.0742,3.6523,-0.3064
1636291450807,-0.7158,-7.8047,5.5664,-3.4590,3.7383,-0.3235
1636291450809,-0.9766,-8.0156,4.7656,-2.7910,3.7227,-0.2786
1636291450811,-1.1514,-7.8047,4.0586,-2.4297,3.6738,-0.1127
1636291450837,-1.5010,-7.5820,3.7344,-2.4141,3.6836,0.0320
1636291450839,-2.0684,-7.5391,3.5625,-2.6387,3.6953,0.0809
1636291450841,-2.8574,-7.3516,3.0039,-2.9102,3.7207,0.1032
1636291450868,-3.6230,-7.5625,2.8672,-3.0566,3.7422,0.1458
1636291450869,-4.1055,-7.9961,2.1172,-3.1855,3.7246,0.2905
1636291450871,-4.5234,-8.4609,1.6826,-3.2402,3.6797,0.5190
1636291450898,-4.6094,-8.4766,1.2012,-3.1602,3.5352,0.7031
1636291450899,-4.6953,-8.2109,0.7466,-3.0059,3.3418,0.8799
1636291450901,-5.0039,-8.0156,0.2010,-3.0000,3.2168,1.0107
1636291450928,-5.3789,-7.6797,-0.2322,-3.3223,3.0566,1.1660
1636291450929,-5.2148,-7.5547,-0.4211,-3.7949,2.8145,1.3643
1636291450931,-4.7305,-8.2188,-0.8545,-4.0977,2.6523,1.5605
1636291450958,-5.0859,-9.1094,-2.3359,-4.0625,2.6406,1.6816
1636291450959,-6.5977,-9.2344,-3.6309,-3.6641,2.6484,1.6777
1636291450961,-8.3984,-9.3281,-3.7871,-2.8848,2.4922,1.6836
1636291450988,-9.0000,-9.1641,-3.3906,-2.0703,2.0898,1.8799
1636291450996,-8.1250,-8.5547,-2.3555,-1.3164,1.5938,2.0469
1636291450998,-6.7031,-7.9922,-2.1445,-0.6113,1.3105,2.1348
1636291451018,-6.2031,-7.0625,-2.1523,-0.1775,1.2188,2.2363
1636291451020,-6.7227,-5.8672,-3.2031,-0.2435,1.2539,2.2773
1636291451021,-7.3008,-5.1016,-3.9063,-0.7915,1.2588,2.2715
1636291451048,-7.8789,-5.3750,-4.5273,-1.4160,1.2373,2.1094
1636291451050,-8.4219,-6.5547,-4.9414,-1.7061,1.1396,1.9697
1636291451051,-8.2266,-7.2891,-4.9766,-1.5537,0.8818,1.9541
1636291451078,-7.6914,-7.0508,-4.4961,-0.9980,0.5913,1.9463
1636291451080,-7.3398,-5.7813,-3.9688,-0.5000,0.3542,1.9492
1636291451081,-7.5430,-3.9883,-4.8281,-0.2881,0.1714,1.9824
1636291451108,-7.8359,-3.3242,-5.7695,-0.3733,-0.0287,1.8887
1636291451110,-7.9414,-3.7188,-6.1016,-0.5049,-0.2020,1.6338
1636291451111,-8.6094,-4.2539,-6.4492,-0.4138,-0.3340,1.4229
1636291451138,-9.3828,-4.0352,-6.5742,-0.1956,-0.5073,1.3457
1636291451140,-9.9063,-3.0801,-6.9805,-0.0062,-0.6768,1.2969
1636291451142,-10.3125,-2.0996,-7.3945,0.0735,-0.8223,1.2402
1636291451169,-10.8047,-1.7949,-7.6563,0.1023,-0.9414,1.1504
1636291451171,-11.5781,-1.5820,-7.1094,0.0672,-1.0146,1.1221
1636291451172,-11.8125,-1.0723,-6.4453,-0.0520,-1.0586,1.1396
1636291451197,-11.2500,-0.8618,-5.9336,-0.2052,-1.0625,1.0703
1636291451198,-10.6328,-1.3213,-5.9688,-0.4478,-0.9712,1.0088
1636291451199,-10.4766,-2.0918,-6.0117,-0.6191,-0.8350,0.9150
1636291451227,-10.9141,-3.0723,-6.1211,-0.7500,-0.7427,0.8799
1636291451228,-11.0234,-3.9336,-6.3047,-1.0137,-0.7051,0.8936
1636291451229,-10.7734,-4.3672,-6.4336,-1.3223,-0.6841,0.9546
1636291451258,-10.4141,-4.4570,-6.5938,-1.5537,-0.6509,0.9619
1636291451260,-10.0078,-4.4258,-6.7227,-1.7373,-0.6021,0.9663
1636291451262,-9.8203,-4.1523,-7.2813,-1.9160,-0.5596,0.9575
1636291451288,-10.2031,-3.5586,-7.8320,-2.1133,-0.4978,0.8936
1636291451290,-11.2109,-2.7188,-8.3125,-2.3965,-0.4373,0.8086
1636291451292,-11.3203,-2.5840,-9.2969,-2.8984,-0.4873,0.7407
1636291451318,-10.2813,-3.2656,-10.0391,-3.4063,-0.6816,0.5977
1636291451320,-8.8906,-4.0313,-9.9219,-3.5215,-1.0713,0.3340
1636291451322,-7.1094,-3.6328,-9.0547,-3.2480,-1.6055,0.0277
1636291451348,-5.2344,-2.3867,-7.5859,-2.7363,-2.1191,-0.3096
1636291451350,-3.3301,-1.5195,-5.9336,-2.0566,-2.6543,-0.7139
1636291451352,-1.0791,-1.9814,-4.5625,-1.2979,-3.3906,-1.1436
1636291451378,1.5195,-3.4707,-2.5098,-0.3955,-4.2695,-1.6846
1636291451380,3.9258,-4.3945,0.7900,0.4429,-5.0938,-2.2480
1636291451382,5.7305,-5.7656,4.4766,0.9214,-5.6484,-2.5977
1636291451409,6.9141,-6.9492,8.7031,0.8394,-5.8047,-2.8535
1636291451410,7.0156,-8.4688,12.9609,0.6802,-5.5039,-3.0215
1636291451412,6.2500,-9.5156,17.5469,0.3767,-4.9219,-2.8867
1636291451439,4.9883,-8.4609,20.2500,-0.0147,-4.2344,-2.5645
1636291451440,1.0313,-7.1641,14.0938,-0.1105,-3.8047,-2.2480
1636291451442,-3.5996,-6.6172,4.5898,-1.0547,-3.3574,-2.1074
1636291451474,-6.7891,-5.2852,1.8506,-2.9707,-2.4727,-2.1152
1636291451476,-8.4844,-5.7813,2.4570,-4.1211,-2.1836,-2.2656
1636291451478,-5.4922,-9.8047,-4.5508,-3.8652,-2.8789,-2.7793
1636291451499,0.2944,-13.9219,-4.3594,-2.1270,-3.8340,-2.8652
1636291451500,4.1055,-15.2031,-0.0718,-0.4893,-4.3242,-2.3418
1636291451502,4.7422,-12.4688,-2.5527,1.7773,-4.0000,-1.6650
1636291451528,4.1992,-10.8047,-1.3184,4.3594,-3.6934,-1.1406
1636291451530,4.0234,-12.2734,4.9609,5.8789,-3.6680,-0.9937
1636291451532,3.4609,-14.7891,8.6953,6.5547,-3.5332,-0.6211
1636291451559,2.2129,-13.7422,6.2031,8.5547,-3.0859,0.9448
1636291451560,1.8477,-6.2148,7.9023,9.3594,-2.8379,0.8970
1636291451562,1.5986,-1.3115,8.6016,9.5000,-2.7539,0.5552
1636291451589,2.0156,2.7383,9.7344,8.8672,-2.6113,0.4033
1636291451590,2.2520,5.3477,10.3906,7.4258,-2.1719,0.4607
1636291451592,1.7549,6.8359,10.5156,5.4063,-1.5381,0.5542
1636291451619,0.9146,7.3555,11.1563,3.3555,-0.9907,0.5073
1636291451620,0.0120,6.4492,11.7578,1.7939,-0.6489,0.2766
1636291451622,-0.9648,4.7070,11.9688,0.8491,-0.4724,0.0043
1636291451649,-1.9863,3.0020,11.8750,0.3896,-0.4063,-0.2053
1636291451650,-2.7051,1.7617,11.6484,0.2734,-0.4360,-0.3979
1636291451652,-2.9824,0.9551,11.5938,0.3831,-0.5288,-0.6318
1636291451679,-2.8438,0.4668,11.5703,0.5723,-0.6597,-0.8906
1636291451680,-2.4863,0.1197,11.5391,0.7671,-0.7637,-1.1230
1636291451682,-2.3184,-0.2322,11.4375,0.8979,-0.8096,-1.2822
1636291451708,-2.3828,-0.5195,11.2656,0.9204,-0.8193,-1.3652
1636291451710,-2.4043,-0.8354,11.0078,0.8726,-0.8159,-1.4160
1636291451714,-2.1582,-1.3809,10.7344,0.8057,-0.8013,-1.4707
1636291451739,-1.7852,-2.1055,10.5000,0.7705,-0.7896,-1.5264
1636291451740,-1.4072,-2.7539,10.2969,0.7896,-0.7881,-1.5781
1636291451742,-1.3477,-3.2695,10.1094,0.8735,-0.8032,-1.5879
1636291451768,-1.7422,-3.3340,9.9766,0.9717,-0.8608,-1.5459
1636291451770,-2.1777,-2.9199,9.9766,1.0342,-0.9170,-1.4844
1636291451771,-2.6797,-2.5352,9.9609,1.1367,-0.9351,-1.4297
1636291451798,-2.9824,-2.2480,9.8906,1.2568,-0.9746,-1.4053
1636291451800,-2.8145,-1.9941,9.7031,1.3584,-1.0576,-1.4326
1636291451801,-2.2715,-1.9102,9.5625,1.4424,-1.1377,-1.4854
1636291451849,-1.6543,-2.0547,9.4609,1.4805,-1.1953,-1.5010
1636291451850,-1.2588,-2.1543,9.3750,1.4277,-1.2402,-1.4326
1636291451851,-1.2852,-1.9912,9.3203,1.3213,-1.2646,-1.2939
1636291451852,-1.6709,-1.6563,9.2969,1.2256,-1.2666,-1.1650
1636291451879,-2.0508,-1.3232,9.1406,1.1377,-1.2627,-1.1133
1636291451883,-1.9893,-1.0869,8.9219,1.0264,-1.2627,-1.1367
1636291451886,-1.5703,-0.9839,8.8125,0.9067,-1.2588,-1.1582
1636291451893,-1.1611,-1.0674,8.8359,0.8047,-1.2383,-1.1367
1636291451897,-0.8857,-1.3525,8.9063,0.6724,-1.2305,-1.0811
1636291451900,-0.6987,-1.6465,8.9766,0.4790,-1.2354,-1.0254
1636291451927,-0.9429,-1.8408,8.9922,0.2991,-1.2227,-0.9502
1636291451930,-1.5146,-1.8477,8.9609,0.1449,-1.2051,-0.8672
1636291451937,-1.8145,-1.6875,9.0078,-0.0158,-1.2100,-0.8428
1636291451957,-1.4453,-1.4551,9.4922,-0.1605,-1.1543,-0.8481
1636291451960,-0.8857,-1.3164,10.0078,-0.1743,-1.0234,-0.7969
1636291451965,-0.2274,-1.5918,10.5234,-0.0881,-0.8989,-0.7744
1636291451977,0.5552,-2.4355,10.8203,-0.0020,-0.8062,-0.8374
1636291451983,1.1914,-3.1387,10.9531,0.0991,-0.7129,-0.8828
1636291452012,1.4766,-3.1953,11.1250,0.2585,-0.5938,-0.8574
1636291452014,1.4023,-2.5586,11.3203,0.4119,-0.4661,-0.7969
1636291452018,1.1729,-1.5078,11.0625,0.4736,-0.3552,-0.7690
1636291452032,1.3711,-0.7441,10.8281,0.4480,-0.2117,-0.7490
1636291452033,1.7617,-0.2871,10.8672,0.2321,-0.0361,-0.7051
1636291452058,1.7666,-0.0359,10.3750,-0.2402,0.0203,-0.6606
1636291452065,1.8555,-0.3877,10.1484,-0.8774,-0.0850,-0.6636
1636291452070,2.2129,-1.0742,10.3359,-1.5723,-0.0776,-0.6211
1636291452080,2.2305,-2.0332,10.3906,-2.0059,0.1649,-0.4065
1636291452082,1.6777,-2.7813,10.2188,-2.0137,0.3394,-0.1575
1636291452111,1.1777,-2.9961,9.8203,-1.7500,0.2798,-0.1882
1636291452118,0.6460,-2.7695,9.3281,-1.3184,0.1755,-0.3372
1636291452120,0.0311,-2.5566,8.9297,-0.9170,0.0926,-0.2979
1636291452143,-0.2466,-2.9395,8.3750,-0.6924,-0.0627,-0.1127
1636291452148,-0.2130,-3.6172,8.0156,-0.7852,-0.3115,0.0692
1636291452149,0.6270,-4.3047,8.7734,-1.4180,-0.4160,0.1915
1636291452169,1.6367,-5.3438,8.8359,-2.1055,-0.2754,0.3203
1636291452172,2.6094,-7.1172,8.9375,-2.2695,-0.0829,0.5044
1636291452176,3.7051,-8.3281,10.0234,-1.9893,0.0947,0.5371
1636291452198,3.2461,-8.3594,10.5391,-1.0781,0.2510,0.3926
1636291452200,1.9990,-6.9492,10.6875,0.2205,0.1490,0.3140
1636291452203,1.9863,-4.9570,10.8203,1.2949,-0.0989,0.2957
1636291452229,2.7598,-2.8008,11.0703,1.8760,-0.1542,0.2064
1636291452231,3.3770,-1.0430,11.7188,1.9648,0.1171,0.1926
1636291452233,3.8984,-0.9146,12.4922,1.7441,0.5640,0.2010
1636291452259,3.7754,-2.6055,13.9844,1.6777,1.0439,0.2617
1636291452260,2.9961,-4.2930,14.9063,1.7891,1.3994,0.3989
1636291452263,2.5000,-3.8242,14.9922,1.8896,1.5850,0.3276
1636291452288,2.3594,-1.9648,14.5234,1.8398,1.7744,0.0128
1636291452290,1.9170,-0.2394,13.3516,1.6416,1.9629,-0.2722
1636291452293,1.5225,0.6724,12.2188,1.2158,2.1309,-0.4680
1636291452318,0.7539,0.7373,11.1172,0.6138,2.2734,-0.6255
1636291452322,0.1819,0.5361,10.1016,-0.1903,2.3047,-0.7607
1636291452324,0.5337,-0.3279,8.7578,-0.8394,2.2930,-0.8501
1636291452352,0.5146,-1.6875,8.2031,-0.8447,2.3398,-0.9531
1636291452353,-0.5337,-2.4629,7.8477,-0.6030,2.3555,-1.0840
1636291452356,-1.4961,-1.6611,7.3398,-0.4766,2.2441,-1.0938
1636291452379,-2.4941,0.0526,7.1523,-0.4084,2.0859,-1.1094
1636291452380,-3.3770,1.5508,6.9414,-0.6670,1.9414,-1.2109
1636291452381,-3.7383,1.9551,5.8789,-1.2490,1.7197,-1.1904
1636291452408,-3.5137,1.4189,4.7773,-1.7998,1.4512,-1.1787
1636291452409,-3.8613,0.6030,4.2852,-2.1055,1.2998,-1.2949
1636291452410,-4.7422,0.3230,4.2773,-2.1543,1.1455,-1.4326
1636291452438,-4.8164,0.6655,4.1172,-2.0879,0.8438,-1.5283
1636291452439,-4.2773,1.1875,3.7676,-2.1016,0.4863,-1.5195
1636291452440,-3.9805,2.2598,3.4961,-2.4297,0.2032,-1.5088
1636291452469,-4.3477,2.7500,2.3984,-3.0664,-0.0691,-1.5537
1636291452471,-4.0820,2.1602,0.4453,-3.8418,-0.4692,-1.5215
1636291452472,-3.9492,-0.2991,-1.9912,-4.6289,-0.8926,-1.4297
1636291452499,-4.3516,-3.3164,-3.7754,-5.1914,-1.3477,-1.2734
1636291452501,-4.1250,-6.8906,-3.7188,-5.3281,-1.8457,-1.2588
1636291452502,-3.5313,-11.3516,-1.9414,-5.0195,-2.4121,-1.2861
1636291452529,-1.7422,-16.3125,0.8809,-4.2383,-3.0137,-1.2061
1636291452531,0.2896,-17.9375,1.6133,-2.7129,-3.5547,-1.1035
1636291452532,3.7031,-15.8516,5.2891,-0.4446,-3.8652,-1.3877
1636291452559,4.3086,-10.2422,8.7031,1.4346,-3.9434,-1.7041
1636291452560,1.8408,-6.4102,12.3203,2.5664,-3.9746,-1.5625
1636291452562,0.4788,-2.8848,14.7266,2.0313,-3.7871,-1.0537
1636291452589,-0.9600,0.2274,16.8438,0.3247,-3.2871,-0.8862
1636291452591,0.5073,-0.1316,20.8281,-1.5088,-2.7402,-1.0850
1636291452593,0.5264,-7.9375,23.8125,-2.4824,-1.6758,-0.7500
1636291452619,1.4980,-15.4922,24.2969,-2.4688,-0.4958,-0.4851
1636291452621,0.4763,-16.6250,24.2500,-1.0225,0.4065,-0.5596
1636291452623,-1.0576,-10.3906,22.6094,0.3130,0.4521,-0.5361
1636291452649,-0.4907,-4.2266,19.2188,1.0029,0.5200,-0.2563
1636291452651,0.0359,-1.4717,15.5625,0.8047,1.2109,-0.0021
1636291452653,0.3184,0.4788,11.9531,-0.3157,1.9287,0.1245
1636291452679,0.5981,1.2871,9.0859,-1.4941,2.2891,0.0798
1636291452681,1.1084,0.4309,7.6680,-3.1211,2.5254,-0.4214
1636291452683,1.3809,-6.4492,8.6328,-3.5195,2.6797,-0.6055
1636291452709,0.3613,-8.8281,9.2031,-3.3926,2.8945,-0.6543
1636291452711,-0.3350,-8.6172,9.3984,-2.5195,2.8535,-0.5498
1636291452713,0.4309,-7.4766,8.2891,-1.4893,2.4844,-0.2649
1636291452739,1.4023,-6.9375,6.9102,-0.7075,2.0957,0.1235
1636291452741,1.4697,-7.0078,7.1094,-0.8286,2.0156,0.1830
1636291452743,1.0957,-5.8281,7.3828,-1.8789,2.2520,0.0894
1636291452769,0.2751,-6.0938,7.5703,-3.0801,2.6406,0.1372
1636291452771,-0.5171,-8.5078,7.0078,-4.0625,2.9688,0.2883
1636291452773,-0.5435,-10.0703,5.1992,-4.4414,3.0508,0.5576
1636291452798,-0.7900,-12.0859,3.8281,-3.9688,2.9082,0.9185
1636291452799,-1.4912,-13.4844,3.5332,-3.2461,2.7754,1.0283
1636291452800,-1.9648,-11.2969,2.9180,-2.7656,2.7227,1.1123
1636291452828,-2.1738,-8.6250,1.8789,-2.4453,2.5898,1.4180
1636291452829,-2.1563,-7.7305,1.1533,-2.4883,2.3750,1.6553
1636291452830,-2.2598,-7.6563,0.5674,-2.6758,2.2227,1.7012
1636291452858,-2.6563,-8.5469,0.8281,-2.6777,2.1426,1.6250
1636291452859,-3.2266,-9.2891,2.0430,-2.5156,2.0645,1.6641
1636291452860,-3.1426,-9.3828,2.4023,-2.1992,1.9189,1.9248
1636291452893,-2.5938,-9.3750,0.8379,-1.8008,1.7998,2.2871
1636291452895,-2.4434,-9.1328,-0.1149,-1.6055,1.7344,2.5293
1636291452897,-2.7188,-8.1250,0.1221,-1.6768,1.6592,2.6387
1636291452921,-3.2520,-7.2773,-0.4429,-1.6250,1.6094,2.7422
1636291452923,-4.1484,-7.4492,-0.8906,-1.1885,1.5605,2.8066
1636291452924,-4.9570,-7.1367,-1.4531,-0.6543,1.4131,2.7988
1636291452949,-5.1836,-6.1133,-1.4912,-0.0977,1.2051,2.7754
1636291452954,-5.0391,-4.8477,0.2083,0.3247,1.0039,2.7734
1636291452958,-4.9219,-3.4355,1.2373,0.3416,0.9185,2.7305
1636291452980,-5.3789,-2.9531,1.0527,0.0129,1.0801,2.5430
1636291452990,-6.3320,-2.8770,0.5122,-0.4775,1.2705,2.3340
1636291452996,-7.0078,-3.0996,-0.3254,-0.6646,1.2490,2.2090
1636291453000,-7.2461,-3.3340,-1.5967,-0.4414,1.1514,2.0371
1636291453009,-7.4336,-2.1797,-2.1914,-0.2009,0.9648,1.7969
1636291453014,-7.8672,-0.4021,-1.6104,-0.1818,0.5957,1.4961
1636291453039,-8.1719,-0.2322,-1.5059,-0.8115,0.2299,1.2344
1636291453044,-8.0625,-0.6938,-2.9863,-2.2031,-0.0329,1.0869
1636291453049,-7.8359,-2.7617,-3.0977,-3.2051,-0.2137,0.8013
1636291453059,-7.9727,-6.9297,-2.1348,-3.3008,-0.2883,0.4778
1636291453064,-8.4297,-9.8828,-1.7139,-2.8848,-0.4011,0.4746
1636291453089,-8.5781,-9.8359,-1.9121,-2.2129,-0.5596,0.6895
1636291453094,-8.4297,-8.6172,-1.8066,-1.5254,-0.7275,0.9258
1636291453099,-7.9531,-8.1094,-1.0391,-1.0078,-0.8477,0.9961
1636291453113,-7.4570,-7.8203,-0.3711,-0.6572,-0.8892,1.0156
1636291453118,-7.1914,-7.5313,0.3972,-0.3872,-0.8853,1.0889
1636291453130,-6.9688,-7.5508,0.6821,-0.2467,-0.8076,1.1455
1636291453135,-6.7383,-6.9375,0.8447,-0.3508,-0.7319,1.1699
1636291453163,-6.7305,-6.5000,0.6392,-0.5181,-0.6689,1.1387
1636291453164,-6.9414,-6.5156,-0.3687,-0.7573,-0.5947,1.1523
1636291453165,-7.3555,-5.6055,-0.9165,-0.9385,-0.5957,1.1875
1636291453188,-7.6094,-5.2305,-0.3350,-0.9043,-0.6353,1.1084
1636291453192,-7.4336,-6.1797,0.3877,-0.8989,-0.6714,0.9609
1636291453195,-7.1680,-6.8086,0.4692,-1.0195,-0.7095,0.8872
1636291453208,-7.3594,-6.4570,0.6104,-1.1025,-0.7095,0.8896
1636291453212,-7.5195,-6.6133,0.3782,-1.0537,-0.7065,0.8350
1636291453238,-7.5742,-7.2031,0.1555,-0.9800,-0.7158,0.7715
1636291453242,-7.4961,-7.1602,0.5649,-0.8784,-0.7466,0.7563
1636291453245,-7.5000,-6.7305,0.6318,-0.8179,-0.7383,0.7969
1636291453268,-7.4805,-5.8047,0.1245,-0.8350,-0.7329,0.8267
1636291453272,-7.3867,-4.8672,0.3135,-0.9053,-0.7158,0.8052
1636291453275,-7.4453,-4.5586,0.8330,-1.0234,-0.6587,0.7148
1636291453298,-7.5000,-4.8828,0.9575,-1.2266,-0.6157,0.6343
1636291453302,-7.4297,-5.5781,1.2490,-1.3916,-0.5742,0.5161
1636291453310,-7.4805,-6.3359,1.3594,-1.3672,-0.5254,0.4417
1636291453318,-7.5000,-6.9492,1.1943,-1.1406,-0.4905,0.4246
1636291453322,-7.2773,-6.6289,0.8662,-0.9268,-0.4702,0.4182
1636291453349,-7.0625,-5.8125,0.4714,-0.7285,-0.4521,0.4065
1636291453353,-6.9180,-4.9297,0.3782,-0.5762,-0.4458,0.3755
1636291453356,-6.8555,-5.3242,0.2466,-0.4851,-0.4360,0.3149
1636291453369,-6.9531,-7.0234,-0.2896,-0.5361,-0.3787,0.2957
1636291453372,-6.9102,-8.1641,-0.7109,-0.5776,-0.3340,0.3267
1636291453398,-6.7344,-8.4453,-0.8594,-0.3733,-0.3298,0.3884
1636291453402,-6.4414,-8.5391,-0.4668,0.0097,-0.3584,0.4670
1636291453405,-6.0117,-7.8438,-0.0287,0.3992,-0.3713,0.5767
1636291453418,-5.5898,-5.8867,0.4453,0.7319,-0.3330,0.6777
1636291453422,-5.1367,-4.1484,1.0342,0.9810,-0.2573,0.6509
1636291453448,-4.8320,-5.3086,1.3643,1.0928,-0.1255,0.5117
1636291453452,-5.1211,-6.0117,0.9624,0.8916,0.0075,0.5317
1636291453455,-5.4453,-5.1328,0.7515,0.7256,0.1107,0.6001
1636291453479,-5.4805,-5.1016,0.4883,0.6714,0.1788,0.5532
1636291453482,-5.5273,-5.2422,0.1340,0.7832,0.2107,0.4905
1636291453486,-5.8008,-5.2578,-0.2369,1.2236,0.2448,0.4734
1636291453498,-5.9219,-5.2734,-0.2369,1.9287,0.2756,0.4236
1636291453502,-5.9063,-4.6758,0.1197,2.8496,0.3840,0.3235
1636291453529,-5.8672,-3.4512,0.7900,3.9141,0.5151,0.1852
1636291453532,-5.6992,-1.9365,0.5840,5.0234,0.6265,-0.0415
1636291453536,-5.8477,-0.9956,-0.4788,6.2344,0.7158,-0.3521
1636291453559,-6.4531,-0.9980,-1.4619,7.3828,0.7158,-0.6680
1636291453562,-7.2500,-1.8809,-2.1250,8.2344,0.6436,-0.9277
1636291453566,-8.3984,-2.7754,-3.0898,8.3359,0.4927,-1.0137
1636291453589,-9.4219,-2.6719,-3.9492,7.4531,0.1064,-0.8584
1636291453592,-9.6328,-1.5771,-4.3008,5.9023,-0.3381,-0.7148
1636291453596,-9.3594,-1.3711,-4.2070,4.4336,-0.5713,-0.8374
1636291453609,-9.4063,-2.5313,-4.0313,3.6055,-0.6084,-1.0977
1636291453612,-10.0156,-3.9707,-3.7578,3.6309,-0.6587,-1.2070
1636291453653,-10.5781,-4.3086,-2.8906,4.2969,-0.9404,-1.0996
1636291453659,-10.4063,-2.9688,-1.8525,5.2852,-1.4414,-0.9277
1636291453663,-9.4453,-0.9932,-0.0909,6.2773,-2.0293,-0.7456
1636291453667,-7.7188,0.4070,1.9463,6.7070,-2.5684,-0.5146
1636291453673,-5.4180,2.0391,4.3477,6.2500,-2.9785,-0.2947
1636291453676,-3.2695,4.4922,7.7969,5.2539,-3.1387,-0.2903
1636291453689,-1.3096,4.8320,10.2578,3.9160,-2.6250,-0.7095
1636291453693,-1.9268,2.9688,12.2656,1.8604,-1.4795,-1.2666
1636291453719,-5.7734,1.9434,6.4063,-0.5762,-0.3127,-1.2939
1636291453722,-11.1172,0.3972,3.2676,-2.5469,0.0001,-0.4927
1636291453726,-12.9609,0.3853,4.0352,-3.9961,-0.5532,0.1277
1636291453749,-11.3438,1.8594,2.7480,-4.8047,-0.8032,0.0170
1636291453752,-9.9453,1.6631,3.2578,-5.5000,-0.6670,-0.3064
1636291453756,-8.0703,0.8281,1.7090,-5.2109,-0.7744,-0.7861
1636291453786,-9.9453,-10.2969,3.2910,-4.2734,-0.8511,-0.9033
1636291453792,-9.9453,-10.2969,3.2910,-4.2734,-0.8511,-0.9033
1636291453793,-7.8281,-13.8281,8.6484,0.7749,-0.9141,-0.0936
1636291453807,-6.2695,-7.7109,7.8281,3.3945,-0.7510,-0.0883
1636291453810,-5.8828,-2.0176,7.6445,3.8242,-0.3564,-0.1947
1636291453819,-6.5781,1.1797,11.6250,1.9707,0.0054,-0.3213
1636291453823,-6.9688,-0.1293,9.6016,0.5957,0.3735,-0.2405
1636291453850,-7.2656,-6.5352,4.8164,1.2559,0.7310,-0.3755
1636291453853,-7.4219,-10.6016,2.3789,2.6602,0.6694,-0.7681
1636291453858,-6.8945,-7.0977,2.7266,3.4922,0.2256,-0.6587
1636291453869,-6.7773,-0.9600,2.5137,3.3574,-0.1722,-0.2223
1636291453873,-6.7344,2.7539,1.9121,2.1699,-0.2830,-0.0776
1636291453902,-6.4219,3.8145,3.4355,0.8906,-0.2532,-0.2595
1636291453906,-6.0469,2.0840,6.0977,-0.2605,-0.1946,-0.5093
1636291453910,-6.0469,-1.5078,8.2188,-1.5996,-0.0808,-0.6597
1636291453924,-6.6914,-5.1797,11.2500,-2.5918,0.0809,-0.7627
1636291453929,-7.0898,-8.4531,14.0156,-2.3086,0.3926,-0.7935
1636291453941,-6.5586,-10.5938,13.8984,-0.7646,0.7354,-0.6074
1636291453945,-4.8047,-8.6953,14.1016,0.5127,0.7393,-0.2925
1636291453970,-3.5215,-3.6621,13.0781,0.6919,0.7842,0.0245
1636291453973,-4.3438,-2.2754,9.8203,0.1576,1.4082,0.1447
1636291453977,-6.6328,-4.5195,7.0625,-0.9595,2.2148,-0.1893
1636291454000,-9.0469,-6.8828,5.3320,-1.8486,2.6934,-0.4958
1636291454003,-10.1875,-8.2266,3.5156,-1.4863,2.6406,-0.2223
1636291454006,-9.6563,-8.4609,2.6836,-0.2659,2.1875,0.0638
1636291454030,-8.4609,-6.4336,3.4785,0.5674,1.7988,0.0756
1636291454033,-8.0000,-3.9570,4.7969,0.5791,1.7939,0.0894
1636291454037,-7.9961,-3.2246,4.6523,0.0821,1.9736,0.1139
1636291454060,-8.3984,-3.8145,3.5117,-0.4351,2.2109,0.0309
1636291454063,-9.5547,-4.1953,2.8008,-0.4988,2.3789,-0.0372
1636291454067,-10.5234,-4.3086,2.0000,-0.0488,2.3398,0.0139
1636291454090,-10.6563,-4.5938,1.3525,0.4077,2.1641,0.1086
1636291454094,-10.6484,-4.6875,1.2686,0.5596,2.0352,0.1554
1636291454097,-10.6875,-4.6406,1.4619,0.3713,1.9912,0.2319
1636291454120,-10.4922,-5.3320,1.2422,0.0182,2.0449,0.3298
1636291454124,-10.3438,-6.0391,0.7085,-0.3147,2.1543,0.3713
1636291454127,-10.3672,-6.0977,0.2058,-0.4988,2.2188,0.3713
1636291454158,-10.7656,-6.1055,-0.4739,-0.4658,2.2363,0.4543
1636291454161,-11.1328,-5.9805,-1.0869,-0.4509,2.1074,0.5342
1636291454165,-11.3281,-5.2852,-1.3926,-0.5913,1.8359,0.7510
1636291454170,-11.0313,-4.2852,-1.8936,-0.7905,1.5088,0.9414
1636291454174,-10.3750,-3.8027,-2.3457,-1.0635,1.2002,0.9897
1636291454205,-9.7344,-4.0000,-3.0918,-1.2773,0.9609,0.9414
1636291454209,-9.2734,-4.4336,-3.7813,-1.3223,0.6914,0.9600
1636291454214,-9.0625,-4.6445,-4.5898,-1.2676,0.4949,0.9097
1636291454220,-9.6406,-5.2734,-4.6992,-1.2041,0.4106,0.7192
1636291454223,-10.8281,-5.8477,-4.7500,-1.5010,0.2766,0.7363
1636291454250,-12.1406,-6.5742,-5.5430,-1.8818,0.2595,0.8545
1636291454255,-12.9063,-6.9258,-5.9258,-2.4648,0.2043,0.9341
1636291454258,-13.4297,-7.2969,-6.2891,-2.9746,0.2299,0.9756
1636291454271,-13.1875,-7.6563,-5.8281,-3.2793,0.2224,0.9141
1636291454274,-12.3906,-7.3945,-5.6094,-3.2891,0.2500,0.7705
1636291454301,-11.8438,-6.3750,-5.9531,-3.2383,0.2563,0.6406
1636291454304,-11.6641,-5.3594,-6.0195,-3.4238,0.1830,0.5659
1636291454308,-11.7578,-4.7500,-7.1523,-3.6582,-0.0297,0.4873
1636291454331,-11.5938,-4.5273,-8.0234,-3.8086,-0.4224,0.4917
1636291454334,-10.2422,-4.4883,-8.0547,-3.8770,-1.0391,0.4714
1636291454338,-8.4297,-3.5742,-7.4023,-3.7246,-1.8086,0.3254
1636291454361,-6.0586,-2.8691,-6.2813,-3.3984,-2.6699,0.0660
1636291454364,-3.8086,-2.6055,-4.2578,-3.0684,-3.5078,-0.2637
1636291454368,-2.2480,-1.7764,-1.1035,-2.5820,-4.2305,-0.6040
1636291454400,-0.5122,-2.1387,2.1484,-1.8418,-4.9648,-1.1016
1636291454404,2.4824,-3.2090,6.1328,-1.5391,-5.5156,-1.5049
1636291454407,5.6211,-4.8320,11.2344,-1.4229,-5.4883,-1.5781
1636291454411,7.5977,-7.7188,16.2500,-1.0771,-4.9023,-1.6318
1636291454416,7.5977,-11.2969,20.0313,-0.5957,-4.1797,-1.8652
1636291454441,5.1016,-14.3359,20.8750,-0.1466,-3.8691,-1.8311
1636291454445,0.4978,-15.1719,17.0781,-0.1212,-4.2930,-1.4121
1636291454448,-2.4785,-12.2266,8.5078,-0.6050,-4.4648,-0.9385
1636291454461,-4.2227,-8.0156,2.6230,-0.7539,-3.8027,-0.4075
1636291454465,-4.2734,-4.8672,2.3652,-0.3796,-3.3965,0.0649
1636291454495,-1.8242,-4.1250,3.2090,0.0598,-3.7402,0.4236
1636291454498,2.7168,-6.1914,5.5508,0.4343,-4.0156,0.7256
1636291454502,5.7969,-8.5078,3.6816,0.5117,-3.8203,1.0889
1636291454513,6.4805,-9.7031,-1.8164,0.6968,-3.6172,1.3096
1636291454516,5.5078,-13.3125,4.1875,1.1738,-3.2441,1.3291
1636291454542,1.3857,-13.2344,7.2656,0.9014,-2.9180,1.4346
1636291454545,-1.1299,-7.3594,8.7578,1.1279,-2.7480,1.7832
1636291454549,-1.7549,-2.3789,8.9453,2.4551,-2.7656,1.8955
1636291454561,-1.3164,-0.2083,8.7813,3.7539,-2.7207,1.5127
1636291454565,-0.8711,0.9072,9.5078,4.1953,-2.4082,0.9873
1636291454591,-0.8091,2.2949,10.6250,3.8184,-1.8213,0.6758
1636291454595,-1.3545,3.6914,10.9453,3.0898,-1.2012,0.6768
1636291454598,-1.9482,4.6094,10.9063,2.2910,-0.7842,0.8237
1636291454621,-2.7168,4.6484,11.3594,1.4893,-0.5796,0.9194
1636291454625,-3.2461,3.5918,11.1875,0.6182,-0.4224,0.7393
1636291454628,-3.4824,2.0176,11.0938,-0.0158,-0.2329,0.3511
1636291454652,-3.7324,0.5337,11.1797,-0.3359,-0.0765,-0.0351
1636291454653,-4.0352,-0.3831,11.0313,-0.3787,-0.0510,-0.2969
1636291454654,-4.4805,-0.6460,10.8125,-0.1838,-0.1404,-0.3916
1636291454682,-4.9219,-0.4475,10.6250,0.1587,-0.2478,-0.4106
1636291454683,-4.9102,-0.2825,10.1250,0.6733,-0.4170,-0.6860
1636291454684,-4.4336,-0.3135,9.6094,0.6289,-0.4680,-0.8999
1636291454712,-3.9727,-0.5601,9.3594,0.4939,-0.4543,-1.0264
1636291454713,-3.9277,-1.0771,9.2344,0.3203,-0.4106,-1.0635
1636291454715,-4.1680,-1.5869,9.1563,0.1459,-0.4202,-1.0762
1636291454742,-4.5039,-2.1953,9.5469,0.0555,-0.4648,-1.1133
1636291454743,-4.8555,-2.7734,9.8516,0.0864,-0.5127,-1.1699
1636291454744,-5.1055,-3.1875,9.9297,0.2896,-0.5757,-1.1943
1636291454780,-5.0469,-3.2930,9.8516,0.6416,-0.6934,-1.1729
1636291454781,-4.6758,-3.1289,9.8438,1.0693,-0.8413,-1.1699
1636291454783,-4.0938,-2.7891,9.7422,1.4922,-0.9863,-1.2168
1636291454792,-3.4609,-2.3691,9.6406,1.8047,-1.1211,-1.3105
1636291454793,-3.0820,-1.9531,9.9453,1.9883,-1.2031,-1.3936
1636291454823,-3.2500,-1.5273,10.3750,2.0781,-1.1875,-1.4131
1636291454824,-3.7813,-0.9980,10.6250,2.1309,-1.1191,-1.3828
1636291454825,-4.1406,-0.5288,10.7344,2.1504,-1.0723,-1.3838
1636291454853,-3.9941,-0.0766,10.6406,2.1445,-1.0625,-1.4863
1636291454854,-3.5977,0.4309,10.3125,2.1211,-1.0635,-1.6846
1636291454855,-3.1133,0.9907,10.0938,2.0352,-1.0693,-1.9014
1636291454883,-2.6484,1.4551,10.1250,1.8506,-1.0410,-2.0879
1636291454884,-2.4336,1.6992,10.1484,1.5498,-0.9565,-2.2246
1636291454885,-2.5176,1.6084,10.2969,1.1533,-0.8213,-2.3223
1636291454913,-2.7617,1.0244,10.4219,0.6982,-0.6401,-2.3887
1636291454914,-2.9980,0.2130,10.1250,0.2905,-0.4404,-2.4473
1636291454915,-2.9297,-0.5938,9.5078,0.0619,-0.3020,-2.5195
1636291454943,-2.5625,-1.3525,9.1016,-0.0105,-0.2319,-2.6367
1636291454944,-2.2305,-1.7617,8.7109,0.0204,-0.1733,-2.7734
1636291454945,-2.3594,-1.6758,7.8398,0.1565,-0.1638,-2.8828
1636291454972,-2.2930,-1.5918,7.8633,0.2108,-0.1904,-3.0332
1636291454974,-2.0313,-2.6426,7.9102,0.1044,-0.0478,-3.1934
1636291454974,-2.3691,-4.7070,6.8828,0.0193,0.1788,-3.2168
1636291455004,-3.1191,-6.7578,5.8164,0.1959,0.2310,-3.1035
1636291455006,-3.6211,-7.6602,5.8789,0.5693,0.0639,-2.9609
1636291455008,-3.7266,-6.7695,5.6484,1.1826,-0.2351,-2.8730
1636291455034,-3.6016,-4.6641,5.4453,2.1348,-0.5742,-2.8223
1636291455036,-3.2266,-2.3242,6.0352,3.2148,-0.8711,-2.8516
1636291455037,-3.2500,-0.0862,6.9570,4.1680,-1.0771,-3.0273
1636291455064,-3.7754,2.1172,6.1719,4.7109,-1.2793,-3.2480
1636291455066,-3.8652,3.4160,5.9883,4.4297,-1.5703,-3.2578
1636291455068,-3.2930,2.5977,5.2383,3.3496,-1.8291,-2.8828
1636291455094,-2.2715,0.3757,6.5977,2.2754,-1.8906,-2.4590
1636291455096,-0.4619,-1.1826,8.4141,1.5791,-1.9365,-2.3867
1636291455098,1.3838,-1.0723,8.9688,1.1670,-2.0332,-2.7207
1636291455124,2.3906,-0.1963,8.6406,0.7681,-2.1836,-2.9766
1636291455126,2.4512,0.2537,8.1484,-0.0254,-2.2871,-2.7070
1636291455128,2.0508,0.0551,7.8711,-1.4736,-2.2500,-2.1719
1636291455154,1.3662,-1.5840,7.4063,-3.2070,-2.0410,-1.8477
1636291455156,0.6895,-4.7969,6.8008,-4.3125,-1.9111,-1.6025
1636291455158,0.7827,-7.3203,5.5508,-4.4023,-2.0547,-1.3652
1636291455184,0.9863,-9.2188,4.2930,-3.5059,-2.3066,-1.4160
1636291455188,1.2012,-10.3125,3.6445,-2.0234,-2.7109,-1.4775
1636291455190,1.6826,-8.9453,3.7031,-0.5464,-3.2559,-1.4092
1636291455214,1.7832,-6.5977,4.7227,0.6660,-3.6719,-1.3809
1636291455215,2.4648,-4.6406,5.8359,1.4482,-3.8945,-1.2588
1636291455222,3.6016,-3.5840,8.6563,1.8105,-3.9277,-1.0986
1636291455243,4.8203,-2.1250,12.3281,1.8799,-3.8340,-0.9990
1636291455244,5.2969,0.2178,14.9609,1.4971,-3.6641,-0.9468
1636291455246,5.5703,1.8193,16.2969,0.7417,-3.2578,-0.8232
1636291455274,5.7695,2.4707,16.7344,-0.2605,-2.5176,-0.8130
1636291455276,6.7070,1.6846,17.6875,-1.1426,-1.6895,-1.1104
1636291455278,8.5781,-0.7109,20.7188,-1.9463,-0.7529,-1.5371
1636291455304,9.6250,-3.6270,22.2188,-2.6426,0.4480,-1.7930
1636291455306,8.3672,-6.9727,20.3906,-2.8594,1.4482,-1.6494
1636291455308,6.1758,-9.9375,17.8906,-2.7852,2.0410,-1.1523
1636291455334,3.6797,-10.5859,13.8203,-2.8887,2.4805,-0.5776
1636291455336,1.9512,-8.7813,9.5234,-2.6641,2.4102,-0.1021
1636291455338,1.4883,-6.2617,8.2656,-1.5332,1.9307,0.2267
1636291455364,1.6250,-3.9082,8.6641,-0.3372,1.5313,0.4617
1636291455366,2.2305,-1.6445,10.8359,0.0789,1.2764,0.5957
1636291455368,1.6826,-0.1293,8.9688,-0.4807,1.3125,0.7222
1636291455395,3.9551,-1.1318,5.9805,-0.6787,1.6914,0.8989
1636291455396,2.5156,-2.6191,11.7109,-0.1615,1.9111,0.6787
1636291455398,1.1270,-2.3379,13.3125,-0.9395,2.1367,0.2522
1636291455425,1.3545,-2.5977,12.5859,-1.3359,2.2266,0.1766
1636291455426,2.6465,-2.9004,10.4688,-1.3311,1.9863,0.0554
1636291455428,2.8281,-2.7480,9.9688,-1.2617,2.0215,-0.1575
1636291455454,2.0742,-2.4492,10.0625,-1.1406,2.0039,-0.3862
1636291455456,1.7354,-3.4414,10.6094,-0.6689,1.6924,-0.6157
1636291455458,1.2588,-5.2383,12.2578,0.0682,1.1416,-0.8853
1636291455485,7.5195,-9.0156,11.7578,2.5547,-1.6641,-1.4121
1636291455486,0.6128,-6.2969,15.1328,3.3477,-0.8159,-0.8574
1636291455488,-4.8125,3.3301,13.6797,0.9185,1.7256,0.2235
1636291455515,-1.9463,6.0234,12.7344,0.4385,1.9648,0.9546
1636291455516,1.6328,1.0000,13.2500,1.6172,1.9180,0.4480
1636291455518,3.6445,-4.1953,12.7578,1.9883,2.0820,-0.6616
1636291455545,2.8965,-4.7656,12.3750,1.1309,2.3223,-0.8574
1636291455546,-0.1604,-2.2441,10.4922,0.5747,2.1738,-0.1191
1636291455548,-0.8496,-1.3018,9.3984,0.5928,1.7598,0.3555
1636291455575,-0.0120,-2.0898,10.1953,0.5151,1.8193,0.2001
1636291455576,0.1173,-2.7070,10.8594,0.2927,2.0527,0.0383
1636291455578,-0.2250,-2.3711,11.2422,0.3076,1.9697,0.1735
1636291455605,-0.6772,-1.3613,11.1328,0.3831,1.8252,0.3127
1636291455606,-1.1436,-0.6533,10.4375,0.4343,1.8154,0.2744
1636291455608,-1.2490,-0.2920,11.3359,0.5342,1.8643,0.2086
1636291455635,-1.2422,0.8232,12.1172,0.4343,1.8975,0.1288
1636291455636,-0.9814,1.8428,11.6406,0.3076,1.9111,-0.0074
1636291455638,-0.5073,1.4863,11.0625,0.1299,1.9814,-0.1202
1636291455665,-0.1221,-0.3088,10.9844,-0.3052,2.1738,-0.1681
1636291455666,0.0239,-2.6348,10.9297,-0.7788,2.4902,-0.1245
1636291455668,-0.5718,-4.0117,10.7344,-0.7852,2.6426,0.0383
1636291455695,-1.5801,-4.0781,10.6094,-0.2222,2.3906,0.2128
1636291455696,-2.3145,-2.6895,9.9219,0.3948,1.9678,0.2213
1636291455698,-2.5000,-0.2632,8.1953,0.6606,1.6240,0.1309
1636291455725,-1.7305,1.5410,6.8203,-0.5137,1.3340,-0.0723
1636291455726,0.4092,0.8306,5.6094,-1.7588,1.4863,-0.1361
1636291455728,0.3494,-0.5049,5.2109,-2.9336,1.7715,-0.1298
1636291455755,-0.5938,-1.8428,5.4727,-3.6699,1.9883,-0.1447
1636291455756,-1.9863,-2.8906,5.8008,-3.8691,2.0410,-0.2010
1636291455758,-3.2266,-3.4492,6.0195,-3.6309,1.9658,-0.2935
1636291455785,-3.6836,-3.8438,6.3711,-3.1504,1.8184,-0.3872
1636291455786,-3.4844,-3.9824,5.7305,-2.5918,1.6650,-0.4500
1636291455788,-2.9082,-4.0977,5.8594,-2.1289,1.5264,-0.5171
1636291455815,-2.3438,-3.9766,6.0703,-1.9375,1.4727,-0.5679
1636291455816,-2.0957,-3.6582,5.4531,-1.9521,1.5898,-0.5444
1636291455818,-2.1328,-3.9590,5.3477,-2.1563,1.7471,-0.5020
1636291455845,-2.2285,-4.4570,5.2148,-2.7227,1.8965,-0.4915
1636291455846,-2.6230,-5.3516,4.1016,-3.2695,2.1152,-0.4277
1636291455850,-3.2793,-6.8281,2.4453,-3.5273,2.3262,-0.3086
1636291455875,-3.9629,-7.6914,1.4316,-3.4883,2.3848,-0.1936
1636291455876,-4.5039,-8.1641,2.0781,-3.0879,2.2500,-0.1350
1636291455878,-5.1328,-8.6641,2.3223,-2.5078,2.0820,-0.0851
1636291455905,-5.5547,-8.7031,2.2754,-1.9014,1.9580,0.1351
1636291455906,-5.8320,-8.3750,2.4570,-1.2764,1.8018,0.4426
1636291455908,-5.7070,-7.7969,1.7070,-0.5894,1.6592,0.6201
1636291455935,-5.5352,-7.6719,0.5674,0.2205,1.6846,0.6597
1636291455937,-5.8242,-8.0469,-0.5454,0.9224,1.8057,0.6533
1636291455938,-6.3672,-8.1016,-2.5898,1.4072,1.8086,0.6948
1636291455965,-7.9688,-8.9922,2.3652,1.4971,1.4678,0.7554
1636291455966,-8.4688,-4.6602,5.6992,-0.0264,0.8599,0.7290
1636291455968,-8.4453,-4.1406,2.5098,0.3704,1.1309,1.1152
1636291455995,-7.7734,-7.2344,1.5029,0.9043,1.2900,1.0811
1636291455997,-7.4375,-5.0156,0.5674,0.5190,1.2100,0.7065
1636291455998,-8.2109,-3.5391,-0.2130,0.5225,1.0410,0.7935
1636291456025,-9.1953,-4.8242,-1.7451,1.0635,0.8970,0.8809
1636291456029,-10.3359,-4.8633,-2.1777,1.2939,0.5605,0.6416
1636291456033,-10.8125,-4.1172,-1.3115,1.4258,0.0288,0.5244
1636291456055,-10.1641,-4.0391,1.2852,1.6240,-0.2979,0.6489
1636291456057,-8.8672,-3.5488,4.7461,1.3906,-0.4319,0.8350
1636291456059,-6.8516,-2.9375,7.0195,1.4229,-0.3691,0.8511
1636291456083,-4.9844,-2.5977,7.9336,1.9756,-0.0180,0.6680
1636291456084,-4.7188,-1.3047,6.4414,2.2578,0.3948,0.5044
1636291456085,-6.1133,0.0598,4.8984,1.8223,0.7119,0.4629
1636291456113,-7.9023,0.1699,3.6406,0.5884,0.9395,0.3989
1636291456114,-9.2031,-1.5361,1.4980,-0.8555,1.1572,0.3171
1636291456115,-10.2188,-3.9160,0.3613,-1.8555,1.1973,0.2725
1636291456143,-10.6875,-5.4336,0.1508,-2.1758,1.0371,0.3105
1636291456144,-10.3438,-6.0664,-0.0335,-1.9189,0.8320,0.4075
1636291456145,-9.8047,-5.8711,0.3088,-1.3135,0.6279,0.4819
1636291456177,-9.4297,-5.1484,0.7754,-0.7710,0.4851,0.5615
1636291456179,-9.1328,-3.9688,1.2061,-0.5913,0.4075,0.5605
1636291456184,-8.7656,-2.8789,1.2324,-0.8438,0.3606,0.4990
1636291456204,-8.7969,-2.6719,0.5479,-1.4404,0.3809,0.4490
1636291456208,-9.2031,-2.6934,-0.5981,-2.2773,0.4182,0.4417
1636291456212,-9.4219,-3.6660,-1.0166,-2.9277,0.4321,0.3989
1636291456224,-9.4297,-5.6680,-0.7729,-3.1094,0.4001,0.3320
1636291456228,-9.2813,-7.0234,-0.1986,-2.9043,0.3308,0.3574
1636291456254,-8.8203,-7.5859,0.4429,-2.4043,0.1969,0.4426
1636291456258,-8.3047,-7.8945,0.8472,-1.9609,0.0777,0.5342
1636291456261,-8.2344,-7.7422,1.1035,-1.8721,0.0479,0.5576
1636291456274,-8.3828,-8.0313,0.8330,-1.9805,0.0724,0.5146
1636291456283,-8.9609,-8.4609,0.1508,-2.1172,0.1256,0.5098
1636291456294,-9.3828,-8.0078,-0.4189,-2.2559,0.1213,0.5117
1636291456297,-9.3750,-7.5234,-1.2158,-2.2305,0.0447,0.5659
1636291456331,-9.3984,-7.2031,-1.3691,-2.1602,-0.1000,0.6274
1636291456335,-8.9531,-6.4805,-1.2539,-2.1758,-0.3223,0.6470
1636291456338,-8.4063,-5.8555,-1.4004,-2.1758,-0.5190,0.6055
1636291456343,-8.7813,-5.6836,-2.0156,-2.2090,-0.6392,0.5225
1636291456346,-9.5938,-5.8789,-2.9434,-2.3066,-0.7637,0.3638
1636291456374,-10.1563,-6.5703,-4.0742,-2.3652,-0.9863,0.3118
1636291456378,-10.2188,-7.4727,-4.3789,-2.4629,-1.3896,0.4119
1636291456381,-9.1172,-7.6953,-4.5117,-2.6445,-1.9287,0.5396
1636291456394,-7.7422,-7.9570,-4.1836,-2.6309,-2.4395,0.6108
1636291456398,-7.0156,-7.5781,-3.1465,-2.4648,-2.8711,0.5488
1636291456424,-7.0234,-6.5508,-2.1074,-2.3535,-3.1797,0.4170
1636291456428,-7.5352,-6.1953,-1.5391,-2.4121,-3.3770,0.2426
1636291456431,-7.5078,-6.3516,-0.7754,-2.6270,-3.5703,0.1394
1636291456444,-5.6289,-6.8242,0.4309,-2.8594,-3.8438,0.2245
1636291456448,-2.1270,-7.2930,2.3516,-2.8613,-4.2031,0.4404
1636291456474,1.0674,-8.3125,5.1211,-2.7246,-4.6328,0.5630
1636291456478,3.0918,-8.4453,8.3984,-2.6641,-5.0195,0.3862
1636291456481,4.0156,-8.4609,12.5234,-2.7734,-5.2383,0.1277
1636291456494,4.5078,-9.3359,17.1875,-2.8164,-5.0898,-0.0627
1636291456498,4.4102,-10.2031,21.5625,-2.4902,-4.6250,-0.0638
1636291456524,3.1309,-9.7734,25.2656,-1.5293,-4.1875,0.1575
1636291456530,0.9956,-7.2422,26.4531,-0.6445,-4.0039,0.3989
1636291456534,-0.7803,-2.0000,20.0781,-0.2871,-3.8262,0.4927
1636291456544,-4.4531,2.1270,7.3906,0.0417,-3.6152,0.7969
1636291456548,-6.8672,0.5146,-0.2871,-0.0328,-3.1602,1.0742
1636291456574,-7.4375,-6.5664,-1.6807,-1.1172,-2.5742,0.7949
1636291456578,-6.3750,-13.9219,-1.5439,-2.4199,-2.7051,0.7056
1636291456581,-0.5864,-16.2813,-0.2847,-2.8418,-3.2773,1.6953
1636291456594,6.9180,-16.5469,-0.6152,-1.1533,-3.1191,2.6855
1636291456612,5.9961,-17.1875,-3.1113,1.9395,-3.4883,2.1855
1636291456617,8.2578,-15.3594,1.5293,3.4727,-4.8750,1.4375
1636291456620,9.4844,-7.3906,5.3164,3.5840,-4.9961,1.5029
1636291456644,7.3828,-1.0576,8.7188,4.0469,-4.1758,1.5303
1636291456662,5.8242,1.0264,12.1406,4.0859,-3.3379,1.4434
1636291456665,3.6660,2.1328,12.1406,3.2637,-2.6016,1.5469
1636291456670,1.6367,2.5254,10.7266,2.6035,-1.9688,1.7129
1636291456673,0.1053,2.5566,10.2422,2.2793,-1.4004,1.6279
1636291456684,-0.5264,3.0996,10.8438,2.0879,-0.9692,1.1270
1636291456688,-1.1152,3.7246,10.9922,1.8975,-0.8394,0.7754
1636291456714,-1.4004,4.1016,11.2344,1.7949,-0.8628,0.6479
1636291456718,-1.6416,4.0000,11.6250,1.6758,-0.8438,0.5967
1636291456721,-1.9990,3.4277,11.7891,1.4629,-0.7817,0.5479
1636291456734,-2.4180,2.5977,11.8828,1.1719,-0.7183,0.4521
1636291456738,-2.7266,1.8311,11.8125,0.8779,-0.6733,0.2915
1636291456764,-2.8438,1.3164,11.7578,0.7417,-0.6626,0.0756
1636291456768,-2.8750,1.2871,11.7031,0.7598,-0.7041,-0.1191
1636291456771,-2.7969,1.6807,11.7813,0.8301,-0.7979,-0.2776
1636291456785,-2.5176,2.1680,12.0000,0.8428,-0.8467,-0.4468
1636291456788,-2.2520,2.5176,11.8281,0.7236,-0.8193,-0.6265
1636291456814,-1.8506,2.5273,11.6719,0.4609,-0.7500,-0.7959
1636291456818,-1.4619,2.0469,11.4375,0.1161,-0.6401,-0.9063
1636291456821,-1.1963,1.1133,11.0625,-0.4478,-0.4626,-0.9648
1636291456835,-0.7993,-0.9692,10.3984,-0.5605,-0.4192,-1.0215
1636291456838,-0.7993,-0.9692,10.3984,-0.5605,-0.4192,-1.0215
1636291456865,-1.1895,-2.1172,9.9453,-0.2700,-0.4224,-1.1240
1636291456868,-1.5586,-2.0781,10.1016,0.0523,-0.5029,-1.1543
1636291456871,-1.7354,-1.7637,10.3906,0.3960,-0.5859,-1.2363
1636291456885,-1.6152,-1.4072,10.6172,0.6929,-0.6445,-1.3584
1636291456888,-1.3018,-1.1826,10.7656,0.9033,-0.6689,-1.4561
1636291456915,-1.0127,-1.0391,10.7813,1.0156,-0.6680,-1.4951
1636291456918,-0.8809,-0.8594,10.7891,1.0498,-0.6470,-1.5107
1636291456922,-0.8926,-0.6938,10.7813,1.0391,-0.6201,-1.5439
1636291456935,-1.1826,-0.5024,10.7656,1.0146,-0.5947,-1.6035
1636291456938,-1.6279,-0.3208,10.6328,1.0049,-0.5688,-1.6582
1636291456965,-1.7832,-0.1436,10.4609,1.0020,-0.5488,-1.7158
1636291456968,-1.6279,0.0072,10.2656,1.0049,-0.5342,-1.7920
1636291456972,-1.2588,0.0909,10.0078,1.0156,-0.5298,-1.8896
1636291456985,-0.8662,0.0909,9.8203,1.0117,-0.5542,-1.9961
1636291456988,-0.5049,-0.0790,9.7734,0.9663,-0.5640,-2.0820
1636291457015,-0.4070,-0.4739,9.6875,0.8960,-0.5181,-2.1270
1636291457019,-0.5840,-0.8447,9.5469,0.8394,-0.4756,-2.1445
1636291457023,-0.8232,-1.0459,9.4844,0.8301,-0.4766,-2.1699
1636291457035,-0.8423,-1.1006,9.4297,0.8545,-0.5010,-2.2324
1636291457038,-0.6079,-1.0361,9.3906,0.8960,-0.5190,-2.3242
1636291457065,-0.1986,-1.0195,9.4297,0.8994,-0.5352,-2.4121
1636291457068,0.1340,-1.0195,9.3203,0.8140,-0.5435,-2.4668
1636291457072,0.3184,-1.0723,9.3750,0.6309,-0.5361,-2.4980
1636291457084,0.3040,-1.3232,9.2188,0.3650,-0.4915,-2.5371
1636291457088,0.3015,-1.4717,9.0781,-0.0339,-0.4810,-2.5742
1636291457115,0.5674,-1.4121,9.1719,-0.6040,-0.4553,-2.6094
1636291457118,0.6128,-1.1006,8.9844,-1.2725,-0.3958,-2.6016
1636291457122,1.0166,-0.9048,8.9219,-1.9668,-0.2500,-2.5918
1636291457135,1.1533,-1.3096,8.3281,-2.4805,0.0916,-2.6348
1636291457138,0.6128,-2.3613,7.9922,-2.5996,0.4521,-2.7773
1636291457165,-0.0598,-3.8770,7.8203,-2.3145,0.6597,-3.0195
1636291457175,-0.5527,-4.5664,7.7539,-1.6836,0.7534,-3.3086
1636291457178,-1.5459,-3.7793,6.6523,-0.7617,0.6914,-3.5430
1636291457185,-1.6299,-3.4180,6.1953,0.0917,0.4011,-3.6465
1636291457188,-0.3972,-3.4844,6.1094,0.4331,0.0916,-3.6836
1636291457215,0.3208,-2.4121,5.7695,0.3662,0.0479,-3.7539
1636291457225,0.1508,-1.4932,4.9258,0.2693,0.0745,-3.7617
1636291457240,0.0670,-1.8643,4.3047,0.1970,-0.0850,-3.7695
1636291457245,0.7134,-3.4531,4.6680,0.2927,-0.3201,-3.8672
1636291457249,1.8555,-4.7930,5.4531,0.4971,-0.4819,-3.8965
1636291457253,2.4121,-5.0117,5.7578,0.7471,-0.6489,-3.7520
1636291457268,2.6563,-4.7344,6.1602,0.7148,-0.8882,-3.5254
1636291457269,2.9688,-4.0625,6.0508,0.2225,-1.0947,-3.3730
1636291457295,2.8633,-4.0430,6.9375,-0.5000,-1.2041,-3.3086
1636291457298,2.5371,-4.3359,8.2656,-1.4160,-1.2422,-3.1289
1636291457302,2.3223,-4.4063,8.3203,-2.3887,-1.3037,-2.8047
1636291457315,2.5449,-4.0977,7.1172,-3.2969,-1.4561,-2.5449
1636291457319,2.9414,-3.4922,5.4102,-4.1797,-1.5752,-2.3906
1636291457345,3.2363,-3.2891,4.0859,-5.0273,-1.6338,-2.2949
1636291457348,3.4785,-3.1289,2.9414,-5.8086,-1.7139,-2.2891
1636291457352,3.6211,-3.3203,1.7900,-6.3047,-1.8438,-2.3691
1636291457365,3.8281,-3.8867,0.3589,-6.6367,-1.9854,-2.4727
1636291457369,4.8008,-5.9961,-0.3518,-6.8555,-2.0137,-2.5508
1636291457395,11.1016,-28.0469,9.3750,-6.2500,-0.5713,-2.3145
1636291457406,1.6396,-56.2813,8.5703,-4.2031,1.8809,-0.0872
1636291457410,4.7305,-65.9375,10.7031,0.7246,1.2744,0.8564
1636291457415,3.3008,-40.6875,11.2031,8.8906,-1.8584,-0.0053
1636291457423,0.4548,-5.1094,17.5781,13.6094,-5.0039,0.1383
1636291457435,4.5352,9.6484,17.0625,11.1484,-4.0938,1.6807
1636291457439,6.0625,11.9609,12.0859,6.8945,-0.4297,2.3906
1636291457465,3.4590,10.4766,9.3828,2.1484,1.4043,2.2715
1636291457469,3.0449,6.6641,6.9414,-1.6201,1.1563,2.1367
1636291457472,2.5898,-0.3877,5.8047,-3.1445,1.1006,1.9102
1636291457485,1.3760,-5.6797,4.9883,-3.2266,1.2998,1.4961
1636291457489,1.3115,-5.9492,4.0703,-2.5508,0.9502,1.1465
1636291457515,1.4648,-3.8555,3.7773,-0.9414,0.2170,1.0029
1636291457519,1.6465,-1.3643,4.2891,0.5161,-0.3723,0.8276
1636291457522,1.6396,0.4141,5.6133,0.8311,-0.5093,0.5459
1636291457535,1.4531,1.4619,6.8789,0.4736,-0.3787,0.3691
1636291457539,1.7998,1.4102,8.2969,0.1991,-0.3669,0.2649
1636291457565,2.4922,-0.3279,9.3672,-0.0254,-0.4395,0.1766
1636291457569,3.1328,-1.0605,8.9766,-0.7988,-0.3318,0.1331
1636291457572,3.5957,0.5601,9.5000,-1.6426,-0.1851,-0.0691
1636291457585,4.6016,1.6631,11.0391,-2.0469,-0.0680,-0.3682
1636291457589,5.6211,1.4600,13.8125,-2.4473,0.1724,-0.4116
1636291457615,6.2500,1.0957,13.0391,-3.6621,0.4958,-0.1659
1636291457619,6.6094,-0.3687,9.9531,-5.2656,0.9131,0.0107
1636291457622,6.6406,-1.4580,6.5117,-6.6641,1.3594,-0.0861
1636291457635,6.6172,-2.4199,3.6914,-7.3008,1.8379,-0.1500
1636291457639,6.3320,-5.7109,3.5039,-6.9219,2.1855,-0.0308
1636291457669,5.8633,-11.4844,4.1797,-6.0039,2.3594,0.1171
1636291457686,4.8398,-16.7500,4.6094,-4.8906,2.5117,0.2202
1636291457689,2.7793,-18.1406,4.9688,-3.4941,2.3789,0.3542
1636291457694,0.9238,-17.7031,5.7813,-1.7744,1.6729,0.6768
1636291457704,0.4285,-16.9531,6.2500,-0.3669,0.8237,1.1240
1636291457709,0.6680,-15.1172,6.6094,0.2045,0.4458,1.5352
1636291457721,1.0430,-11.9063,7.0586,0.1129,0.5669,1.8594
1636291457725,1.6846,-8.6641,7.6250,-0.2690,0.8203,2.1309
1636291457729,2.5879,-6.5234,8.0859,-0.8350,1.0664,2.3086
1636291457755,3.2344,-5.5078,8.1250,-1.4141,1.4639,2.3008
1636291457758,3.0254,-6.4414,7.9883,-1.7764,2.0078,2.0820
1636291457771,2.0313,-8.3984,7.3164,-2.0957,2.4980,1.8037
1636291457775,0.4070,-10.5234,6.2773,-2.2480,2.7324,1.7627
1636291457779,-1.0527,-11.4219,4.5195,-2.5254,2.7051,2.0430
1636291457807,-1.8721,-9.9453,1.8408,-3.1328,2.5605,2.4844
1636291457811,-2.2754,-7.7305,-0.5889,-3.9043,2.2813,2.8945
1636291457814,-1.9053,-6.9336,-1.0869,-4.6797,1.8027,3.0176
1636291457844,-0.9404,-7.9180,-1.4355,-5.2109,1.2852,2.7754
1636291457847,-0.2991,-10.2109,-0.7612,-5.1094,0.8662,2.5059
1636291457852,-0.6030,-12.6328,0.0096,-4.3008,0.6328,2.4473
1636291457856,-1.7813,-13.3906,0.4092,-3.2422,0.5981,2.5820
1636291457865,-3.0488,-11.9297,0.5049,-2.0469,0.5679,2.7813
1636291457869,-3.6289,-9.4063,0.2250,-0.9927,0.3501,2.8926
1636291457896,-3.6719,-7.9258,-0.4978,-0.4382,0.1118,2.9043
1636291457899,-3.8633,-7.8281,-0.4331,-0.6816,0.0224,2.7773
1636291457903,-4.2344,-7.7969,0.7324,-1.6084,0.0075,2.5820
1636291457916,-5.1992,-7.5977,4.4453,-2.5703,-0.1989,2.4375
1636291457919,-4.2891,-6.3438,-4.4375,-3.1543,-0.3096,2.4102
1636291457946,-3.8652,-7.1563,-6.4297,-0.6284,-0.4915,2.3359
1636291457949,-6.5508,-10.6797,0.3208,-0.6284,-0.4915,2.3359
1636291457953,-6.6797,-8.6953,0.5576,-0.6167,-1.0322,2.2363
1636291457973,-6.6367,-5.5234,1.3877,-0.8008,-1.3232,2.7090
1636291457976,-5.9883,-4.5156,1.6230,-0.5947,-1.5957,2.6016
1636291457985,-5.2734,-5.8867,2.1855,-0.1317,-1.5352,2.1055
1636291457989,-4.9648,-7.9844,2.3672,0.3044,-1.2744,1.7266
1636291458016,-5.0352,-9.8828,1.8164,1.0322,-1.0693,1.7354
1636291458019,-5.2930,-10.0391,0.9932,1.6553,-1.0361,2.0039
1636291458035,-5.4961,-7.3633,0.3687,1.6885,-1.1885,2.3105
1636291458040,-5.6328,-3.7539,0.0622,1.2471,-1.3701,2.5273
1636291458043,-5.5117,-1.4004,0.6196,0.3799,-1.5127,2.5059
1636291458056,-5.0508,-0.9189,1.3926,-0.9395,-1.4912,2.2188
1636291458059,-4.9648,-2.0820,3.1133,-2.2500,-1.2578,1.7881
1636291458086,-5.1836,-4.0078,4.2031,-3.0508,-0.9541,1.4639
1636291458101,-5.5820,-6.5430,3.9902,-2.9570,-0.6958,1.3398
1636291458105,-5.9180,-8.5547,3.0332,-2.1836,-0.5615,1.3057
1636291458109,-6.0234,-8.4063,2.3789,-1.2754,-0.5820,1.3760
1636291458113,-6.0117,-6.9297,2.4707,-0.5229,-0.6597,1.5605
1636291458126,-5.9180,-5.9609,2.7715,-0.1158,-0.6318,1.6328
1636291458129,-5.8594,-4.9102,3.1836,-0.3083,-0.4639,1.5391
1636291458156,-5.9648,-3.6426,2.8848,-0.9136,-0.2277,1.4717
1636291458159,-6.2930,-3.4180,2.8652,-1.5049,-0.0372,1.4482
1636291458163,-6.5469,-4.3164,3.5059,-1.9316,0.0586,1.3447
1636291458176,-6.4922,-5.1133,2.8496,-2.0703,0.1766,1.2393
1636291458179,-6.4453,-5.8164,2.2285,-1.7822,0.3086,1.1934
1636291458206,-6.4023,-6.0352,2.5098,-1.2871,0.3022,1.1191
1636291458209,-6.0703,-5.2852,2.9102,-0.8306,0.2246,1.0684
1636291458213,-5.7109,-4.1953,3.1777,-0.4595,0.2373,1.0391
1636291458226,-5.4922,-3.4160,2.9688,-0.2615,0.3777,0.9116
1636291458229,-5.4688,-3.0703,2.5156,-0.1754,0.5796,0.6860
1636291458256,-5.5664,-3.0195,2.2266,-0.0381,0.7671,0.4607
1636291458265,-5.6250,-3.0332,1.9551,0.2576,0.9116,0.2861
1636291458269,-5.5625,-3.3535,1.4385,0.7202,1.0361,0.1149
1636291458275,-5.4102,-3.3535,0.3542,0.9111,1.1631,-0.0298
1636291458279,-5.4609,-1.9844,0.8184,-0.2710,1.0518,0.0820
1636291458306,-5.1055,-3.7793,1.2178,-0.1700,0.9404,-0.1425
1636291458315,-4.1563,-9.1719,1.3906,2.4961,1.1650,-1.0703
1636291458331,-3.8750,-9.7656,-0.2751,3.8809,1.5771,-1.4980
1636291458336,-4.7305,-3.6133,0.3853,1.8555,1.5547,-0.9727
1636291458340,-5.3359,-3.5781,0.6177,2.4063,1.2598,-0.3894
1636291458349,-5.8516,-7.2344,0.1029,3.3086,1.1514,-0.3765
1636291458357,-5.8438,-8.0703,-0.1986,2.6973,1.1709,-1.1250
1636291458361,-5.4961,-8.3281,-0.5889,3.3926,1.1865,-1.5654
1636291458386,-5.8828,-7.8047,-0.9385,4.7695,1.1035,-1.2461
1636291458399,-6.6055,-5.5273,-0.7085,5.6133,0.8716,-1.0283
1636291458403,-6.6914,-4.3398,-1.5176,6.3164,0.5605,-1.2813
1636291458408,-6.6641,-6.2188,-3.3906,6.5234,0.4480,-1.6553
1636291458430,-7.5664,-8.3672,-4.0234,5.6445,0.3672,-1.7969
1636291458446,-8.8672,-8.5703,-1.7139,4.8789,-0.2700,-1.4980
1636291458450,-8.2578,-6.5781,0.4500,5.0703,-1.0703,-1.0205
1636291458455,-7.0859,-3.6074,1.5967,6.0820,-1.0840,-0.8916
1636291458459,-6.9570,0.1843,1.2783,6.0430,-0.6807,-1.0928
1636291458472,-9.0000,0.9097,-0.3328,3.9629,-0.2668,-1.3008
1636291458477,-11.4531,-2.9199,2.4727,0.1193,-0.4446,-1.3184
1636291458485,-11.0000,-4.2734,4.0039,-3.0000,-0.7998,-1.0303
1636291458497,-10.3828,-5.6641,1.1826,-2.2461,-0.2883,-0.7402
1636291458512,-9.4063,-10.8828,3.0332,-0.7954,-0.3765,-1.3066
1636291458528,-7.2891,-9.0000,0.4834,-1.2090,-0.6689,-1.3027
1636291458543,-7.2852,-4.0938,-4.2578,-1.4668,-0.6118,-0.6509
1636291458548,-7.3594,-5.3242,-3.8633,-1.4316,-0.8989,-0.6265
1636291458555,-5.5742,-5.6328,-2.0625,-2.3047,-1.3721,-0.7373
1636291458559,-3.4961,-5.3984,-0.6079,-3.0410,-1.5947,-0.7437
1636291458566,-2.8047,-7.5508,-0.1460,-3.5020,-1.4375,-0.7148
1636291458580,-1.1035,-9.8828,5.0273,-3.4434,-1.1826,-0.6157
1636291458586,0.4045,-10.0234,7.9570,-1.9795,-0.8413,-0.5552
1636291458590,0.0526,-7.4961,7.9570,0.0938,-0.6172,-1.0273
1636291458616,-2.4316,-4.7227,7.7070,1.1025,-0.4436,-1.5420
1636291458630,-5.8984,-1.9580,5.8125,0.4128,-0.1085,-1.3848
1636291458633,-8.8438,-1.9990,2.4844,-0.8169,0.3606,-1.0459
1636291458638,-10.5391,-4.1367,-1.2920,-2.4063,0.6279,-1.0342
1636291458646,-10.2422,-7.6719,-2.5586,-4.0742,0.2959,-1.2275
1636291458656,-8.6953,-12.8516,0.1604,-5.0078,-0.3372,-1.2256
1636291458662,-7.5742,-16.0625,3.4316,-5.0313,-0.6787,-0.8882
1636291458686,-6.8867,-16.4063,4.8047,-4.0938,-0.6851,-0.3191
1636291458690,-6.1758,-15.5938,4.2109,-2.6074,-0.5767,0.0532
1636291458696,-5.9961,-13.7109,4.3945,-1.6309,-0.3818,0.1692
1636291458706,-6.5859,-11.2422,4.2656,-1.3994,-0.0606,0.3489
1636291458712,-7.8711,-9.8750,4.3633,-1.4639,0.1735,0.6011
1636291458743,-8.6641,-10.5078,3.8125,-1.3945,0.2384,0.7192
1636291458760,-8.6016,-11.7813,3.8711,-1.0859,0.3096,0.7588
1636291458776,-8.2891,-12.5234,4.1563,-0.5210,0.4788,0.8745
1636291458781,-8.2344,-12.5156,3.6934,0.1501,0.7407,1.0762
1636291458785,-8.5000,-11.1094,2.9629,0.8491,1.0020,1.3291
1636291458809,-8.8047,-9.7969,2.2227,1.6484,1.1533,1.5498
1636291458813,-8.8359,-8.8438,1.3613,2.3809,1.2158,1.6289
1636291458818,-8.7891,-7.9922,1.6445,2.9824,1.2266,1.6777
1636291458828,-8.6094,-7.5391,2.4199,3.4316,1.2031,1.7559
1636291458832,-8.1250,-6.8438,2.1426,3.5879,1.2227,1.8281
1636291458844,-7.7656,-5.8945,1.5010,3.3223,1.3066,1.8516
1636291458848,-7.8398,-4.9648,0.6680,2.7852,1.4346,1.8535
1636291458852,-8.3750,-5.0898,0.0215,2.3262,1.5674,1.8584
1636291458855,-8.8438,-5.7305,-0.8975,2.0508,1.6035,1.8379
1636291458866,-8.8984,-6.1719,-1.3115,2.0313,1.4707,1.8447
1636291458872,-8.5391,-5.9688,-1.4004,2.2012,1.2285,1.8711
1636291458908,-8.1641,-5.3359,-1.1943,2.3652,1.0234,1.9043
1636291458914,-8.3125,-4.4258,-1.0215,2.2246,0.9268,1.9092
1636291458918,-8.4219,-3.9590,-1.1650,1.8672,0.9385,1.7988
1636291458924,-8.6250,-4.4531,-1.0557,1.5713,0.9639,1.6973
1636291458928,-8.7891,-5.1680,-1.0908,1.4814,0.9458,1.5713
1636291458936,-8.9219,-5.3477,-1.3691,1.5352,0.8340,1.4893
1636291458940,-9.0859,-5.0313,-1.8691,1.5352,0.6768,1.5195
1636291458966,-9.4375,-4.7734,-2.2070,1.3770,0.6001,1.5889
1636291458970,-9.8828,-4.7500,-1.7422,1.1670,0.5776,1.6406
1636291458974,-9.8984,-4.9492,-1.1777,1.1299,0.5566,1.6621
1636291458987,-8.9375,-4.5508,-0.7441,1.2090,0.5298,1.7031
1636291458991,-7.8281,-3.3672,-0.3757,1.2871,0.5767,1.7813
1636291459016,-7.5000,-2.0918,-0.0431,1.2139,0.7129,1.7246
1636291459023,-7.5234,-1.3525,0.0742,1.1143,0.9043,1.5117
1636291459027,-7.5391,-1.8213,-0.0479,1.1787,1.0088,1.3516
1636291459036,-7.2461,-2.3281,-0.2322,1.2227,1.0137,1.2217
1636291459040,-6.9609,-2.8340,-0.3831,1.2939,1.0234,1.0527
1636291459074,-6.8047,-3.6270,-0.5767,1.2129,1.0615,1.0000
1636291459090,-6.7813,-4.2969,-0.9263,0.8887,1.1055,0.8979
1636291459123,-7.0742,-4.8828,-1.2490,0.5269,1.1904,0.7637
1636291459128,-7.8672,-5.6680,-1.9990,0.2257,1.1436,0.6787
1636291459132,-8.7734,-5.7578,-3.0293,0.2257,1.1436,0.6787
1636291459156,-9.3984,-4.8398,-3.9727,-0.4148,0.7617,0.8184
1636291459189,-9.8281,-3.8203,-5.2148,-0.8096,0.5913,0.8022
1636291459222,-10.1563,-3.8555,-5.7773,-1.0791,0.4138,0.6948
1636291459226,-10.5391,-4.3398,-6.1641,-1.1689,0.2458,0.5381
1636291459238,-10.8516,-5.3164,-6.5938,-1.0869,0.0277,0.4404
1636291459271,-11.0156,-5.6953,-6.7656,-1.1016,-0.2830,0.4670
1636291459288,-11.3047,-5.1836,-6.7070,-1.3516,-0.6499,0.5615
1636291459313,-11.0391,-4.2852,-6.3594,-1.7480,-1.0625,0.6831
1636291459337,-10.0938,-3.1934,-5.7773,-2.1543,-1.4258,0.7480
1636291459354,-9.1172,-2.6953,-5.4414,-2.4141,-1.7725,0.7031
1636291459361,-8.9375,-2.6563,-5.0781,-2.4883,-2.1875,0.5796
1636291459365,-8.5078,-3.2148,-4.6875,-2.5313,-2.7012,0.5903
1636291459369,-7.0664,-4.0859,-3.8887,-2.6914,-3.3262,0.6597
1636291459373,-5.3516,-4.6055,-2.5781,-2.8730,-4.0586,0.6968
1636291459378,-4.1094,-3.8867,0.3950,-2.9102,-4.7148,0.6211
1636291459389,-2.0742,-3.6582,4.4766,-2.3730,-5.2695,0.4192
1636291459393,-0.0837,-3.7500,9.2109,-1.5361,-5.6211,0.2351
1636291459397,0.6318,-1.8291,14.0625,-1.1680,-5.6406,0.1458
1636291459401,0.7900,-0.6245,18.7500,-0.9595,-5.2773,0.0575
1636291459405,0.9839,-2.0000,22.8281,-0.6382,-4.6016,-0.0489
1636291459409,0.1938,-4.7969,27.6406,-0.1849,-3.7832,-0.1532
1636291459413,-2.7969,-7.6680,29.4063,0.4460,-3.2891,-0.2820
1636291459418,-4.9102,-11.7109,26.9375,1.5400,-2.8652,-0.4851
1636291459422,-6.0313,-10.7266,19.6250,2.4941,-1.6104,-0.2671
1636291459426,-10.9219,-8.0000,5.2617,3.4121,-0.8701,0.5435
1636291459430,-10.9766,-7.7734,3.4727,3.8574,-0.9629,1.2568
1636291459434,-6.7422,-4.1680,2.4434,3.2734,-1.3027,2.1309
1636291459438,-3.9512,-1.4863,-1.3330,3.3848,-1.7637,2.6563
1636291459442,-0.4355,-0.4380,-1.4502,3.8594,-2.3301,2.0508
1636291459446,3.5059,0.6509,1.4482,3.0391,-2.6113,1.1299
1636291459452,6.2969,2.9434,3.5449,1.5791,-2.4023,0.6382
1636291459455,7.2031,5.6094,4.8086,0.0682,-1.9307,0.6328
1636291459460,5.7188,7.2773,5.8594,-1.7461,-1.4395,0.5703
1636291459464,2.7715,6.9570,6.7188,-3.4336,-0.9297,0.2874
1636291459468,0.6772,4.7656,7.9766,-4.7617,-0.4958,-0.0064
1636291459472,-1.1895,1.9941,8.2109,-5.6406,-0.1691,0.2170
1636291459477,-2.5352,-0.5410,8.1328,-5.8086,0.1043,0.6724
1636291459481,-3.7773,-2.4824,7.9414,-5.4180,0.3542,0.8003
1636291459485,-5.2188,-3.5664,7.6445,-4.5781,0.4321,0.4426
1636291459511,-5.9844,-3.6621,7.7422,-3.5488,0.2734,-0.1776
1636291459512,-5.8906,-3.6504,7.7539,-2.6055,0.1054,-0.6787
1636291459523,-5.7813,-3.9785,7.5625,-1.8262,0.0788,-0.8394
1636291459528,-5.9922,-4.5313,7.6758,-1.2920,0.1766,-0.7310
1636291459549,-6.5039,-4.7539,7.8828,-0.9702,0.3330,-0.6416
1636291459553,-7.2383,-4.5781,8.0234,-0.6636,0.4746,-0.7075
1636291459559,-7.6797,-4.5547,8.0000,-0.2445,0.4768,-0.7500
1636291459569,-7.5586,-4.7109,7.8281,0.2534,0.3735,-0.7266
1636291459577,-7.1367,-4.7031,7.4844,0.7705,0.2671,-0.7544
1636291459586,-6.6289,-4.4336,7.1602,1.2744,0.1937,-0.8960
1636291459596,-6.3242,-4.0586,7.0039,1.7490,0.1426,-1.0703
1636291459603,-6.3984,-3.9785,7.0508,2.1504,0.1064,-1.1670
1636291459628,-6.7070,-3.8184,7.1523,2.4492,0.0735,-1.1719
1636291459632,-6.9414,-3.3320,7.1914,2.6875,0.0479,-1.1914
1636291459637,-6.8125,-2.7051,7.0234,2.8652,0.0075,-1.2842
1636291459646,-6.3086,-2.1797,6.8477,2.9355,-0.0595,-1.3838
1636291459650,-5.6953,-1.7422,6.7383,2.8516,-0.1245,-1.4688
1636291459678,-5.3867,-1.1680,6.8438,2.6309,-0.1564,-1.5752
1636291459682,-5.5586,-0.6318,6.9805,2.3398,-0.1627,-1.6699
1636291459686,-5.9063,-0.3518,7.1445,2.0195,-0.1648,-1.7158
1636291459696,-6.1484,-0.4404,7.3281,1.6523,-0.1595,-1.7412
1636291459701,-6.1094,-0.7993,7.3477,1.2490,-0.1372,-1.7773
1636291459729,-5.6992,-1.2637,7.4336,0.8760,-0.0861,-1.8242
1636291459734,-5.1680,-2.0117,7.4375,0.5801,-0.0180,-1.8809
1636291459738,-4.6914,-3.0137,7.2070,0.3748,0.0277,-1.9297
1636291459746,-4.7031,-4.0664,6.9570,0.2585,0.0341,-1.9385
1636291459768,-5.2539,-4.9727,6.7539,0.2332,0.0267,-1.8779
1636291459772,-6.0117,-5.5469,6.3516,0.3108,-0.0042,-1.7646
1636291459776,-6.4688,-5.8281,5.8828,0.4661,-0.0850,-1.6465
1636291459786,-6.4063,-5.8398,5.4688,0.6226,-0.2234,-1.5742
1636291459790,-5.9141,-5.5000,5.1133,0.7417,-0.3809,-1.5254
1636291459816,-5.4180,-5.0625,4.8398,0.8311,-0.5137,-1.4521
1636291459820,-5.0781,-4.7734,4.7109,0.8823,-0.6211,-1.3574
1636291459823,-4.9570,-4.5469,5.0273,0.9224,-0.6904,-1.2793
1636291459846,-5.2813,-4.3086,5.3984,1.0303,-0.7202,-1.2305
1636291459850,-5.8867,-4.2891,5.8984,1.2568,-0.7427,-1.1992
1636291459853,-6.2891,-4.4141,6.2383,1.5107,-0.8403,-1.1563
1636291459876,-6.1172,-4.3164,6.0469,1.6846,-1.0732,-1.0996
1636291459880,-5.3359,-4.0625,5.7383,1.7158,-1.3154,-1.0176
1636291459883,-4.5703,-3.9727,5.5352,1.5430,-1.4189,-0.8999
1636291459906,-4.0234,-4.0195,5.4688,1.2002,-1.4102,-0.7969
1636291459910,-3.7539,-4.1328,6.0781,0.8481,-1.4082,-0.7236
1636291459913,-3.6855,-4.1563,6.7148,0.6089,-1.5127,-0.6587
1636291459936,-3.8066,-3.9043,6.4805,0.4863,-1.6777,-0.6587
1636291459940,-4.0898,-3.5000,6.4688,0.4417,-1.7031,-0.7446
1636291459943,-4.4648,-3.0254,6.7773,0.4385,-1.6963,-0.7554
1636291459966,-4.0742,-3.4395,6.8320,0.3267,-1.7852,-0.6104
1636291459970,-2.7910,-4.9648,7.0234,-0.0945,-1.8633,-0.3936
1636291459973,-1.4434,-6.5234,7.1484,-0.8022,-1.8252,-0.2042
1636291459996,-0.7300,-7.2891,7.2617,-1.3945,-1.7461,-0.1117
1636291460000,-0.9717,-6.9297,6.9297,-1.5713,-1.8311,-0.1266
1636291460004,-1.6328,-6.4063,7.2188,-1.4160,-2.0000,-0.1681
1636291460016,-2.7520,-6.9141,7.3828,-1.1270,-1.9756,-0.0095
1636291460020,-3.9980,-8.3594,7.0273,-0.8384,-1.9453,0.3159
1636291460046,-4.3086,-9.1641,7.3281,-0.4829,-2.1348,0.6182
1636291460050,-3.5566,-8.9063,7.9766,0.2491,-2.3496,0.8076
1636291460053,-2.7715,-8.1953,8.2969,1.3779,-2.4609,0.8989
1636291460076,-2.3711,-6.6484,8.5391,2.4238,-2.6191,0.9482
1636291460080,-1.9961,-4.5859,8.2891,3.1914,-2.7402,0.9800
1636291460083,-1.3213,-2.5449,8.0703,3.7754,-2.7324,1.0625
1636291460106,-0.4285,-0.4116,7.9023,4.2422,-2.7637,1.1758
1636291460110,0.3662,2.1328,7.8633,4.4648,-2.8711,1.0615
1636291460113,1.2158,5.1211,10.3672,4.0469,-2.9316,0.7988
1636291460136,1.6514,8.5000,12.3359,2.9121,-2.8242,0.7905
1636291460140,1.3789,10.5156,13.3125,1.7412,-2.4883,0.8608
1636291460143,1.0557,9.6563,13.3672,0.7969,-2.0195,0.3691
1636291460166,1.3359,7.3203,13.5469,-0.0062,-1.6152,-0.3425
1636291460170,2.0703,4.5977,13.4297,-0.7192,-1.3213,-0.6563
1636291460173,2.6445,0.5576,14.3594,-1.4189,-0.8647,-0.8755
1636291460196,2.1660,-3.3105,13.1953,-2.2344,-0.2361,-1.1299
1636291460200,1.4453,-5.4023,11.8672,-2.7207,0.0639,-1.0850
1636291460203,1.1992,-5.3398,12.0859,-2.3809,0.0565,-0.8032
1636291460226,1.2832,-4.4453,13.0625,-0.9746,-0.0563,-0.6904
1636291460230,2.0293,-4.1445,14.7422,0.6958,-0.3298,-0.6338
1636291460233,2.4258,-2.8594,14.6328,1.0801,-0.5840,-0.5200
1636291460256,2.0820,0.4189,13.5234,0.1225,-0.3914,-0.5308
1636291460260,1.9531,3.1348,12.0234,-1.2686,0.2766,-0.6416
1636291460263,1.6563,-2.3047,9.1719,-3.3398,1.3643,-0.7754
1636291460286,1.9795,-5.6563,10.3047,-4.3438,1.6816,-0.8115
1636291460290,1.9795,-5.6563,10.3047,-4.3438,1.6816,-0.8115
1636291460293,-0.5000,-7.3984,12.4766,-4.4063,2.0293,-0.5127
1636291460316,-2.9961,-7.1836,11.1641,-3.4297,1.9961,0.1245
1636291460320,-3.4082,-6.9453,9.4922,-2.6309,1.9600,1.0508
1636291460323,-1.8115,-5.2695,8.7031,-2.5059,1.9648,0.9404
1636291460346,-0.8447,-3.7773,8.2031,-2.5918,1.9961,0.2712
1636291460350,-0.3806,-4.2422,8.0234,-2.7715,1.9424,-0.1436
1636291460353,1.0313,-5.7188,8.1406,-3.0293,1.5566,-1.5947
1636291460376,-0.0168,-6.0117,10.1406,-3.2188,1.9766,-3.0605
1636291460380,-5.5391,-8.5469,10.9609,-3.3086,2.8184,-0.9150
1636291460383,-6.4375,-9.7656,9.4531,-3.2305,2.4336,1.1348
1636291460396,-2.9238,-8.8516,8.2813,-2.3164,1.6357,1.2529
1636291460400,-0.3494,-7.1367,7.2266,-1.4229,1.3203,0.6509
1636291460426,-0.7422,-6.9766,7.5430,-1.3193,1.4609,0.5811
1636291460430,-2.4238,-6.1836,6.8867,-1.7393,1.7168,0.9585
1636291460433,-3.4414,-5.8398,2.7676,-1.7354,1.7910,1.2500
1636291460456,-4.2852,-7.8867,0.3831,-1.3584,1.4482,1.1670
1636291460460,-5.0156,-8.5703,1.3164,-1.0986,0.7852,1.0635
1636291460463,-4.9570,-7.1602,4.3906,-0.8701,0.0118,1.3604
1636291460486,-3.6602,-5.0547,6.3945,-0.7954,-0.6128,1.7520
1636291460490,-2.4453,-3.4727,7.2578,-1.0254,-0.8311,1.8242
1636291460498,-2.2109,-3.4219,8.3359,-1.4414,-0.6479,1.5859
1636291460507,-2.5664,-4.5117,8.1797,-1.8018,-0.2361,1.2686
1636291460510,-3.2148,-5.9883,7.2656,-1.8740,0.1628,1.0430
1636291460547,-3.8184,-5.7734,6.0586,-1.5479,0.3542,1.0488
1636291460551,-4.2695,-4.6133,6.4102,-0.7754,0.1980,1.1855
1636291460555,-3.6973,-4.0469,7.1055,0.0268,-0.1106,1.1602
1636291460559,-2.4336,-3.2070,7.0195,0.1055,-0.2223,0.9575
1636291460563,-1.5244,-2.6992,6.4414,-0.7158,-0.0829,0.7393
1636291460586,-1.2393,-2.3809,5.0000,-2.0391,0.2086,0.6084
1636291460590,-1.9775,-3.0605,4.2109,-3.4023,0.5850,0.5137
1636291460593,-3.3867,-5.1953,4.4883,-4.5430,0.8535,0.3425
1636291460616,-4.6602,-7.0664,4.8516,-5.1953,0.9170,0.1979
1636291460620,-5.2656,-8.4375,4.5039,-4.8672,0.7969,0.2341
1636291460623,-5.1602,-9.4844,4.0625,-3.6855,0.5703,0.3447
1636291460646,-4.6016,-9.6563,3.6836,-2.2539,0.3416,0.4033
1636291460650,-3.8438,-8.6172,2.7070,-1.0371,0.2032,0.4724
1636291460653,-3.3574,-7.9063,2.2109,-0.3179,0.0851,0.5278
1636291460676,-3.1855,-8.2422,1.8115,-0.4180,-0.0531,0.5361
1636291460680,-3.4941,-8.4844,1.2949,-1.4863,-0.1042,0.7056
1636291460683,-4.5117,-8.1406,1.8027,-3.0918,-0.0797,1.0127
1636291460706,-6.1836,-9.1406,4.8906,-4.6445,0.0639,1.1748
1636291460710,-7.2070,-11.6719,8.7891,-6.2773,0.3352,1.1924
1636291460713,-6.7969,-12.8828,10.1797,-7.3359,0.7373,1.2432
1636291460736,-6.1289,-12.3281,9.8750,-6.6133,1.0762,1.3125
1636291460740,-5.4297,-11.2734,8.0469,-4.4492,1.2295,1.4229
1636291460743,-4.8281,-9.8359,6.0664,-1.9902,1.1660,1.4863
1636291460766,-4.1914,-8.1797,4.2305,0.3896,0.8960,1.3301
1636291460794,-3.6270,-7.9219,2.3496,3.0938,0.6724,1.0273
1636291460798,-3.5039,-10.3984,1.5752,5.7500,0.7085,0.7490
1636291460802,-3.0293,-13.1797,2.0684,7.3555,0.7651,0.4766
1636291460813,-1.9414,-13.5313,1.6064,7.4805,0.8599,0.4810
1636291460816,-1.7305,-10.9531,1.2422,5.9922,0.9980,0.9131
1636291460820,-2.1875,-6.7773,-0.2800,3.2676,1.1162,1.4111
1636291460823,-3.1250,-2.8633,-1.9316,0.2576,1.1445,1.5020
1636291460837,-4.3828,-1.3213,-3.8281,-1.6240,0.8628,1.1875
1636291460844,-4.8359,-4.3281,-3.4941,-1.5957,0.3853,0.7715
1636291460857,-4.6250,-10.4375,-0.2417,-0.0701,0.0458,0.5171
1636291460865,-4.6445,-14.9922,2.8594,2.1699,-0.0978,0.6670
1636291460892,-4.9570,-13.0156,1.0166,4.9453,-0.3169,0.9224
1636291460896,-5.0859,-7.9453,-2.5078,8.2344,-0.7095,0.7310
1636291460900,-5.5703,-5.2383,-3.9258,10.4766,-1.0342,0.3501
1636291460907,-6.1133,-2.0391,-2.8984,10.5625,-1.3096,0.3074
1636291460911,-5.7031,6.6094,0.8472,8.8828,-1.4482,0.3840
1636291460938,-3.4473,10.7031,5.7891,6.9648,-1.2197,-0.0712
1636291460942,-1.4600,5.0664,7.5820,4.4492,-0.7744,-0.3479
1636291460946,-1.3311,-1.4453,7.8672,1.8662,-0.4468,-0.2297
1636291460959,-2.5840,-4.4219,7.3906,1.2100,-0.1627,-0.3765
1636291460963,-4.5195,-3.7676,5.9453,1.9707,0.0033,-0.7466
1636291460987,-5.9609,-1.4648,5.2969,2.0020,0.0309,-0.8979
1636291460991,-6.5273,1.4619,5.5195,0.5640,0.2192,-0.6616
1636291460994,-5.8047,2.5996,7.2969,-0.8657,0.5649,-0.4670
1636291461007,-3.6641,-1.0459,10.3906,-2.0469,0.8403,-0.5498
1636291461011,0.4834,-6.3242,12.2656,-3.0059,1.1592,-0.7041
1636291461037,1.7979,-11.5938,10.1875,-2.3301,1.6855,-0.8799
1636291461041,-2.7598,-13.1563,10.6641,-1.1777,1.4131,-0.8438
1636291461046,-5.6680,-8.3906,10.9688,-1.3213,1.0391,-0.4521
1636291461057,-6.5352,-5.7383,9.3516,-1.5693,1.4395,-0.0947
1636291461061,-6.2617,-7.0117,7.9531,-1.6826,1.7607,-0.2213
1636291461090,-6.5820,-7.4688,7.0430,-1.6787,1.9326,-0.4819
1636291461101,-7.9414,-7.3906,6.3164,-1.2090,1.9590,-0.3638
1636291461105,-9.1094,-7.1055,5.0820,-0.2456,1.8623,-0.1000
1636291461111,-9.8281,-5.1094,5.4102,0.7310,1.7979,-0.0500
1636291461115,-10.1250,-3.0859,6.1328,1.5908,1.7881,-0.1180
1636291461130,-9.3906,-2.6035,6.4063,2.3008,1.6973,-0.2776
1636291461140,-7.9688,-3.3145,5.7617,2.9551,1.5186,-0.4670
1636291461147,-7.0195,-4.5313,6.3516,3.5684,1.4551,-0.5894
1636291461151,-7.0000,-5.6758,7.5117,4.0078,1.4629,-0.5723
1636291461178,-7.6211,-4.9141,6.2930,4.0039,1.4043,-0.4255
1636291461191,-8.5234,-4.2500,5.9492,3.8633,1.4727,-0.3435
1636291461195,-8.5313,-4.5000,6.2891,3.5840,1.4727,-0.3169
1636291461199,-7.4023,-4.9219,6.5742,3.2051,1.3789,-0.2744
1636291461203,-6.5313,-3.6230,6.9570,2.9336,1.4258,-0.2988
1636291461228,-6.2852,-1.3711,6.3633,2.7168,1.5195,-0.3086
1636291461231,-6.3672,-0.6177,5.6367,2.3398,1.6641,-0.3479
1636291461235,-6.6719,-0.8662,4.9414,1.7139,1.8457,-0.4692
1636291461248,-7.6641,-2.7012,4.5820,1.2949,2.0625,-0.5967
1636291461251,-8.5234,-4.6563,4.5625,1.2451,2.1289,-0.6309
1636291461278,-8.6641,-4.7578,5.0117,1.3594,2.0586,-0.5381
1636291461281,-8.3828,-4.0781,5.0703,1.4346,2.0469,-0.4214
1636291461285,-7.7109,-3.6504,5.3008,1.2236,2.1406,-0.3999
1636291461298,-7.3086,-3.9414,5.0078,0.6885,2.3652,-0.3872
1636291461301,-7.5977,-4.2031,4.6289,0.0661,2.6055,-0.3533
1636291461328,-8.0469,-4.5586,3.9336,-0.1946,2.7148,-0.3064
1636291461331,-8.1328,-4.9219,3.2617,-0.1306,2.7129,-0.2383
1636291461338,-8.2813,-5.0078,2.4863,0.2129,2.6582,-0.1595
1636291461348,-8.5156,-4.7773,1.2354,0.3672,2.4863,-0.0510
1636291461352,-8.5156,-4.7773,1.2354,0.2300,2.3027,0.1064
1636291461378,-8.3359,-3.7813,0.9888,-0.0807,2.2227,0.2192
1636291461382,-8.7813,-3.8770,1.0098,-0.3457,2.1660,0.2744
1636291461385,-9.0156,-4.4492,1.0957,-0.4817,2.0605,0.3384
1636291461398,-8.8047,-4.5586,1.0459,-0.5298,1.9346,0.4075
1636291461402,-8.7031,-4.2344,0.7900,-0.5093,1.8457,0.4639
1636291461428,-9.1563,-3.8359,0.6416,-0.5317,1.7803,0.5020
1636291461432,-9.0156,-3.7227,0.6055,-0.4744,1.6934,0.4895
1636291461435,-8.1094,-3.6211,0.5122,-0.3264,1.5586,0.5190
1636291461457,-7.5625,-3.3555,0.6748,-0.2467,1.4902,0.5332
1636291461460,-8.0781,-3.2188,0.2920,-0.2147,1.5566,0.5234
1636291461468,-8.5156,-3.3242,-0.5171,0.0214,1.4883,0.5225
1636291461471,-8.8750,-2.6992,-1.4717,-0.0392,1.3545,0.5425
1636291461499,-9.2656,-2.6836,-1.8027,-0.3083,1.2588,0.3926
1636291461506,-9.6484,-3.7461,-2.2480,-0.3042,1.2490,0.3682
1636291461509,-9.5078,-3.8750,-2.7402,-0.1552,1.1143,0.3799
1636291461518,-9.3125,-3.4355,-2.9238,-0.1445,0.9673,0.4268
1636291461522,-9.2969,-3.6230,-3.0762,-0.2361,0.8394,0.4385
1636291461549,-9.4688,-4.1367,-3.2383,-0.3936,0.7031,0.4255
1636291461552,-9.5547,-4.6523,-3.4375,-0.6011,0.5669,0.4119
1636291461556,-9.6797,-5.3086,-3.6094,-0.7393,0.4458,0.3735
1636291461569,-9.8516,-5.2930,-3.7129,-0.7915,0.3447,0.3425
1636291461572,-9.5859,-4.9219,-3.8809,-0.8818,0.2776,0.3267
1636291461599,-9.4063,-5.0313,-3.8730,-0.9385,0.2554,0.3127
1636291461602,-9.8750,-4.7109,-4.1602,-0.9839,0.2563,0.3032
1636291461606,-10.7969,-4.1992,-4.8516,-1.1758,0.2915,0.3022
1636291461619,-11.8984,-4.2578,-5.8008,-1.5264,0.3894,0.2351
1636291461622,-12.3594,-5.1445,-6.5547,-1.8682,0.4905,0.1458
1636291461649,-13.0313,-6.3672,-7.2930,-2.0332,0.5044,0.1245
1636291461653,-13.2813,-6.6094,-7.1797,-2.0957,0.3660,-0.0500
1636291461656,-11.9531,-6.0469,-7.1172,-2.4531,0.1299,-0.0776
1636291461669,-11.4219,-6.7383,-6.6367,-3.0938,-0.0425,0.0309
1636291461673,-11.6563,-7.1484,-6.3750,-3.5898,-0.2297,0.1224
1636291461699,-11.4844,-6.1445,-6.4102,-3.8496,-0.4724,0.2043
1636291461703,-11.0625,-4.6328,-6.6797,-3.9805,-0.7764,0.2021
1636291461706,-11.0859,-2.4180,-7.9961,-3.9941,-1.1826,0.0479
1636291461719,-11.7266,-0.1724,-10.2109,-3.8047,-1.7100,-0.1350
1636291461723,-12.2031,1.2568,-12.4297,-3.6504,-2.3730,-0.2288
1636291461749,-10.8984,1.1348,-12.8750,-3.7148,-3.3008,-0.1202
1636291461753,-7.2266,0.2896,-10.4531,-4.2227,-4.4609,0.1713
1636291461756,-2.4727,-1.3232,-6.1914,-4.7266,-5.6445,0.2235
1636291461769,1.8525,-3.5684,-1.5098,-4.6484,-6.7578,0.0543
1636291461773,4.5820,-4.7539,3.6504,-4.1445,-7.5781,-0.2117
1636291461799,8.1328,-6.4414,11.8828,-3.3867,-8.0391,-0.3840
1636291461803,9.2813,-6.6680,22.1094,-2.1797,-7.7734,-0.2457
1636291461806,10.1094,-6.2148,33.6250,-1.0693,-7.0547,-0.2712
1636291461819,11.1641,-8.9766,46.0313,0.3384,-5.6875,-0.1627
1636291461823,8.9063,-14.2578,55.3125,1.5322,-4.2227,0.0043
1636291461850,0.4834,-11.3516,45.0313,2.3633,-4.2930,-2.7344
1636291461853,-3.3477,1.6631,14.5547,2.6133,-4.3789,-4.4141
1636291461857,-8.1172,0.0718,-0.2896,0.2151,-0.2212,-0.4500
1636291461874,-15.8516,-15.9297,-22.6406,-1.1191,3.3320,2.0430
1636291461877,-7.2070,-35.9688,-6.2773,0.9023,0.0575,1.0313
1636291461889,19.8125,-27.2500,7.6836,3.8320,-1.3486,0.4832
1636291461893,5.9297,-1.1748,23.4375,6.9492,-0.6958,0.8896
1636291461920,2.2598,21.9063,19.7031,4.4648,-2.3613,1.3682
1636291461923,2.8281,19.7656,5.4609,1.6826,0.3257,1.3486
1636291461927,-6.0156,4.5430,-2.9844,-0.7241,4.0781,1.7695
1636291461940,-15.0781,-10.5078,7.6250,-1.7041,4.9766,1.4473
1636291461943,-19.7813,-16.5000,9.3594,-4.1367,3.7129,-1.0020
1636291461970,-15.0625,-9.6563,8.4844,-3.8203,2.2578,-0.8374
1636291461973,-5.6563,-5.2500,7.2656,0.8032,1.6377,1.7480
1636291461977,-1.5654,-1.0723,7.6992,3.4551,1.5254,2.9551
1636291461990,-1.6631,2.5840,5.8320,3.2148,1.8730,2.5566
1636291461993,-3.8613,4.9102,2.2012,2.4082,2.6387,1.5254
1636291462020,-8.4219,5.6992,-0.2417,1.5186,3.0332,0.6211
1636291462024,-12.7344,3.8438,-1.5293,1.1230,2.4922,0.3105
1636291462027,-14.0391,0.6460,-1.7305,1.0840,1.5771,0.5723
1636291462040,-12.1406,-1.1611,-1.0146,1.0088,0.8149,0.8999
1636291462044,-8.9219,-1.3398,-0.2632,1.2715,0.3438,0.9819
1636291462070,-7.1289,-0.8975,0.4883,1.7725,0.2693,0.8691
1636291462074,-7.4648,-0.2035,1.1318,2.0156,0.4426,0.7275
1636291462086,-8.6250,0.4907,1.3975,2.0449,0.5117,0.6372
1636291462090,-9.1094,0.8687,1.9219,1.9697,0.2883,0.5693
1636291462094,-8.5859,1.0264,2.2910,1.7480,-0.0170,0.5073
1636291462120,-7.9883,1.1582,2.3125,1.4375,-0.1776,0.4756
1636291462124,-7.8828,1.5225,2.2344,1.1318,-0.1862,0.4065
1636291462127,-8.2344,1.6631,2.0605,0.9429,-0.1223,0.2905
1636291462150,-8.6875,1.2178,1.7158,0.8120,-0.1021,0.2001
1636291462154,-8.9453,0.6104,1.4102,0.6812,-0.1680,0.1255
1636291462157,-9.0625,0.4595,1.4648,0.6299,-0.2063,0.0394
1636291462170,-9.1016,0.6797,1.7422,0.6821,-0.2148,-0.0064
1636291462174,-9.1250,1.0938,2.0840,0.7148,-0.2627,-0.0202
1636291462200,-9.0078,1.4385,2.4023,0.6543,-0.3530,-0.0627
1636291462204,-8.5703,1.5225,2.5566,0.5024,-0.4478,-0.0894
1636291462207,-8.0156,1.2734,2.8691,0.3098,-0.5454,-0.0851
1636291462220,-7.4336,0.7085,2.9863,0.1034,-0.6265,-0.0765
1636291462224,-6.9570,0.1915,2.6895,-0.0903,-0.6563,-0.0521
1636291462251,-6.7344,0.0263,2.2969,-0.2371,-0.6924,0.0149
1636291462254,-6.6523,-0.0000,1.6680,-0.4871,-0.9541,0.2319
1636291462258,-6.4102,-0.0072,1.1084,-0.7124,-1.2256,0.3213
1636291462271,-5.9805,-0.0191,1.1914,-0.9414,-1.5469,0.3682
1636291462286,-5.4180,-0.1125,1.3809,-1.0811,-1.8457,0.3821
1636291462290,-4.9609,-0.1173,1.6133,-1.1475,-2.1035,0.3821
1636291462302,-4.6836,0.1053,1.8936,-1.1797,-2.3418,0.3755
1636291462311,-4.6133,0.3950,2.3359,-1.0928,-2.5723,0.3564
1636291462314,-4.6094,0.4211,2.8066,-0.9189,-2.8125,0.3213
1636291462341,-4.6055,0.1771,3.3320,-0.7573,-3.0547,0.2500
1636291462352,-4.4805,-0.1819,3.9473,-0.6274,-3.2734,0.1692
1636291462355,-4.2969,-0.5098,4.4688,-0.4829,-3.4336,0.1181
1636291462361,-4.3047,-0.6533,4.4766,-0.2700,-3.5234,0.1053
1636291462365,-4.6641,-0.5938,3.9453,0.0278,-3.5313,0.0969
1636291462391,-5.3555,-0.3542,3.9785,0.3564,-3.5547,0.0554
1636291462394,-5.8750,0.0431,4.3594,0.6138,-3.7148,0.0181
1636291462398,-5.7969,0.4211,4.9570,0.8086,-3.9512,0.0117
1636291462411,-5.1953,0.4954,5.9063,0.9375,-4.2109,0.0724
1636291462414,-4.3320,0.2969,6.9336,0.9526,-4.4023,0.1458
1636291462441,-3.6113,0.1077,7.7344,0.8970,-4.3672,0.2224
1636291462451,-3.4805,-0.0407,7.9570,0.9087,-4.0703,0.2830
1636291462454,-4.1914,-0.1891,7.7617,0.9653,-3.7578,0.2277
1636291462461,-4.9844,-0.1604,6.8945,0.9897,-3.6465,0.0947
1636291462464,-5.2500,-0.1316,6.4258,1.0088,-3.7441,-0.0032
1636291462491,-4.6445,-0.0958,7.1289,1.0693,-3.9473,0.0011
1636291462499,-3.3086,-0.2847,8.9375,1.2002,-4.1406,0.0883
1636291462503,-1.7734,-0.6128,10.8125,1.2998,-4.2109,0.1787
1636291462511,-0.7661,-0.4045,11.7578,1.2236,-4.0703,0.2373
1636291462515,-0.8472,0.8354,11.6172,0.9653,-3.8066,0.3372
1636291462542,-1.5703,2.3164,11.1484,0.6396,-3.5410,0.4937
1636291462547,-2.1660,3.2695,10.4688,0.3076,-3.3418,0.6128
1636291462551,-2.1152,3.4902,9.6328,-0.0392,-3.1504,0.5786
1636291462561,-1.5986,2.9375,10.2500,-0.3125,-2.9648,0.4043
1636291462565,-0.7466,1.2471,12.3203,-0.4170,-2.8223,0.2500
1636291462591,0.2227,-1.0000,13.8984,-0.3638,-2.6445,0.2991
1636291462595,0.5122,-2.1973,14.2109,-0.2307,-2.4258,0.5308
1636291462598,-0.2394,-1.3740,14.1016,0.0906,-2.2832,0.7563
1636291462612,-1.1631,0.8042,14.0313,0.6436,-2.2676,0.8032
1636291462615,-1.3809,2.9121,13.9141,1.1699,-2.2188,0.6704
1636291462641,-1.1035,4.5547,13.3672,1.2471,-2.0098,0.5137
1636291462645,-0.6846,5.6016,12.5859,0.7905,-1.7002,0.4521
1636291462649,-0.2944,5.4141,12.0625,0.0831,-1.3711,0.4617
1636291462662,-0.1077,4.2109,11.8047,-0.5913,-1.0811,0.4426
1636291462665,-0.0958,2.8594,11.8047,-0.9956,-0.8682,0.3638
1636291462691,0.0311,1.6250,12.2891,-0.9829,-0.7510,0.2839
1636291462695,0.4453,0.7466,12.4609,-0.6040,-0.7031,0.2319
1636291462698,0.9214,0.5815,12.1328,-0.1009,-0.7031,0.2202
1636291462722,1.1748,1.2920,11.6563,0.3342,-0.7114,0.2373
1636291462725,1.2490,2.3125,11.1172,0.5840,-0.7021,0.2532
1636291462729,1.2637,3.2051,10.8906,0.5361,-0.6499,0.2468
1636291462742,1.3789,3.7031,11.0703,0.2151,-0.5317,0.2075
1636291462745,1.5889,3.5586,11.3828,-0.2190,-0.3596,0.1595
1636291462772,1.7139,2.8242,11.3281,-0.6011,-0.1744,0.1372
1636291462775,1.5771,2.1270,10.9922,-0.8105,-0.0435,0.1202
1636291462779,1.4551,1.8096,10.6094,-0.7979,-0.0010,0.0926
1636291462792,1.4023,1.7188,10.1563,-0.6724,-0.0053,0.0692
1636291462795,1.5029,1.8525,9.9063,-0.5518,-0.0106,0.0500
1636291462822,1.6494,1.9697,9.8750,-0.4658,-0.0138,0.0309
1636291462825,1.7979,1.9199,10.2188,-0.4531,-0.0031,0.0181
1636291462829,1.9385,1.6543,10.6563,-0.5029,0.0469,0.0160
1636291462842,2.0918,1.3838,10.8125,-0.5732,0.1246,0.0022
1636291462845,2.1680,1.3330,10.6250,-0.6436,0.1969,-0.0191
1636291462872,2.1289,1.4668,10.2734,-0.7192,0.2639,-0.0319
1636291462875,2.0371,1.6631,10.0391,-0.8008,0.3235,-0.0479
1636291462879,1.8809,1.8838,9.8281,-0.8701,0.3542,-0.0691
1636291462892,1.7354,1.9170,9.6172,-0.9082,0.3713,-0.0883
1636291462895,1.5771,1.8096,9.5625,-0.9189,0.3872,-0.1234
1636291462922,1.5225,1.4912,9.8125,-0.9370,0.3916,-0.1670
1636291462925,1.5273,1.0098,10.2578,-0.9512,0.3799,-0.1808
1636291462929,1.3398,0.5718,10.8984,-0.8701,0.3406,-0.1467
1636291462942,1.1133,0.3518,11.6641,-0.7583,0.2756,-0.0936
1636291462945,1.0625,0.4260,12.3125,-0.6870,0.2107,-0.0361
1636291462972,1.1465,0.6724,12.6641,-0.6528,0.1703,0.0500
1636291463000,1.2686,0.8066,12.8281,-0.6543,0.1426,0.1820
1636291463003,1.3613,0.5503,12.5625,-0.6294,0.1415,0.3384
1636291463008,1.1680,0.2250,11.4922,-0.5454,0.1415,0.4565
1636291463011,1.0508,0.2083,9.9922,-0.4817,0.0596,0.5137
1636291463015,0.9668,0.2130,8.4531,-0.4775,0.0075,0.5127
1636291463022,1.3213,-0.6177,8.6875,-0.6436,0.0001,0.5991
1636291463026,1.2393,-1.1221,8.8906,-0.7178,-0.0691,0.8843
1636291463052,0.8950,-0.7178,9.0625,-0.4766,-0.2617,1.0088
1636291463056,0.7134,0.2441,8.9219,-0.0945,-0.4468,0.8384
1636291463059,1.2090,0.6533,9.0625,0.0151,-0.5127,0.6758
1636291463072,1.6563,0.7397,9.3516,-0.2615,-0.4426,0.6724
1636291463076,1.3379,0.6748,9.4688,-0.5776,-0.3232,0.7222
1636291463102,1.1201,-0.0622,9.4219,-0.7573,-0.2617,0.6938
1636291463106,1.1035,-0.9146,9.3359,-0.8540,-0.2532,0.5967
1636291463109,0.8521,-1.1387,9.4922,-0.8467,-0.2861,0.5532
1636291463122,0.8643,-1.1914,9.7578,-0.7319,-0.3723,0.5278
1636291463126,1.4141,-1.0029,9.8516,-0.6904,-0.4797,0.1500
1636291463152,1.9482,-1.3545,10.1484,-0.7998,-0.4329,-0.0127
1636291463156,1.4746,-0.6797,10.3594,-1.1182,-0.3137,0.0213
1636291463165,0.5435,0.3997,10.5469,-1.0313,-0.3083,0.0585
1636291463172,1.4668,-1.4600,10.8672,-0.7837,-0.3584,0.1469
1636291463176,1.6084,-1.7588,10.5313,-0.8394,-0.1989,-0.0489
1636291463203,1.3545,-1.0605,10.3203,-0.6113,-0.2351,-0.0212
1636291463215,1.6016,-0.7612,10.2969,-0.3264,-0.3489,0.1628
1636291463218,1.7021,-0.4189,10.3516,-0.3093,-0.3000,0.1990
1636291463223,1.6875,-0.3040,10.3203,-0.4392,-0.2042,0.2010
1636291463226,1.8193,-0.7373,10.0625,-0.5371,-0.1372,0.2576
1636291463252,1.9121,-1.6133,9.7969,-0.4595,-0.0829,0.2384
1636291463256,1.8691,-2.8945,9.5391,-0.0743,-0.0829,0.2319
1636291463259,1.8330,-2.4863,9.4922,0.7578,-0.2935,0.3064
1636291463272,1.9648,-0.7061,9.7656,0.7344,-0.2404,0.3181
1636291463276,1.9648,-0.7061,9.7656,0.7344,-0.2404,0.3181
1636291463302,1.9795,-0.9648,9.8594,0.1512,-0.0638,0.4331
1636291463306,2.0371,-1.1318,9.6953,-0.1317,0.0139,0.4458
1636291463309,2.1758,-1.6943,9.5234,-0.1201,0.0341,0.3372
1636291463322,2.1152,-2.1055,9.4063,0.1406,0.0086,0.1340
1636291463326,1.9248,-1.7354,9.3906,0.4417,-0.0712,0.0394
1636291463352,1.8408,-0.9575,9.5156,0.5703,-0.1298,0.0064
1636291463356,1.7930,-0.6846,9.5859,0.5161,-0.1234,-0.0106
1636291463359,1.7285,-0.7300,9.6719,0.3618,-0.0967,-0.0159
1636291463372,1.8096,-1.0264,9.6875,0.2054,-0.0531,-0.0053
1636291463376,1.7949,-1.1992,9.6875,0.1672,-0.0180,-0.0117
1636291463402,1.6367,-0.9863,9.6484,0.1948,-0.0159,-0.0319
1636291463406,1.7090,-0.9766,9.6484,0.1619,-0.0329,-0.0712
1636291463409,1.8242,-1.1133,9.5781,0.1129,-0.0329,-0.1383
1636291463422,1.7451,-1.3018,9.4688,0.1183,-0.0414,-0.1595
1636291463426,1.5986,-1.1152,9.3828,0.1948,-0.0691,-0.1564
1636291463452,1.5723,-0.7178,9.3906,0.2172,-0.0989,-0.0968
1636291463456,1.5967,-0.2369,9.3984,0.1342,-0.0893,-0.0032
1636291463459,1.5967,-0.1268,9.4688,-0.0105,-0.0574,0.0383
1636291463472,1.6777,-0.3972,9.5313,-0.1689,-0.0382,0.0522
1636291463476,1.7324,-0.6748,9.5391,-0.2318,-0.0435,0.0617
1636291463503,1.7588,-0.8447,9.5781,-0.2115,-0.0680,0.0798
1636291463506,1.9199,-0.9956,9.7109,-0.1924,-0.0712,0.0500
1636291463509,1.9893,-1.3184,9.7344,-0.1147,-0.0446,-0.0042
1636291463523,1.9102,-1.5146,9.7422,0.0544,-0.0361,-0.0532
1636291463530,1.7500,-1.1221,9.7344,0.2214,-0.0553,-0.0446
1636291463543,1.7041,-0.5649,9.6875,0.3086,-0.0680,0.0000
1636291463546,1.7109,-0.2825,9.6797,0.2842,-0.0500,0.0596
1636291463573,1.7949,-0.3469,9.6328,0.1501,-0.0340,0.0990
1636291463576,1.9551,-0.6152,9.5313,-0.0371,-0.0223,0.1107
1636291463580,1.9414,-0.6748,9.4844,-0.1626,-0.0010,0.0947
1636291463593,1.8242,-0.6318,9.4609,-0.2361,0.0107,0.0766
1636291463596,1.8213,-0.7275,9.4453,-0.3062,0.0235,0.0543
1636291463651,1.7305,-0.9766,9.4453,-0.3083,0.0267,0.0575
1636291463652,1.5537,-1.2441,8.9922,-0.2328,-0.0053,0.0638
1636291463653,1.9941,-0.6963,9.1563,-0.1349,-0.0797,0.0341
1636291463657,1.7832,-0.7300,9.5938,-0.1829,-0.0542,0.0096
1636291463669,1.3926,-0.9526,9.2344,-0.1605,-0.0883,-0.0223
1636291463672,2.0391,-0.7397,9.5156,-0.0094,-0.1776,-0.0702
1636291463679,2.1816,-0.6919,9.8828,-0.0328,-0.1276,-0.0606
1636291463688,2.0625,-0.8091,10.0000,-0.1605,-0.0521,-0.0351
1636291463692,2.0156,-0.8423,9.9531,-0.2169,-0.0031,-0.0829
1636291463694,1.9844,-1.2129,10.0000,-0.2542,0.0277,-0.1415
1636291463723,1.9463,-1.3477,9.7969,-0.3169,0.0373,-0.1436
1636291463724,1.8555,-1.1650,9.6250,-0.3223,0.0139,-0.1180
1636291463726,1.6846,-0.5742,9.5156,-0.3030,-0.0308,-0.1138
