1624600353334,0.6949,-0.5152,9.6721,-0.0334,-0.0500,-0.0156
1624600353336,0.7763,-0.4051,9.7032,0.0399,-0.0280,-0.0339
1624600353337,0.6351,-0.2902,9.8827,0.0618,-0.0268,-0.0351
1624600353338,0.4796,-0.2424,10.1052,0.0777,-0.0292,-0.0205
1624600353339,0.8672,-0.4888,9.9162,0.0374,-0.0305,-0.0302
1624600353341,0.9486,-0.3883,9.9186,-0.0408,-0.0744,-0.0522
1624600353355,0.7332,-0.3165,9.9736,-0.0237,-0.0806,-0.0559
1624600353356,0.7811,-0.4218,9.9305,-0.0188,-0.0488,-0.0620
1624600353357,0.8840,-0.5223,9.9353,-0.0603,-0.0451,-0.0425
1624600353358,0.9366,-0.5845,9.8731,-0.0823,-0.0378,-0.0205
1624600353359,0.9031,-0.5845,9.8133,-0.0774,-0.0305,-0.0107
1624600353360,0.8433,-0.5104,9.8085,-0.0420,-0.0134,-0.0119
1624600353361,0.8122,-0.4434,9.8300,-0.0090,0.0074,-0.0156
1624600353362,0.8002,-0.4242,9.8109,0.0081,0.0184,-0.0119
1624600353363,0.7619,-0.4146,9.8444,0.0105,0.0184,-0.0083
1624600353382,0.7691,-0.4123,9.8324,0.0020,0.0159,-0.0083
1624600353383,0.7931,-0.3764,9.8420,-0.0054,0.0099,-0.0156
1624600353384,0.7835,-0.4338,9.8396,-0.0078,0.0013,-0.0193
1624600353409,0.8218,-0.4529,9.7989,-0.0127,-0.0024,-0.0180
1624600353410,0.8170,-0.4553,9.8109,-0.0163,-0.0085,-0.0205
1624600353445,0.8122,-0.4936,9.8109,-0.0115,-0.0073,-0.0229
1624600353446,0.8433,-0.5367,9.8133,-0.0054,-0.0060,-0.0205
1624600353447,0.8409,-0.5247,9.7846,-0.0005,-0.0085,-0.0144
1624600353462,0.8074,-0.4625,9.7846,0.0056,-0.0036,-0.0132
1624600353468,0.7596,-0.4697,9.8181,0.0179,0.0050,-0.0168
1624600353478,0.7978,-0.4386,9.7894,0.0191,0.0037,-0.0217
1624600353495,0.7907,-0.4290,9.7726,0.0130,-0.0085,-0.0241
1624600353496,0.7931,-0.4386,9.7894,0.0105,-0.0182,-0.0241
1624600353497,0.8601,-0.5128,9.7774,0.0020,-0.0280,-0.0241
1624600353502,0.8768,-0.5104,9.7511,-0.0054,-0.0390,-0.0193
1624600353516,0.8361,-0.4769,9.7774,-0.0078,-0.0378,-0.0144
1624600353520,0.8361,-0.5415,9.7511,-0.0066,-0.0292,-0.0132
1624600353529,0.8457,-0.5032,9.7391,0.0020,-0.0207,-0.0156
1624600353539,0.8505,-0.5128,9.7582,0.0044,-0.0146,-0.0132
1624600353549,0.8337,-0.5295,9.7846,0.0032,-0.0109,-0.0083
1624600353558,0.8146,-0.4792,9.7989,0.0093,-0.0048,-0.0058
1624600353568,0.8026,-0.4553,9.8013,0.0093,0.0013,-0.0009
1624600353577,0.8002,-0.4338,9.8061,0.0105,0.0037,0.0003
1624600353588,0.7907,-0.4386,9.8061,0.0118,0.0013,-0.0009
1624600353596,0.8026,-0.4170,9.8085,0.0056,-0.0048,0.0003
1624600353607,0.8194,-0.4099,9.7917,0.0032,-0.0109,-0.0009
1624600353619,0.8289,-0.4242,9.8300,0.0008,-0.0170,-0.0009
1624600353625,0.8433,-0.4290,9.8420,0.0008,-0.0134,-0.0022
1624600353635,0.8122,-0.4673,9.8755,0.0008,-0.0109,-0.0034
1624600353644,0.8768,-0.5128,9.8228,-0.0029,-0.0097,-0.0046
1624600353657,0.8720,-0.5056,9.8205,-0.0066,-0.0121,-0.0046
1624600353664,0.8266,-0.4458,9.8659,-0.0005,-0.0036,-0.0070
1624600353673,0.8409,-0.4218,9.8779,0.0056,0.0013,-0.0058
1624600353686,0.8768,-0.4434,9.8013,-0.0005,0.0001,-0.0009
1624600353693,0.8553,-0.4529,9.8587,-0.0054,-0.0060,0.0015
1624600353703,0.8672,-0.4434,9.8324,-0.0041,-0.0073,-0.0009
1624600353712,0.8361,-0.4816,9.8300,-0.0041,-0.0121,-0.0046
1624600353727,0.8840,-0.4888,9.8061,-0.0029,-0.0195,-0.0070
1624600353731,0.8840,-0.4888,9.7965,-0.0017,-0.0243,-0.0070
1624600353741,0.8864,-0.4458,9.7702,0.0032,-0.0219,-0.0046
1624600353750,0.8457,-0.4338,9.7989,0.0105,-0.0134,-0.0046
1624600353759,0.7954,-0.4194,9.7726,0.0142,-0.0060,-0.0046
1624600353772,0.7643,-0.4075,9.7606,0.0081,-0.0024,-0.0034
1624600353779,0.7763,-0.3620,9.7798,-0.0041,-0.0036,0.0015
1624600353789,0.7643,-0.3955,9.7726,-0.0127,-0.0097,0.0040
1624600353798,0.7691,-0.4242,9.7606,-0.0163,-0.0195,0.0052
1624600353809,0.7883,-0.4123,9.7798,-0.0200,-0.0256,0.0064
1624600353819,0.7739,-0.4553,9.7654,-0.0261,-0.0317,0.0027
1624600353829,0.7978,-0.4482,9.7415,-0.0078,-0.0451,-0.0034
1624600353837,0.8242,-0.4170,9.7367,-0.0054,-0.0671,-0.0119
1624600353847,0.8433,-0.4027,9.7726,-0.0139,-0.0915,-0.0180
1624600353857,0.8577,-0.3429,9.7894,-0.0212,-0.1062,-0.0266
1624600353867,0.9007,-0.2208,9.8276,-0.0322,-0.1245,-0.0278
1624600353877,1.3410,-0.1658,9.6745,-0.0310,-0.1514,-0.0400
1624600353886,1.6593,0.0065,9.4615,-0.0347,-0.1770,-0.0901
1624600353896,1.3865,0.4348,9.6266,-0.0762,-0.1563,-0.2807
1624600353905,0.6064,0.9636,10.1459,-0.1556,-0.1062,-0.6154
1624600353915,1.4080,1.4661,10.2201,-0.2204,-0.0549,-0.7682
1624600353925,3.1380,0.2745,9.9736,-0.2460,-0.1893,-0.6301
1624600353934,3.6620,1.5522,10.1674,-0.2692,-0.3298,-0.3161
1624600353944,2.6092,1.8753,11.3064,-0.2619,-0.2052,-0.2831
1624600353954,1.8028,1.3752,11.6294,-0.2228,0.1674,-0.3858
1624600353963,2.0804,1.8729,11.8711,-0.2350,0.2994,-0.3308
1624600353971,2.6116,1.6049,11.7299,-0.3242,0.2786,-0.5605
1624600353981,2.9155,1.5690,11.5935,-0.4073,0.2628,-0.6875
1624600353990,3.0399,1.5642,11.4691,-0.4390,0.3519,-0.8427
1624600354000,2.9897,1.4924,11.2729,-0.4354,0.5010,-1.0198
1624600354010,2.7504,1.5905,11.1557,-0.4183,0.6696,-1.1274
1624600354019,2.4321,1.6360,11.1796,-0.4268,0.8528,-1.2373
1624600354031,2.0804,1.5427,11.2011,-0.4549,1.0263,-1.3436
1624600354040,1.7454,1.3082,11.1987,-0.5185,1.1766,-1.4328
1624600354050,1.4606,0.9828,11.1222,-0.6150,1.3000,-1.5122
1624600354060,1.2190,0.5473,11.0169,-0.7310,1.4002,-1.5782
1624600354069,0.8816,0.0232,10.8685,-0.8520,1.4881,-1.6222
1624600354079,0.5131,-0.5893,10.6723,-0.9400,1.5737,-1.6503
1624600354088,0.1183,-1.2617,10.4354,-0.9949,1.6433,-1.6588
1624600354098,-0.4034,-1.8958,10.1267,-0.9705,1.7056,-1.6429
1624600354108,-0.9417,-2.4557,9.7870,-0.8935,1.7581,-1.6050
1624600354117,-1.4586,-2.8290,9.4352,-0.7592,1.7948,-1.5513
1624600354127,-1.9778,-2.9726,9.1026,-0.5942,1.8131,-1.4731
1624600354137,-2.4971,-2.8936,8.8705,-0.4024,1.7972,-1.3864
1624600354146,-3.0474,-2.7548,8.6982,-0.2265,1.7569,-1.2972
1624600354156,-3.6049,-2.7285,8.5642,-0.0640,1.6934,-1.2007
1624600354165,-4.1098,-2.8147,8.6695,0.0692,1.5981,-1.0809
1624600354175,-4.4903,-2.9391,8.8250,0.1926,1.4613,-0.9465
1624600354184,-4.6028,-2.9487,8.9279,0.3245,1.2768,-0.8085
1624600354194,-4.4616,-2.9845,8.9782,0.4516,1.0630,-0.6851
1624600354204,-4.1529,-2.9750,8.8944,0.5554,0.8308,-0.5813
1624600354213,-3.7868,-2.8218,8.6241,0.6544,0.6048,-0.4982
1624600354223,-3.5164,-2.5873,8.3848,0.7216,0.4240,-0.4188
1624600354230,-3.4614,-2.4079,8.3417,0.7790,0.3006,-0.3308
1624600354242,-3.4877,-2.2763,8.2699,0.8254,0.2346,-0.2392
1624600354251,-3.5308,-2.1303,8.1646,0.8450,0.1797,-0.1500
1624600354259,-3.4375,-2.0346,8.2819,0.8340,0.1113,-0.0742
1624600354271,-3.1934,-2.0059,8.3393,0.8230,0.0257,-0.0278
1624600354279,-2.8225,-1.9867,8.3896,0.8156,-0.0744,0.0052
1624600354288,-2.5234,-1.9221,8.6432,0.7839,-0.1710,0.0406
1624600354298,-2.2865,-1.9843,8.8274,0.7460,-0.2418,0.0834
1624600354308,-2.1429,-1.8982,8.7389,0.7081,-0.2919,0.1298
1624600354319,-2.0879,-1.8145,8.6432,0.6483,-0.3286,0.1774
1624600354329,-2.0568,-1.8360,8.5068,0.5921,-0.3579,0.2263
1624600354338,-2.0089,-1.7427,8.2843,0.5725,-0.3811,0.2654
1624600354348,-1.9539,-1.6374,8.2651,0.5359,-0.4165,0.2996
1624600354358,-1.9348,-1.6828,8.4135,0.5102,-0.4458,0.3399
1624600354367,-1.8917,-1.8192,8.5283,0.5114,-0.4654,0.3900
1624600354377,-1.8486,-1.9245,8.6528,0.5175,-0.4886,0.4267
1624600354386,-1.7457,-2.2045,8.6910,0.5163,-0.5289,0.4560
1624600354396,-1.6357,-2.3433,8.6073,0.5640,-0.5766,0.4755
1624600354406,-1.4562,-2.3887,8.3082,0.6324,-0.6267,0.4792
1624600354415,-1.2887,-2.3457,7.8081,0.7619,-0.6841,0.4682
1624600354425,-1.1978,-2.1542,7.6478,1.0233,-0.7048,0.4425
1624600354434,-1.1786,-1.8647,7.7100,1.3495,-0.6938,0.4291
1624600354443,-1.0710,-1.6996,7.8440,1.6941,-0.7012,0.4230
1624600354454,-0.8053,-1.2904,7.9684,2.0337,-0.7146,0.3912
1624600354463,-0.4393,-0.5032,8.3226,2.2927,-0.7195,0.3717
1624600354473,-0.1641,0.4444,8.4518,2.4491,-0.7378,0.3717
1624600354482,-0.0038,1.3249,8.5571,2.5077,-0.7561,0.3741
1624600354492,0.1470,2.0571,8.8083,2.4735,-0.7720,0.3961
1624600354501,0.3288,2.4591,9.3012,2.3575,-0.8099,0.4621
1624600354511,0.7931,2.3682,9.3515,2.1718,-0.8710,0.5244
1624600354521,1.3913,2.1935,9.0380,1.9237,-0.9553,0.5891
1624600354529,1.7741,1.9590,8.8418,1.5963,-1.0115,0.6637
1624600354540,1.9536,1.9830,8.8179,1.3019,-1.0054,0.7174
1624600354550,2.0349,2.0882,9.0284,1.0368,-0.9712,0.7370
1624600354559,2.1402,2.0260,9.4591,0.8108,-0.9077,0.7333
1624600354569,2.1594,2.1217,9.6984,0.6092,-0.8258,0.7162
1624600354577,2.1665,2.1433,9.8181,0.4198,-0.7391,0.6820
1624600354586,2.1689,2.1648,10.0215,0.2903,-0.6596,0.6283
1624600354596,2.1689,2.2462,10.1483,0.1926,-0.5729,0.5745
1624600354605,2.1235,2.2868,10.1435,0.1046,-0.4910,0.5195
1624600354617,1.9847,2.2797,10.1650,0.0435,-0.4019,0.4584
1624600354627,1.7143,2.4424,10.2966,0.0203,-0.3114,0.4096
1624600354636,1.4678,2.5764,10.3206,0.0069,-0.2296,0.3448
1624600354646,1.3936,2.4017,10.0837,-0.0200,-0.1746,0.2678
1624600354655,1.3889,2.2845,9.8587,-0.0701,-0.1612,0.2251
1624600354664,1.3745,2.5285,9.6841,-0.1238,-0.1538,0.1896
1624600354675,1.2932,2.5692,9.7295,-0.1519,-0.1257,0.1334
1624600354684,1.2405,2.4855,9.7247,-0.1825,-0.0952,0.0980
1624600354694,1.2238,2.3945,9.7176,-0.2448,-0.0793,0.0919
1624600354703,1.2190,2.0476,9.6889,-0.3193,-0.0720,0.0760
1624600354713,1.3290,1.7533,9.5764,-0.3633,-0.0671,0.0504
1624600354723,1.4032,1.8155,9.5644,-0.3621,-0.0549,0.0259
1624600354732,1.5276,1.9255,9.6075,-0.3254,-0.0280,-0.0107
1624600354741,1.7741,1.8920,9.7511,-0.2851,-0.0048,-0.0510
1624600354750,1.9249,2.3132,9.8922,-0.2497,0.0245,-0.0730
1624600354761,1.8435,2.4185,10.2105,-0.2436,0.1039,-0.0926
1624600354771,1.7645,2.1600,10.2751,-0.2143,0.2188,-0.1219
1624600354780,1.6664,1.9758,10.0717,-0.1984,0.2994,-0.0926
1624600354790,1.5276,1.8944,9.7750,-0.2301,0.3593,-0.0571
1624600354799,1.4918,1.9638,9.6051,-0.2607,0.3971,-0.0755
1624600354809,1.3817,2.1289,9.6530,-0.3059,0.4069,-0.1182
1624600354819,1.1974,2.2773,9.9210,-0.3034,0.4118,-0.1585
1624600354828,1.1927,2.2438,9.7702,-0.2729,0.4130,-0.1378
1624600354838,1.3123,2.4878,9.7870,-0.2558,0.3751,-0.1292
1624600354848,1.3219,2.9664,9.9736,-0.2472,0.3654,-0.1500
1624600354857,1.4606,2.8587,10.3445,-0.2814,0.3886,-0.1439
1624600354867,1.5229,2.3395,10.5622,-0.3792,0.4216,-0.1280
1624600354874,1.5612,1.8753,10.5359,-0.5026,0.4411,-0.1317
1624600354884,1.4942,1.6408,10.7225,-0.5600,0.4533,-0.1365
1624600354894,1.2573,1.6934,10.8781,-0.5209,0.5120,-0.1463
1624600354903,0.9964,2.0045,11.1006,-0.4464,0.6109,-0.1573
1624600354915,0.6040,2.3562,11.0910,-0.4171,0.6793,-0.1622
1624600354924,0.3241,2.5572,10.9475,-0.4610,0.7245,-0.1781
1624600354934,0.1542,2.7080,10.7369,-0.5527,0.7514,-0.2123
1624600354943,-0.0349,2.8827,10.7896,-0.6712,0.7856,-0.2624
1624600354953,-0.2837,2.9018,10.8207,-0.8715,0.8321,-0.2770
1624600354963,-0.5350,2.5046,10.7728,-1.1831,0.8687,-0.2502
1624600354972,-0.6905,1.9686,10.5646,-1.5936,0.8809,-0.2123
1624600354982,-0.8867,1.6862,10.5909,-2.0419,0.8871,-0.1756
1624600354991,-1.1906,1.6958,10.8135,-2.5148,0.9347,-0.1549
1624600355001,-1.6716,1.4948,10.9331,-2.9338,1.0129,-0.1744
1624600355011,-1.9874,0.3199,10.8302,-3.3248,1.0666,-0.1903
1624600355020,-2.1884,-0.6755,10.6388,-3.6265,1.0886,-0.1610
1624600355030,-2.5736,-0.7425,10.5551,-3.8819,1.1045,-0.1280
1624600355040,-3.1240,-0.6372,10.5216,-4.1128,1.1522,-0.1378
1624600355049,-3.3537,-1.0416,10.4522,-4.3351,1.2096,-0.1500
1624600355059,-3.6839,-1.3526,10.3062,-4.5318,1.2328,-0.1341
1624600355068,-3.9376,-2.1447,9.9568,-4.7371,1.2413,-0.1414
1624600355078,-4.0787,-2.9941,9.6553,-4.7811,1.2303,-0.1524
1624600355088,-4.1864,-3.1951,9.1624,-4.6638,1.2133,-0.1390
1624600355097,-4.2678,-3.0515,8.8538,-4.5098,1.1913,-0.1097
1624600355107,-4.4137,-3.0539,8.6863,-4.3535,1.1717,-0.0742
1624600355117,-4.5190,-3.4751,8.6193,-4.1824,1.1570,-0.0388
1624600355126,-4.5908,-4.1068,8.4542,-3.9845,1.1253,0.0027
1624600355136,-4.6028,-4.5806,8.2292,-3.7768,1.0837,0.0614
1624600355145,-4.7248,-4.9132,7.9158,-3.5496,1.0300,0.0992
1624600355155,-4.8420,-5.2673,7.7028,-3.3113,0.9677,0.1163
1624600355165,-4.8636,-5.5449,7.5210,-3.0853,0.9115,0.1188
1624600355172,-4.8085,-5.4300,7.5066,-2.8935,0.8797,0.0882
1624600355182,-4.7248,-5.2721,7.2673,-2.7945,0.8614,0.0137
1624600355191,-4.6793,-5.3702,6.8749,-2.7347,0.8296,-0.0645
1624600355201,-4.6147,-5.1046,6.4203,-2.6772,0.7869,-0.1121
1624600355214,-4.6841,-4.8677,6.0159,-2.6992,0.7441,-0.1549
1624600355222,-4.6554,-5.2410,5.7192,-2.6882,0.7258,-0.1927
1624600355232,-4.5932,-5.7028,5.4990,-2.6137,0.7135,-0.1866
1624600355242,-4.6626,-6.1191,5.3842,-2.5038,0.7075,-0.2001
1624600355251,-4.7057,-6.4446,5.1640,-2.3449,0.7172,-0.2379
1624600355261,-4.4592,-6.8705,4.7907,-2.1250,0.7087,-0.2770
1624600355271,-4.0165,-7.1959,4.4127,-1.8868,0.6879,-0.3271
1624600355280,-3.8945,-6.9614,4.1016,-1.7402,0.6684,-0.3784
1624600355290,-3.7078,-7.0069,4.0585,-1.6779,0.6561,-0.4615
1624600355299,-3.6863,-7.0499,3.9915,-1.6070,0.6293,-0.5079
1624600355308,-3.6552,-6.7748,3.8863,-1.5313,0.5975,-0.5470
1624600355348,-3.3394,-6.8035,3.5608,-1.5374,0.5804,-0.6106
1624600355349,-3.1001,-6.6599,3.3168,-1.6143,0.5547,-0.6411
1624600355350,-3.0642,-6.8657,3.1708,-1.8159,0.5291,-0.7034
1624600355351,-2.8034,-7.1911,2.9004,-2.0554,0.5083,-0.7523
1624600355354,-2.5114,-7.7391,2.6468,-2.2411,0.4741,-0.7999
1624600355365,-2.3535,-7.9760,2.3477,-2.3168,0.4643,-0.8476
1624600355375,-1.7912,-8.1028,2.1084,-2.3303,0.4827,-0.9172
1624600355384,-1.7003,-8.2894,1.9002,-2.3095,0.5083,-0.9637
1624600355393,-1.7218,-8.6292,1.4049,-2.3156,0.4839,-0.9795
1624600355403,-1.0470,-9.0767,1.1561,-2.2558,0.4350,-1.0198
1624600355413,-0.9609,-8.2057,1.1010,-2.0591,0.4155,-1.0614
1624600355422,-1.2384,-7.3203,1.2685,-1.9723,0.3605,-1.1274
1624600355432,-1.0279,-7.0356,0.9311,-1.8831,0.3080,-1.1701
1624600355441,-0.7384,-7.8611,0.7899,-1.8672,0.2530,-1.1286
1624600355451,-0.3316,-8.9905,0.6775,-1.8220,0.2224,-1.1005
1624600355460,-0.0995,-9.4882,0.6751,-1.6864,0.2090,-1.0773
1624600355470,-0.0612,-9.1389,0.6057,-1.4628,0.2127,-1.0785
1624600355480,0.0800,-8.6101,0.4167,-1.1635,0.2285,-1.0993
1624600355489,0.4150,-8.4474,0.3377,-0.8777,0.2395,-1.1102
1624600355500,0.6567,-8.5359,0.4454,-0.6883,0.2346,-1.1127
1624600355508,0.7524,-8.6196,0.6799,-0.5502,0.2163,-1.1469
1624600355518,0.8433,-8.8613,0.9694,-0.4452,0.2053,-1.1579
1624600355528,1.0036,-9.1437,1.1537,-0.3999,0.1992,-1.1188
1624600355538,1.0898,-9.3279,1.0795,-0.3829,0.1919,-1.1102
1624600355549,1.3338,-9.4069,0.8258,-0.3364,0.1858,-1.1457
1624600355557,1.5420,-9.2944,0.8617,-0.3291,0.1785,-1.1493
1624600355566,1.5875,-9.1389,1.0388,-0.3438,0.1845,-1.1665
1624600355576,1.6712,-8.9977,1.2374,-0.3523,0.2017,-1.1823
1624600355586,1.7885,-9.0240,1.1704,-0.3865,0.2053,-1.1982
1624600355595,1.9249,-9.3327,1.1010,-0.3792,0.1931,-1.2141
1624600355605,2.1091,-9.6868,0.8904,-0.2851,0.1907,-1.2092
1624600355617,2.5039,-9.7802,0.8665,-0.2057,0.1907,-1.1665
1624600355624,2.5757,-9.5313,0.8234,-0.2314,0.1845,-1.0968
1624600355634,2.4704,-9.6366,1.0149,-0.3230,0.1845,-1.0504
1624600355643,2.6020,-9.8759,1.1513,-0.3975,0.1613,-1.0089
1624600355654,2.7456,-10.0816,1.4073,-0.4464,0.1247,-0.9502
1624600355664,2.5781,-9.9357,1.5198,-0.5185,0.0990,-0.8647
1624600355673,2.5350,-10.0146,1.4193,-0.5686,0.0660,-0.7950
1624600355682,2.7265,-10.0793,1.1537,-0.4953,0.0294,-0.7425
1624600355691,2.9586,-9.9907,0.8426,-0.3670,0.0001,-0.6790
1624600355700,3.1500,-9.7969,0.5602,-0.2460,-0.0048,-0.6093
1624600355712,3.3151,-9.7658,0.7469,-0.2314,0.0135,-0.5128
1624600355722,3.2744,-9.9094,1.1034,-0.2827,0.0697,-0.4517
1624600355731,3.3103,-10.0745,1.5078,-0.3572,0.1418,-0.4249
1624600355740,3.6262,-10.1917,1.7997,-0.3657,0.2029,-0.3870
1624600355750,3.7099,-10.2539,1.6873,-0.3120,0.2554,-0.3418
1624600355760,3.7769,-10.4406,1.6011,-0.2619,0.2860,-0.3002
1624600355770,3.8391,-10.1893,1.7567,-0.1678,0.2945,-0.2416
1624600355779,3.5113,-9.9620,1.8356,-0.1654,0.3263,-0.1561
1624600355787,3.4276,-10.1630,1.7949,-0.1947,0.3470,-0.0962
1624600355797,3.4682,-10.6368,1.7758,-0.2204,0.3092,-0.0351
1624600355806,3.4874,-11.0484,1.8117,-0.2851,0.2469,0.0553
1624600355816,3.3893,-11.2733,1.9289,-0.3095,0.1748,0.1432
1624600355825,3.3079,-11.3738,2.0581,-0.2143,0.1113,0.2128
1624600355837,3.3390,-11.0555,2.1491,-0.0261,0.0612,0.2739
1624600355846,3.3917,-10.5506,2.1586,0.1388,0.0196,0.3314
1624600355856,3.5209,-10.2109,2.1084,0.2121,-0.0195,0.3839
1624600355866,3.7027,-10.2970,2.1060,0.1510,-0.0671,0.4377
1624600355876,3.7458,-10.7110,2.1036,0.0508,-0.1050,0.4877
1624600355885,3.7649,-10.9646,1.9146,-0.0127,-0.1367,0.5733
1624600355895,3.8391,-11.1273,1.6179,-0.0175,-0.1758,0.6563
1624600355904,3.9253,-11.1177,1.4288,0.0350,-0.2161,0.7480
1624600355914,3.9133,-11.1297,1.3882,0.1156,-0.2540,0.8469
1624600355923,3.7793,-10.8809,1.4264,0.2195,-0.2895,0.9557
1624600355933,3.3749,-10.3736,1.3451,0.3282,-0.3212,1.0448
1624600355942,2.9586,-10.1893,1.1871,0.3990,-0.3518,1.1145
1624600355952,2.8365,-10.1893,1.1178,0.4577,-0.3860,1.1695
1624600355962,2.7839,-10.2563,0.9120,0.5078,-0.3957,1.1915
1624600355972,2.5948,-10.4406,0.6153,0.5957,-0.3860,1.2098
1624600355981,2.5039,-10.4286,0.5339,0.7423,-0.3860,1.2269
1624600355991,2.4776,-10.1247,0.4406,0.8804,-0.3799,1.2318
1624600356000,2.4274,-9.7945,0.5555,1.0038,-0.3664,1.2196
1624600356010,2.4058,-9.3829,0.8976,1.1284,-0.3408,1.2134
1624600356020,2.0469,-8.9498,1.2326,1.1980,-0.3066,1.2208
1624600356029,1.4487,-8.6747,1.4815,1.2188,-0.2589,1.2379
1624600356039,0.8744,-8.5000,1.5126,1.1822,-0.2418,1.2733
1624600356048,0.4246,-8.5479,1.3427,1.0942,-0.2491,1.3087
1624600356058,0.1231,-8.7082,1.0077,0.9842,-0.2504,1.3295
1624600356067,-0.1090,-8.7297,0.8498,0.9012,-0.2369,1.3344
1624600356077,-0.3842,-8.4928,0.7469,0.8340,-0.1819,1.3161
1624600356087,-0.6738,-8.2368,0.7373,0.7876,-0.0867,1.2428
1624600356097,-0.8484,-8.0238,0.7517,0.6996,0.0037,1.1597
1624600356104,-1.0040,-8.1100,0.9192,0.5456,0.0453,1.0876
1624600356114,-1.2241,-8.4904,1.2183,0.3758,0.0709,1.0119
1624600356123,-1.4634,-8.7967,1.3283,0.3062,0.0978,0.9667
1624600356133,-1.6117,-8.9929,1.2518,0.3441,0.1320,0.9410
1624600356143,-1.7027,-8.8876,1.0843,0.4711,0.1589,0.9080
1624600356154,-1.9635,-8.5622,1.0316,0.6006,0.1797,0.8763
1624600356164,-2.3727,-7.8276,0.9909,0.6910,0.2334,0.8359
1624600356173,-2.9182,-7.0499,0.8019,0.6971,0.3141,0.7846
1624600356183,-3.4351,-6.4589,0.6679,0.6849,0.3849,0.7284
1624600356192,-3.7294,-5.9564,0.6631,0.6935,0.4521,0.6771
1624600356202,-3.8562,-5.6166,0.6177,0.6153,0.4814,0.6490
1624600356212,-4.0715,-5.6645,0.6488,0.4369,0.4668,0.6307
1624600356222,-4.3778,-6.1622,0.9024,0.2573,0.4729,0.6075
1624600356231,-4.6291,-6.8729,1.2302,0.0802,0.4888,0.5647
1624600356241,-4.8396,-7.3610,1.4001,-0.0811,0.4778,0.5000
1624600356250,-5.1124,-7.4256,1.3116,-0.1849,0.4680,0.4340
1624600356260,-5.3541,-7.1433,1.1465,-0.1801,0.4716,0.3485
1624600356269,-5.6006,-6.7532,1.0053,-0.1312,0.4790,0.2727
1624600356279,-5.8590,-6.4757,0.7780,-0.1214,0.4839,0.1994
1624600356289,-6.1485,-6.6097,0.7564,-0.1544,0.4961,0.1151
1624600356298,-6.3926,-6.5331,0.5985,-0.1581,0.5108,-0.0070
1624600356308,-6.6510,-6.2914,0.7852,-0.2301,0.4985,-0.1243
1624600356318,-6.6678,-6.3130,1.0364,-0.3328,0.4570,-0.2367
1624600356327,-6.5601,-6.8609,1.3092,-0.3609,0.3788,-0.3161
1624600356337,-6.3495,-7.5333,1.1034,-0.2411,0.2945,-0.3748
1624600356347,-6.1174,-7.8659,1.0173,-0.0530,0.2004,-0.3760
1624600356355,-5.9308,-7.8779,1.3786,0.0924,0.1271,-0.3772
1624600356366,-5.7681,-7.6960,1.8141,0.1926,0.1027,-0.4029
1624600356375,-5.6293,-7.7726,2.0342,0.2243,0.0941,-0.4371
1624600356385,-5.3996,-8.1004,2.0773,0.2097,0.0941,-0.4689
1624600356394,-5.1244,-8.1841,2.0773,0.1852,0.0795,-0.4957
1624600356402,-4.8803,-7.8898,2.0079,0.1058,0.0624,-0.5043
1624600356412,-4.6602,-7.7822,1.9170,-0.0285,0.0502,-0.5422
1624600356421,-4.3730,-8.0573,1.8404,-0.1947,0.0245,-0.5641
1624600356431,-4.0428,-8.6723,1.8308,-0.3889,-0.0011,-0.5458
1624600356442,-3.7126,-9.3829,1.8882,-0.5759,-0.0219,-0.5189
1624600356452,-3.4111,-9.9405,1.8571,-0.7029,-0.0207,-0.4859
1624600356462,-3.1336,-10.3664,1.7638,-0.7579,-0.0097,-0.4420
1624600356471,-2.9541,-10.5195,1.6777,-0.7249,0.0159,-0.3846
1624600356481,-2.9230,-10.4286,1.6681,-0.6565,0.0490,-0.3222
1624600356491,-3.0331,-10.2803,1.5245,-0.5905,0.0819,-0.2746
1624600356500,-3.1049,-10.1630,1.4073,-0.5172,0.0978,-0.2404
1624600356510,-3.1240,-10.0697,1.3666,-0.4598,0.0917,-0.2050
1624600356519,-3.0331,-10.0170,1.3283,-0.3926,0.0660,-0.1695
1624600356529,-2.9397,-10.0362,1.5150,-0.3499,0.0367,-0.1341
1624600356539,-2.9326,-10.1415,1.5891,-0.3328,0.0147,-0.1097
1624600356548,-2.9541,-10.3377,1.7136,-0.3266,0.0086,-0.1023
1624600356557,-2.9326,-10.3353,1.7710,-0.2827,0.0099,-0.1023
1624600356568,-2.9063,-10.2037,1.7567,-0.2252,0.0074,-0.0877
1624600356576,-2.8799,-10.0529,1.7638,-0.1532,0.0135,-0.0620
1624600356587,-2.9326,-9.8854,1.8476,-0.0884,0.0318,-0.0315
1624600356596,-3.0307,-9.7251,1.7782,-0.0579,0.0563,-0.0009
1624600356606,-3.1096,-9.6342,1.7495,-0.0823,0.0783,0.0308
1624600356615,-3.1503,-9.7084,1.6394,-0.1507,0.0990,0.0626
1624600356625,-3.2317,-9.8711,1.4001,-0.2546,0.1174,0.0907
1624600356635,-3.3992,-10.1175,1.3140,-0.3926,0.1442,0.1163
1624600356644,-3.6887,-10.2252,1.3283,-0.5233,0.1858,0.1518
1624600356654,-3.9854,-10.4430,1.3810,-0.6211,0.2322,0.1823
1624600356663,-4.3036,-10.5411,1.4145,-0.6638,0.2640,0.2226
1624600356673,-4.4975,-10.6344,1.1584,-0.6577,0.2847,0.2385
1624600356683,-4.6721,-10.9455,0.7923,-0.6186,0.2762,0.2593
1624600356692,-4.8875,-11.2278,0.4932,-0.5258,0.2615,0.2849
1624600356700,-5.1268,-11.2254,0.2587,-0.4146,0.2383,0.3057
1624600356709,-5.3876,-11.0460,0.2133,-0.3523,0.2102,0.3509
1624600356719,-5.6269,-11.3666,0.4095,-0.3205,0.1577,0.3851
1624600356729,-5.6676,-11.1728,0.4908,-0.2509,0.1284,0.4144
1624600356740,-5.5384,-10.8761,0.4310,-0.2252,0.0868,0.4254
1624600356750,-5.5096,-11.0484,0.4597,-0.1532,0.0111,0.4609
1624600356760,-5.4211,-10.8186,0.5052,-0.0469,-0.0439,0.5281
1624600356769,-5.3517,-10.1391,0.4621,0.0069,-0.0903,0.5647
1624600356779,-5.3924,-9.5193,0.3257,0.0240,-0.1453,0.5818
1624600356788,-5.4929,-9.1126,0.1008,0.0386,-0.2015,0.5843
1624600356798,-5.4977,-8.6842,-0.0571,0.0301,-0.2553,0.5708
1624600356808,-5.3900,-8.3660,-0.0930,-0.0701,-0.3249,0.5708
1624600356817,-5.3230,-8.4426,-0.0643,-0.2338,-0.3945,0.5745
1624600356827,-5.3062,-8.7082,0.0960,-0.3279,-0.4556,0.5488
1624600356837,-5.2560,-8.9570,0.1654,-0.3413,-0.5106,0.4963
1624600356846,-5.1340,-9.1149,0.1367,-0.2277,-0.5668,0.4401
1624600356856,-4.9138,-8.8900,-0.1241,-0.0347,-0.6120,0.3924
1624600356866,-4.6985,-8.3995,-0.3395,0.2195,-0.6438,0.3301
1624600356874,-4.5932,-7.7367,-0.4424,0.4638,-0.6609,0.2605
1624600356884,-4.5908,-7.0164,-0.3945,0.6226,-0.6743,0.1799
1624600356894,-4.5214,-6.5929,-0.1935,0.6593,-0.6890,0.1005
1624600356903,-4.3372,-6.4350,0.0793,0.6177,-0.7048,0.0198
1624600356912,-4.1003,-6.5522,0.3066,0.5090,-0.7281,-0.0693
1624600356921,-3.8083,-6.7078,0.4573,0.3624,-0.7574,-0.1512
1624600356932,-3.5403,-6.8657,0.5889,0.2219,-0.7769,-0.2330
1624600356942,-3.3274,-6.9806,0.6033,0.1205,-0.7794,-0.3149
1624600356951,-3.1982,-6.9518,0.5794,0.0618,-0.7733,-0.4041
1624600356961,-3.0570,-6.9231,0.5698,0.0411,-0.7525,-0.5006
1624600356969,-2.9110,-6.8657,0.6177,0.0460,-0.7329,-0.6032
1624600356979,-2.6789,-6.8609,0.6966,0.0961,-0.7048,-0.7132
1624600356988,-2.3056,-6.7891,0.6966,0.1718,-0.6718,-0.8195
1624600356998,-1.9419,-6.8466,0.6703,0.2940,-0.6291,-0.9136
1624600357007,-1.5471,-6.9973,0.6703,0.4320,-0.5704,-0.9905
1624600357017,-1.2121,-7.1433,0.7804,0.5175,-0.4972,-1.0492
1624600357027,-1.0518,-7.3227,0.9048,0.5395,-0.4165,-1.1164
1624600357036,-0.7048,-7.5811,1.1967,0.5237,-0.3408,-1.1945
1624600357048,-0.4177,-7.7128,1.5676,0.4540,-0.2797,-1.2569
1624600357057,-0.2119,-7.8994,1.9122,0.3673,-0.2320,-1.3289
1624600357067,-0.1330,-8.1746,1.9864,0.3660,-0.1991,-1.3998
1624600357077,0.1087,-8.3540,1.7088,0.4565,-0.1807,-1.4474
1624600357087,0.3504,-8.5215,1.6490,0.6458,-0.1600,-1.4695
1624600357096,0.6567,-8.4210,1.8548,0.8474,-0.1135,-1.4597
1624600357105,0.9318,-8.1602,1.9816,0.9855,-0.0488,-1.4585
1624600357115,1.2118,-8.0908,2.1227,1.0441,0.0208,-1.4719
1624600357125,1.5947,-8.2176,2.1323,1.0087,0.0746,-1.4621
1624600357134,1.9775,-8.4952,2.3261,0.8877,0.1235,-1.4695
1624600357144,2.1163,-8.5096,2.6109,0.6984,0.1882,-1.4768
1624600357154,2.1953,-8.4282,2.7951,0.4369,0.2273,-1.4755
1624600357163,2.3245,-8.4306,3.0703,0.2280,0.2395,-1.4963
1624600357171,2.5566,-8.6579,3.0871,0.1070,0.2566,-1.5000
1624600357182,2.9562,-9.0862,3.0703,0.0838,0.2774,-1.4707
1624600357192,3.3271,-9.2178,3.0751,0.0741,0.2982,-1.3876
1624600357202,3.3079,-9.2131,3.2761,0.0289,0.3263,-1.2837
1624600357211,3.3438,-9.3471,3.4938,-0.0518,0.3556,-1.2031
1624600357221,3.5927,-9.3399,3.5848,-0.1251,0.3641,-1.1115
1624600357229,3.8391,-9.3686,3.7164,-0.2314,0.3593,-1.0321
1624600357240,3.9947,-9.5289,3.8551,-0.3914,0.3690,-0.9795
1624600357249,3.8894,-9.6103,3.8887,-0.5014,0.3959,-0.9356
1624600357259,3.8415,-9.6533,3.8217,-0.5918,0.4460,-0.8647
1624600357269,3.9492,-9.8807,3.7307,-0.5869,0.4888,-0.7963
1624600357278,3.9133,-9.8495,3.6183,-0.4427,0.5327,-0.7266
1624600357288,3.9659,-9.4954,3.4914,-0.3523,0.5718,-0.6607
1624600357296,4.0186,-8.9474,3.4364,-0.3670,0.5926,-0.6252
1624600357305,3.9731,-8.5646,3.5321,-0.4769,0.5902,-0.5910
1624600357315,4.0377,-8.8589,3.5896,-0.7029,0.5706,-0.5544
1624600357324,4.1502,-9.7108,3.4388,-0.9045,0.5315,-0.5336
1624600357336,4.1909,-10.6296,3.3790,-1.0743,0.4692,-0.4554
1624600357346,4.1693,-11.0986,3.3263,-1.1648,0.4179,-0.3491
1624600357355,4.1382,-11.2517,3.2857,-1.1061,0.3825,-0.2343
1624600357365,4.0952,-11.1465,3.3144,-0.9155,0.3544,-0.1304
1624600357374,4.1167,-11.0842,3.3646,-0.7225,0.3287,-0.0156
1624600357384,3.9253,-10.9431,3.1923,-0.5563,0.2798,0.0919
1624600357394,3.8008,-10.9144,3.0224,-0.4818,0.2090,0.1884
1624600357403,3.7793,-10.9359,2.9004,-0.4598,0.1369,0.3033
1624600357413,3.7362,-10.8450,3.0344,-0.4342,0.0734,0.4169
1624600357423,3.7625,-10.9263,3.0727,-0.3938,0.0331,0.5244
1624600357432,3.8870,-10.9766,3.0679,-0.2961,-0.0036,0.6441
1624600357440,4.0880,-10.9670,3.0296,-0.2155,-0.0512,0.7492
1624600357451,4.3153,-10.8497,2.9770,-0.1910,-0.0879,0.8482
1624600357461,4.3416,-10.6655,2.7808,-0.1947,-0.1343,0.9398
1624600357470,4.1286,-10.5865,2.5726,-0.1715,-0.1856,1.0314
1624600357479,3.8559,-10.5674,2.4482,-0.1080,-0.2308,1.1450
1624600357490,3.5233,-10.5913,2.3549,-0.0102,-0.2638,1.2684
1624600357500,3.3653,-10.6272,2.3979,0.1131,-0.2882,1.3833
1624600357509,3.2170,-10.3449,2.4434,0.2402,-0.3004,1.4553
1624600357519,3.2625,-9.9836,2.4865,0.3245,-0.3004,1.4908
1624600357528,3.2146,-9.7897,2.2831,0.3685,-0.3066,1.5018
1624600357538,3.2266,-9.6629,1.9792,0.4100,-0.3090,1.5238
1624600357548,3.1739,-9.5146,1.4695,0.3929,-0.3237,1.5360
1624600357557,2.6690,-9.0958,1.1154,0.3380,-0.3249,1.5531
1624600357567,1.7885,-8.6029,1.2350,0.2671,-0.2760,1.5665
1624600357576,0.7452,-8.1195,1.2996,0.2195,-0.1783,1.5824
1624600357585,-0.1473,-8.0430,1.3116,0.1266,-0.0634,1.6093
1624600357594,-0.6378,-8.1435,1.4264,0.0276,0.0379,1.6020
1624600357603,-0.7384,-8.1315,1.1249,-0.1434,0.1088,1.5311
1624600357613,-0.7671,-8.1770,0.7971,-0.3169,0.1332,1.3820
1624600357622,-0.8580,-8.3516,0.4693,-0.4232,0.1491,1.2794
1624600357633,-1.2026,-8.4809,0.2898,-0.4513,0.1711,1.2159
1624600357644,-1.6189,-8.4306,0.0458,-0.3706,0.2151,1.1304
1624600357653,-2.2004,-7.9473,-0.2940,-0.2301,0.2469,1.0778
1624600357663,-2.7914,-7.2581,-0.4902,-0.1251,0.2798,1.0082
1624600357672,-3.2125,-6.6288,-0.6577,-0.0884,0.3251,0.9056
1624600357682,-3.3585,-6.4781,-0.7965,-0.1397,0.3495,0.7919
1624600357692,-3.3011,-6.7413,-0.7510,-0.2130,0.3531,0.6881
1624600357701,-3.2125,-7.2007,-0.7295,-0.2741,0.3336,0.6026
1624600357711,-3.3250,-7.6003,-0.7582,-0.2387,0.3165,0.5256
1624600357720,-3.6767,-7.7008,-0.7510,-0.1324,0.3128,0.4645
1624600357730,-4.1457,-7.6864,-0.5692,-0.0224,0.3153,0.4034
1624600357740,-4.5860,-7.3036,-0.3993,0.0741,0.3067,0.3277
1624600357749,-4.9186,-7.1911,-0.4017,0.1193,0.2774,0.2177
1624600357759,-4.9880,-7.3586,-0.4950,0.1669,0.2322,0.1200
1624600357768,-4.8708,-7.4017,-0.6553,0.2390,0.1833,0.0565
1624600357778,-4.6530,-7.5405,-0.5117,0.2561,0.1369,-0.0156
1624600357787,-4.4951,-7.5692,-0.4830,0.2989,0.1174,-0.0706
1624600357797,-4.5453,-7.6769,-0.3395,0.3111,0.1064,-0.1170
1624600357807,-4.7607,-7.7606,-0.1504,0.3465,0.1320,-0.1561
1624600357816,-5.0478,-7.6338,-0.0404,0.3990,0.1895,-0.1866
1624600357825,-5.3541,-7.3538,-0.0308,0.4528,0.2493,-0.2111
1624600357836,-5.6436,-7.1457,0.2109,0.4858,0.2884,-0.2196
1624600357845,-5.7681,-7.5046,0.4238,0.5126,0.3055,-0.2465
1624600357855,-5.7705,-8.0645,0.5794,0.5896,0.3055,-0.2673
1624600357864,-5.6915,-8.6125,0.6368,0.6031,0.2591,-0.3015
1624600357874,-5.5814,-8.9642,0.6775,0.5603,0.2090,-0.3552
1624600357884,-5.4546,-9.0838,0.7469,0.5456,0.1699,-0.4029
1624600357892,-5.2464,-8.8900,0.8450,0.5725,0.1454,-0.4151
1624600357901,-5.0167,-8.6220,1.1154,0.5847,0.1332,-0.3907
1624600357911,-4.7918,-8.5550,1.3307,0.5750,0.1345,-0.3674
1624600357920,-4.6267,-8.6483,1.4863,0.5200,0.1369,-0.3296
1624600357931,-4.6051,-8.7297,1.5628,0.4039,0.1369,-0.2978
1624600357942,-4.6985,-8.6268,1.6873,0.2439,0.1540,-0.2734
1624600357951,-4.7607,-8.3971,1.7997,0.0521,0.1638,-0.2599
1624600357961,-4.7320,-8.3971,1.9002,-0.1568,0.1503,-0.2709
1624600357970,-4.5453,-8.8278,1.8380,-0.3706,0.1027,-0.2783
1624600357980,-4.2271,-9.4739,1.7351,-0.5820,0.0172,-0.2758
1624600357989,-3.8394,-10.1510,1.5317,-0.7298,-0.0744,-0.2807
1624600357999,-3.4829,-10.6033,1.3212,-0.7457,-0.1416,-0.2661
1624600358009,-3.1766,-10.6727,1.1225,-0.6504,-0.1758,-0.2416
1624600358018,-2.9445,-10.5267,1.0340,-0.5026,-0.1758,-0.2147
1624600358028,-2.8512,-10.2420,1.1465,-0.3523,-0.1477,-0.1781
1624600358037,-2.8273,-10.0099,1.3140,-0.2424,-0.1135,-0.1427
1624600358047,-2.8392,-9.9476,1.4145,-0.2057,-0.0867,-0.1170
1624600358057,-2.8392,-10.0577,1.5126,-0.2045,-0.0720,-0.0974
1624600358066,-2.7124,-10.2779,1.4934,-0.2228,-0.0818,-0.0669
1624600358075,-2.5808,-10.3544,1.4216,-0.1996,-0.1062,-0.0290
1624600358085,-2.4444,-10.2300,1.3307,-0.1470,-0.1221,0.0015
1624600358095,-2.3559,-10.0123,1.2972,-0.0982,-0.1306,0.0198
1624600358105,-2.3392,-9.7682,1.2924,-0.0481,-0.1257,0.0320
1624600358114,-2.3679,-9.6318,1.2637,-0.0078,-0.1184,0.0284
1624600358124,-2.3870,-9.5744,1.2900,0.0056,-0.1099,0.0223
1624600358133,-2.3535,-9.5480,1.3738,0.0289,-0.1062,0.0162
1624600358143,-2.3344,-9.4882,1.4360,0.0362,-0.1025,0.0162
1624600358153,-2.3009,-9.4571,1.5437,0.0411,-0.0976,0.0113
1624600358162,-2.2961,-9.3782,1.5437,0.0423,-0.0964,0.0101
1624600358172,-2.2961,-9.3973,1.5078,0.0240,-0.1001,0.0125
1624600358182,-2.2793,-9.5337,1.5293,0.0240,-0.0976,0.0113
1624600358189,-2.2458,-9.6174,1.5293,0.0460,-0.0989,0.0003
1624600358199,-2.2530,-9.6509,1.5437,0.1046,-0.0928,-0.0156
1624600358209,-2.3056,-9.5792,1.5915,0.1791,-0.0744,-0.0168
1624600358218,-2.4444,-9.4260,1.6131,0.2353,-0.0549,-0.0095
1624600358229,-2.5713,-9.3686,1.6107,0.2414,-0.0378,-0.0229
1624600358239,-2.6454,-9.4500,1.5844,0.2097,-0.0292,-0.0205
1624600358249,-2.6239,-9.5887,1.5126,0.1425,-0.0305,-0.0107
1624600358258,-2.5880,-9.7275,1.3882,0.0545,-0.0317,-0.0132
1624600358268,-2.6454,-9.9548,1.3379,-0.0334,-0.0366,0.0015
1624600358277,-2.8632,-10.1917,1.2613,-0.0945,-0.0292,0.0333
1624600358287,-3.2317,-10.2539,1.1967,-0.1532,-0.0060,0.0687
1624600358297,-3.7629,-10.2157,1.0962,-0.2277,0.0318,0.1163
1624600358307,-4.2510,-10.2635,0.9862,-0.2888,0.0697,0.1628
1624600358314,-4.7176,-10.3808,0.8665,-0.3621,0.0819,0.2128
1624600358325,-5.0454,-10.6440,0.8354,-0.4769,0.0709,0.2691
1624600358335,-5.3062,-10.9574,0.7325,-0.5612,0.0477,0.3204
1624600358344,-5.4044,-11.2541,0.5889,-0.6174,0.0111,0.3680
1624600358354,-5.2728,-11.3331,0.4023,-0.6028,-0.0268,0.4096
1624600358364,-5.0574,-11.2757,0.2037,-0.5563,-0.0781,0.4657
1624600358374,-4.9258,-11.0795,0.0147,-0.4635,-0.1196,0.5256
1624600358383,-5.0024,-10.6894,-0.0739,-0.3364,-0.1404,0.5794
1624600358393,-5.2345,-10.2491,0.0171,-0.2057,-0.1404,0.6344
1624600358402,-5.5072,-9.7993,0.2013,-0.0835,-0.1404,0.6881
1624600358412,-5.7585,-9.3614,0.3712,0.0289,-0.1587,0.7138
1624600358422,-5.8805,-8.8182,0.5219,0.1241,-0.1917,0.7150
1624600358429,-5.8997,-8.3349,0.6512,0.1974,-0.2357,0.6991
1624600358439,-5.8446,-7.9377,0.7253,0.2891,-0.2834,0.6649
1624600358450,-5.7154,-7.5764,0.6368,0.3563,-0.3200,0.6099
1624600358460,-5.4929,-7.3826,0.5889,0.4259,-0.3359,0.5220
1624600358470,-5.1292,-7.2294,0.4861,0.5224,-0.3371,0.4279
1624600358479,-4.8540,-7.0523,0.4262,0.5408,-0.3347,0.3497
1624600358487,-4.6721,-6.8801,0.5722,0.5029,-0.3212,0.2336
1624600358497,-4.5860,-6.6815,0.6918,0.4430,-0.2931,0.1127
1624600358507,-4.4520,-6.7843,0.7158,0.3660,-0.2638,0.0003
1624600358516,-4.2271,-6.9829,0.7541,0.3331,-0.2540,-0.1011
1624600358527,-3.9352,-7.1026,0.8426,0.2818,-0.2565,-0.1903
1624600358537,-3.5834,-7.1863,0.9168,0.2023,-0.2589,-0.2917
1624600358545,-3.2508,-7.3132,0.9000,0.1498,-0.2504,-0.4041
1624600358557,-3.0187,-7.3802,0.9168,0.0997,-0.2333,-0.4945
1624600358566,-2.7651,-7.3658,0.8809,0.0973,-0.2027,-0.5959
1624600358576,-2.5210,-7.2438,0.9096,0.0496,-0.1929,-0.6631
1624600358585,-2.3990,-7.3466,1.0579,-0.0982,-0.2015,-0.7205
1624600358595,-2.3128,-7.7391,1.2326,-0.2570,-0.2149,-0.7963
1624600358604,-2.1023,-8.1507,1.3570,-0.3926,-0.2308,-0.8793
1624600358614,-1.7314,-8.4761,1.3212,-0.4843,-0.2467,-0.9612
1624600358624,-1.3150,-8.5622,1.0149,-0.4953,-0.2589,-1.0223
1624600358633,-1.0351,-8.4115,0.7277,-0.4158,-0.2491,-1.0650
1624600358642,-0.9202,-8.1435,0.5698,-0.3230,-0.2161,-1.0748
1624600358652,-0.6929,-7.9736,0.4382,-0.2387,-0.1697,-1.0748
1624600358662,-0.3555,-8.0478,0.3880,-0.1776,-0.1001,-1.0773
1624600358670,-0.1234,-8.2105,0.6177,-0.1813,-0.0280,-1.0699
1624600358681,0.0776,-8.3828,0.9072,-0.2020,0.0318,-1.1090
1624600358689,0.3767,-8.7369,1.1034,-0.1898,0.0880,-1.1787
1624600358699,0.5705,-9.0599,1.0891,-0.1116,0.1259,-1.2324
1624600358710,0.8098,-9.2466,1.0962,0.0472,0.1418,-1.2679
1624600358720,1.0539,-9.1628,1.0220,0.2451,0.1699,-1.2789
1624600358729,1.3386,-8.7943,0.9096,0.4137,0.2078,-1.2825
1624600358739,1.6138,-8.4115,0.8809,0.5004,0.2322,-1.3033
1624600358747,1.8411,-8.1578,1.1680,0.4442,0.2395,-1.3045
1624600358757,2.0612,-8.1411,1.2589,0.3355,0.2505,-1.3094
1624600358768,2.3293,-8.3612,1.3905,0.2109,0.2725,-1.2960
1624600358778,2.4632,-8.7847,1.7016,0.1278,0.3006,-1.2642
1624600358785,2.4944,-9.1580,2.0151,0.1193,0.3275,-1.2226
1624600358795,2.5231,-9.2801,2.1395,0.1400,0.3446,-1.1799
1624600358804,2.6858,-9.2513,2.1921,0.2207,0.3580,-1.1408
1624600358814,2.9753,-9.1676,2.2185,0.3318,0.3703,-1.1078
1624600358824,3.0878,-9.1748,2.4075,0.3917,0.3751,-1.0968
1624600358835,3.1739,-9.2083,2.6061,0.3477,0.3617,-1.0968
1624600358845,3.3558,-9.3949,2.9267,0.2622,0.3385,-1.1151
1624600358854,3.4946,-9.4117,2.9052,0.1657,0.3092,-1.1310
1624600358864,3.6549,-9.1867,2.8526,0.0985,0.2750,-1.1298
1624600358873,3.8032,-9.0192,3.1564,0.0545,0.2530,-1.0834
1624600358883,3.8176,-8.9498,3.4579,0.0594,0.2615,-0.9893
1624600358893,3.7314,-9.0432,3.5656,0.0460,0.2701,-0.8928
1624600358902,3.7027,-9.3949,3.4914,0.0081,0.2530,-0.8121
1624600358912,3.7841,-9.6079,3.1780,0.0032,0.2310,-0.7364
1624600358920,3.8798,-9.8974,3.0153,-0.0298,0.2065,-0.6717
1624600358931,3.7625,-10.0242,2.9483,-0.1092,0.1882,-0.6448
1624600358941,3.7530,-9.9309,3.0488,-0.2411,0.1760,-0.6228
1624600358949,3.8678,-9.9572,3.1804,-0.3266,0.1772,-0.5788
1624600358960,3.8224,-9.7538,3.4316,-0.3535,0.1882,-0.5018
1624600358969,3.6812,-9.6821,3.4747,-0.4220,0.2017,-0.4236
1624600358979,3.6860,-9.9907,3.4197,-0.4904,0.2078,-0.3540
1624600358989,3.5903,-10.4454,3.3192,-0.5356,0.1943,-0.2624
1624600358998,3.4443,-10.7660,3.1062,-0.5551,0.1882,-0.1671
1624600359008,3.4252,-10.9407,2.8478,-0.5343,0.1760,-0.0877
1624600359018,3.4969,-10.9814,2.6875,-0.4745,0.1577,-0.0119
1624600359027,3.4634,-10.9574,2.6659,-0.4390,0.1442,0.0589
1624600359037,3.3390,-10.9359,2.8478,-0.3780,0.1308,0.1041
1624600359047,3.2672,-10.8067,3.0799,-0.2814,0.1332,0.1664
1624600359056,3.1883,-10.9072,3.1828,-0.1752,0.1357,0.2593
1624600359066,3.2122,-10.8234,3.1182,-0.0273,0.1161,0.3375
1624600359075,3.2864,-10.6559,2.7879,0.0142,0.0734,0.4010
1624600359083,3.4084,-10.7708,2.3764,-0.0347,0.0172,0.4816
1624600359092,3.5998,-10.8210,2.1204,-0.0664,-0.0353,0.5879
1624600359102,3.7075,-10.9048,2.0127,-0.1556,-0.0757,0.6771
1624600359112,3.9013,-10.8569,2.0342,-0.2619,-0.0952,0.7614
1624600359123,3.9899,-10.6751,2.1945,-0.3633,-0.1147,0.8689
1624600359133,3.8559,-10.4741,2.4769,-0.4293,-0.1453,0.9740
1624600359142,3.5400,-10.4454,2.2759,-0.4537,-0.1868,1.0876
1624600359152,3.1811,-10.5267,1.8643,-0.4012,-0.2553,1.1988
1624600359162,2.9921,-10.6655,1.3882,-0.3047,-0.3371,1.2770
1624600359171,3.0878,-10.8115,0.9646,-0.1898,-0.3823,1.3356
1624600359181,3.2912,-10.8258,0.6440,-0.0078,-0.4006,1.3662
1624600359191,3.4969,-10.6320,0.4765,0.2146,-0.3921,1.3698
1624600359200,3.5209,-10.0577,0.6823,0.4626,-0.3457,1.3601
1624600359210,3.3845,-9.2777,1.0316,0.6800,-0.2956,1.3552
1624600359220,3.0040,-8.4569,1.4121,0.7704,-0.2736,1.3686
1624600359229,2.4489,-8.0789,1.6011,0.7301,-0.2834,1.4053
1624600359239,1.9990,-8.2966,1.5245,0.6483,-0.3151,1.4468
1624600359247,1.4966,-8.6962,1.1728,0.5615,-0.3579,1.5152
1624600359257,0.9893,-8.8278,0.7732,0.4650,-0.3945,1.5922
1624600359267,0.7285,-8.7560,0.4382,0.4333,-0.3896,1.5897
1624600359277,0.6303,-8.6172,0.0984,0.4503,-0.3432,1.5445
1624600359287,0.6734,-8.5024,-0.0116,0.5249,-0.2711,1.4993
1624600359296,0.6423,-8.3588,-0.0691,0.6593,-0.1991,1.4272
1624600359306,0.4222,-8.3181,0.2205,0.8120,-0.1294,1.3466
1624600359316,-0.1784,-8.0956,0.6464,0.9891,-0.0732,1.2843
1624600359325,-1.2432,-7.6051,0.8546,1.1810,-0.0195,1.2086
1624600359335,-2.4181,-6.9614,0.7349,1.3202,0.0416,1.1719
1624600359344,-3.2460,-6.3919,0.7182,1.3776,0.0954,1.1633
1624600359354,-3.5236,-5.9277,0.6464,1.2787,0.1320,1.1243
1624600359364,-3.3968,-5.8081,0.5315,1.0246,0.1125,1.0400
1624600359373,-3.2293,-5.9492,0.5985,0.6776,0.0477,0.9398
1624600359381,-3.2245,-6.2627,0.5770,0.3673,0.0013,0.8201
1624600359390,-3.4853,-6.4757,0.5411,0.1229,-0.0060,0.6918
1624600359400,-4.0165,-6.5211,0.5028,-0.0713,0.0074,0.5891
1624600359410,-4.7846,-6.4302,0.3832,-0.2008,0.0355,0.4914
1624600359421,-5.5647,-6.3991,0.2755,-0.2790,0.0819,0.3802
1624600359431,-6.0504,-6.6264,0.4693,-0.3340,0.1259,0.2752
1624600359440,-6.0863,-6.9686,0.7086,-0.3657,0.1345,0.1909
1624600359450,-5.8518,-7.2533,0.6559,-0.3425,0.0856,0.0870
1624600359460,-5.6269,-7.3778,0.5626,-0.2802,0.0379,-0.0058
1624600359469,-5.7082,-7.2653,0.5722,-0.1971,0.0355,-0.0828
1624600359479,-6.1174,-7.0045,0.8234,-0.1251,0.0990,-0.1475
1624600359488,-6.6223,-6.9064,1.1680,-0.1361,0.1919,-0.1769
1624600359498,-6.9525,-7.1887,1.5078,-0.2020,0.2676,-0.1854
1624600359508,-6.8664,-8.2057,1.8093,-0.2839,0.2847,-0.2172
1624600359517,-6.4620,-9.0001,1.8165,-0.3511,0.2310,-0.2343
1624600359527,-5.9691,-9.2633,1.6418,-0.4061,0.1528,-0.2721
1624600359537,-5.5958,-9.4691,1.5389,-0.4073,0.0905,-0.3332
1624600359546,-5.4498,-9.3710,1.4815,-0.2778,0.0599,-0.3479
1624600359556,-5.4211,-9.2298,1.6179,-0.1532,0.0502,-0.3467
1624600359565,-5.4091,-9.1317,1.7231,-0.0603,0.0599,-0.3198
1624600359575,-5.3517,-9.0432,1.8452,-0.0041,0.0709,-0.2746
1624600359585,-5.1411,-9.1819,1.8906,0.0179,0.0746,-0.2477
1624600359594,-4.8708,-9.2226,1.9696,-0.0017,0.0685,-0.2135
1624600359604,-4.6171,-9.2083,2.1873,-0.0994,0.0587,-0.1903
1624600359613,-4.3826,-9.2920,2.3166,-0.1801,0.0648,-0.1903
1624600359623,-4.1577,-9.5839,2.1251,-0.2191,0.0746,-0.1817
1624600359633,-3.9519,-9.7299,1.9026,-0.2155,0.0673,-0.1427
1624600359642,-3.7964,-9.6366,1.7471,-0.2204,0.0428,-0.1133
1624600359652,-3.7222,-9.4069,1.6418,-0.2387,0.0196,-0.1109
1624600359662,-3.7102,-9.3542,1.5796,-0.2424,-0.0085,-0.1121
1624600359669,-3.6767,-9.4595,1.5844,-0.2155,-0.0329,-0.1011
1624600359679,-3.5739,-9.5361,1.6035,-0.2069,-0.0695,-0.0950
1624600359688,-3.3896,-9.7203,1.6083,-0.2411,-0.1123,-0.1023
1624600359698,-3.2197,-9.8878,1.6155,-0.2265,-0.1416,-0.1133
1624600359708,-2.9972,-9.8830,1.6466,-0.1813,-0.1612,-0.1145
1624600359719,-2.8273,-9.7897,1.7088,-0.1300,-0.1722,-0.1084
1624600359729,-2.7962,-9.6773,1.7016,-0.0591,-0.1648,-0.1011
1624600359738,-2.7962,-9.5935,1.7327,0.0130,-0.1429,-0.0864
1624600359747,-2.7962,-9.5504,1.7686,0.0631,-0.1172,-0.0730
1624600359757,-2.8440,-9.3471,1.8260,0.0631,-0.0891,-0.0632
1624600359767,-2.8727,-9.2059,1.7758,0.0032,-0.0634,-0.0583
1624600359777,-2.9230,-9.2753,1.8260,-0.0823,-0.0415,-0.0547
1624600359787,-2.9613,-9.5433,1.8811,-0.1776,-0.0207,-0.0217
1624600359796,-2.9517,-9.8208,1.8308,-0.2594,-0.0146,0.0369
1624600359806,-2.9876,-10.0697,1.7160,-0.3315,-0.0158,0.0919
1624600359815,-3.0355,-10.1319,1.5844,-0.3694,-0.0121,0.1396
1624600359825,-3.2077,-10.1175,1.4815,-0.4012,-0.0121,0.1811
1624600359835,-3.5236,-9.9931,1.3762,-0.4146,0.0074,0.2043
1624600359844,-3.8347,-9.7514,1.2207,-0.3841,0.0392,0.2068
1624600359854,-4.0381,-9.5002,1.0675,-0.3877,0.0551,0.2177
1624600359863,-4.2247,-9.4715,1.0508,-0.4427,0.0428,0.2410
1624600359873,-4.4305,-9.7945,1.1680,-0.5282,0.0306,0.2691
1624600359882,-4.5477,-10.1774,1.2135,-0.5918,0.0331,0.2935
1624600359892,-4.6411,-10.4334,1.1752,-0.6089,0.0318,0.3143
1624600359902,-4.7200,-10.3640,1.1465,-0.5637,0.0269,0.3253
1624600359911,-4.8325,-10.1917,1.0675,-0.4953,0.0282,0.3424
1624600359921,-4.8923,-9.9022,0.8163,-0.4439,0.0379,0.3656
1624600359929,-4.9354,-9.6031,0.6225,-0.4012,0.0318,0.3582
1624600359940,-4.9306,-9.5935,0.4502,-0.4293,0.0062,0.3668
1624600359950,-4.9808,-9.5337,0.3401,-0.4513,-0.0170,0.3827
1624600359960,-5.0717,-9.3136,0.3592,-0.4305,-0.0390,0.3802
1624600359967,-5.1866,-9.1006,0.4310,-0.4024,-0.0659,0.4059
1624600359976,-5.3517,-8.7895,0.5028,-0.3902,-0.0940,0.4352
1624600359986,-5.4187,-8.5359,0.5148,-0.3755,-0.1233,0.4230
1624600359996,-5.4115,-8.3780,0.4597,-0.3523,-0.1587,0.4071
1624600360007,-5.3302,-8.2703,0.3760,-0.3474,-0.1868,0.3827
1624600360017,-5.1172,-8.2272,0.1989,-0.3352,-0.2076,0.3240
1624600360027,-4.8085,-8.2990,-0.0882,-0.3230,-0.2235,0.2507
1624600360036,-4.5047,-8.3588,-0.2533,-0.3230,-0.2296,0.1786
1624600360046,-4.2462,-8.3421,-0.3060,-0.3438,-0.2418,0.0931
1624600360056,-4.1601,-8.2464,-0.2533,-0.3889,-0.2540,0.0076
1624600360065,-4.2008,-8.0860,-0.1528,-0.4220,-0.2614,-0.0755
1624600360075,-4.2319,-7.8683,-0.1122,-0.4024,-0.2736,-0.1573
1624600360084,-4.1170,-7.7080,-0.1528,-0.3657,-0.2968,-0.2196
1624600360094,-3.9902,-7.5835,-0.2749,-0.3462,-0.3286,-0.2587
1624600360104,-3.8466,-7.4663,-0.2868,-0.3511,-0.3530,-0.3027
1624600360113,-3.6552,-7.4496,-0.2414,-0.3865,-0.3713,-0.3564
1624600360121,-3.3872,-7.5788,-0.2988,-0.4268,-0.3750,-0.4065
1624600360132,-3.0857,-7.7319,-0.4256,-0.4720,-0.3811,-0.4591
1624600360142,-2.7746,-7.8396,-0.3873,-0.5502,-0.3774,-0.5177
1624600360149,-2.6024,-7.7223,-0.2270,-0.6357,-0.3664,-0.5825
1624600360161,-2.4899,-7.6075,-0.1074,-0.7665,-0.3554,-0.6485
1624600360171,-2.3033,-7.6458,-0.1576,-0.8728,-0.3481,-0.7218
1624600360180,-2.1405,-7.8635,-0.3227,-0.9143,-0.3469,-0.8012
1624600360190,-1.9419,-8.1794,-0.7247,-0.8642,-0.3212,-0.8818
1624600360200,-1.5567,-8.5048,-1.0621,-0.7445,-0.2772,-0.9270
1624600360209,-1.1044,-8.5000,-1.2248,-0.6871,-0.2259,-0.9331
1624600360219,-0.8652,-8.4210,-1.1363,-0.6675,-0.1538,-0.9795
1624600360228,-0.7503,-8.5191,-0.9544,-0.6174,-0.0585,-1.0541
1624600360238,-0.5900,-8.7321,-0.8109,-0.5050,0.0269,-1.1102
1624600360248,-0.3818,-8.8182,-0.5979,-0.3291,0.0954,-1.1518
1624600360257,-0.2885,-8.7536,-0.4543,-0.1055,0.1564,-1.1738
1624600360265,-0.1856,-8.7153,-0.4974,0.1620,0.2065,-1.2019
1624600360274,0.1111,-8.5215,-0.4711,0.4088,0.2505,-1.2166
1624600360284,0.5083,-8.0836,-0.4974,0.4809,0.2860,-1.2043
1624600360294,0.7907,-7.7654,-0.4184,0.3734,0.3238,-1.2092
1624600360303,1.1209,-7.8037,-0.1935,0.1571,0.3825,-1.2336
1624600360315,1.4535,-8.2368,0.1870,-0.1519,0.4362,-1.2483
1624600360324,1.5612,-8.8900,0.4047,-0.4329,0.4741,-1.2789
1624600360334,1.5875,-9.5193,0.5818,-0.5649,0.5120,-1.3106
1624600360344,1.7095,-9.9668,0.5507,-0.5441,0.5401,-1.2850
1624600360353,1.8363,-9.9979,0.5052,-0.3816,0.5547,-1.2300
1624600360363,2.1450,-9.7467,0.4478,-0.1434,0.5963,-1.1909
1624600360372,2.2886,-9.4140,0.4406,0.0008,0.6390,-1.1335
1624600360382,2.4393,-9.4356,0.5531,0.0765,0.6635,-1.1249
1624600360392,2.6810,-9.6174,0.6775,0.1315,0.6842,-1.1445
1624600360401,2.8916,-9.9740,0.7947,0.2036,0.6989,-1.1542
1624600360411,3.1141,-10.2252,0.9168,0.3086,0.7245,-1.1579
1624600360420,3.3965,-10.2109,0.7421,0.4589,0.7294,-1.1579
1624600360430,3.7171,-10.2109,0.6368,0.5847,0.7294,-1.1457
1624600360440,3.8702,-9.8926,0.6153,0.6971,0.7197,-1.1298
1624600360449,3.7625,-9.5935,0.4406,0.7533,0.7087,-1.1286
1624600360459,3.8319,-9.4140,0.4502,0.7900,0.6732,-1.1017
1624600360468,3.9779,-9.5648,0.9503,0.8156,0.6598,-1.0113
1624600360478,3.9181,-9.6246,1.3259,0.8022,0.6696,-0.8830
1624600360488,3.8965,-9.8328,1.5700,0.7045,0.6427,-0.7731
1624600360497,3.9779,-10.0051,1.7231,0.5945,0.5828,-0.6509
1624600360507,3.8798,-10.0745,1.7351,0.4577,0.5071,-0.5031
1624600360517,3.7578,-10.0697,1.6346,0.3160,0.4374,-0.4029
1624600360526,3.6620,-10.0075,1.6849,0.1510,0.3739,-0.3210
1624600360536,3.5639,-9.9405,1.6897,0.0264,0.3153,-0.2624
1624600360546,3.6166,-9.9261,1.5628,-0.0689,0.2615,-0.2196
1624600360553,3.8415,-10.0625,1.5317,-0.1446,0.2090,-0.1805
1624600360563,3.9037,-10.1271,1.6729,-0.1935,0.1687,-0.1292
1624600360572,3.7171,-10.1199,1.7447,-0.2399,0.1186,-0.0755
1624600360582,3.6668,-10.3138,1.8284,-0.2729,0.0648,-0.0364
1624600360591,3.6979,-10.6583,1.8308,-0.2460,0.0099,0.0015
1624600360603,3.5161,-10.8330,1.6729,-0.2020,-0.0402,0.0553
1624600360613,3.5496,-10.8521,1.3858,-0.1727,-0.0915,0.1005
1624600360622,3.6238,-10.9718,1.2231,-0.1324,-0.1184,0.1261
1624600360632,3.5496,-11.1034,1.2087,-0.1080,-0.1306,0.1725
1624600360641,3.5209,-11.0148,1.2278,-0.1348,-0.1441,0.2434
1624600360651,3.6046,-10.9383,1.3355,-0.1324,-0.1429,0.2935
1624600360661,3.5783,-10.7684,1.5078,-0.1067,-0.1233,0.3558
1624600360669,3.5974,-10.5770,1.6250,-0.1092,-0.1062,0.4340
1624600360680,3.7267,-10.2467,1.5915,-0.1336,-0.0915,0.5110
1624600360690,3.8080,-10.1199,1.5915,-0.2130,-0.0915,0.5965
1624600360699,3.7458,-10.0816,1.3714,-0.3218,-0.1135,0.6918
1624600360709,3.5233,-10.1534,1.0819,-0.4097,-0.1575,0.7834
1624600360719,3.4443,-10.1558,0.9503,-0.4610,-0.2149,0.8775
1624600360728,3.3941,-10.0506,0.9933,-0.4757,-0.2626,0.9520
1624600360738,3.1069,-9.9716,0.7612,-0.4818,-0.3029,1.0155
1624600360747,2.9801,-9.8376,0.6296,-0.4513,-0.3322,1.0510
1624600360757,3.0351,-10.0027,0.4382,-0.3877,-0.3347,1.0497
1624600360767,3.1978,-9.9907,0.3616,-0.3034,-0.3200,1.0656
1624600360776,3.1835,-9.7945,0.4454,-0.1935,-0.3029,1.0644
1624600360786,3.0399,-9.5289,0.4214,-0.0591,-0.2846,1.0766
1624600360795,2.6858,-9.2920,0.1223,0.0594,-0.2785,1.1157
1624600360805,2.2814,-9.3327,0.0434,0.1083,-0.3017,1.1426
1624600360814,1.8507,-9.2681,-0.3514,0.0948,-0.3310,1.1841
1624600360824,1.3865,-9.3279,-0.4878,0.0716,-0.3615,1.2269
1624600360834,1.1161,-9.4212,-0.4208,0.0948,-0.3640,1.2635
1624600360841,1.0898,-9.3686,-0.4304,0.1742,-0.3481,1.2660
1624600360851,1.0515,-9.3853,-0.5500,0.2732,-0.3347,1.2367
1624600360861,0.7596,-9.3112,-0.6601,0.4088,-0.3041,1.2220
1624600360870,0.2930,-8.9092,-0.6003,0.5273,-0.2614,1.2074
1624600360880,-0.1808,-8.3516,-0.4974,0.5383,-0.2088,1.2012
1624600360891,-0.8197,-7.9903,-0.5405,0.4638,-0.1538,1.1890
1624600360901,-1.4466,-7.9808,-0.6458,0.3612,-0.1038,1.1817
1624600360910,-1.8271,-8.2440,-0.8970,0.2671,-0.0561,1.1731
1624600360920,-1.9467,-8.5646,-1.1698,0.2451,-0.0146,1.1524
1624600360929,-2.0688,-9.0527,-1.3349,0.2854,0.0099,1.1120
1624600360940,-2.0113,-9.1389,-1.5646,0.4467,0.0490,1.0558
1624600360949,-1.9491,-8.9451,-1.4976,0.6580,0.0746,0.9630
1624600360959,-2.2769,-8.2057,-1.5431,0.8083,0.0734,0.8616
1624600360968,-2.9254,-7.6840,-1.3277,0.8450,0.0709,0.7468
1624600360978,-3.5140,-7.3179,-1.0645,0.8523,0.0770,0.6490
1624600360988,-3.9088,-7.1552,-0.8109,0.7985,0.0636,0.6124
1624600360997,-4.0524,-7.2079,-0.5716,0.7448,0.0502,0.5684
1624600361007,-3.9639,-7.4280,-0.6601,0.6959,0.0441,0.5488
1624600361016,-3.7724,-8.0430,-0.7439,0.6312,0.0490,0.5158
1624600361026,-3.4877,-7.3993,-0.6697,0.6593,0.0441,0.4438
1624600361035,-3.7533,-7.2988,-0.4543,0.5114,0.0355,0.3668
1624600361045,-4.1601,-7.2557,-0.4232,0.4552,0.0795,0.2959
1624600361055,-4.6841,-7.1313,-0.3490,0.3966,0.1027,0.2593
1624600361064,-5.2177,-7.1600,-0.3012,0.2756,0.0990,0.2128
1624600361074,-5.3708,-7.2629,-0.1911,0.2170,0.0990,0.1554
1624600361084,-5.1292,-7.4328,-0.0978,0.2060,0.0795,0.0968
1624600361093,-4.8277,-7.8755,-0.0236,0.2097,0.0404,0.0479
1624600361103,-4.5286,-8.3851,0.2396,0.2781,0.0086,-0.0266
1624600361112,-4.3898,-8.5550,0.5100,0.4064,-0.0036,-0.1060
1624600361122,-4.4879,-8.5287,0.6201,0.5603,0.0050,-0.1842
1624600361131,-4.6363,-8.3588,0.6535,0.7436,0.0208,-0.2379
1624600361139,-4.8325,-8.0621,0.7373,0.8755,0.0147,-0.2648
1624600361149,-5.0191,-7.9664,0.9646,0.8694,0.0037,-0.2966
1624600361159,-5.0717,-8.1913,1.1632,0.8132,-0.0146,-0.3320
1624600361168,-4.8803,-8.6819,1.1273,0.7167,-0.0488,-0.3455
1624600361178,-4.5812,-9.0049,1.2637,0.5945,-0.1062,-0.3479
1624600361189,-4.2821,-9.2250,1.5078,0.4357,-0.1587,-0.3528
1624600361199,-4.1122,-9.4164,1.6968,0.2879,-0.1868,-0.3442
1624600361209,-3.9854,-9.5098,1.7447,0.1657,-0.1905,-0.2990
1624600361218,-3.9136,-9.6366,1.6849,0.0557,-0.1966,-0.2551
1624600361228,-3.8442,-9.6103,1.6394,-0.0261,-0.1893,-0.2037
1624600361238,-3.7318,-9.5098,1.5652,-0.1385,-0.1832,-0.1512
1624600361247,-3.6408,-9.3949,1.5341,-0.2814,-0.1758,-0.0974
1624600361257,-3.6049,-9.4691,1.5437,-0.4549,-0.1710,-0.0547
1624600361267,-3.5643,-9.7945,1.6131,-0.6272,-0.1722,-0.0229
1624600361276,-3.5212,-10.2157,1.6179,-0.7518,-0.1758,-0.0058
1624600361286,-3.4327,-10.3066,1.5389,-0.8288,-0.1844,0.0015
1624600361295,-3.3776,-10.0888,1.4456,-0.8679,-0.1917,0.0003
1624600361305,-3.3035,-9.8472,1.3523,-0.8300,-0.1880,-0.0058
1624600361314,-3.2077,-9.6366,1.3092,-0.7445,-0.1734,0.0052
1624600361324,-3.1360,-9.5265,1.3164,-0.6712,-0.1673,0.0186
1624600361334,-3.0857,-9.5983,1.2972,-0.6138,-0.1600,0.0174
1624600361343,-3.0020,-9.7012,1.3259,-0.5380,-0.1355,0.0162
1624600361353,-2.8704,-9.8711,1.3786,-0.4733,-0.1074,0.0015
1624600361362,-2.7962,-10.0840,1.4264,-0.3694,-0.0879,-0.0241
1624600361371,-2.7435,-10.0960,1.4576,-0.2436,-0.0634,-0.0461
1624600361381,-2.7100,-10.0123,1.3020,-0.1031,-0.0329,-0.0791
1624600361391,-2.6502,-9.8400,1.0891,0.0887,-0.0024,-0.1133
1624600361399,-2.5449,-9.5600,1.0292,0.2488,0.0147,-0.1219
1624600361410,-2.5617,-9.4500,1.0220,0.3233,0.0306,-0.1182
1624600361419,-2.6335,-9.5265,0.9622,0.3196,0.0575,-0.1048
1624600361429,-2.6311,-9.6725,0.9742,0.2549,0.0697,-0.0852
1624600361437,-2.6574,-9.8854,0.8928,0.0899,0.0612,-0.0474
1624600361447,-2.8273,-10.0697,0.9192,-0.0909,0.0453,-0.0156
1624600361456,-3.1384,-10.2348,0.9383,-0.2692,0.0379,0.0333
1624600361466,-3.5547,-10.4430,0.8809,-0.4207,0.0233,0.0834
1624600361475,-3.9639,-10.5482,0.6847,-0.5429,0.0062,0.1408
1624600361487,-4.3802,-10.5578,0.4238,-0.6736,-0.0182,0.2055
1624600361497,-4.7726,-10.5985,0.1678,-0.7701,-0.0439,0.2569
1624600361506,-5.0957,-10.5530,-0.0499,-0.8630,-0.0708,0.3204
1624600361516,-5.3637,-10.5387,-0.2031,-0.9632,-0.0952,0.3790
1624600361525,-5.4881,-10.6033,-0.3036,-1.0291,-0.1245,0.4181
1624600361535,-5.4450,-10.6464,-0.4232,-1.0352,-0.1563,0.4597
1624600361544,-5.3661,-10.5818,-0.4854,-1.0255,-0.1954,0.5098
1624600361554,-5.2943,-10.4143,-0.4759,-0.9864,-0.2296,0.5476
1624600361564,-5.3134,-10.1510,-0.4328,-0.8349,-0.2443,0.5513
1624600361573,-5.3182,-9.6509,-0.4280,-0.6260,-0.2601,0.5708
1624600361583,-5.3972,-9.1078,-0.4304,-0.4916,-0.2858,0.6136
1624600361592,-5.5742,-8.7201,-0.3682,-0.3548,-0.3017,0.6246
1624600361602,-5.6341,-8.3995,-0.3179,-0.1642,-0.2944,0.6050
1624600361612,-5.5120,-8.1243,-0.2581,-0.0102,-0.2821,0.5782
1624600361620,-5.2297,-7.9832,-0.2892,0.1168,-0.2601,0.5415
1624600361631,-4.8540,-7.9592,-0.3562,0.2390,-0.2394,0.4719
1624600361641,-4.4951,-7.7606,-0.4495,0.3123,-0.2015,0.3827
1624600361649,-4.2821,-7.3323,-0.3897,0.2842,-0.1514,0.2874
1624600361658,-4.1936,-7.0021,-0.1815,0.1852,-0.0952,0.1750
1624600361667,-4.0093,-6.7604,-0.0356,0.0667,-0.0415,0.0565
1624600361679,-3.7916,-6.5929,0.0171,-0.0921,-0.0182,-0.0571
1624600361689,-3.5882,-6.5953,0.0314,-0.2717,-0.0109,-0.1671
1624600361698,-3.3896,-6.7628,-0.0906,-0.4488,-0.0060,-0.2661
1624600361708,-3.0833,-7.0236,-0.3538,-0.5759,0.0001,-0.3625
1624600361718,-2.6909,-7.2868,-0.7271,-0.6736,0.0196,-0.4554
1624600361727,-2.2913,-7.4041,-1.0501,-0.7824,0.0465,-0.5312
1624600361735,-1.9539,-7.2844,-1.3086,-0.9595,0.0868,-0.6093
1624600361745,-1.5998,-7.1050,-1.3181,-1.1977,0.1271,-0.7108
1624600361754,-1.3509,-7.1959,-1.3062,-1.5410,0.1711,-0.8244
1624600361764,-1.2050,-7.5165,-1.4761,-1.8587,0.2041,-0.9575
1624600361774,-0.9824,-7.9855,-1.7369,-2.0811,0.2065,-1.0760
1624600361785,-0.8532,-8.5550,-2.0288,-2.1580,0.1955,-1.1359
1624600361795,-0.7551,-9.1580,-2.3016,-2.0273,0.1943,-1.1518
1624600361803,-0.5589,-9.7132,-2.5385,-1.6913,0.1980,-1.1310
1624600361813,-0.3459,-9.9333,-2.5409,-1.2185,0.2212,-1.1041
1624600361823,-0.1593,-9.8208,-2.4787,-0.6675,0.2530,-1.0944
1624600361831,-0.0301,-9.5050,-2.2848,-0.1238,0.2737,-1.0785
1624600361842,0.0776,-9.2155,-2.0216,0.3551,0.2945,-1.0614
1624600361853,0.1949,-8.8446,-1.7297,0.7704,0.3092,-1.0565
1624600361861,0.3791,-8.5766,-1.3875,1.0685,0.3348,-1.0553
1624600361869,0.4940,-8.4737,-1.0071,1.2078,0.3556,-1.0589
1624600361879,0.5968,-8.5215,-0.5835,1.2445,0.3654,-1.1029
1624600361889,0.8457,-8.6579,-0.4447,1.2359,0.3605,-1.1555
1624600361898,1.2333,-8.8948,-0.4424,1.2579,0.3641,-1.1945
1624600361908,1.4224,-8.9666,-0.4806,1.2933,0.3739,-1.2068
1624600361918,1.6856,-9.0480,-0.4280,1.3031,0.3727,-1.2129
1624600361927,1.9942,-9.1006,-0.4017,1.2787,0.3654,-1.2166
1624600361937,2.2527,-9.2872,-0.1193,1.2127,0.3641,-1.2117
1624600361946,2.4537,-9.3590,0.2875,1.1431,0.3544,-1.1884
1624600361956,2.5374,-9.4476,0.7828,1.0624,0.3263,-1.1261
1624600361966,2.6523,-9.7562,1.2446,1.0380,0.2957,-1.0406
1624600361975,2.7767,-10.0410,1.5437,1.1052,0.2664,-0.9282
1624600361986,2.9179,-10.2372,1.6873,1.2298,0.2469,-0.8134
1624600361996,3.1883,-10.2276,1.6825,1.3911,0.2383,-0.7010
1624600362005,3.1954,-10.0984,1.5963,1.5328,0.2615,-0.6008
1624600362015,3.3199,-9.7275,1.4312,1.5951,0.3104,-0.5189
1624600362025,3.3845,-9.1604,1.5150,1.4717,0.3519,-0.4664
1624600362033,3.0830,-8.7823,1.7782,1.1553,0.3849,-0.4786
1624600362042,2.8246,-8.8948,2.2233,0.7802,0.3935,-0.5153
1624600362052,2.6930,-9.2442,2.4075,0.4455,0.3800,-0.5385
1624600362061,2.6116,-9.8280,2.3668,0.2305,0.3397,-0.5373
1624600362071,2.7265,-10.2180,2.2089,0.1828,0.2933,-0.5165
1624600362083,2.9538,-10.2755,2.1706,0.2427,0.2432,-0.4969
1624600362092,2.9873,-9.9237,2.0534,0.3380,0.2041,-0.4823
1624600362101,3.1284,-9.2848,1.7519,0.4613,0.1833,-0.4725
1624600362111,3.4012,-9.0432,1.8141,0.5102,0.1613,-0.4517
1624600362119,3.4012,-9.2442,2.2161,0.4760,0.1528,-0.4053
1624600362129,3.0734,-9.5217,2.3764,0.3184,0.1760,-0.3479
1624600362138,3.1452,-9.7275,2.4003,0.1852,0.1785,-0.2868
1624600362148,3.1620,-9.8280,2.5343,0.1205,0.1516,-0.2147
1624600362157,3.0662,-9.9907,2.6181,-0.0029,0.1394,-0.1536
1624600362167,2.9298,-10.2300,2.5630,-0.1544,0.1051,-0.1097
1624600362176,2.9681,-10.3831,2.3644,-0.2546,0.0758,-0.0510
1624600362186,2.9873,-10.4310,2.2687,-0.2986,0.0538,0.0052
1624600362196,2.9442,-10.3281,2.2735,-0.3144,0.0367,0.0675
1624600362207,2.9610,-10.1798,2.1251,-0.3438,0.0196,0.1322
1624600362217,3.1045,-10.2611,1.9744,-0.3938,0.0050,0.1762
1624600362227,3.1524,-10.4932,2.1060,-0.4659,-0.0085,0.2238
1624600362236,3.0950,-10.6775,2.1634,-0.5319,-0.0134,0.3045
1624600362246,2.9873,-10.2563,2.0558,-0.5905,-0.0134,0.3863
1624600362256,3.0662,-10.1199,1.9433,-0.6443,-0.0463,0.3998
1624600362265,3.0040,-10.7756,1.7423,-0.7151,-0.0757,0.4694
1624600362275,3.0758,-10.6488,1.5485,-0.6981,-0.0928,0.5415
1624600362284,2.8174,-9.8567,1.4934,-0.6675,-0.1343,0.6221
1624600362294,2.7791,-9.9620,1.3140,-0.6504,-0.1563,0.6979
1624600362303,2.7169,-10.2922,1.0149,-0.6162,-0.1868,0.7529
1624600362313,2.5996,-10.4238,0.5267,-0.6651,-0.2516,0.7968
1624600362323,2.5805,-10.4669,0.1798,-0.7054,-0.3334,0.8286
1624600362331,2.6164,-10.2827,0.0889,-0.6528,-0.3970,0.8543
1624600362340,2.6188,-10.0912,0.0553,-0.5539,-0.4299,0.8640
1624600362350,2.6092,-10.2396,-0.0045,-0.4757,-0.4642,0.8677
1624600362359,2.5948,-10.4262,-0.0212,-0.3914,-0.4972,0.8860
1624600362371,2.4441,-10.4406,-0.1480,-0.3095,-0.5228,0.9056
1624600362380,2.1091,-10.3090,-0.1935,-0.2314,-0.5448,0.9312
1624600362389,1.6951,-10.0936,-0.1983,-0.1837,-0.5497,0.9752
1624600362400,1.1783,-10.1367,-0.2103,-0.1752,-0.5375,1.0143
1624600362409,0.6471,-10.2228,-0.2629,-0.1519,-0.5179,1.0510
1624600362419,0.3887,-10.2204,-0.3466,-0.1104,-0.4874,1.0730
1624600362429,0.3743,-10.1510,-0.3825,-0.0493,-0.4373,1.0815
1624600362438,0.3121,-9.9668,-0.4160,-0.0041,-0.3921,1.0681
1624600362448,0.1877,-9.9764,-0.5381,0.0313,-0.3493,1.0510
1624600362457,0.0345,-9.9548,-0.5141,0.0961,-0.3078,1.0485
1624600362467,-0.4369,-9.7132,-0.4304,0.1657,-0.2687,1.0656
1624600362477,-1.1092,-9.3853,-0.4137,0.2072,-0.2394,1.0827
1624600362486,-1.6596,-9.1724,-0.3682,0.2390,-0.2211,1.0962
1624600362495,-1.8725,-9.0910,-0.4591,0.2500,-0.2052,1.1169
1624600362505,-1.7888,-9.1006,-0.5979,0.2695,-0.2015,1.0998
1624600362515,-1.5950,-9.1652,-0.7080,0.2915,-0.1978,1.0717
1624600362525,-1.5471,-8.9762,-0.7917,0.3123,-0.1844,1.0485
1624600362534,-1.5376,-8.7034,-0.7941,0.3697,-0.1514,1.0045
1624600362544,-1.5902,-8.3564,-0.8085,0.4577,-0.1111,0.9691
1624600362554,-1.9539,-7.9903,-0.6458,0.5383,-0.0879,0.9532
1624600362563,-2.5425,-7.6625,-0.4447,0.5872,-0.0708,0.9386
1624600362573,-2.9924,-7.5189,-0.2653,0.6336,-0.0439,0.9166
1624600362582,-3.3298,-7.4974,-0.0810,0.6544,-0.0231,0.8982
1624600362592,-3.5547,-7.7295,0.0577,0.6874,-0.0134,0.8555
1624600362602,-3.4614,-7.8539,0.0936,0.7228,0.0013,0.7993
1624600362611,-3.1671,-7.7750,0.1056,0.7362,-0.0146,0.7370
1624600362621,-2.9158,-7.5788,0.2276,0.7411,-0.0292,0.6576
1624600362629,-2.7603,-7.2701,0.2755,0.7790,-0.0182,0.5928
1624600362638,-2.7890,-6.8801,0.1654,0.7961,-0.0121,0.5403
1624600362648,-2.8847,-6.6312,0.0434,0.8022,0.0159,0.4780
1624600362657,-3.2197,-6.4493,-0.0691,0.8108,0.0685,0.4328
1624600362668,-3.5379,-6.5618,0.0841,0.7937,0.1332,0.3802
1624600362679,-3.6648,-6.6264,0.2228,0.7839,0.1968,0.3216
1624600362688,-3.6720,-6.5235,0.2707,0.7362,0.2151,0.2581
1624600362698,-3.7126,-6.4182,0.2037,0.6861,0.2114,0.1615
1624600362707,-3.8371,-6.3177,0.2468,0.6519,0.2200,0.0675
1624600362717,-4.0165,-6.2148,0.3856,0.5835,0.2188,-0.0022
1624600362727,-4.2414,-6.3034,0.5650,0.4809,0.1980,-0.0767
1624600362736,-4.3946,-6.5355,0.7014,0.3636,0.1687,-0.1487
1624600362746,-4.3970,-6.8801,0.8163,0.2292,0.1332,-0.2098
1624600362755,-4.2510,-7.2031,0.8282,0.0753,0.0905,-0.2685
1624600362764,-4.1409,-7.4089,0.8234,-0.0945,0.0612,-0.3247
1624600362775,-4.0476,-7.4974,0.6727,-0.2717,0.0538,-0.3687
1624600362784,-3.9782,-7.6338,0.6153,-0.4195,0.0673,-0.4041
1624600362794,-3.9064,-7.7702,0.5722,-0.5734,0.0758,-0.4102
1624600362803,-3.9256,-8.0071,0.3497,-0.7054,0.0685,-0.4175
1624600362813,-3.9926,-8.8828,0.4693,-0.7958,0.0538,-0.4346
1624600362823,-4.2008,-9.3806,0.6009,-0.8007,0.0587,-0.4273
1624600362832,-4.4042,-9.3686,0.7517,-0.8056,0.0685,-0.4652
1624600362842,-4.5908,-9.4188,0.7852,-0.7616,0.0758,-0.5153
1624600362852,-4.5956,-9.5241,0.6727,-0.6687,0.0795,-0.5153
1624600362861,-4.3348,-9.7491,0.5219,-0.5686,0.0599,-0.5092
1624600362869,-4.0333,-9.9979,0.4741,-0.4427,0.0538,-0.4945
1624600362880,-3.7748,-10.1008,0.5387,-0.3450,0.0856,-0.4749
1624600362890,-3.6408,-10.0242,0.8187,-0.2876,0.1418,-0.4676
1624600362900,-3.6313,-9.9859,1.1201,-0.2704,0.1980,-0.4725
1624600362909,-3.5954,-10.0697,1.2637,-0.2753,0.2432,-0.4725
1624600362919,-3.3848,-10.1247,1.2470,-0.2570,0.2676,-0.4627
1624600362929,-3.1623,-10.2300,1.0412,-0.2411,0.2456,-0.4469
1624600362936,-2.9493,-10.3473,0.8187,-0.2704,0.2078,-0.4151
1624600362946,-2.8010,-10.4549,0.6392,-0.3425,0.1699,-0.3711
1624600362955,-2.6837,-10.6464,0.4669,-0.4708,0.1259,-0.3015
1624600362965,-2.6670,-10.9383,0.3784,-0.5893,0.0819,-0.2428
1624600362975,-2.6670,-11.2350,0.2851,-0.6443,0.0465,-0.1915
1624600362986,-2.6167,-11.3786,0.2324,-0.6418,0.0099,-0.1390
1624600362996,-2.5808,-11.3235,0.1870,-0.5649,-0.0207,-0.1035
1624600363005,-2.5617,-11.0842,0.2659,-0.4342,-0.0280,-0.0852
1624600363015,-2.5952,-10.7875,0.3042,-0.3120,-0.0256,-0.0608
1624600363024,-2.6383,-10.5530,0.3018,-0.2204,-0.0146,-0.0217
1624600363034,-2.6454,-10.4597,0.2898,-0.1642,0.0050,0.0113
1624600363044,-2.6048,-10.3831,0.3233,-0.1470,0.0184,0.0443
1624600363053,-2.6024,-10.2563,0.2755,-0.1825,0.0208,0.0834
1624600363063,-2.5952,-10.2803,0.2851,-0.2094,0.0269,0.1188
1624600363073,-2.5689,-10.3114,0.1965,-0.2094,0.0245,0.1444
1624600363082,-2.5880,-10.3592,0.1080,-0.2045,0.0037,0.1738
1624600363090,-2.6574,-10.3329,-0.0260,-0.2118,-0.0195,0.2104
1624600363101,-2.6813,-10.1941,-0.1002,-0.1959,-0.0353,0.2385
1624600363111,-2.6670,-10.0984,-0.2414,-0.1764,-0.0524,0.2569
1624600363119,-2.5928,-10.0458,-0.3275,-0.1495,-0.0647,0.2703
1624600363130,-2.4660,-9.9453,-0.4089,-0.1202,-0.0793,0.2801
1624600363140,-2.4109,-9.9788,-0.4495,-0.1080,-0.1001,0.2886
1624600363149,-2.3990,-9.8998,-0.6266,-0.0884,-0.1111,0.3033
1624600363159,-2.3846,-9.8472,-0.6649,-0.0432,-0.1294,0.3216
1624600363168,-2.3990,-9.6677,-0.6051,0.0215,-0.1538,0.3521
1624600363178,-2.4588,-9.4667,-0.5620,0.0899,-0.1783,0.3754
1624600363188,-2.5186,-9.4021,-0.5716,0.1535,-0.2088,0.3888
1624600363197,-2.4851,-9.5050,-0.6864,0.2292,-0.2406,0.4059
1624600363205,-2.5952,-9.7060,-0.8156,0.3233,-0.2748,0.4218
1624600363214,-2.5497,-9.6294,-0.6936,0.4198,-0.3114,0.4389
1624600363224,-2.5689,-9.4404,-0.4519,0.5029,-0.3444,0.4279
1624600363234,-2.6813,-9.0838,-0.3395,0.5945,-0.3676,0.3973
1624600363243,-2.7890,-9.0575,-0.3203,0.6837,-0.4055,0.3705
1624600363253,-2.8081,-9.1676,-0.2294,0.8095,-0.4568,0.3643
1624600363265,-2.8081,-8.9929,-0.1026,0.9610,-0.5020,0.3546
1624600363278,-2.8512,-8.7465,-0.0978,1.1125,-0.5253,0.3118
1624600363285,-2.9230,-8.6890,0.0362,1.2787,-0.5509,0.2923
1624600363291,-2.9733,-8.7584,0.1295,1.4412,-0.5704,0.2959
1624600363302,-2.9493,-8.7560,0.3329,1.5609,-0.5876,0.2947
1624600363311,-2.8847,-8.5909,0.4454,1.6660,-0.6095,0.2458
1624600363323,-2.8345,-8.5598,0.6512,1.7832,-0.6450,0.2080
1624600363330,-2.8464,-8.5359,0.8258,1.9079,-0.6804,0.2031
1624600363339,-2.8010,-8.4378,0.9550,2.0276,-0.7134,0.1945
1624600363349,-2.7411,-8.3708,1.1537,2.1082,-0.7403,0.1750
1624600363359,-2.6550,-8.5144,1.4360,2.1876,-0.7708,0.1799
1624600363369,-2.6550,-8.7130,1.9648,2.2780,-0.7952,0.1945
1624600363378,-2.7005,-8.7082,2.4625,2.3403,-0.8185,0.2116
1624600363387,-2.7172,-8.6196,2.8621,2.3978,-0.8490,0.2153
1624600363397,-2.7005,-8.5263,3.1325,2.5419,-0.8905,0.2190
1624600363407,-2.6000,-8.4521,3.4364,2.7521,-0.9394,0.2410
1624600363416,-2.4420,-8.3349,3.6996,3.0038,-0.9822,0.2764
1624600363426,-2.3152,-8.3660,3.9509,3.2664,-1.0249,0.3118
1624600363435,-2.1884,-8.2799,4.1303,3.5377,-1.0628,0.3485
1624600363445,-2.1094,-7.9712,4.3337,3.8040,-1.0885,0.3839
1624600363454,-2.0329,-7.6601,4.7501,4.1192,-1.0970,0.4047
1624600363464,-1.9826,-7.3251,5.1521,4.5468,-1.0762,0.4584
1624600363474,-1.9108,-6.8992,5.6330,5.0000,-1.0591,0.5439
1624600363483,-1.8199,-6.4158,6.2216,5.4130,-1.0506,0.6234
1624600363493,-1.7122,-5.6358,6.6141,5.7221,-1.0420,0.7089
1624600363504,-1.6740,-4.6476,6.9395,5.8418,-1.0518,0.7822
1624600363512,-1.7338,-3.7455,7.2314,5.8125,-1.0689,0.8225
1624600363522,-1.6333,-2.9702,7.3678,5.6781,-1.0775,0.8567
1624600363532,-1.4729,-2.4462,7.6502,5.4484,-1.0787,0.8995
1624600363543,-1.4179,-2.1901,7.9971,5.1687,-1.0494,0.9471
1624600363552,-1.4418,-2.2069,8.3130,4.8388,-1.0042,0.9715
1624600363561,-1.4227,-2.0561,8.5786,4.4637,-0.9712,0.9557
1624600363570,-1.4586,-1.6206,8.9279,4.0886,-0.9638,0.8946
1624600363580,-1.4466,-1.1253,9.2294,3.7246,-0.9602,0.7956
1624600363589,-1.4227,-0.7353,9.3347,3.3739,-0.9638,0.6796
1624600363599,-1.3940,-0.6156,9.4232,3.0111,-0.9736,0.5574
1624600363610,-1.2648,-0.4745,9.4902,2.6690,-0.9834,0.4352
1624600363620,-1.0518,-0.3572,9.5573,2.3526,-0.9956,0.3362
1624600363630,-0.7360,-0.5558,9.6314,2.0789,-1.0090,0.2569
1624600363639,-0.5062,-0.8430,9.7128,1.8798,-1.0066,0.1982
1624600363649,-0.4369,-0.9650,9.9568,1.7820,-0.9614,0.1701
1624600363658,-0.2981,-0.8789,10.2009,1.7857,-0.8869,0.1701
1624600363668,-0.3651,-0.7137,10.3612,1.7845,-0.8197,0.1762
1624600363678,-0.5134,-0.5678,10.5359,1.7148,-0.7574,0.1615
1624600363687,-0.7192,-0.4338,10.6077,1.6159,-0.7024,0.1237
1624600363696,-0.7982,-0.2974,10.5240,1.4656,-0.6596,0.0821
1624600363707,-0.7647,-0.2663,10.4570,1.2823,-0.6254,0.0394
1624600363716,-0.7240,-0.1467,10.2871,1.1162,-0.5741,-0.0009
1624600363726,-0.6139,-0.2878,10.3852,0.9427,-0.5118,-0.0205
1624600363735,-0.5972,-0.2184,10.4187,0.8046,-0.4532,-0.0193
1624600363745,-0.6068,-0.2615,10.5742,0.6800,-0.3750,-0.0119
1624600363754,-0.6235,-0.2208,10.6436,0.5701,-0.3029,-0.0229
1624600363764,-0.7048,0.0161,10.6938,0.5126,-0.2345,-0.0290
1624600363774,-0.7790,0.2505,10.6316,0.4992,-0.1661,-0.0364
1624600363783,-0.7814,0.5066,10.4881,0.4760,-0.1233,-0.0388
1624600363793,-0.7384,0.6478,10.2751,0.4589,-0.1050,-0.0486
1624600363803,-0.7407,0.6549,10.0119,0.4369,-0.0842,-0.0645
1624600363812,-0.7766,0.7195,9.7654,0.4223,-0.0622,-0.0767
1624600363822,-0.8006,0.7961,9.7032,0.4247,-0.0475,-0.1023
1624600363830,-0.8604,0.9182,9.6793,0.3941,-0.0439,-0.1243
1624600363841,-0.9082,0.9732,9.6649,0.3526,-0.0500,-0.1475
1624600363851,-0.9992,1.0880,9.6386,0.3233,-0.0659,-0.1707
1624600363858,-0.9417,1.0498,9.5333,0.2952,-0.0891,-0.1915
1624600363868,-0.8030,0.9540,9.4232,0.2793,-0.1257,-0.1976
1624600363878,-0.7862,0.9421,9.4137,0.2463,-0.1624,-0.1915
1624600363887,-0.7455,0.9588,9.4400,0.2195,-0.2015,-0.1903
1624600363897,-0.6450,0.9708,9.4950,0.2023,-0.2394,-0.1830
1624600363909,-0.5158,0.8320,9.5596,0.1901,-0.2797,-0.1805
1624600363918,-0.4321,0.7985,9.5883,0.1889,-0.3224,-0.1744
1624600363928,-0.3579,0.7770,9.7630,0.1852,-0.3579,-0.1732
1624600363937,-0.4799,0.4061,9.8252,0.1498,-0.3896,-0.1683
1624600363947,-0.4440,0.2218,9.8181,0.0851,-0.4361,-0.1512
1624600363957,-0.3842,0.3008,9.8372,0.0912,-0.4849,-0.1707
1624600363966,-0.3675,0.6884,9.7415,0.1522,-0.5167,-0.1952
1624600363976,-0.3244,1.0593,9.6243,0.1974,-0.5411,-0.2074
1624600363985,-0.2024,1.2244,9.4448,0.1535,-0.5497,-0.1927
1624600363995,-0.0420,1.0378,9.4974,0.0692,-0.5424,-0.1610
1624600364005,0.0752,0.5664,9.5931,-0.0188,-0.5167,-0.1170
1624600364014,0.1255,0.3535,9.5237,-0.0762,-0.4740,-0.0583
1624600364024,0.3600,0.1261,10.3684,-0.1031,-0.4348,-0.0205
1624600364033,0.1135,0.3535,10.8900,-0.0664,-0.3738,-0.0156
1624600364043,-0.1689,0.5784,11.1939,-0.1202,-0.2577,0.0052
1624600364053,-0.1019,0.2242,10.9307,-0.2130,-0.1856,-0.0327
1624600364062,-0.0755,0.0041,10.5670,-0.1776,-0.1624,-0.0583
1624600364072,-0.0420,0.3319,10.5024,-0.0542,-0.1514,-0.0547
1624600364081,-0.1042,0.7004,10.4976,0.0716,-0.1074,-0.0730
1624600364091,-0.1354,0.7698,10.4043,0.1266,-0.0671,-0.0864
1624600364100,-0.0660,0.6932,10.3014,0.1095,-0.0537,-0.0852
1624600364110,-0.0038,0.6980,10.3971,0.0679,-0.0463,-0.0828
1624600364120,0.1063,0.7243,10.5359,0.0130,-0.0463,-0.0755
1624600364129,0.2331,0.7291,10.6292,-0.0249,-0.0585,-0.0645
1624600364139,0.3552,0.5832,10.7178,-0.0542,-0.0854,-0.0510
1624600364147,0.5322,0.3702,10.8781,-0.0652,-0.1160,-0.0339
1624600364156,0.7165,0.3128,10.7345,-0.0603,-0.1477,-0.0302
1624600364166,0.8242,0.3247,10.5192,-0.0603,-0.1893,-0.0302
1624600364175,0.8553,0.4157,10.2607,-0.0444,-0.2174,-0.0412
1624600364186,0.8529,0.3630,10.0143,-0.0481,-0.2296,-0.0535
1624600364197,0.8840,0.6143,9.9664,-0.0591,-0.2320,-0.0620
1624600364207,0.9486,1.0402,10.1148,-0.0982,-0.2296,-0.0522
1624600364216,1.0323,1.3201,10.3636,-0.1312,-0.2247,-0.0351
1624600364226,1.0132,1.2747,10.4139,-0.1739,-0.1929,-0.0278
1624600364235,1.0012,1.0474,10.2344,-0.2778,-0.1697,-0.0180
1624600364245,0.9749,0.7818,9.8970,-0.3889,-0.1526,-0.0046
1624600364254,0.8577,0.4587,9.5333,-0.4452,-0.1270,-0.0193
1624600364264,0.7476,0.3367,9.3132,-0.4390,-0.0867,-0.0583
1624600364274,0.5897,0.1501,9.4759,-0.4036,-0.0439,-0.1011
1624600364283,0.6375,0.1429,9.4759,-0.3645,-0.0378,-0.1292
1624600364293,0.7404,0.1261,9.6984,-0.3279,-0.0537,-0.1390
1624600364302,0.8289,0.1477,9.8300,-0.2594,-0.0561,-0.1793
1624600364312,0.9223,0.3558,10.0956,-0.1385,-0.0451,-0.2184
1624600364319,0.9606,0.6023,10.2799,0.0032,0.0025,-0.2661
1624600364331,0.9606,0.8320,10.4761,0.1193,0.0538,-0.2770
1624600364341,0.9223,0.7195,10.5024,0.1889,0.0990,-0.2844
1624600364350,0.8385,0.5856,10.4163,0.2085,0.1222,-0.2831
1624600364360,0.7763,0.3726,10.1674,0.1816,0.1430,-0.2807
1624600364370,0.7380,0.3271,9.9042,0.1217,0.1467,-0.2831
1624600364379,0.6495,0.2123,9.8564,0.0472,0.1699,-0.2844
1624600364389,0.6351,0.0376,9.8731,-0.0408,0.2041,-0.2893
1624600364399,0.6567,-0.1012,9.8252,-0.1373,0.2383,-0.2978
1624600364408,0.7237,-0.0079,9.8133,-0.2167,0.2811,-0.3088
1624600364418,0.7261,0.0161,10.0502,-0.2619,0.3483,-0.3051
1624600364427,0.7021,-0.1993,10.4282,-0.3071,0.4228,-0.2685
1624600364437,0.6567,-0.7329,10.5814,-0.3609,0.4875,-0.2098
1624600364445,0.5610,-1.1564,10.5024,-0.4048,0.5425,-0.1585
1624600364454,0.2834,-1.4651,10.5766,-0.4305,0.6085,-0.1048
1624600364464,-0.0492,-1.6493,10.5527,-0.4195,0.6891,-0.0522
1624600364473,-0.4105,-1.5704,10.4713,-0.3755,0.7576,-0.0046
1624600364483,-0.7120,-1.5273,10.2440,-0.3572,0.7966,0.0369
1624600364495,-0.8987,-1.3694,9.9832,-0.3462,0.8125,0.0748
1624600364504,-1.0470,-1.0655,9.7941,-0.3792,0.8223,0.1078
1624600364514,-1.2384,-0.7520,9.7032,-0.4928,0.8345,0.1554
1624600364523,-1.4825,-0.6683,9.4663,-0.7359,0.8406,0.2226
1624600364533,-1.7410,-0.7544,9.1194,-1.0634,0.8272,0.2813
1624600364543,-2.0592,-0.9387,8.7987,-1.4323,0.7954,0.3228
1624600364552,-2.2650,-1.2210,8.5451,-1.7939,0.7429,0.3705
1624600364562,-2.4875,-1.4005,8.2914,-2.0835,0.6855,0.4181
1624600364571,-2.5354,-1.5943,8.4996,-2.3217,0.6109,0.4523
1624600364581,-2.5641,-1.7522,8.6815,-2.5123,0.5279,0.4914
1624600364590,-2.5976,-1.9676,8.6719,-2.7066,0.4203,0.5452
1624600364600,-2.5282,-2.1901,8.5092,-2.8678,0.2933,0.5708
1624600364610,-2.4325,-2.2978,8.7796,-2.9680,0.1687,0.5757
1624600364619,-2.4277,-2.2954,8.7054,-3.0877,0.0599,0.6087
1624600364629,-2.4684,-2.3576,8.3273,-3.2441,-0.0732,0.6417
1624600364639,-2.4995,-2.5658,7.8751,-3.3370,-0.2161,0.6270
1624600364648,-2.4397,-2.8147,7.3702,-3.3956,-0.3530,0.6172
1624600364658,-2.3750,-3.0850,6.8270,-3.4335,-0.4849,0.6380
1624600364667,-2.3559,-3.4392,6.5160,-3.3748,-0.6083,0.6490
1624600364677,-2.3296,-4.1403,6.4585,-3.2111,-0.7195,0.6478
1624600364687,-2.2243,-4.9730,6.3413,-2.9326,-0.8344,0.6588
1624600364696,-2.1023,-5.5927,6.2336,-2.5197,-0.9357,0.6906
1624600364706,-1.9515,-6.0019,6.2671,-2.0627,-1.0176,0.7211
1624600364716,-1.7768,-6.3034,6.4274,-1.5264,-1.0799,0.7370
1624600364725,-1.6668,-6.4733,6.6859,-0.9705,-1.1263,0.7577
1624600364735,-1.5495,-6.5187,7.0041,-0.4586,-1.1642,0.7712
1624600364745,-1.4514,-6.4805,7.3104,0.0337,-1.2070,0.7577
1624600364752,-1.3437,-6.3106,7.5545,0.5066,-1.2681,0.7382
1624600364762,-1.2050,-6.0330,7.6956,0.9586,-1.3365,0.7174
1624600364771,-1.0542,-5.5257,7.6741,1.4216,-1.3951,0.6906
1624600364781,-0.9417,-5.0543,7.8105,1.8700,-1.4342,0.6710
1624600364793,-0.8484,-4.8988,7.9804,2.3245,-1.4428,0.6637
1624600364802,-0.7384,-4.5853,8.1718,2.7887,-1.4220,0.6649
1624600364812,-0.5996,-4.0517,8.4015,3.1516,-1.3914,0.6698
1624600364821,-0.4273,-3.3506,8.6193,3.4326,-1.3695,0.6637
1624600364831,-0.1976,-2.3648,8.8059,3.6464,-1.3365,0.6515
1624600364841,-0.0636,-1.3215,9.1529,3.7319,-1.2901,0.6441
1624600364850,0.0202,-0.3165,9.4496,3.6916,-1.2216,0.6453
1624600364860,0.0752,0.6214,9.6673,3.5096,-1.1471,0.6490
1624600364869,0.1422,1.3393,9.9114,3.1968,-1.0775,0.6563
1624600364879,0.2260,1.7413,10.0406,2.7790,-1.0249,0.6783
1624600364889,0.3360,1.9327,9.9904,2.2964,-0.9956,0.6979
1624600364898,0.5035,1.8274,9.9951,1.7894,-0.9761,0.7089
1624600364908,0.5992,1.5020,9.9927,1.3398,-0.9467,0.7199
1624600364917,0.6782,1.0474,10.0095,0.9794,-0.8967,0.7358
1624600364927,0.7859,0.5832,10.1124,0.7680,-0.8356,0.7394
1624600364937,0.9390,0.2912,10.0717,0.6752,-0.7720,0.7321
1624600364947,1.0898,0.2625,10.2440,0.6715,-0.7171,0.7126
1624600364956,1.1903,0.4300,10.2655,0.7203,-0.6584,0.6734
1624600364966,1.2094,0.6884,10.3876,0.7546,-0.5741,0.6441
1624600364975,1.1759,0.8990,10.4330,0.7717,-0.4984,0.5977
1624600364985,1.1017,1.1096,10.4019,0.7533,-0.4299,0.5390
1624600364994,1.1400,1.3058,10.3253,0.6812,-0.3786,0.4743
1624600365004,1.2405,1.4183,10.1674,0.5652,-0.3518,0.4096
1624600365014,1.3865,1.3489,10.1770,0.4393,-0.3444,0.3448
1624600365023,1.5564,1.0306,10.1363,0.3245,-0.3359,0.2959
1624600365033,1.7334,0.7028,10.1889,0.2305,-0.3298,0.2617
1624600365043,1.8770,0.3176,10.2248,0.1913,-0.3029,0.2324
1624600365050,1.9368,0.0878,10.2416,0.1987,-0.2565,0.2128
1624600365060,1.9871,0.0280,10.2655,0.2439,-0.1978,0.1945
1624600365069,2.0182,0.1812,10.2895,0.3050,-0.1319,0.1664
1624600365078,1.9871,0.4922,10.3062,0.3587,-0.0585,0.1420
1624600365090,1.9057,0.7052,10.3469,0.3648,0.0050,0.1273
1624600365100,1.8124,0.7961,10.3373,0.3208,0.0563,0.1066
1624600365110,1.7669,0.7818,10.3253,0.2414,0.0856,0.0834
1624600365119,1.7621,0.5186,10.2847,0.1413,0.0893,0.0687
1624600365129,1.8172,0.3152,10.1985,0.0521,0.0758,0.0528
1624600365139,1.7861,0.1309,10.0741,-0.0115,0.0697,0.0357
1624600365148,1.7909,-0.0294,9.9664,-0.0408,0.0660,0.0272
1624600365158,1.7980,0.0065,9.8228,-0.0115,0.0746,0.0162
1624600365167,1.7693,0.1453,9.7894,0.0472,0.0893,0.0113
1624600365177,1.7310,0.3487,9.8109,0.0997,0.1039,0.0162
1624600365187,1.6664,0.5568,9.8348,0.1290,0.1137,0.0235
1624600365196,1.6281,0.6502,9.8731,0.1254,0.1125,0.0308
1624600365206,1.5731,0.6573,9.8635,0.0765,0.1015,0.0430
1624600365215,1.4750,0.5999,9.8851,0.0166,0.0856,0.0504
1624600365225,1.3960,0.4516,9.8755,-0.0396,0.0697,0.0540
1624600365235,1.3506,0.3008,9.8372,-0.0884,0.0502,0.0614
1624600365244,1.3362,0.1764,9.8348,-0.1251,0.0294,0.0601
1624600365254,1.3386,0.0735,9.7702,-0.1373,0.0111,0.0528
1624600365263,1.7621,-0.7544,9.4974,-0.1446,-0.0109,0.0467
1624600365271,1.5564,0.1596,9.5309,-0.1361,-0.0329,0.0259
1624600365282,1.1304,0.1453,9.8587,-0.1202,0.0123,-0.0034
1624600365292,1.1400,-0.0940,9.6769,0.0350,0.0941,0.0516
1624600365302,1.2884,-0.1419,9.4568,0.0203,0.0367,0.0675
1624600365311,1.4008,0.0591,9.3826,-0.0175,-0.0243,0.0369
1624600365321,1.3051,0.5257,9.3969,0.0093,-0.0353,0.0064
1624600365331,1.4511,0.8440,9.3969,0.0069,-0.0341,-0.0132
1624600365340,1.3171,0.5090,9.7032,0.0423,-0.0622,0.0052
1624600365348,1.1687,-0.2424,9.7487,0.0166,-0.0243,0.1249
1624600365358,1.3769,-0.0773,9.8468,-0.0652,-0.0195,0.2031
1624600365367,1.3123,-0.0246,9.9904,-0.0823,-0.0634,0.1481
1624600365376,1.2525,-0.1467,10.0526,-0.0970,-0.0585,0.1200
1624600365386,1.2477,-0.1036,10.0454,-0.1104,-0.0573,0.1176
1624600365398,1.2692,-0.1299,9.9808,-0.1287,-0.0732,0.1102
1624600365408,1.3075,-0.1993,9.8683,-0.1470,-0.0854,0.1151
1624600365417,1.3075,-0.2783,9.8300,-0.1409,-0.0879,0.1115
1624600365427,1.2070,-0.2687,9.8300,-0.1165,-0.0695,0.1005
1624600365437,1.1639,-0.2256,9.8468,-0.1043,-0.0488,0.1041
1624600365446,1.1448,-0.2184,9.8731,-0.0762,-0.0427,0.1115
1624600365456,1.1281,-0.2471,9.8731,-0.0457,-0.0488,0.0980
1624600365465,1.1974,-0.2711,9.8444,-0.0298,-0.0475,0.0809
1624600365475,1.2501,-0.2137,9.8444,-0.0188,-0.0500,0.0711
1624600365485,1.2453,-0.1251,9.8492,0.0044,-0.0390,0.0589
1624600365494,1.1735,-0.0509,9.8875,0.0020,-0.0280,0.0614
1624600365504,1.1974,-0.0725,9.9042,-0.0102,-0.0158,0.0699
1624600365513,1.2381,-0.1155,9.9186,-0.0249,-0.0085,0.0663
1624600365523,1.2621,-0.1395,9.9329,-0.0469,-0.0024,0.0663
1624600365533,1.2860,-0.2113,9.9257,-0.0628,0.0037,0.0711
1624600365542,1.3362,-0.2567,9.7128,-0.0640,0.0099,0.0785
1624600365551,1.4296,-0.5104,9.5692,-0.0640,0.0221,0.0846
1624600365564,1.2788,-0.3500,9.6410,-0.0041,0.0196,0.0858
1624600365570,1.1927,-0.2328,9.7008,0.0814,0.0660,0.0907
1624600365578,1.2166,-0.1825,9.7559,0.0936,0.0868,0.1066
1624600365588,1.2190,-0.0414,9.8013,0.1083,0.0770,0.0809
1624600365601,1.2262,0.0352,9.9138,0.0863,0.0599,0.0406
1624600365607,1.2597,0.1285,9.9832,0.0569,0.0453,0.0162
1624600365617,1.3338,0.1596,10.0645,0.0166,0.0172,-0.0058
1624600365627,1.3554,0.0783,10.0334,-0.0444,-0.0024,-0.0241
1624600365636,1.3793,0.0161,10.0286,-0.1080,-0.0158,-0.0412
1624600365651,1.3482,-0.1778,9.9712,-0.1373,-0.0305,-0.0535
1624600365656,1.4654,-0.4003,9.8061,-0.1446,-0.0390,-0.0632
1624600365668,1.4008,-0.3429,9.7224,-0.1300,-0.0475,-0.0669
1624600365675,1.1783,-0.1299,9.6721,-0.0676,-0.0305,-0.0730
1624600365686,1.1831,-0.1251,9.6553,0.0203,-0.0329,-0.0803
