1635580637356,-0.4932,2.4961,8.9688,0.0474,0.0360,-0.0271
1635580637366,-0.6655,1.9531,9.5313,-0.0824,-0.0065,-0.0292
1635580637367,-0.6772,2.1211,9.8438,-0.0707,-0.0172,0.0006
1635580637369,-0.5938,2.3066,9.6406,-0.0505,-0.0182,-0.0037
1635580637370,-0.5601,2.2227,9.6719,-0.0930,-0.0236,-0.0282
1635580637371,-0.5435,2.0215,9.7031,-0.0824,-0.0172,-0.0260
1635580637373,-0.5938,1.9199,9.7109,-0.0760,-0.0033,-0.0133
1635580637374,-0.6245,1.9434,9.7266,-0.0558,0.0062,-0.0122
1635580637375,-0.6460,1.9434,9.7188,-0.0292,0.0105,-0.0079
1635580637377,-0.6631,2.0273,9.6875,-0.0154,0.0041,-0.0048
1635580637378,-0.6772,2.1230,9.6797,-0.0058,-0.0065,-0.0048
1635580637379,-0.6919,2.1777,9.7109,-0.0143,-0.0182,-0.0037
1635580637381,-0.6558,2.2324,9.7031,-0.0345,-0.0289,-0.0090
1635580637382,-0.6367,2.1973,9.6719,-0.0547,-0.0363,-0.0090
1635580637383,-0.5889,2.0488,9.7266,-0.0643,-0.0438,-0.0069
1635580637385,-0.5552,1.8809,9.7422,-0.0537,-0.0385,-0.0016
1635580637387,-0.5601,1.8906,9.7109,-0.0345,-0.0289,0.0059
1635580637388,-0.5718,1.9463,9.7188,-0.0111,-0.0193,0.0059
1635580637390,-0.6079,2.0117,9.7344,0.0048,-0.0161,0.0038
1635580637391,-0.6128,2.1133,9.7188,0.0102,-0.0193,0.0038
1635580637392,-0.6177,2.1563,9.7188,0.0027,-0.0236,0.0027
1635580637393,-0.5693,2.1602,9.6875,-0.0154,-0.0257,-0.0005
1635580637395,-0.5503,2.1445,9.6797,-0.0324,-0.0236,-0.0037
1635580637396,-0.5674,2.0898,9.6875,-0.0462,-0.0204,-0.0048
1635580637398,-0.6006,2.0625,9.7031,-0.0515,-0.0172,-0.0037
1635580637399,-0.6152,2.0273,9.7031,-0.0505,-0.0225,-0.0026
1635580637400,-0.6055,1.9814,9.7500,-0.0462,-0.0300,-0.0016
1635580637401,-0.5742,2.0059,9.7188,-0.0420,-0.0321,-0.0005
1635580637470,-0.5503,2.0488,9.6797,-0.0399,-0.0310,-0.0005
1635580637472,-0.5479,2.0625,9.7031,-0.0420,-0.0289,-0.0026
1635580637473,-0.5479,2.0547,9.7031,-0.0473,-0.0267,-0.0026
1635580637475,-0.5479,2.0000,9.7031,-0.0494,-0.0257,-0.0058
1635580637476,-0.5479,1.9150,9.7266,-0.0409,-0.0246,-0.0079
1635580637477,-0.5073,1.8594,9.7422,-0.0260,-0.0172,-0.0026
1635580637479,-0.4978,1.9414,9.6875,-0.0090,-0.0076,-0.0005
1635580637480,-0.5264,2.0078,9.7422,-0.0037,0.0020,-0.0026
1635580637537,-0.5840,1.9893,9.7422,0.0016,0.0084,-0.0048
1635580637539,-0.5889,1.9912,9.6797,0.0102,0.0030,-0.0026
1635580637540,-0.5625,2.0547,9.7188,0.0027,-0.0023,0.0016
1635580637542,-0.5576,2.0957,9.7344,-0.0047,-0.0044,-0.0016
1635580637543,-0.5601,2.0391,9.7188,-0.0079,-0.0044,-0.0016
1635580637545,-0.5649,2.0195,9.7422,-0.0175,-0.0076,-0.0037
1635580637567,-0.5957,2.0117,9.7188,-0.0218,-0.0097,-0.0037
1635580637570,-0.5889,2.0098,9.7031,-0.0207,-0.0119,-0.0026
1635580637571,-0.5386,2.0098,9.7266,-0.0218,-0.0129,-0.0026
1635580637578,-0.5435,1.9990,9.7266,-0.0218,-0.0140,-0.0016
1635580637579,-0.5576,1.9990,9.7422,-0.0218,-0.0193,-0.0037
1635580637605,-0.5098,2.0039,9.7344,-0.0228,-0.0182,-0.0026
1635580637607,-0.4907,1.9961,9.6953,-0.0249,-0.0140,-0.0037
1635580637608,-0.5073,2.0039,9.7188,-0.0282,-0.0065,-0.0058
1635580637635,-0.5435,1.9893,9.7266,-0.0292,0.0009,-0.0079
1635580637639,-0.5649,1.9775,9.7266,-0.0271,0.0009,-0.0079
1635580637641,-0.5649,1.9912,9.7109,-0.0303,-0.0023,-0.0101
1635580637666,-0.5171,1.9814,9.6797,-0.0303,-0.0002,-0.0101
1635580637671,-0.4739,1.9580,9.6953,-0.0303,0.0062,-0.0101
1635580637672,-0.4475,1.9463,9.7031,-0.0260,0.0254,-0.0111
1635580637695,-0.4954,1.9648,9.7266,-0.0228,0.0392,-0.0133
1635580637697,-0.5674,1.9551,9.7344,-0.0207,0.0435,-0.0164
1635580637703,-0.5649,2.0078,9.7109,-0.0303,0.0435,-0.0228
1635580637725,-0.6104,1.9580,9.7891,-0.0345,0.0467,-0.0260
1635580637728,-0.6318,2.0254,9.7344,-0.0452,0.0498,-0.0228
1635580637736,-0.6460,2.1582,9.7031,-0.0675,0.0424,-0.0250
1635580637757,-0.6367,2.2969,9.7422,-0.1175,0.0328,-0.0282
1635580637759,-0.5957,2.3711,9.7031,-0.1824,0.0307,-0.0345
1635580637761,-0.6128,2.2520,9.6797,-0.2462,0.0371,-0.0462
1635580637791,-0.6416,2.0723,9.7031,-0.3015,0.0371,-0.0537
1635580637793,-0.6558,2.0117,9.6797,-0.3474,0.0339,-0.0537
1635580637795,-0.6318,2.0410,9.7031,-0.3835,0.0318,-0.0632
1635580637820,-0.5840,2.0918,9.7109,-0.4304,0.0349,-0.0803
1635580637823,-0.6055,2.1211,9.7422,-0.4910,0.0456,-0.0920
1635580637824,-0.6318,2.1016,9.7344,-0.5630,0.0573,-0.1037
1635580637847,-0.6177,2.0781,9.6953,-0.6431,0.0626,-0.1069
1635580637849,-0.5981,1.9893,9.6172,-0.7109,0.0754,-0.1334
1635580637851,-0.5981,1.7549,9.6172,-0.7676,0.1009,-0.1622
1635580637876,-0.6558,1.5986,9.7422,-0.8154,0.1147,-0.1760
1635580637878,-0.6919,1.6445,9.8516,-0.8730,0.1169,-0.1740
1635580637880,-0.6582,1.7285,9.8828,-0.9517,0.1233,-0.1835
1635580637906,-0.6055,1.7139,9.8125,-1.0449,0.1382,-0.2123
1635580637908,-0.5313,1.5361,9.7969,-1.1260,0.1658,-0.2421
1635580637910,-0.5171,1.1943,9.8594,-1.1875,0.2073,-0.2537
1635580637937,-0.5146,0.9766,9.9766,-1.2500,0.2413,-0.2495
1635580637940,-0.4907,1.0264,9.8203,-1.4932,0.0818,-0.2559
1635580637942,-0.3638,0.8115,9.6641,-1.5127,0.0988,-0.3101
1635580637972,-0.4812,0.4907,10.0625,-1.4326,0.2925,-0.3154
1635580637974,-0.4548,0.4260,10.2422,-1.5127,0.3403,-0.2590
1635580637977,-0.4573,0.3687,10.3281,-1.5313,0.4370,-0.1260
1635580638001,-0.5239,0.2705,10.2734,-1.4814,0.5308,-0.0079
1635580638004,-0.5527,0.2585,9.9141,-1.6631,0.4934,0.0367
1635580638007,-0.6128,0.1005,9.9219,-1.8262,0.5444,0.0208
1635580638021,-0.6680,-0.0742,10.2031,-1.9580,0.5913,-0.0271
1635580638024,-0.5435,-0.2656,10.3828,-2.1621,0.6128,-0.0707
1635580638050,-0.3254,-0.5000,10.2734,-2.4102,0.6309,-0.1271
1635580638052,-0.0622,-0.9453,10.0078,-2.6289,0.7095,-0.1399
1635580638054,0.0215,-1.6279,9.6484,-2.8008,0.7861,-0.1537
1635580638076,-0.1197,-2.3691,9.3906,-2.9414,0.8203,-0.1803
1635580638082,-0.3589,-2.8555,9.1641,-3.0566,0.8188,-0.1729
1635580638083,-0.5410,-2.9316,9.2031,-3.1484,0.7979,-0.1846
1635580638107,-0.6128,-2.5801,9.2266,-3.3223,0.8403,-0.2410
1635580638109,-0.7827,-2.4121,9.0469,-3.5176,0.8330,-0.2993
1635580638111,-0.7202,-2.6328,8.6484,-3.6289,0.6709,-0.3940
1635580638137,-0.4788,-3.1035,8.4297,-3.7305,0.6543,-0.4900
1635580638138,-0.5122,-3.6797,8.3281,-3.7266,0.8809,-0.5015
1635580638140,-0.9624,-4.1289,8.0625,-3.7051,0.9712,-0.4399
1635580638167,-1.3877,-4.2578,7.8164,-3.7324,0.8818,-0.4973
1635580638169,-1.6201,-4.1953,7.6289,-3.7168,0.7627,-0.6069
1635580638170,-1.8115,-4.2969,7.7305,-3.6641,0.7476,-0.5801
1635580638197,-1.8457,-4.5625,7.8008,-3.6016,0.6528,-0.5103
1635580638198,-1.5986,-4.9023,7.6602,-3.5430,0.5337,-0.4836
1635580638200,-1.2588,-5.3281,7.3047,-3.4180,0.4924,-0.4238
1635580638228,-1.0771,-5.7070,7.1016,-3.3672,0.5605,-0.3325
1635580638230,-1.1963,-6.1016,6.6914,-3.3711,0.8384,-0.1580
1635580638232,-1.5840,-6.7031,6.2500,-3.2070,1.0000,-0.0814
1635580638259,-1.9150,-7.2617,5.9570,-2.9922,0.9224,-0.2813
1635580638261,-1.9775,-7.4805,5.5586,-2.8574,0.8799,-0.5015
1635580638264,-2.0332,-7.6484,5.1992,-2.6875,0.8882,-0.5620
1635580638287,-1.9912,-7.9492,5.0586,-2.4258,0.8413,-0.6240
1635580638289,-1.9072,-8.3906,5.1992,-2.1699,0.8052,-0.6152
1635580638290,-1.9512,-8.5469,4.9883,-1.9893,0.8682,-0.5088
1635580638317,-2.1777,-8.4609,4.9453,-1.8018,0.9199,-0.4124
1635580638319,-2.3438,-8.3281,4.7188,-1.6094,0.9150,-0.4124
1635580638320,-2.4863,-8.2969,4.2461,-1.4434,0.9019,-0.4324
1635580638347,-2.5781,-8.2266,3.9453,-1.3516,0.9199,-0.3994
1635580638349,-2.7305,-7.8867,3.6172,-1.3359,0.9199,-0.3313
1635580638350,-2.8164,-7.4531,3.1875,-1.2871,0.8872,-0.2876
1635580638378,-2.8965,-7.2070,3.0176,-1.2471,0.8413,-0.2632
1635580638381,-3.0137,-7.0313,2.9023,-1.3047,0.8252,-0.2717
1635580638383,-3.2031,-7.0898,2.6738,-1.3438,0.8159,-0.2983
1635580638408,-3.3750,-7.4141,2.6250,-1.2930,0.7827,-0.3281
1635580638411,-3.4707,-7.8594,2.7891,-1.2441,0.7202,-0.3291
1635580638413,-3.4824,-8.2031,2.8477,-1.1689,0.6401,-0.3325
1635580638445,-3.3359,-8.3125,2.7734,-1.0381,0.5786,-0.3601
1635580638448,-3.2461,-8.1484,2.6563,-0.9624,0.5786,-0.3750
1635580638450,-3.3438,-7.8398,2.4434,-0.9253,0.6177,-0.4016
1635580638469,-3.5742,-7.9102,2.3359,-0.8696,0.6616,-0.4124
1635580638471,-3.9160,-8.7188,2.2070,-0.8706,0.6606,-0.3525
1635580638474,-4.2031,-10.3281,2.1641,-0.8877,0.5542,-0.2452
1635580638498,-4.4102,-13.0078,2.1563,-0.7061,0.3521,-0.0814
1635580638501,-4.0781,-15.1719,2.0605,-0.4951,0.1222,0.0569
1635580638504,-3.2773,-14.1563,1.7354,-0.3804,-0.0225,0.2059
1635580638530,-2.6973,-11.1641,2.0273,-0.0292,-0.0076,0.2974
1635580638532,-2.5313,-8.5781,2.4082,0.5205,0.0924,0.2283
1635580638534,-2.6445,-6.9961,2.3496,0.8623,0.1892,0.1133
1635580638558,-2.9004,-6.3789,2.2344,0.8477,0.2020,0.0038
1635580638561,-3.0859,-6.6875,2.4023,0.6699,0.0775,-0.1101
1635580638563,-3.0469,-7.6406,2.5781,0.5493,-0.1204,-0.2058
1635580638589,-2.7637,-8.8594,2.5391,0.5762,-0.2927,-0.2281
1635580638591,-2.3652,-10.1172,2.7480,0.7583,-0.3992,-0.1803
1635580638593,-1.9746,-10.7734,3.0703,1.0000,-0.4331,-0.1186
1635580638619,-1.6445,-10.4609,3.2520,1.2412,-0.3726,-0.0590
1635580638621,-1.5586,-9.5391,3.5273,1.4189,-0.2512,0.0069
1635580638623,-1.7236,-8.6016,3.9590,1.4658,-0.1555,0.0038
1635580638649,-1.9678,-7.8359,4.2188,1.3867,-0.1087,-0.0452
1635580638651,-2.2324,-7.3594,4.3789,1.2070,-0.0980,-0.0750
1635580638654,-2.3652,-7.0820,4.5508,0.9858,-0.1183,-0.0750
1635580638679,-2.3047,-6.9609,4.5625,0.7632,-0.1459,-0.0569
1635580638682,-1.9990,-7.3984,4.6914,0.3230,-0.1459,-0.0101
1635580638685,-1.9248,-7.6055,4.7227,0.0963,-0.0884,-0.0154
1635580638708,-1.9463,-7.7695,4.7500,-0.0685,-0.0193,-0.0356
1635580638710,-2.0605,-8.0234,4.6680,-0.1537,0.0328,-0.0590
1635580638712,-2.2129,-8.2500,4.5195,-0.1888,0.0467,-0.0750
1635580638738,-2.2813,-8.4375,4.3086,-0.1995,0.0339,-0.0739
1635580638739,-2.2734,-8.6094,4.1563,-0.1781,0.0073,-0.0612
1635580638741,-2.2324,-8.6875,4.0313,-0.1239,-0.0182,-0.0537
1635580638769,-2.1563,-8.6406,3.9688,-0.0547,-0.0352,-0.0494
1635580638771,-2.0840,-8.5469,3.8418,0.0272,-0.0427,-0.0356
1635580638774,-2.0332,-8.4688,3.7598,0.0984,-0.0459,-0.0303
1635580638799,-2.0195,-8.3750,3.8926,0.1335,-0.0406,-0.0367
1635580638802,-2.0391,-8.2734,4.0352,0.1622,-0.0331,-0.0367
1635580638806,-2.0586,-8.2500,4.0664,0.2155,-0.0342,-0.0260
1635580638829,-2.0996,-8.2969,4.1133,0.2495,-0.0374,-0.0260
1635580638831,-2.1133,-8.2734,4.1914,0.2474,-0.0363,-0.0356
1635580638834,-2.1035,-8.2031,4.2305,0.2400,-0.0300,-0.0356
1635580638859,-2.1445,-8.2344,4.2305,0.2400,-0.0374,-0.0399
1635580638862,-2.1211,-8.2188,4.3203,0.2283,-0.0342,-0.0516
1635580638864,-2.1465,-8.2031,4.2422,0.2251,-0.0204,-0.0590
1635580638889,-2.2520,-8.3047,4.2148,0.2634,-0.0151,-0.0686
1635580638892,-2.3008,-8.4297,4.4063,0.3101,-0.0267,-0.0845
1635580638894,-2.3457,-8.5391,4.4766,0.3582,-0.0555,-0.0877
1635580638919,-2.3359,-8.5391,4.3906,0.4443,-0.0927,-0.0877
1635580638922,-2.2852,-8.5859,4.0977,0.5781,-0.1257,-0.0898
1635580638924,-2.1563,-8.6406,4.0352,0.7251,-0.1501,-0.0782
1635580638949,-2.0195,-8.5000,4.3672,0.7910,-0.1544,-0.0505
1635580638952,-1.9248,-8.1797,4.5859,0.8018,-0.1490,-0.0377
1635580638954,-1.8027,-7.7344,4.4961,0.8359,-0.1672,-0.0558
1635580638979,-1.5410,-7.2695,5.0742,0.8633,-0.1970,-0.0324
1635580638982,-1.3311,-7.1055,6.2188,0.5518,-0.1810,0.1123
1635580638984,-1.4766,-6.8594,5.4961,0.2037,-0.0502,0.0984
1635580639009,-1.6416,-7.0000,5.5039,0.1644,-0.0480,-0.0388
1635580639012,-1.7949,-7.5234,5.4961,0.0570,-0.0161,-0.0601
1635580639014,-1.9629,-7.6680,5.5586,-0.1814,0.0424,0.0176
1635580639040,-1.9893,-7.4023,5.4414,-0.3750,0.0413,0.0761
1635580639043,-1.9551,-7.2734,4.8438,-0.4355,0.0222,0.0559
1635580639045,-2.0156,-7.5898,4.9102,-0.4634,0.0403,0.0197
1635580639070,-2.1465,-7.8945,4.7930,-0.5928,0.0999,0.0229
1635580639073,-2.3223,-8.0859,4.4805,-0.6665,0.1274,0.0186
1635580639075,-2.4121,-8.2734,4.3945,-0.6206,0.1052,0.0112
1635580639100,-2.3750,-8.2969,4.3398,-0.6177,0.0839,0.0208
1635580639102,-2.3379,-8.1328,4.3477,-0.6548,0.0722,0.0346
1635580639104,-2.2539,-8.0938,4.4063,-0.6440,0.0552,0.0410
1635580639130,-2.1016,-8.2188,4.1719,-0.5835,0.0360,0.0272
1635580639132,-2.0117,-8.4219,4.1484,-0.4963,0.0296,0.0144
1635580639134,-2.0059,-8.5313,4.1016,-0.4387,0.0520,0.0069
1635580639160,-2.0332,-8.5391,4.0859,-0.3772,0.0850,-0.0037
1635580639162,-2.0938,-8.5078,4.1797,-0.3091,0.1041,-0.0186
1635580639173,-2.1523,-8.3906,4.0820,-0.2610,0.0967,-0.0324
1635580639190,-2.1895,-8.3984,4.0234,-0.1963,0.0583,-0.0324
1635580639192,-2.2090,-8.6328,3.9238,-0.0952,0.0062,-0.0324
1635580639195,-2.1758,-8.9219,3.8203,0.0378,-0.0502,-0.0526
1635580639220,-2.1387,-9.1094,3.8027,0.2112,-0.1033,-0.0739
1635580639222,-2.0742,-9.0859,3.7188,0.4260,-0.1364,-0.0867
1635580639225,-2.0547,-8.8594,3.7988,0.6240,-0.1416,-0.0888
1635580639250,-2.0313,-8.5625,4.0039,0.7856,-0.1470,-0.0963
1635580639252,-1.9941,-8.3359,4.0977,0.9243,-0.1587,-0.1176
1635580639254,-1.7568,-8.0234,4.6875,0.9614,-0.1661,-0.1027
1635580639280,-1.4795,-7.5859,5.5820,0.7314,-0.1278,-0.0154
1635580639282,-1.3428,-7.0781,5.6328,0.5273,-0.0459,-0.0026
1635580639285,-1.3232,-6.7891,5.3516,0.4761,0.0179,-0.0771
1635580639310,-1.4697,-7.0039,5.1875,0.4006,0.0924,-0.1090
1635580639312,-1.7979,-7.3945,5.0703,0.2177,0.1711,-0.0792
1635580639315,-2.0820,-7.6523,4.8242,0.0378,0.2030,-0.0612
1635580639350,-2.1074,-7.8008,4.8086,0.0144,0.1658,-0.0728
1635580639352,-1.9531,-7.9141,4.7344,-0.0186,0.1371,-0.0739
1635580639354,-1.8457,-7.9961,4.5977,-0.0580,0.1605,-0.0622
1635580639369,-1.8574,-8.0391,4.7422,-0.0963,0.1946,-0.0292
1635580639375,-2.0176,-8.0391,4.7617,-0.1239,0.2286,-0.0005
1635580639387,-2.2266,-8.1016,4.9414,-0.1282,0.2041,0.0229
1635580639392,-2.2910,-8.0469,4.8750,-0.1866,0.1477,0.0495
1635580639396,-2.2344,-7.8906,4.8750,-0.2568,0.0860,0.0953
1635580639419,-2.1074,-7.7656,4.8242,-0.3047,0.0541,0.1335
1635580639421,-2.0215,-7.8438,4.6836,-0.3462,0.0488,0.1335
1635580639425,-2.0586,-8.0625,4.5000,-0.3623,0.0562,0.0878
1635580639454,-2.1777,-8.4063,4.4648,-0.3259,0.0668,0.0357
1635580639455,-2.3066,-8.6328,4.4258,-0.2664,0.0722,0.0112
1635580639462,-2.4512,-8.6875,4.1875,-0.1803,0.0509,-0.0037
1635580639481,-2.5176,-8.7734,3.9980,-0.0313,0.0009,-0.0239
1635580639486,-2.4922,-8.8516,3.8711,0.1378,-0.0587,-0.0462
1635580639488,-2.4121,-8.7891,3.8398,0.3081,-0.1119,-0.0632
1635580639513,-2.2324,-8.6172,3.9609,0.4827,-0.1490,-0.0622
1635580639516,-2.0000,-8.2891,4.6250,0.5410,-0.1693,-0.0122
1635580639517,-1.8164,-7.7930,5.1445,0.4570,-0.1490,0.0357
1635580639542,-1.6494,-7.3281,5.3672,0.3879,-0.1278,0.0293
1635580639545,-1.5146,-7.1484,5.3242,0.3325,-0.1236,0.0016
1635580639549,-1.4355,-7.2930,5.0547,0.2112,-0.1108,-0.0069
1635580639570,-1.4883,-7.6133,4.7773,0.0782,-0.0682,-0.0016
1635580639578,-1.7236,-8.0469,4.7656,0.0155,-0.0225,-0.0016
1635580639581,-1.9033,-8.2813,4.9258,0.0016,-0.0097,-0.0122
1635580639601,-1.9648,-8.1172,5.3047,-0.0143,-0.0289,0.0133
1635580639602,-1.9170,-7.7148,5.1875,-0.0558,-0.0363,0.0676
1635580639610,-1.8838,-7.4063,4.9219,-0.1058,-0.0119,0.0846
1635580639632,-1.9365,-7.4023,5.0469,-0.3728,0.0892,0.0431
1635580639634,-2.2832,-7.7773,4.4063,-0.4675,0.1243,0.0197
1635580639635,-2.4844,-8.2109,4.3359,-0.4292,0.1158,0.0048
1635580639662,-2.5586,-8.5625,4.2656,-0.3687,0.0860,0.0048
1635580639666,-2.5410,-8.5781,4.2070,-0.2834,0.0605,0.0069
1635580639668,-2.4570,-8.5000,4.4609,-0.1781,0.0296,0.0091
1635580639698,-2.3516,-8.2422,4.3203,-0.1431,0.0296,-0.0058
1635580639700,-2.1953,-8.0391,4.5430,-0.1080,0.0296,-0.0154
1635580639706,-2.0332,-7.9336,4.4141,-0.1165,0.0413,-0.0228
1635580639715,-2.0527,-7.9961,3.9824,-0.0941,0.0509,-0.0473
1635580639717,-2.1855,-8.4375,4.0977,0.0293,0.0637,-0.0877
1635580639746,-2.2520,-8.7969,4.5430,0.1027,0.0530,-0.1027
1635580639748,-2.2539,-8.7422,4.5000,0.1548,0.0254,-0.0824
1635580639750,-2.0273,-8.6172,4.6055,0.2495,-0.0448,-0.0441
1635580639772,-1.6250,-8.1406,4.8320,0.2421,-0.1076,-0.0069
1635580639778,-1.2568,-7.6211,4.7461,0.1910,-0.1140,0.0006
1635580639780,-1.1152,-7.4492,4.7617,0.2177,-0.0470,-0.0345
1635580639792,-1.2354,-7.5703,4.9648,0.1538,0.0371,-0.0388
1635580639795,-1.6016,-7.7969,4.6055,0.0410,0.1222,-0.0303
1635580639822,-1.9746,-8.1016,4.6875,0.0559,0.1339,-0.0377
1635580639827,-2.1250,-8.2188,4.8203,0.0559,0.1009,-0.0441
1635580639829,-2.1172,-8.1016,4.7891,0.0559,0.0541,-0.0207
1635580639852,-2.0313,-7.9102,4.8281,0.0602,0.0477,0.0101
1635580639855,-2.0156,-7.7695,4.6602,0.0165,0.0690,0.0197
1635580639859,-2.1816,-7.8086,4.5664,-0.0505,0.1020,0.0123
1635580639873,-2.3789,-7.9688,4.6914,-0.1016,0.1052,0.0059
1635580639876,-2.5078,-8.0313,4.7656,-0.1260,0.0797,0.0133
1635580639901,-2.4629,-8.0391,4.8320,-0.1473,0.0179,0.0559
1635580639904,-2.3223,-8.0703,4.6250,-0.1600,-0.0352,0.0761
1635580639906,-2.1211,-8.0859,4.4297,-0.1611,-0.0459,0.0559
1635580639929,-2.0391,-8.1406,4.4414,-0.1399,-0.0129,0.0144
1635580639932,-2.0645,-8.2656,4.5625,-0.0952,0.0328,-0.0271
1635580639934,-2.1738,-8.3359,4.4961,-0.0473,0.0605,-0.0388
1635580639960,-2.2637,-8.3906,4.5820,0.0367,0.0424,-0.0207
1635580639967,-2.1641,-8.3281,4.7031,0.0846,-0.0033,0.0027
1635580639969,-1.9482,-8.0625,4.5273,0.1133,-0.0267,0.0080
1635580639981,-1.7813,-7.9023,4.5195,0.1261,-0.0097,0.0048
1635580639983,-1.7236,-7.7852,4.6094,0.0761,0.0264,-0.0122
1635580640010,-1.8115,-7.8594,4.6172,0.0165,0.0498,-0.0239
1635580640013,-1.9033,-8.0938,4.5859,0.0006,0.0583,-0.0271
1635580640015,-2.0039,-8.1875,4.5078,-0.0026,0.0562,-0.0207
1635580640042,-2.0957,-8.2813,4.5000,0.0144,0.0509,-0.0090
1635580640044,-2.1348,-8.3125,4.5938,0.0655,0.0318,-0.0037
1635580640046,-2.1035,-8.2031,4.5703,0.0984,0.0009,0.0048
1635580640072,-2.1270,-8.1016,4.6406,0.1219,-0.0236,0.0155
1635580640074,-2.0938,-8.0156,4.7773,0.1335,-0.0236,0.0240
1635580640076,-2.1113,-7.8086,4.8789,0.0771,-0.0140,0.0357
1635580640102,-2.1777,-7.6406,4.6563,0.0016,-0.0108,0.0335
1635580640104,-2.2598,-7.7578,4.7734,0.0006,-0.0108,-0.0005
1635580640107,-2.3574,-7.9805,4.8203,-0.0739,0.0062,-0.0207
1635580640132,-2.3965,-8.1328,4.8125,-0.1600,0.0147,-0.0324
1635580640134,-2.2832,-8.2109,4.8008,-0.1600,-0.0087,-0.0250
1635580640136,-2.0508,-8.0078,4.4883,-0.1431,-0.0076,-0.0122
1635580640162,-1.8691,-7.8867,4.4727,-0.1122,0.0243,-0.0143
1635580640164,-1.8809,-7.9258,4.6328,-0.1271,0.0764,-0.0303
1635580640167,-1.9941,-8.0859,4.5195,-0.1420,0.1349,-0.0643
1635580640192,-2.1445,-8.2188,4.3281,-0.0803,0.1711,-0.0920
1635580640194,-2.3047,-8.3125,4.1719,-0.0473,0.1807,-0.1069
1635580640197,-2.3301,-8.4688,4.2305,-0.0101,0.1360,-0.1111
1635580640222,-2.2754,-8.5703,4.3477,0.0016,0.0690,-0.0888
1635580640224,-2.1074,-8.5234,4.4375,0.0591,-0.0033,-0.0516
1635580640226,-1.9053,-8.5469,4.2188,0.2294,-0.0651,-0.0239
1635580640252,-1.7520,-8.6094,4.0078,0.3687,-0.0789,-0.0164
1635580640254,-1.6895,-8.3516,4.5430,0.3582,-0.0576,0.0069
1635580640256,-1.7158,-7.8281,4.8242,0.3101,-0.0087,0.0176
1635580640282,-1.7734,-7.4219,4.9688,0.3367,0.0041,-0.0079
1635580640285,-1.8984,-7.3906,5.1367,0.2803,-0.0023,-0.0079
1635580640287,-2.0469,-7.5234,5.1211,0.1315,-0.0044,0.0155
1635580640312,-2.1660,-7.6719,5.0742,-0.0196,-0.0225,0.0186
1635580640315,-2.1914,-7.7773,5.1758,-0.1260,-0.0374,0.0091
1635580640317,-2.1230,-7.8086,5.1484,-0.2175,-0.0300,0.0155
1635580640342,-2.1230,-7.6992,4.8125,-0.2983,0.0222,0.0144
1635580640345,-2.2207,-7.9063,4.8164,-0.3174,0.0605,0.0006
1635580640347,-2.3438,-8.1641,4.2266,-0.3015,0.0967,-0.0303
1635580640373,-2.3984,-8.4688,3.9707,-0.1846,0.0945,-0.0569
1635580640375,-2.3477,-8.5859,4.0508,-0.0867,0.0711,-0.0547
1635580640377,-2.2090,-8.4375,3.9902,-0.0026,0.0648,-0.0462
1635580640403,-2.0703,-8.2188,4.1094,0.1027,0.0605,-0.0388
1635580640405,-2.0176,-8.1484,4.0820,0.1633,0.0797,-0.0547
1635580640407,-2.0176,-8.2734,4.5000,0.1814,0.0690,-0.0601
1635580640433,-1.9912,-8.3672,4.7031,0.1570,0.0360,-0.0516
1635580640435,-1.8525,-8.2422,4.9258,0.1719,-0.0236,-0.0303
1635580640437,-1.6709,-8.0078,5.1094,0.1771,-0.0576,0.0176
1635580640463,-1.5625,-7.8008,4.8711,0.1857,-0.0502,0.0474
1635580640465,-1.6230,-7.7383,4.7813,0.1622,-0.0087,0.0303
1635580640467,-1.7881,-7.7148,4.8984,0.0761,0.0328,-0.0005
1635580640493,-2.0215,-7.7031,4.9063,-0.0154,0.0488,0.0006
1635580640495,-2.1758,-7.8203,5.0508,-0.0739,0.0254,0.0208
1635580640498,-2.2031,-7.9063,4.9375,-0.1462,-0.0044,0.0410
1635580640523,-2.1699,-7.9180,4.6641,-0.1952,-0.0065,0.0431
1635580640525,-2.1484,-7.9453,4.5859,-0.2122,0.0126,0.0229
1635580640528,-2.2344,-8.1094,4.2266,-0.2271,0.0594,-0.0101
1635580640553,-2.4199,-8.4219,4.1328,-0.1909,0.0999,-0.0505
1635580640556,-2.5625,-8.5547,4.1172,-0.1175,0.1030,-0.0569
1635580640558,-2.2539,-7.8164,4.4609,-0.0292,0.0062,-0.0101
1635580640583,-1.9102,-7.2539,4.6094,-0.0984,-0.0246,0.0335
1635580640585,-1.6943,-6.8438,4.4648,-0.2399,-0.0087,0.0761
1635580640587,-1.5918,-7.1680,4.6094,-0.2654,0.0296,0.0569
1635580640613,-1.6348,-7.9961,4.9023,-0.3281,0.0860,0.0144
1635580640615,-1.8213,-8.6875,4.9258,-0.5098,0.1541,-0.0111
1635580640617,-2.1172,-9.0625,4.8867,-0.5630,0.1732,-0.0026
1635580640647,-2.3145,-9.0313,4.4805,-0.3589,0.1360,-0.0048
1635580640649,-2.3438,-9.0234,4.0977,0.0123,0.0445,-0.0122
1635580640651,-2.3574,-9.1484,3.7324,0.2803,-0.0544,-0.0069
1635580640674,-2.4180,-9.1641,3.4570,0.4229,-0.1364,-0.0037
1635580640676,-2.4961,-9.1172,3.8301,0.6152,-0.2045,-0.0239
1635580640679,-2.4824,-8.8594,4.3477,0.7983,-0.2428,-0.0409
1635580640704,-2.3379,-7.8594,4.9766,0.8252,-0.2225,0.0027
1635580640706,-2.1855,-6.6133,6.7148,0.4741,-0.2034,0.1367
1635580640708,-1.9053,-5.2617,6.6992,-0.1239,-0.1373,0.1580
1635580640734,-1.4170,-4.6172,6.2344,-0.6421,-0.1087,0.0654
1635580640736,-0.9263,-5.2734,6.0352,-1.3701,0.0381,0.0729
1635580640737,-0.8423,-6.4219,5.6055,-2.3730,0.3242,0.1782
1635580640764,-1.2373,-7.1641,5.1328,-3.3027,0.6328,0.2229
1635580640766,-1.8359,-7.5820,4.4648,-3.8516,0.8486,0.1580
1635580640768,-2.3887,-8.1250,3.4512,-4.0000,0.9937,0.0857
1635580640794,-2.8418,-9.2266,2.5996,-3.8301,1.0645,0.1016
1635580640796,-3.1992,-10.7891,2.5273,-3.4141,0.9746,0.1559
1635580640798,-3.1875,-12.5000,3.3398,-2.6836,0.7061,0.1442
1635580640824,-2.7637,-13.3516,3.3613,-1.4121,0.4563,0.0793
1635580640826,-2.0918,-13.1016,2.5469,0.2240,0.4329,0.1974
1635580640828,-1.7500,-11.9453,2.1777,1.5918,0.5581,0.3164
1635580640854,-1.8984,-10.0000,1.7139,2.3926,0.6646,0.2389
1635580640856,-2.4531,-8.2578,1.8359,2.7344,0.6934,0.0931
1635580640858,-3.1387,-7.1602,2.4824,2.7891,0.6211,-0.0473
1635580640884,-3.5117,-6.6250,2.6094,2.6660,0.4063,-0.1963
1635580640886,-3.5137,-6.3516,1.9551,2.4512,0.1456,-0.3271
1635580640888,-3.3359,-6.2578,1.4121,2.2598,-0.0778,-0.3750
1635580640914,-3.0781,-6.3750,1.4863,2.1719,-0.2585,-0.3813
1635580640916,-2.6621,-6.4180,1.6895,2.1289,-0.4045,-0.3804
1635580640919,-2.1230,-6.0820,1.7686,2.0215,-0.5063,-0.3792
1635580640944,-1.6201,-5.2227,2.0469,1.7275,-0.5322,-0.3940
1635580640946,-1.4023,-4.2734,2.4180,1.1377,-0.5127,-0.3845
1635580640948,-1.4580,-4.1406,3.5117,0.1027,-0.4407,-0.3047
1635580640977,-1.4932,-7.8945,6.5000,-1.0303,-0.4172,-0.2207
1635580640979,-1.4238,-15.8516,6.7656,-1.5967,-0.4290,-0.1846
1635580640981,-1.3096,-19.7813,2.8359,-1.6074,-0.2491,0.0495
1635580641005,-1.6084,-15.5234,3.2793,-1.2295,0.0307,0.5283
1635580641006,-1.8096,-8.7656,4.5742,-0.2578,0.1732,0.6167
1635580641008,-2.0195,-4.9727,4.4648,0.8281,0.2903,0.2761
1635580641033,-2.3887,-3.6074,4.0859,0.9678,0.3638,-0.0984
1635580641035,-2.7930,-3.9980,3.6445,0.3953,0.3467,-0.2058
1635580641036,-2.9980,-5.8906,3.3867,-0.2739,0.1456,-0.1229
1635580641063,-2.8145,-8.4219,3.4883,-0.6982,-0.0959,-0.1027
1635580641065,-2.3984,-10.7344,3.7363,-0.6450,-0.2278,-0.1090
1635580641066,-2.0117,-11.7109,3.9629,-0.2399,-0.2278,-0.0494
1635580641095,-1.8359,-10.9766,4.1406,0.2717,-0.1193,0.0697
1635580641097,-1.8838,-9.3594,4.2109,0.7261,0.0147,0.0931
1635580641098,-2.1387,-7.8164,4.1016,0.8794,0.0797,0.0282
1635580641125,-2.3887,-6.8711,3.9844,0.7295,0.0892,-0.0175
1635580641127,-2.5703,-6.6289,4.1406,0.4634,0.0541,-0.0228
1635580641129,-2.5566,-7.0352,4.4453,0.2048,-0.0278,-0.0207
1635580641155,-2.3750,-7.6875,4.5938,0.0240,-0.1066,-0.0090
1635580641158,-2.1797,-8.2422,4.6680,-0.0590,-0.1289,0.0261
1635580641160,-2.0117,-8.5156,4.6133,-0.0558,-0.1129,0.0506
1635580641186,-1.9697,-8.5469,4.4766,-0.0015,-0.0565,0.0335
1635580641188,-2.0156,-8.3984,4.4570,0.0229,0.0158,0.0006
1635580641190,-2.1875,-8.1641,4.4531,0.0133,0.0679,-0.0111
1635580641215,-2.3496,-8.0000,4.4297,-0.0175,0.0754,-0.0069
1635580641217,-2.4414,-7.9883,4.2656,-0.0367,0.0456,-0.0133
1635580641219,-2.4551,-8.1484,4.1055,-0.0334,-0.0065,-0.0218
1635580641245,-2.3828,-8.3672,4.0430,-0.0249,-0.0502,-0.0218
1635580641247,-2.3145,-8.5469,4.1250,0.0123,-0.0629,-0.0250
1635580641249,-2.2559,-8.5547,4.2148,0.0771,-0.0598,-0.0335
1635580641275,-2.2500,-8.4453,4.1914,0.1495,-0.0512,-0.0420
1635580641278,-2.3223,-8.4609,4.1250,0.2368,-0.0480,-0.0569
1635580641280,-2.4082,-8.5547,4.0352,0.3379,-0.0608,-0.0792
1635580641305,-2.4355,-8.6094,3.9980,0.4719,-0.0906,-0.0952
1635580641307,-2.3691,-8.6094,4.2422,0.6079,-0.1353,-0.0920
1635580641309,-2.2383,-8.4688,4.3789,0.6753,-0.1799,-0.0665
1635580641335,-2.0273,-8.2813,4.2539,0.7412,-0.2034,-0.0494
1635580641337,-1.7764,-8.0938,4.2656,0.8306,-0.2119,-0.0473
1635580641339,-1.4814,-7.6992,5.3945,0.7144,-0.2023,0.0165
1635580641365,-1.4004,-7.1172,5.3789,0.4229,-0.1023,0.0771
1635580641367,-1.5342,-6.8125,5.1641,0.3538,-0.0406,0.0144
1635580641369,-1.6465,-7.1602,5.4414,0.2559,-0.0129,-0.0016
1635580641395,-1.8623,-7.5273,5.1250,-0.0069,0.0456,0.0623
1635580641397,-2.0078,-7.6680,5.1953,-0.1697,0.0562,0.0708
1635580641399,-1.9844,-7.5508,4.9922,-0.2844,0.0498,0.0559
1635580641425,-2.0527,-7.4102,4.7813,-0.3877,0.0818,0.0697
1635580641427,-2.2441,-7.5430,4.7344,-0.4836,0.1126,0.0761
1635580641429,-2.4414,-7.7891,4.5391,-0.5464,0.1445,0.0314
1635580641456,-2.6406,-8.0234,4.5000,-0.5566,0.1434,0.0091
1635580641457,-2.7598,-8.1875,4.5000,-0.6006,0.1190,0.0218
1635580641459,-2.6230,-8.3984,4.0742,-0.5537,0.0286,0.0016
1635580641486,-2.4707,-8.6641,4.1641,-0.4590,-0.0140,-0.0175
1635580641487,-2.3574,-8.7578,3.9551,-0.4197,-0.0267,-0.0154
1635580641489,-2.3965,-8.7578,3.9180,-0.3516,0.0030,0.0016
1635580641516,-2.4727,-8.7109,4.0352,-0.2261,0.0169,-0.0048
1635580641518,-2.4570,-8.6484,3.8359,-0.0356,-0.0246,-0.0622
1635580641519,-2.3438,-8.8203,3.7559,0.1921,-0.0863,-0.1027
1635580641546,-2.2188,-9.0078,3.8125,0.3857,-0.1373,-0.0952
1635580641548,-2.0039,-8.9141,3.8242,0.5664,-0.1693,-0.0782
1635580641549,-1.7637,-8.5234,4.4219,0.6558,-0.1821,-0.0388
1635580641576,-1.5723,-7.8359,5.1094,0.5610,-0.1373,0.0091
1635580641578,-1.4844,-7.0781,5.3398,0.4133,-0.0608,0.0101
1635580641579,-1.4795,-6.6563,5.0313,0.3271,0.0126,-0.0580
1635580641606,-1.5918,-6.8086,5.1445,0.2017,0.0583,-0.0920
1635580641609,-1.8115,-7.2422,4.9453,-0.0888,0.1158,-0.0335
1635580641612,-2.0820,-7.7969,4.6055,-0.2303,0.1626,-0.0069
1635580641635,-2.2383,-8.3203,4.7461,-0.1483,0.1531,-0.0399
1635580641637,-2.2285,-8.4609,4.6055,-0.0728,0.1382,-0.0814
1635580641639,-2.2773,-8.3203,4.4531,-0.0388,0.1414,-0.0707
1635580641665,-2.3887,-8.2813,4.3750,-0.0718,0.1541,-0.0367
1635580641666,-2.4453,-8.2266,4.2305,-0.1026,0.1222,-0.0239
1635580641667,-2.3809,-8.2578,4.1406,-0.0824,0.0626,-0.0377
1635580641695,-2.1738,-8.3750,4.2148,-0.0547,0.0105,-0.0388
1635580641696,-2.0469,-8.4219,4.3164,-0.0239,0.0115,-0.0143
1635580641698,-2.0527,-8.3906,4.4375,0.0367,0.0243,-0.0079
1635580641733,-2.0742,-8.3438,4.5195,0.0867,0.0381,-0.0250
1635580641735,-2.1563,-8.1953,4.5039,0.0974,0.0435,-0.0271
1635580641737,-2.1582,-8.0391,4.5391,0.0921,0.0190,-0.0154
1635580641748,-2.0801,-7.9414,4.5625,0.0665,-0.0108,-0.0058
1635580641750,-1.9863,-7.9180,4.6094,0.0474,-0.0267,-0.0016
1635580641776,-1.9629,-7.9766,4.7188,0.0176,-0.0193,0.0038
1635580641781,-1.9941,-8.0313,4.8359,-0.0079,-0.0033,0.0080
1635580641786,-2.0781,-8.0156,4.8477,-0.0282,-0.0033,0.0144
1635580641796,-2.1172,-7.9688,4.7031,-0.0526,-0.0151,0.0293
1635580641801,-2.0742,-7.9023,4.6641,-0.0877,-0.0331,0.0399
1635580641826,-2.0059,-7.8164,4.5508,-0.1239,-0.0310,0.0378
1635580641831,-2.0410,-7.8828,4.6758,-0.1558,-0.0065,0.0346
1635580641836,-2.1328,-7.8906,4.5586,-0.2292,0.0243,0.0293
1635580641847,-2.2930,-7.9922,4.2852,-0.2410,0.0530,0.0133
1635580641851,-2.4727,-8.3516,4.4141,-0.1984,0.0552,-0.0058
1635580641876,-2.5000,-8.4531,4.0977,-0.1920,0.0435,-0.0282
1635580641881,-2.4512,-8.4375,3.9473,-0.1080,0.0179,-0.0356
1635580641886,-2.3301,-8.5156,4.0703,-0.0069,-0.0055,-0.0313
1635580641896,-2.2266,-8.3906,4.0352,0.0219,0.0084,-0.0324
1635580641901,-2.1699,-8.2969,4.1172,0.0889,0.0360,-0.0484
1635580641927,-2.1973,-8.3281,4.3047,0.1793,0.0605,-0.0707
1635580641931,-2.2559,-8.2891,4.2969,0.1730,0.0743,-0.0750
1635580641936,-2.3125,-8.2188,4.1758,0.1367,0.0552,-0.0760
1635580641947,-2.2207,-8.2109,4.4023,0.1527,0.0286,-0.0739
1635580641951,-2.0039,-8.1563,4.6133,0.1484,-0.0055,-0.0473
1635580641977,-1.7998,-8.1406,4.5820,0.1261,-0.0385,-0.0218
1635580641981,-1.6016,-8.1875,4.6445,0.1581,-0.0704,-0.0079
1635580641986,-1.4883,-8.1094,4.5391,0.1187,-0.0523,0.0186
1635580641997,-1.5488,-7.9648,4.6094,0.1272,0.0158,0.0250
1635580642001,-1.7588,-7.8398,4.9219,0.1836,0.0701,0.0186
1635580642027,-1.9990,-7.7422,4.9844,0.1198,0.0945,0.0282
1635580642032,-2.2012,-7.6992,5.0781,0.0112,0.0754,0.0399
1635580642036,-2.2344,-7.7930,5.1914,-0.0707,0.0339,0.0272
1635580642047,-2.1328,-7.8281,4.7500,-0.1473,0.0190,0.0282
1635580642052,-2.1777,-7.8594,4.4453,-0.1835,0.0467,0.0378
1635580642077,-2.2832,-7.9883,4.3125,-0.2122,0.0913,0.0208
1635580642082,-2.4785,-8.1328,4.0625,-0.2281,0.1222,-0.0197
1635580642086,-2.6523,-8.3906,3.9570,-0.2026,0.1073,-0.0409
1635580642097,-2.7168,-8.6641,3.8496,-0.1451,0.0722,-0.0462
1635580642102,-2.6191,-8.7188,3.8301,-0.0601,0.0264,-0.0516
1635580642128,-2.4336,-8.5781,3.9277,0.0346,-0.0087,-0.0601
1635580642136,-2.2559,-8.5156,4.2773,0.1453,-0.0342,-0.0612
1635580642141,-2.0410,-8.2344,4.4883,0.2028,-0.0321,-0.0462
1635580642147,-1.9746,-8.0469,4.1992,0.2155,-0.0129,-0.0250
1635580642151,-1.9482,-8.1406,4.1641,0.2145,-0.0331,-0.0143
1635580642177,-1.8555,-8.0938,4.3711,0.1410,-0.0565,-0.0154
1635580642182,-1.7207,-8.0078,4.6250,0.1356,-0.0704,-0.0122
1635580642186,-1.5986,-7.9336,4.9570,0.1665,-0.0853,0.0091
1635580642197,-1.5938,-7.8125,4.9844,0.1367,-0.0704,0.0399
1635580642201,-1.6807,-7.7656,4.9727,0.1155,-0.0352,0.0602
1635580642227,-1.8428,-7.7695,4.8867,0.0612,0.0041,0.0442
1635580642232,-2.0215,-7.8359,4.8438,0.0155,0.0307,0.0069
1635580642236,-2.2207,-7.9336,4.8242,-0.0026,0.0509,-0.0101
1635580642249,-2.3770,-7.9805,4.8359,-0.0207,0.0562,0.0006
1635580642254,-2.4336,-8.0078,4.7148,-0.0675,0.0381,0.0186
1635580642267,-2.3828,-8.0156,4.3828,-0.0814,0.0233,0.0133
1635580642272,-2.3340,-8.1953,4.6367,-0.0282,0.0094,-0.0079
1635580642297,-2.2559,-8.2891,4.6016,-0.0133,0.0286,-0.0292
1635580642302,-2.2266,-8.2031,4.4570,-0.0196,0.0658,-0.0218
1635580642306,-2.2559,-8.1563,4.3008,-0.0079,0.0924,-0.0228
1635580642317,-2.3008,-8.1016,4.2383,-0.0239,0.1020,-0.0303
1635580642322,-2.3711,-8.1328,4.1484,-0.0622,0.1041,-0.0388
1635580642347,-2.3828,-8.2109,4.1055,-0.0547,0.0797,-0.0420
1635580642352,-2.2441,-8.2422,4.2461,-0.0399,0.0296,-0.0282
1635580642357,-2.0488,-8.2813,4.3633,-0.0367,0.0020,-0.0090
1635580642367,-1.8574,-8.2266,4.3711,0.0102,-0.0076,0.0144
1635580642372,-1.7881,-8.1328,4.5313,0.0751,0.0041,0.0240
1635580642398,-1.8379,-8.0859,4.7109,0.1208,0.0328,0.0197
1635580642402,-1.9795,-8.0469,4.6875,0.1219,0.0498,0.0282
1635580642407,-2.1680,-7.9844,4.8477,0.0963,0.0381,0.0516
1635580642418,-2.1953,-7.7656,5.0625,0.0559,-0.0448,0.0740
1635580642422,-2.1563,-7.6406,4.9375,-0.0441,-0.0555,0.0623
1635580642448,-2.1699,-7.9844,4.7734,-0.1313,-0.0331,0.0357
1635580642456,-2.2734,-8.1094,4.5898,-0.1686,0.0062,0.0091
1635580642461,-2.4297,-8.2422,4.2578,-0.1282,0.0403,-0.0122
1635580642467,-2.5938,-8.4922,4.3828,-0.0718,0.0413,-0.0228
1635580642472,-2.6211,-8.5078,4.2813,-0.0888,0.0105,-0.0282
1635580642506,-2.5176,-8.3281,4.1719,-0.0643,-0.0395,-0.0313
1635580642511,-2.2305,-8.1328,4.3828,0.0059,-0.0853,-0.0292
1635580642515,-2.0000,-7.8281,4.3203,-0.0058,-0.0704,-0.0154
1635580642521,-1.9600,-7.8047,4.5000,-0.0313,-0.0204,-0.0048
1635580642539,-1.9961,-7.9023,4.6602,-0.0622,0.0179,-0.0143
1635580642545,-2.0078,-7.9375,4.6289,-0.0984,0.0445,-0.0250
1635580642550,-2.0000,-7.9102,4.6797,-0.0877,0.0711,-0.0207
1635580642558,-2.0098,-7.8555,4.6445,-0.1026,0.0956,-0.0079
1635580642563,-2.0625,-7.9141,4.3438,-0.1313,0.1169,0.0016
1635580642587,-2.0703,-8.0938,4.1719,-0.1483,0.1158,0.0006
1635580642591,-2.0781,-8.2891,4.0234,-0.1846,0.1158,-0.0154
1635580642594,-2.0820,-8.4844,3.9336,-0.1622,0.1094,-0.0218
1635580642607,-2.1445,-8.6641,3.8828,-0.0898,0.1020,-0.0111
1635580642610,-2.2266,-8.8516,3.8809,0.0325,0.0668,-0.0058
1635580642637,-2.2832,-8.9375,3.8633,0.1963,0.0062,-0.0133
1635580642656,-2.2617,-8.8906,4.0508,0.3430,-0.0682,-0.0079
1635580642660,-2.1660,-8.5313,4.7773,0.3984,-0.1193,0.0208
1635580642664,-2.0684,-7.8359,5.1484,0.3474,-0.1076,0.0325
1635580642668,-2.0586,-7.1719,5.1641,0.3398,-0.0863,0.0197
1635580642677,-2.0898,-6.9805,5.2852,0.2495,-0.0512,0.0027
1635580642680,-2.2422,-7.0273,5.0742,0.0091,-0.0151,-0.0069
1635580642707,-2.3691,-7.3594,4.8828,-0.1984,-0.0289,-0.0260
1635580642710,-2.3887,-7.7461,4.4961,-0.3015,-0.0374,-0.0452
1635580642713,-2.3887,-8.1641,4.5000,-0.3345,-0.0427,-0.0356
1635580642737,-2.3008,-8.4688,4.4922,-0.3516,-0.0427,-0.0164
1635580642740,-2.2070,-8.4375,4.2148,-0.3643,-0.0278,-0.0218
1635580642744,-2.1074,-8.2813,4.1094,-0.3291,-0.0033,-0.0356
1635580642758,-2.0625,-8.0781,4.2266,-0.3484,0.0392,-0.0207
1635580642773,-2.0371,-7.7734,4.4023,-0.5059,0.0999,0.0133
1635580642778,-2.0176,-7.4414,4.5234,-0.7432,0.1509,0.0314
1635580642782,-1.9912,-7.1367,4.4883,-0.9888,0.1786,0.0357
1635580642807,-1.9482,-7.0742,4.4336,-1.2188,0.2126,0.0516
1635580642810,-1.9463,-7.2539,4.3711,-1.4424,0.2615,0.0729
1635580642821,-2.0215,-7.5977,4.4141,-1.6445,0.3074,0.0867
1635580642827,-2.1035,-8.0313,4.2578,-1.7969,0.3391,0.1080
1635580642830,-2.1699,-8.5156,3.9453,-1.9355,0.3477,0.1304
1635580642857,-2.1211,-8.8984,3.7031,-2.0703,0.3286,0.1464
1635580642860,-2.0605,-9.0547,3.5664,-2.1738,0.3125,0.1548
1635580642864,-2.0605,-9.0234,3.5234,-2.2090,0.3254,0.1516
1635580642887,-2.1289,-9.0078,3.3828,-2.1680,0.3669,0.1399
1635580642891,-2.2617,-9.0469,3.2129,-2.1055,0.3989,0.1293
1635580642894,-2.4355,-9.2031,3.0156,-2.0137,0.3860,0.1091
1635580642907,-2.5352,-9.6250,2.4941,-1.8037,0.3372,0.0740
1635580642911,-2.5254,-10.2266,1.8643,-1.4736,0.2637,0.0282
1635580642937,-2.4707,-10.6875,1.6543,-1.0840,0.1860,-0.0218
1635580642941,-2.1855,-11.0938,2.0000,-0.5566,0.1094,-0.0728
1635580642944,-2.0820,-11.1875,2.3555,0.1676,0.1243,-0.0675
1635580642957,-2.2715,-10.6484,1.8164,1.0684,0.2893,-0.0654
1635580642961,-2.3789,-9.9922,1.2422,1.9600,0.3574,-0.1356
1635580642987,-2.5684,-9.4219,1.3018,2.5938,0.3210,-0.1877
1635580642991,-2.8066,-8.5781,1.3789,2.7871,0.2988,-0.2123
1635580642994,-2.9824,-7.4570,1.4648,2.6875,0.2722,-0.2421
1635580643007,-3.1406,-6.7344,1.7813,2.5469,0.1775,-0.2739
1635580643011,-3.1953,-6.6875,2.3828,2.3398,0.0360,-0.3325
1635580643037,-3.0430,-7.0273,2.8164,2.0625,-0.1129,-0.3569
1635580643041,-2.8418,-7.6914,2.9219,1.8242,-0.1980,-0.2866
1635580643044,-2.6445,-8.5469,3.0684,1.6582,-0.2172,-0.1749
1635580643067,-2.5508,-9.0625,3.1230,1.4756,-0.1896,-0.0792
1635580643086,-2.4707,-9.1797,3.6660,1.1982,-0.1714,-0.0058
1635580643089,-2.3691,-9.0859,4.0117,0.9751,-0.1565,0.0314
1635580643094,-2.3340,-8.7266,3.8418,0.7505,-0.1448,0.0708
1635580643097,-2.3555,-8.0703,4.0117,0.4485,-0.1267,0.0697
1635580643107,-2.4023,-7.6055,4.4023,0.1665,-0.0948,0.0676
1635580643111,-2.3652,-7.8086,4.6406,-0.1122,-0.0906,0.0602
1635580643137,-2.2227,-8.1563,4.3555,-0.3186,-0.0863,0.0272
1635580643140,-2.1074,-8.6563,4.2031,-0.3059,-0.0576,0.0176
1635580643144,-1.9863,-9.1563,4.0664,-0.1898,0.0169,0.0484
1635580643167,-1.8906,-9.1172,3.6738,-0.2292,0.0924,0.0697
1635580643171,-1.8574,-8.6016,3.7285,-0.4783,0.1349,0.0388
1635580643174,-1.8789,-7.9336,4.2188,-0.7407,0.1775,-0.0037
1635580643188,-2.0645,-7.6758,4.3203,-0.8452,0.2233,0.0697
1635580643191,-2.2656,-8.1875,4.1563,-0.8389,0.2009,0.1868
1635580643218,-2.3184,-8.8828,4.1172,-0.7891,0.1063,0.2186
1635580643221,-2.2285,-9.0391,4.0234,-0.6294,0.0488,0.1995
1635580643225,-2.1523,-8.8359,3.8223,-0.3281,0.0296,0.1793
1635580643238,-2.1348,-8.4453,3.6973,-0.1111,0.0243,0.1208
1635580643241,-2.1660,-8.0234,3.6406,0.0261,0.0254,0.0740
1635580643268,-2.3008,-7.8203,3.4629,0.2059,0.0583,0.0708
1635580643271,-2.4980,-7.7930,3.0723,0.4060,0.0818,0.0612
1635580643274,-2.6211,-7.7344,2.5449,0.5674,0.0243,0.0091
1635580643288,-2.5898,-7.5391,2.1758,0.6855,-0.0065,-0.0569
1635580643291,-2.4434,-7.2891,1.8770,0.7739,-0.0204,-0.0728
1635580643318,-2.2402,-7.0313,1.7285,0.7539,-0.0576,-0.0399
1635580643322,-2.0605,-6.9844,2.1602,0.5024,-0.0470,-0.0111
1635580643325,-1.9990,-7.2344,2.8477,0.1505,-0.0363,-0.0218
1635580643338,-1.9600,-7.9648,3.6328,-0.0973,-0.0725,-0.0994
1635580643342,-1.9248,-9.3203,4.0977,-0.1740,-0.1278,-0.1409
1635580643368,-1.8672,-10.8984,4.0547,0.0389,-0.1788,-0.1324
1635580643371,-1.7520,-11.7031,3.8594,0.4260,-0.1874,-0.0931
1635580643375,-1.7188,-11.0234,3.8555,0.8164,-0.1172,-0.0122
1635580643388,-1.8291,-9.3203,4.1602,1.0928,0.0158,0.0580
1635580643391,-2.1465,-7.6797,4.5352,1.1406,0.1233,0.0740
1635580643418,-2.5273,-6.7031,4.9063,0.9307,0.1615,0.0516
1635580643421,-2.8008,-6.4922,5.0977,0.6196,0.1254,0.0474
1635580643424,-2.8672,-6.8633,5.0938,0.3367,0.0286,-0.0037
1635580643448,-2.7227,-7.6094,5.0859,0.0910,-0.0672,-0.0462
1635580643457,-2.5039,-8.2578,4.9570,0.0112,-0.1161,-0.0590
1635580643461,-2.3711,-8.4219,4.6094,0.0793,-0.0236,-0.0101
1635580643468,-2.5586,-8.1172,4.6484,0.0995,0.0381,-0.0048
1635580643471,-2.7715,-7.9297,4.6406,0.0995,0.0477,-0.0186
1635580643498,-2.8359,-8.0000,4.5820,0.0942,-0.0002,-0.0494
1635580643501,-2.7520,-8.1406,4.4648,0.0974,-0.0767,-0.0696
1635580643505,-2.6035,-8.3047,4.3086,0.1250,-0.1364,-0.0707
1635580643526,-2.4766,-8.5078,4.2031,0.1931,-0.1661,-0.0675
1635580643530,-2.4004,-8.6719,4.1758,0.2942,-0.1714,-0.0696
1635580643538,-2.3398,-8.8047,4.2070,0.4443,-0.1842,-0.0835
1635580643541,-2.3184,-8.8906,4.3516,0.6475,-0.2214,-0.0898
1635580643580,-2.2285,-8.9922,4.0664,0.9019,-0.2725,-0.0898
1635580643583,-1.9893,-8.7891,4.3203,1.0693,-0.3118,-0.0601
1635580643593,-1.7139,-7.9883,5.4023,0.9507,-0.2937,0.0442
1635580643598,-1.6084,-6.9922,5.7070,0.7432,-0.1970,0.0974
1635580643601,-1.7207,-6.3594,5.3320,0.7178,-0.1246,0.0027
1635580643604,-1.8906,-6.3867,5.5273,0.6113,-0.0959,-0.0313
1635580643628,-2.1328,-6.7578,5.4922,0.2815,-0.0576,0.0569
1635580643632,-2.2500,-7.0352,5.5195,0.0048,-0.0470,0.0591
1635580643647,-2.1953,-7.1719,5.6758,-0.1069,-0.0661,0.0123
1635580643652,-2.0215,-7.1094,5.4766,-0.2324,-0.0533,0.0314
1635580643663,-2.0059,-6.9766,5.1328,-0.4229,0.0158,0.0591
1635580643668,-2.1289,-7.1055,5.2305,-0.5610,0.0871,0.0410
1635580643671,-2.3008,-7.3711,4.9648,-0.6943,0.1233,0.0112
1635580643698,-2.3496,-7.7891,4.3281,-0.7549,0.1116,-0.0026
1635580643713,-2.4043,-8.3906,4.2969,-0.6772,0.0839,0.0069
1635580643716,-2.3711,-8.6484,4.3398,-0.6099,0.0658,0.0208
1635580643721,-2.3066,-8.6406,4.2109,-0.5098,0.0679,0.0155
1635580643724,-2.3398,-8.6719,4.3789,-0.3643,0.0711,0.0165
1635580643748,-2.4023,-8.5859,4.3047,-0.2473,0.0732,0.0155
1635580643751,-2.4570,-8.4141,4.3711,-0.1803,0.0541,0.0133
1635580643755,-2.5156,-8.3828,4.2578,-0.1249,0.0233,0.0144
1635580643768,-2.5488,-8.5547,4.1016,-0.0409,-0.0129,-0.0228
1635580643772,-2.5371,-8.6641,4.1289,0.0995,-0.0544,-0.0686
1635580643798,-2.4609,-8.6719,4.3359,0.2666,-0.1023,-0.0707
1635580643801,-2.3379,-8.5703,4.6406,0.3730,-0.1576,-0.0367
1635580643805,-2.1152,-8.3125,4.9102,0.4209,-0.1906,-0.0079
1635580643841,-1.8643,-7.8945,5.2734,0.4475,-0.1779,-0.0026
1635580643845,-1.6826,-7.3320,5.7266,0.3794,-0.1257,-0.0048
1635580643848,-1.6992,-6.8086,5.2539,0.2634,-0.0267,-0.0313
1635580643853,-1.8906,-6.6484,5.2344,0.1719,0.0435,-0.0612
1635580643856,-2.1289,-6.9414,5.1797,-0.0399,0.0743,-0.0516
1635580643869,-2.3477,-7.4570,4.7461,-0.1920,0.0924,-0.0612
1635580643872,-2.3340,-8.0313,4.6094,-0.1483,0.0690,-0.0845
1635580643898,-2.1641,-8.0938,4.7422,-0.0984,0.0488,-0.0814
1635580643910,-1.9795,-7.8633,4.6289,-0.0845,0.0743,-0.0494
1635580643913,-1.9961,-7.9492,4.5078,0.0091,0.1158,-0.0186
1635580643918,-2.1055,-8.1875,4.6250,-0.0569,0.1349,-0.0111
1635580643921,-2.2754,-8.3672,4.3789,-0.1632,0.1520,-0.0367
1635580643948,-2.3926,-8.6484,4.3594,-0.0473,0.1137,-0.0505
1635580643952,-2.3438,-8.6953,4.4766,0.1240,0.0541,-0.0409
1635580643955,-2.2734,-8.4922,4.4453,0.1782,0.0147,-0.0005
1635580643978,-2.2305,-8.1875,4.5938,0.2240,0.0062,0.0250
1635580643982,-2.1680,-7.8906,4.9570,0.2581,-0.0119,0.0048
1635580643985,-2.0820,-7.6680,5.0430,0.2421,-0.0023,-0.0260
1635580643998,-2.1270,-7.6602,4.8984,0.2177,0.0126,-0.0345
1635580644002,-2.1250,-7.7813,4.9375,0.1613,0.0041,-0.0292
1635580644028,-2.1211,-7.8711,4.9297,0.0761,-0.0087,-0.0250
1635580644032,-2.0957,-7.9414,4.9297,0.1016,-0.0204,-0.0292
1635580644035,-2.0508,-7.9648,4.9570,0.1473,-0.0321,-0.0186
1635580644059,-2.0645,-7.8359,5.0234,0.1304,-0.0257,0.0016
1635580644062,-2.1211,-7.7109,5.1016,0.1176,-0.0204,0.0091
1635580644065,-2.1387,-7.6602,5.1875,0.1102,-0.0267,0.0091
1635580644079,-2.1289,-7.6172,5.2813,0.0634,-0.0321,0.0240
1635580644082,-2.1387,-7.5156,5.3008,-0.0196,-0.0448,0.0421
1635580644109,-2.1133,-7.4180,5.1172,-0.0994,-0.0565,0.0506
1635580644112,-2.0742,-7.4844,5.0781,-0.1622,-0.0533,0.0569
1635580644115,-2.1113,-7.5859,4.7617,-0.2590,-0.0267,0.0569
1635580644129,-2.2559,-7.8320,4.7852,-0.2888,0.0211,0.0293
1635580644132,-2.3984,-8.0078,4.7695,-0.2749,0.0583,0.0133
1635580644159,-2.4922,-7.9141,4.6719,-0.2866,0.0658,-0.0005
1635580644174,-2.5059,-7.8945,4.5078,-0.2632,0.0498,-0.0058
1635580644177,-2.4883,-8.0391,4.5273,-0.2473,0.0381,-0.0228
1635580644182,-2.4043,-8.1875,4.3320,-0.2345,0.0286,-0.0420
1635580644185,-2.3242,-8.3438,4.3477,-0.1665,0.0169,-0.0462
1635580644209,-2.2012,-8.4844,4.4531,-0.0834,0.0115,-0.0399
1635580644212,-2.0703,-8.3828,4.3945,-0.0101,0.0339,-0.0473
1635580644215,-2.0078,-8.1484,4.3906,0.0718,0.0754,-0.0654
1635580644229,-2.0215,-8.0000,4.3281,0.1070,0.1147,-0.0696
1635580644232,-2.1660,-8.1172,4.1914,0.1049,0.1339,-0.0771
1635580644259,-2.2598,-8.3594,4.5313,0.1548,0.1030,-0.0898
1635580644262,-2.1797,-8.4688,4.7109,0.2325,0.0392,-0.0739
1635580644266,-1.9697,-8.2422,4.8438,0.3186,-0.0225,-0.0218
1635580644289,-1.7520,-7.8320,5.0664,0.3101,-0.0480,0.0357
1635580644305,-1.6016,-7.4336,5.0000,0.2581,-0.0204,0.0495
1635580644308,-1.7021,-7.2969,5.0859,0.2166,0.0158,0.0250
1635580644313,-1.8857,-7.4414,5.3789,0.1505,0.0381,0.0123
1635580644316,-2.1250,-7.5391,5.3867,0.0782,0.0477,0.0548
1635580644329,-2.3594,-7.5703,5.3867,0.0346,0.0286,0.0729
1635580644332,-2.5078,-7.6523,5.3711,-0.0079,0.0073,0.0357
1635580644361,-2.6152,-7.7422,5.2227,-0.0696,0.0105,0.0101
1635580644371,-2.6445,-7.8672,5.2695,-0.0994,0.0062,-0.0037
1635580644374,-2.6191,-7.9688,4.9648,-0.0867,-0.0097,-0.0101
1635580644379,-2.5234,-8.0078,4.6484,-0.0622,-0.0236,-0.0175
1635580644382,-2.3555,-7.9063,4.6055,-0.0313,-0.0172,-0.0345
1635580644418,-2.2910,-7.8047,4.5469,-0.0313,0.0115,-0.0505
1635580644421,-2.3008,-7.9102,4.3945,-0.0324,0.0435,-0.0665
1635580644425,-2.2832,-8.0391,4.4297,-0.0441,0.0467,-0.0665
1635580644429,-2.2285,-8.1484,4.4570,-0.0675,0.0296,-0.0537
1635580644433,-2.0527,-8.3047,4.6641,-0.0228,0.0020,-0.0526
1635580644459,-1.8789,-8.2188,4.7305,0.0506,-0.0151,-0.0239
1635580644462,-1.7500,-8.0391,4.7617,0.1091,-0.0023,0.0091
1635580644466,-1.8096,-7.9297,4.8281,0.1102,0.0126,0.0272
1635580644489,-1.9336,-7.8906,4.8398,0.0974,0.0275,0.0218
1635580644493,-2.0410,-7.8398,5.0195,0.0974,0.0275,0.0218
1635580644496,-2.0723,-7.4063,5.1758,0.0219,-0.0172,0.0708
1635580644519,-2.0625,-7.4023,5.1680,-0.0580,-0.0236,0.0569
1635580644528,-2.1016,-7.5391,5.1758,-0.1249,-0.0140,0.0399
1635580644531,-2.2109,-7.7109,5.0156,-0.2122,-0.0002,0.0506
1635580644539,-2.3867,-7.9531,4.8398,-0.2505,0.0169,0.0410
1635580644543,-2.5039,-8.1641,4.8672,-0.2090,0.0296,0.0080
1635580644570,-2.5703,-8.1094,4.5664,-0.1771,0.0424,-0.0228
1635580644585,-2.5820,-8.1563,4.4453,-0.0941,0.0381,-0.0324
1635580644599,-2.6035,-8.1875,4.4766,-0.0356,0.0307,-0.0377
1635580644616,-2.4922,-8.1953,4.5586,-0.0005,0.0115,-0.0494
1635580644632,-2.3301,-8.0547,4.6016,0.0421,-0.0055,-0.0505
1635580644648,-2.1582,-7.8750,4.6250,0.0506,-0.0023,-0.0537
1635580644665,-2.0410,-7.8281,4.5625,0.0506,0.0243,-0.0526
1635580644697,-2.0469,-7.9141,4.5156,0.0155,0.0530,-0.0462
1635580644710,-2.0996,-8.0703,4.4375,-0.0015,0.0648,-0.0526
1635580644714,-2.1055,-8.1563,4.4961,0.0357,0.0520,-0.0569
1635580644719,-2.0117,-8.0391,4.5625,0.0474,0.0403,-0.0388
1635580644724,-1.9551,-7.9453,4.6211,0.0506,0.0392,-0.0207
1635580644729,-1.9531,-7.9414,5.0039,0.1123,0.0456,-0.0250
1635580644733,-1.9844,-7.8516,5.3711,0.1091,0.0286,-0.0016
1635580644738,-2.0527,-7.8359,4.9688,0.0655,0.0413,0.0303
1635580644742,-2.1641,-7.9297,4.8789,0.0804,0.0360,0.0399
1635580644746,-2.2090,-7.7109,5.1055,0.0431,0.0264,0.0378
1635580644754,-2.2207,-7.3867,5.2852,-0.0079,0.0105,0.0591
1635580644774,-2.2031,-7.4219,4.9961,-0.0930,-0.0172,0.0825
1635580644779,-2.1992,-7.7578,4.9766,-0.1888,-0.0257,0.0623
1635580644785,-2.2188,-7.9648,4.8164,-0.2578,0.0084,0.0229
1635580644791,-2.3457,-8.0938,4.6680,-0.2441,0.0541,0.0027
1635580644800,-2.5488,-8.2578,4.4531,-0.1846,0.0881,-0.0005
1635580644814,-2.7305,-8.4375,4.4648,-0.1302,0.0945,-0.0335
1635580644818,-2.7109,-8.4297,4.4219,-0.0834,0.0509,-0.0526
1635580644825,-2.5391,-8.2578,4.3711,-0.0430,-0.0119,-0.0484
1635580644829,-2.2754,-8.1641,4.4297,0.0367,-0.0448,-0.0462
1635580644834,-2.0391,-7.9688,4.5859,0.0931,-0.0300,-0.0494
1635580644850,-1.9795,-7.6758,4.8711,0.0634,0.0073,-0.0377
1635580644854,-2.0820,-7.4453,4.9219,-0.0164,0.0509,-0.0186
1635580644857,-2.2441,-7.2734,5.2422,-0.1420,0.0648,-0.0026
1635580644867,-2.2656,-7.0977,5.6523,-0.4219,0.0445,0.0027
1635580644880,-2.2344,-7.0820,5.5391,-0.6602,0.0318,-0.0090
1635580644883,-2.1172,-7.3008,5.5703,-0.8433,0.0371,0.0069
1635580644911,-2.0742,-7.3828,5.8555,-1.2412,0.1392,0.0463
1635580644929,-2.3027,-7.4688,5.5859,-1.6094,0.2627,0.0442
1635580644932,-2.4961,-7.9219,4.9414,-1.6953,0.3020,-0.0367
1635580644938,-2.5039,-8.5859,4.5195,-1.6836,0.2722,-0.0856
1635580644941,-2.3145,-9.0000,4.3516,-1.7354,0.2126,-0.0143
1635580644960,-2.0000,-9.0078,4.1367,-1.7803,0.1892,0.1016
1635580644976,-1.6846,-8.6953,3.9258,-1.7178,0.2478,0.1613
1635580644992,-1.5703,-8.5859,3.8066,-1.5566,0.3806,0.1771
1635580644996,-1.7930,-9.3984,4.0938,-1.2109,0.5210,0.1644
1635580644999,-2.1758,-10.5938,3.9297,-0.5781,0.5986,0.0857
1635580645004,-2.3887,-11.0234,2.9863,0.2698,0.6167,-0.0037
1635580645007,-2.4531,-10.3984,2.9414,0.9570,0.6445,-0.0271
1635580645020,-2.5527,-8.7266,2.9648,1.3838,0.6709,-0.0069
1635580645024,-2.6992,-6.9961,2.6465,1.6563,0.6553,-0.0026
1635580645050,-2.9297,-6.0078,2.4219,1.6904,0.6094,-0.0590
1635580645060,-3.1191,-5.6914,2.1641,1.4111,0.5234,-0.1675
1635580645063,-3.2070,-5.8867,1.9199,0.9976,0.3860,-0.2717
1635580645070,-3.2051,-6.6211,1.9219,0.6953,0.1871,-0.3281
1635580645074,-2.9453,-7.5195,1.9600,0.5815,-0.0417,-0.3665
1635580645101,-2.5313,-8.0000,2.0918,0.6133,-0.2321,-0.3601
1635580645104,-2.1797,-7.9531,2.0820,0.6709,-0.3599,-0.3281
1635580645108,-1.9775,-7.6563,2.0273,0.6270,-0.4268,-0.2993
1635580645121,-1.8857,-7.9570,2.8242,0.3730,-0.4844,-0.2727
1635580645124,-1.7188,-10.8047,5.3594,0.1399,-0.5864,-0.2961
1635580645151,-1.4482,-15.4297,5.9766,0.2037,-0.5981,-0.2866
1635580645159,-1.1484,-15.6484,4.1133,0.4495,-0.3352,0.0325
1635580645162,-1.4102,-10.8125,4.4063,0.7261,0.0371,0.4773
1635580645171,-1.9697,-5.9414,4.9375,1.1885,0.1987,0.4602
1635580645174,-2.5469,-3.5469,4.9141,1.5156,0.2190,0.0889
1635580645201,-2.9961,-3.3555,4.9570,1.0703,0.1881,-0.1239
1635580645208,-3.0684,-4.6445,4.8789,0.1697,0.0201,-0.0814
1635580645211,-2.7090,-6.8711,4.6484,-0.4783,-0.2321,-0.0239
1635580645221,-2.1680,-9.0859,4.6836,-0.5889,-0.3704,-0.0260
1635580645224,-1.7305,-10.3047,4.8477,-0.3984,-0.3118,-0.0090
1635580645251,-1.6133,-10.1250,4.8750,-0.1165,-0.1395,0.0293
1635580645254,-1.8330,-9.0000,4.7148,0.2028,0.0668,0.0442
1635580645258,-2.3359,-7.9492,4.3594,0.3335,0.1838,0.0325
1635580645271,-2.8594,-7.5352,4.0352,0.2878,0.1605,-0.0260
1635580645274,-3.0879,-7.8086,4.0195,0.2654,0.0467,-0.0941
1635580645301,-2.9980,-8.4297,4.1406,0.3538,-0.1129,-0.1165
1635580645304,-2.6621,-9.0469,4.3281,0.5322,-0.2491,-0.0994
1635580645308,-2.2383,-9.1719,4.3125,0.7549,-0.3076,-0.0728
1635580645321,-1.8691,-8.7500,4.3594,0.9668,-0.2864,-0.0484
1635580645324,-1.6016,-7.9492,5.4844,0.9102,-0.2417,0.0229
1635580645351,-1.5840,-7.1289,5.4609,0.6538,-0.1193,0.0761
1635580645354,-1.7549,-6.7578,5.1406,0.6802,-0.0491,-0.0005
1635580645358,-1.7588,-6.8320,5.8711,0.6494,-0.0853,-0.0282
1635580645371,-1.7764,-6.8711,5.7031,0.3655,-0.0523,0.0771
1635580645374,-1.9219,-6.9648,5.3750,0.2070,0.0105,0.1123
1635580645401,-2.0488,-7.1094,5.4648,0.1187,0.0275,0.0506
1635580645404,-2.1738,-7.1797,5.6016,-0.0771,0.0371,0.0325
1635580645408,-2.3047,-7.2305,5.6992,-0.2419,0.0509,0.0591
1635580645421,-2.2500,-7.1797,5.5117,-0.3792,0.0381,0.0899
1635580645454,-2.1328,-6.9648,5.0313,-0.5483,0.0296,0.0910
1635580645458,-2.1055,-7.0859,5.1094,-0.6685,0.0520,0.0782
1635580645462,-2.1875,-7.3711,4.7930,-0.8037,0.1030,0.0495
1635580645465,-2.3164,-7.8516,4.6914,-0.8262,0.1285,0.0314
1635580645479,-2.4727,-8.4375,4.2734,-0.7314,0.1371,0.0442
1635580645483,-2.5742,-8.7422,4.1875,-0.6460,0.1285,0.0282
1635580645491,-2.6094,-8.8203,4.0664,-0.2803,0.0797,-0.0111
1635580645495,-2.5664,-8.7500,4.4297,-0.1473,0.0413,0.0101
1635580645521,-2.5000,-8.5313,4.4453,-0.0814,0.0115,0.0123
1635580645524,-2.5039,-8.3984,4.3086,0.0187,-0.0140,-0.0228
1635580645528,-2.5352,-8.4297,4.1797,0.1250,-0.0385,-0.0622
1635580645551,-2.5078,-8.5469,4.2070,0.2229,-0.0704,-0.0814
1635580645555,-2.4453,-8.6094,4.3242,0.3420,-0.1055,-0.0803
1635580645558,-2.2754,-8.4922,4.4102,0.4761,-0.1373,-0.0675
1635580645571,-1.9727,-8.1328,5.0586,0.5229,-0.1682,-0.0388
1635580645574,-1.7021,-7.5469,5.6563,0.3484,-0.1384,0.0250
1635580645601,-1.6660,-7.0938,5.0078,0.2771,-0.0321,-0.0026
1635580645605,-1.7422,-7.2070,5.0859,0.4219,0.0201,-0.1292
1635580645608,-1.8838,-7.3945,5.5898,0.2964,0.0732,-0.1377
1635580645621,-2.1113,-7.2969,5.1875,0.0155,0.1392,-0.0632
1635580645625,-2.2480,-7.2969,5.1133,0.0112,0.1339,-0.0750
1635580645651,-2.1816,-7.3438,5.1445,0.0346,0.0903,-0.0782
1635580645655,-2.1270,-7.3906,4.9258,-0.0569,0.0828,-0.0324
1635580645658,-2.0703,-7.6367,4.8711,-0.0994,0.0839,-0.0186
1635580645671,-2.0469,-7.9844,4.8359,-0.1366,0.0903,-0.0356
1635580645675,-2.1465,-8.2734,4.7734,-0.1632,0.1179,-0.0484
1635580645701,-2.2441,-8.3516,4.8086,-0.0930,0.1254,-0.0441
1635580645718,-2.2930,-8.1797,4.6992,0.0016,0.1126,-0.0345
1635580645722,-2.3496,-7.9727,4.6484,0.0442,0.0892,-0.0250
1635580645727,-2.3613,-7.9063,4.6055,0.0102,0.0722,-0.0218
1635580645730,-2.3750,-8.0000,4.5234,-0.0207,0.0445,-0.0271
1635580645741,-2.3770,-8.2891,4.5781,0.0102,0.0084,-0.0388
1635580645745,-2.2773,-8.4297,4.6641,0.0740,-0.0278,-0.0420
1635580645771,-2.1348,-8.2813,4.7539,0.1335,-0.0470,-0.0154
1635580645775,-2.0430,-8.0313,4.8398,0.1740,-0.0470,0.0112
1635580645778,-2.0332,-7.7422,4.9023,0.2186,-0.0267,0.0059
1635580645791,-2.0469,-7.5000,5.0820,0.1931,-0.0097,-0.0005
1635580645795,-2.1445,-7.4219,5.1602,0.1102,-0.0023,0.0101
1635580645822,-2.2031,-7.5391,5.3281,0.0314,0.0020,0.0197
1635580645825,-2.1484,-7.5898,5.1641,-0.0547,-0.0214,0.0346
1635580645828,-2.0898,-7.5234,4.8984,-0.0994,-0.0427,0.0442
1635580645842,-2.0938,-7.6953,5.2305,-0.1080,-0.0321,0.0548
1635580645845,-2.1230,-7.7539,5.1523,-0.1877,-0.0076,0.0580
1635580645872,-2.1660,-7.6680,4.8281,-0.2303,0.0041,0.0463
1635580645875,-2.2832,-7.8047,4.7969,-0.2101,0.0243,0.0357
1635580645879,-2.4121,-7.8828,4.8242,-0.2303,0.0583,0.0080
1635580645892,-2.4922,-7.8438,4.6289,-0.2462,0.0732,-0.0133
1635580645895,-2.5469,-7.9414,4.4063,-0.2101,0.0520,-0.0122
1635580645922,-2.5410,-8.2656,4.3086,-0.1611,0.0286,-0.0154
1635580645930,-2.4531,-8.4766,4.3633,-0.1324,0.0179,-0.0431
1635580645934,-2.3711,-8.4609,4.4375,-0.0696,0.0094,-0.0632
1635580645942,-2.2695,-8.3125,4.4688,0.0346,0.0105,-0.0601
1635580645945,-2.2109,-8.0781,4.5625,0.1166,0.0296,-0.0526
1635580645973,-2.1484,-7.8828,4.5547,0.0995,0.0498,-0.0441
1635580645978,-2.1953,-7.9336,4.3242,0.0751,0.0668,-0.0590
1635580645981,-2.2305,-8.1797,4.5430,0.1016,0.0477,-0.0803
1635580645992,-2.1582,-8.2266,4.8359,0.0889,0.0264,-0.0696
1635580645996,-2.0195,-7.9648,4.8203,0.0793,0.0084,-0.0186
1635580646022,-1.9336,-7.8398,4.7891,0.1527,-0.0151,0.0112
1635580646037,-1.9150,-7.8281,4.7070,0.1464,-0.0193,0.0027
1635580646041,-1.9775,-7.8711,4.7500,0.0942,0.0041,-0.0303
1635580646045,-1.9961,-7.9102,5.1641,0.0825,-0.0023,-0.0313
1635580646063,-2.0078,-7.8086,5.0586,0.0697,-0.0033,-0.0048
1635580646068,-2.0215,-7.8047,5.3906,0.1367,-0.0225,0.0059
1635580646071,-1.9961,-7.6602,5.3555,0.1027,-0.0193,0.0133
1635580646082,-2.0527,-7.3984,5.0313,0.0804,0.0158,-0.0037
1635580646085,-2.2109,-7.5625,5.0898,0.0963,0.0413,-0.0356
1635580646112,-2.4238,-7.8086,4.9531,0.0006,0.0520,-0.0558
1635580646116,-2.5781,-8.0000,4.7656,-0.0611,0.0381,-0.0484
1635580646119,-2.5898,-8.1406,4.7773,0.0080,-0.0076,-0.0441
1635580646132,-2.4297,-8.1328,4.7969,0.0506,-0.0470,-0.0494
1635580646135,-2.2266,-7.9688,4.8086,0.0367,-0.0555,-0.0580
1635580646162,-2.0938,-7.7930,4.8281,-0.0005,-0.0363,-0.0537
1635580646166,-2.0898,-7.7305,4.8672,-0.0079,-0.0097,-0.0367
1635580646177,-2.1074,-7.9023,4.8164,-0.0026,0.0009,-0.0239
1635580646182,-2.1250,-7.9805,4.8398,-0.0196,-0.0097,-0.0164
1635580646185,-2.0820,-7.9414,4.8828,-0.0079,-0.0044,-0.0111
1635580646212,-2.0215,-7.8555,5.0156,0.0357,-0.0012,0.0027
1635580646216,-2.0293,-7.7852,5.0195,0.0261,0.0222,0.0091
1635580646219,-2.1074,-7.8164,4.7852,0.0059,0.0381,0.0112
1635580646232,-2.2188,-7.9531,4.6719,-0.0367,0.0328,0.0144
1635580646236,-2.2715,-8.0391,4.8398,-0.0122,0.0062,0.0240
1635580646278,-2.2090,-7.9688,4.9766,0.0421,-0.0267,0.0506
1635580646282,-2.0645,-7.7500,4.9453,0.0442,-0.0438,0.0644
1635580646285,-1.9941,-7.6211,4.8711,0.0240,-0.0204,0.0559
1635580646289,-2.1113,-7.6914,5.0000,-0.0111,0.0201,0.0282
1635580646293,-2.2285,-7.7578,5.0039,-0.0814,0.0403,-0.0016
1635580646297,-2.2813,-7.8125,4.7344,-0.1047,0.0403,-0.0079
1635580646322,-2.2832,-7.9414,4.6641,-0.0685,0.0318,-0.0090
1635580646326,-2.2402,-8.1406,4.9063,-0.0505,0.0222,-0.0154
1635580646329,-2.1914,-8.1484,4.7500,-0.0484,0.0318,-0.0154
1635580646342,-2.1660,-8.0156,4.6016,-0.0143,0.0381,-0.0090
1635580646346,-2.2227,-8.0156,4.6602,0.0197,0.0445,-0.0175
1635580646372,-2.2656,-8.0781,4.8047,0.0293,0.0509,-0.0356
1635580646376,-2.3008,-8.0547,4.8984,0.0080,0.0413,-0.0324
1635580646379,-2.2285,-7.9844,4.8398,0.0421,0.0158,-0.0228
1635580646392,-2.0918,-7.7852,4.9375,0.0729,-0.0065,-0.0111
1635580646396,-2.0332,-7.7148,4.9023,0.0570,-0.0108,0.0069
1635580646422,-2.0957,-7.8789,4.8555,0.0548,0.0041,0.0229
1635580646426,-2.1895,-7.9805,4.9883,0.0080,0.0105,0.0144
1635580646429,-2.2539,-7.8047,5.0898,-0.0037,0.0009,0.0218
1635580646442,-2.2695,-7.6484,5.0195,0.0208,-0.0225,0.0644
1635580646446,-2.2695,-7.5977,5.0508,-0.0186,-0.0523,0.0697
1635580646472,-2.2441,-7.5938,5.1016,-0.1260,-0.0629,0.0378
1635580646476,-2.2344,-7.6914,4.8320,-0.2144,-0.0502,0.0069
1635580646481,-2.3379,-8.1875,4.8320,-0.1740,-0.0119,-0.0239
1635580646493,-2.3301,-8.1094,4.6680,-0.1580,-0.0002,-0.0388
1635580646497,-2.3301,-8.1094,4.6680,-0.0963,0.0041,-0.0462
1635580646524,-2.4082,-8.2422,4.6094,-0.0558,0.0094,-0.0537
1635580646542,-2.4023,-8.2266,4.7109,-0.0632,0.0147,-0.0888
1635580646551,-2.4043,-8.0703,4.8164,0.0006,0.0084,-0.1133
1635580646556,-2.3965,-7.8672,5.1289,0.0687,-0.0002,-0.1027
1635580646560,-2.4219,-7.7227,5.4922,0.0038,-0.0076,-0.0931
1635580646564,-2.4648,-7.6523,5.6680,-0.1122,-0.0310,-0.1027
1635580646573,-2.4648,-7.5898,5.6641,-0.2281,-0.0448,-0.1334
1635580646578,-2.4570,-7.6992,5.7578,-0.3164,-0.0427,-0.1665
1635580646603,-2.3301,-7.7656,5.4023,-0.3674,-0.0193,-0.1782
1635580646607,-2.2070,-7.7227,5.3477,-0.4729,0.0296,-0.1622
1635580646611,-2.1270,-7.6172,5.3477,-0.7046,0.1243,-0.1442
1635580646623,-2.0332,-7.5078,5.1289,-0.9102,0.2020,-0.1313
1635580646655,-1.9199,-7.6289,5.0313,-0.9497,0.2307,-0.0994
1635580646660,-1.7930,-8.1641,4.9219,-0.8188,0.2328,-0.0367
1635580646671,-1.6895,-8.9922,5.4492,-0.4504,0.2382,-0.0335
1635580646687,-1.3496,-9.4375,4.6758,0.4155,0.2776,-0.0909
1635580646704,-0.9023,-9.1250,4.3789,1.1484,0.3530,-0.1792
1635580646707,-0.8594,-7.5508,4.2031,1.2832,0.5308,-0.2239
1635580646711,-1.2588,-5.9805,3.8398,1.1113,0.6582,-0.1632
1635580646715,-1.8955,-5.3906,3.6973,0.7422,0.6709,-0.1431
1635580646720,-2.3438,-5.6680,3.3652,0.2336,0.5488,-0.2015
1635580646736,-2.5703,-6.8281,3.1328,-0.2133,0.3147,-0.2155
1635580646741,-2.5039,-8.3047,3.0605,-0.3855,0.0732,-0.1995
1635580646745,-2.1953,-9.2734,2.8496,-0.2686,-0.0831,-0.1898
1635580646769,-1.8721,-9.4219,2.7383,-0.0803,-0.1682,-0.1548
1635580646785,-1.6660,-9.3672,3.1777,-0.0580,-0.1874,-0.0782
1635580646796,-1.7832,-10.1016,4.1250,-0.2708,-0.1172,0.0559
1635580646802,-2.2012,-11.1172,4.1797,-0.3335,-0.0097,0.1453
1635580646806,-2.5449,-10.9609,3.8457,0.0208,0.0381,0.1453
1635580646818,-2.5742,-9.3516,4.1563,0.5239,0.0158,0.1102
1635580646822,-2.4785,-7.4961,4.6367,0.8315,-0.0055,0.0644
1635580646835,-2.4141,-6.4375,4.9688,0.8633,0.0115,0.0155
1635580646853,-2.3691,-6.3711,5.1836,0.6836,0.0233,-0.0335
1635580646858,-2.3555,-6.9297,5.2969,0.4028,-0.0002,-0.0622
1635580646862,-2.3340,-7.6836,5.2578,0.1782,-0.0289,-0.0580
1635580646867,-2.2539,-8.2344,5.1797,0.1059,-0.0417,-0.0484
1635580646874,-2.2090,-8.3750,5.0938,0.1495,-0.0395,-0.0420
1635580646885,-2.1816,-8.1875,5.0234,0.2070,-0.0363,-0.0356
1635580646894,-2.1758,-7.9922,4.8828,0.2411,-0.0480,-0.0431
1635580646898,-2.1914,-8.0234,4.6836,0.2932,-0.0651,-0.0686
1635580646924,-2.2207,-8.3203,4.5508,0.3804,-0.0959,-0.0845
1635580646933,-2.2188,-8.6250,4.4961,0.5186,-0.1427,-0.0814
1635580646951,-2.0938,-8.7422,4.4414,0.7051,-0.1831,-0.0654
1635580646966,-1.7832,-8.3438,5.2617,0.7793,-0.2129,0.0080
1635580646984,-1.6016,-7.5703,5.7148,0.5869,-0.1630,0.1144
1635580646998,-1.6494,-6.8438,5.1953,0.5718,-0.0789,0.0527
1635580647015,-1.6445,-6.6797,5.6523,0.6152,-0.0884,-0.0367
1635580647031,-1.7285,-6.8711,5.7031,0.3452,-0.0598,0.0208
1635580647049,-1.8721,-7.2031,5.3555,0.1421,-0.0182,0.0644
1635580647065,-1.9727,-7.4883,5.4219,0.0984,-0.0151,0.0474
1635580647069,-1.9629,-7.4609,5.7383,0.0102,-0.0352,0.0569
1635580647081,-1.9248,-7.1484,5.8320,-0.1133,-0.0289,0.0920
1635580647089,-1.8477,-6.7969,5.7891,-0.2281,-0.0023,0.1155
1635580647093,-1.8379,-6.7383,5.5273,-0.3909,0.0360,0.1133
1635580647097,-1.9219,-7.0781,5.3281,-0.5332,0.0934,0.0708
1635580647113,-2.0820,-7.4297,4.8359,-0.6558,0.1563,0.0367
1635580647129,-2.2930,-7.7461,4.5977,-0.7036,0.1903,0.0123
1635580647133,-2.4512,-8.2031,4.6445,-0.6304,0.1754,0.0186
1635580647146,-2.5059,-8.2422,4.6680,-0.5889,0.1509,0.0229
1635580647162,-2.5039,-8.0859,4.7695,-0.5791,0.1158,0.0314
1635580647166,-2.4297,-8.0469,4.6328,-0.5400,0.0945,0.0314
1635580647170,-2.4258,-8.2969,4.5078,-0.4719,0.0754,0.0016
1635580647178,-2.4297,-8.6484,4.3633,-0.3494,0.0467,-0.0462
1635580647182,-2.3887,-8.8594,4.4883,-0.1803,0.0158,-0.0569
1635580647195,-2.3359,-8.7656,4.5586,-0.0388,0.0041,-0.0218
1635580647211,-2.3086,-8.4297,4.5859,0.0623,-0.0002,-0.0026
1635580647244,-2.3008,-8.1641,4.6094,0.1613,-0.0257,-0.0271
1635580647260,-2.2852,-8.1094,4.5859,0.2495,-0.0704,-0.0792
1635580647278,-2.2070,-8.1641,4.5703,0.3145,-0.1129,-0.1016
1635580647284,-2.0430,-8.1875,5.0898,0.2964,-0.1587,-0.0590
1635580647293,-1.8213,-7.9766,5.4766,0.2155,-0.1704,0.0048
1635580647297,-1.6064,-7.6445,5.4336,0.2952,-0.1768,-0.0154
1635580647301,-1.3662,-7.3633,5.6016,0.3835,-0.1490,-0.0547
1635580647326,-1.3545,-7.0938,5.5078,0.2644,-0.0119,-0.0313
1635580647344,-1.7305,-6.8125,5.2148,0.0740,0.1477,-0.0164
1635580647360,-2.1250,-6.9336,5.1484,-0.0292,0.2115,-0.0814
1635580647364,-2.3594,-7.3438,5.1328,-0.1154,0.1913,-0.1526
1635580647375,-2.3574,-7.7344,4.8047,-0.2047,0.1669,-0.1611
1635580647379,-2.2207,-8.0078,4.9336,-0.2144,0.1052,-0.1154
1635580647384,-2.0332,-8.1094,4.6367,-0.2537,0.0839,-0.0526
1635580647391,-1.9775,-8.3516,4.2969,-0.2047,0.1041,-0.0207
1635580647397,-1.9961,-8.6016,4.5664,-0.0888,0.1094,-0.0133
1635580647407,-2.0781,-8.5234,4.4961,-0.0143,0.1222,-0.0101
1635580647424,-2.1738,-8.3594,4.5625,0.1208,0.1147,0.0006
1635580647428,-2.2852,-8.2344,4.7344,0.1899,0.0934,0.0218
1635580647440,-2.2871,-8.0391,4.8320,0.2070,0.0648,0.0250
1635580647444,-2.1797,-7.8594,5.0703,0.2463,0.0179,0.0165
1635580647458,-2.0488,-7.6484,5.1523,0.2432,-0.0214,0.0218
1635580647462,-1.9648,-7.5508,5.2305,0.1857,-0.0236,0.0293
1635580647467,-1.9941,-7.5859,5.2148,0.1176,0.0073,0.0186
1635580647489,-2.1074,-7.6641,5.1992,0.0761,0.0222,0.0048
1635580647506,-2.2188,-7.7344,5.2500,0.0431,0.0052,0.0144
1635580647524,-2.2598,-7.7188,5.1641,-0.0186,-0.0427,0.0272
1635580647529,-2.1211,-7.7031,5.1641,-0.0547,-0.0874,0.0197
1635580647538,-1.9531,-7.6680,5.1992,-0.0803,-0.1044,0.0293
1635580647542,-1.8789,-7.5938,4.8984,-0.1366,-0.0352,0.0474
1635580647546,-2.0957,-7.9336,5.1133,-0.1377,0.0062,0.0378
1635580647552,-2.2480,-7.8789,4.8398,-0.1963,0.0275,0.0272
1635580647556,-2.3379,-7.9102,4.9453,-0.1548,0.0094,0.0133
1635580647560,-2.3477,-7.9453,4.6211,-0.1218,-0.0119,0.0208
1635580647564,-2.3809,-8.0938,4.4141,-0.1016,-0.0129,-0.0026
1635580647568,-2.4512,-8.3594,4.7500,-0.0303,-0.0097,-0.0388
1635580647572,-2.4219,-8.2422,4.7148,0.0070,-0.0119,-0.0665
1635580647576,-2.3750,-8.0391,4.6289,0.0559,-0.0331,-0.0590
1635580647580,-2.2734,-8.0469,4.7227,0.0931,-0.0576,-0.0282
1635580647585,-2.0898,-7.9922,4.7734,0.0984,-0.0704,-0.0335
1635580647590,-1.9219,-7.9570,4.9336,0.1730,-0.0682,-0.0707
1635580647594,-1.7813,-7.8906,5.2734,0.2070,-0.0491,-0.0686
1635580647598,-1.7451,-7.6445,5.1250,0.1421,0.0030,-0.0505
1635580647606,-1.7734,-7.4727,5.0703,0.1315,0.0190,-0.0590
1635580647609,-1.7881,-7.5078,5.0547,0.0953,0.0339,-0.0707
1635580647635,-1.7949,-7.5664,5.1680,0.0240,0.0349,-0.0632
1635580647655,-1.7881,-7.6016,5.0469,-0.0558,0.0424,-0.0462
1635580647658,-1.8193,-7.8203,4.9805,-0.0590,0.0381,-0.0409
1635580647663,-1.8330,-8.1094,4.9844,-0.0005,0.0307,-0.0292
1635580647666,-1.8955,-8.2266,4.8477,-0.0005,0.0264,-0.0048
1635580647675,-1.9863,-8.1563,4.8477,0.0282,0.0498,0.0186
1635580647678,-2.0586,-7.8906,5.0664,0.0729,0.0403,0.0474
1635580647705,-2.1797,-7.6484,5.0586,0.0612,0.0211,0.0516
1635580647721,-2.2305,-7.5586,5.2070,0.0431,0.0009,0.0495
1635580647737,-2.2402,-7.5391,5.2695,-0.0026,-0.0161,0.0697
1635580647742,-2.2305,-7.5273,5.1563,-0.0739,-0.0246,0.0782
1635580647753,-2.2070,-7.5391,5.1172,-0.1324,-0.0065,0.0410
1635580647757,-2.2813,-7.6719,5.0586,-0.2112,0.0243,-0.0101
1635580647761,-2.3594,-7.8789,4.8984,-0.2495,0.0477,-0.0516
1635580647765,-2.4980,-8.1797,4.8281,-0.2047,0.0477,-0.0728
1635580647775,-2.5195,-8.4219,4.7383,-0.1399,0.0126,-0.0782
1635580647779,-2.3223,-8.4375,4.6133,-0.0685,-0.0385,-0.0707
1635580647805,-2.0273,-8.4453,4.7188,0.0325,-0.0757,-0.0622
1635580647809,-1.7354,-8.2891,4.7930,0.1473,-0.0587,-0.0612
1635580647812,-1.5361,-7.8828,4.8516,0.2495,0.0073,-0.0739
1635580647825,-1.5459,-7.4766,5.0703,0.2549,0.0775,-0.0814
1635580647829,-1.7637,-7.3320,4.8789,0.1155,0.1488,-0.0792
1635580647855,-1.9482,-7.6289,4.7227,0.0325,0.1637,-0.1058
1635580647859,-1.9795,-7.9297,4.7578,-0.0345,0.1073,-0.1207
1635580647862,-1.9248,-8.0313,4.7227,-0.0675,0.0594,-0.1027
1635580647875,-1.8096,-8.1719,4.9023,0.0219,0.0318,-0.0739
1635580647879,-1.8262,-8.1250,5.1016,0.0782,0.0318,-0.0356
1635580647905,-1.9531,-7.9180,5.1211,0.0931,0.0435,-0.0058
1635580647909,-2.0723,-7.6953,5.2813,0.1144,0.0552,-0.0026
1635580647912,-2.2422,-7.5352,5.3203,0.0644,0.0658,-0.0090
1635580647925,-2.3691,-7.4531,5.3086,-0.0260,0.0573,-0.0345
1635580647929,-2.4707,-7.5195,5.1992,-0.0963,0.0243,-0.0558
1635580647956,-2.5156,-7.6641,4.9375,-0.1569,-0.0002,-0.0760
1635580647960,-2.4961,-7.9531,5.0664,-0.1866,-0.0310,-0.0920
1635580647963,-2.3965,-8.0703,5.0195,-0.2207,-0.0598,-0.1047
1635580647976,-2.1895,-7.9141,4.9648,-0.2250,-0.0853,-0.1197
1635580647979,-1.9531,-7.8281,4.8633,-0.2080,-0.0757,-0.1069
1635580648006,-1.7422,-7.6172,4.6563,-0.2239,-0.0374,-0.0909
1635580648009,-1.5723,-7.3750,4.5547,-0.2793,0.0030,-0.0803
1635580648012,-1.4336,-7.4023,4.6914,-0.3069,0.0435,-0.0622
1635580648026,-1.3691,-7.6289,4.7617,-0.3804,0.1169,-0.0654
1635580648029,-1.4287,-7.8320,5.1406,-0.5645,0.1658,-0.0654
1635580648056,-1.7139,-8.1250,4.9609,-0.7505,0.2095,-0.0462
1635580648059,-2.0645,-8.7031,4.3398,-0.6304,0.2264,-0.0867
1635580648063,-2.3828,-9.5313,3.7871,-0.2664,0.1658,-0.1600
1635580648076,-2.6777,-10.2422,3.6055,0.1102,0.0520,-0.1984
1635580648079,-2.8672,-10.5391,3.6328,0.5005,-0.0810,-0.1931
1635580648106,-2.9316,-10.2578,3.7891,0.9561,-0.2268,-0.1611
1635580648109,-2.7500,-9.4453,3.8750,1.3848,-0.3821,-0.1345
1635580648113,-2.1445,-8.1094,6.1211,1.5293,-0.5269,-0.0558
1635580648127,-1.5488,-6.3906,7.5547,1.0273,-0.5088,0.1367
1635580648130,-1.1895,-4.1992,5.9258,0.6953,-0.3193,0.0516
1635580648157,-1.0000,-3.5996,6.7695,0.4016,-0.3108,-0.1537
1635580648160,-1.0605,-4.2305,6.8398,-0.5049,-0.1630,-0.1558
1635580648164,-1.3926,-5.4297,5.9688,-1.4248,-0.0352,-0.0909
1635580648188,-1.6543,-7.3203,5.7422,-1.8477,-0.0608,-0.0963
1635580648195,-1.6084,-8.7813,5.3672,-2.0195,-0.1289,-0.0612
1635580648199,-1.4863,-9.2578,5.7617,-2.1973,-0.1565,0.0846
1635580648203,-1.3789,-8.9766,5.8984,-2.2754,-0.1023,0.1740
1635580648216,-1.2393,-8.8438,5.7852,-2.2012,-0.0598,0.1144
1635580648219,-1.1055,-9.2891,5.1602,-2.0352,-0.0459,-0.0239
1635580648246,-0.8975,-10.9531,5.3672,-1.8047,-0.0565,-0.0984
1635580648250,-0.5386,-13.3438,5.9531,-1.3701,-0.1119,-0.1846
1635580648253,-0.4788,-13.7578,4.5273,-0.1600,0.0850,-0.1760
1635580648266,-0.5146,-13.4766,4.8320,1.3232,0.2244,-0.0037
1635580648270,-0.7158,-12.0547,5.1484,2.2051,0.3530,0.0931
1635580648296,-1.3096,-10.0313,5.1094,2.5645,0.5103,0.1622
1635580648300,-1.9414,-8.9453,5.6484,2.6953,0.5337,0.1473
1635580648303,-2.3340,-8.9844,5.7617,2.7754,0.4158,0.0697
1635580648316,-2.3652,-9.7813,5.6797,2.8672,0.2328,0.0335
1635580648320,-2.0820,-10.6016,5.3477,3.1758,0.0967,0.0580
1635580648346,-1.7158,-10.8594,5.2500,3.7305,0.0477,0.1229
1635580648350,-1.5078,-10.2734,5.2539,4.3164,0.0903,0.1687
1635580648353,-1.6465,-9.1172,5.3633,4.7852,0.1903,0.1622
1635580648366,-1.9863,-7.9453,5.7773,5.1016,0.2839,0.1165
1635580648370,-2.3750,-7.0117,6.0547,5.2734,0.3062,0.0750
1635580648396,-2.5996,-6.1758,6.1602,5.3008,0.2456,0.0644
1635580648400,-2.6836,-5.5508,6.7617,5.1719,0.1147,0.1272
1635580648403,-2.5352,-5.1797,6.8242,5.1289,-0.0023,0.1740
1635580648416,-2.2949,-4.8828,6.3320,5.1211,-0.0767,0.2006
1635580648420,-2.1855,-4.2969,6.5664,4.8906,-0.0853,0.2378
1635580648446,-2.0918,-2.2324,6.9297,4.1641,0.0052,0.2549
1635580648450,-2.2285,-1.6709,7.1680,3.7910,0.0318,0.2612
1635580648453,-2.3477,-1.3857,7.5938,3.2852,0.0169,0.2698
1635580648477,-2.3555,-1.3711,8.0078,2.7520,-0.0417,0.2739
1635580648480,-2.1582,-1.6367,8.2031,2.3457,-0.1267,0.2634
1635580648483,-1.8291,-2.1699,8.1641,2.1172,-0.1714,0.2197
1635580648497,-1.5488,-2.6992,8.0547,2.0957,-0.1395,0.1633
1635580648500,-1.3379,-2.8848,7.8477,2.2129,-0.0682,0.1421
1635580648527,-1.3926,-2.5996,7.8438,2.3535,0.0339,0.1495
1635580648530,-1.6758,-2.1973,7.9570,2.4434,0.1572,0.1282
1635580648534,-1.9463,-1.7568,8.0000,2.4121,0.2158,0.0665
1635580648559,-2.1484,-1.3047,7.9531,2.2715,0.1829,-0.0058
1635580648562,-2.2852,-1.0098,8.0000,2.1016,0.1317,-0.0441
1635580648567,-2.2695,-0.9404,8.0547,1.8945,0.0732,-0.0580
1635580648570,-2.1914,-0.9263,7.9180,1.6387,0.0115,-0.0877
1635580648597,-2.1250,-1.1133,7.8906,1.4355,-0.0182,-0.1090
1635580648600,-2.0703,-1.4883,7.8750,1.2959,-0.0385,-0.1143
1635580648604,-2.0273,-1.7090,7.6836,1.1689,-0.0512,-0.1165
1635580648617,-2.0391,-1.6992,7.6445,1.0830,-0.0406,-0.1090
1635580648620,-2.1230,-1.6250,7.8828,1.0254,-0.0321,-0.0750
1635580648647,-2.2383,-1.4580,7.9453,0.9434,-0.0555,-0.0388
1635580648651,-2.2402,-1.2754,7.8828,0.8477,-0.0917,-0.0048
1635580648654,-2.2871,-1.1367,8.0313,0.7070,-0.1076,0.0484
1635580648667,-2.4336,-1.0029,8.1094,0.5737,-0.1097,0.1218
1635580648670,-2.5742,-0.9146,8.2500,0.4922,-0.1373,0.1910
1635580648697,-2.5898,-0.7612,8.6484,0.4507,-0.1768,0.2410
1635580648701,-2.6133,-0.5146,8.9219,0.4827,-0.2119,0.2878
1635580648704,-2.5391,-0.4236,9.1953,0.5674,-0.2480,0.3101
1635580648717,-2.4199,-0.4211,9.3750,0.6450,-0.2576,0.2932
1635580648720,-2.3145,-0.2969,9.4688,0.7397,-0.2321,0.2644
1635580648747,-2.2324,0.1340,9.6328,0.8911,-0.1853,0.2251
1635580648750,-2.1875,0.7109,9.9219,1.0400,-0.1364,0.2048
1635580648754,-2.1875,1.4238,10.0234,1.0859,-0.0917,0.1931
1635580648767,-2.2344,1.9941,10.2344,1.0195,-0.0502,0.1708
1635580648771,-2.3086,2.1465,10.4063,0.8657,-0.0310,0.1304
1635580648797,-2.2441,1.9775,10.2422,0.7017,-0.0352,0.0602
1635580648801,-2.0703,1.6660,10.1484,0.6284,-0.0385,0.0027
1635580648808,-1.9336,1.6016,10.1250,0.6221,-0.0087,-0.0143
1635580648817,-1.9365,1.8047,10.0938,0.6104,0.0583,0.0006
1635580648821,-2.1074,1.8623,10.1484,0.5591,0.1169,0.0080
1635580648847,-2.3457,1.7070,10.1328,0.4709,0.1265,-0.0101
1635580648851,-2.3770,1.4883,10.0703,0.4111,0.0754,-0.0484
1635580648854,-2.2129,1.1963,9.9844,0.4038,0.0020,-0.0484
1635580648867,-2.0078,0.9648,9.7734,0.4219,-0.0417,-0.0186
1635580648871,-1.9219,0.8403,9.5391,0.4761,-0.0342,0.0250
1635580648897,-1.9863,0.7539,9.4922,0.5591,-0.0129,0.0697
1635580648901,-2.0742,0.7900,9.4453,0.6152,-0.0161,0.1016
1635580648904,-2.1113,0.8906,9.4844,0.6465,-0.0640,0.1324
1635580648927,-2.0039,0.9980,9.6172,0.6602,-0.1342,0.1622
1635580648939,-1.8643,1.1914,9.7813,0.6558,-0.1948,0.2037
1635580648943,-1.7256,1.4023,9.9375,0.6221,-0.2332,0.2452
1635580648947,-1.5625,1.5986,9.9375,0.5508,-0.2480,0.2761
1635580648951,-1.4668,1.7520,9.9844,0.4792,-0.2598,0.3037
1635580648978,-1.3594,1.8428,9.9609,0.4016,-0.2842,0.3154
1635580648981,-1.2158,1.9268,9.8984,0.3250,-0.2905,0.3164
1635580648984,-1.0869,2.0957,9.9141,0.2698,-0.2725,0.3335
1635580648998,-1.0244,2.3711,9.9531,0.2443,-0.2385,0.3601
1635580649001,-1.0029,2.5059,10.1094,0.2314,-0.2108,0.3696
1635580649028,-0.9478,2.5059,10.1719,0.2091,-0.1874,0.3496
1635580649036,-0.7876,2.5039,10.1172,0.1888,-0.1682,0.3303
1635580649054,-0.7012,2.4824,9.9766,0.1719,-0.1267,0.3335
1635580649069,-0.7490,2.5879,9.8203,0.1730,-0.0491,0.3398
1635580649072,-0.8882,2.8340,9.7891,0.1899,0.0105,0.3464
1635580649076,-0.9839,3.2051,9.8203,0.2080,0.0328,0.3538
1635580649080,-0.9790,3.5020,9.8203,0.1825,0.0392,0.3516
1635580649084,-1.0166,3.5586,9.7266,0.1038,0.0605,0.3335
1635580649108,-1.0840,3.3887,9.4844,0.0059,0.0903,0.3069
1635580649111,-1.1729,3.0508,9.2656,-0.0505,0.1233,0.2708
1635580649115,-1.2900,2.8340,9.1250,-0.0324,0.1583,0.2303
1635580649128,-1.3857,2.7734,9.1406,0.0506,0.1754,0.2059
1635580649131,-1.4600,2.8887,9.1797,0.1324,0.1818,0.1888
1635580649158,-1.5703,3.0781,9.2813,0.1665,0.1860,0.1782
1635580649161,-1.7070,3.0762,9.2969,0.1527,0.1829,0.1591
1635580649165,-1.8477,2.8887,9.2344,0.1038,0.1626,0.1250
1635580649188,-1.8740,2.7227,9.0938,0.0740,0.1360,0.0857
1635580649202,-1.9072,2.5840,8.9688,0.0889,0.1126,0.0442
1635580649211,-1.9121,2.5176,9.0078,0.1208,0.1030,0.0218
1635580649216,-1.9697,2.5566,9.0859,0.1378,0.1052,0.0155
1635580649220,-2.0527,2.6523,9.1641,0.1324,0.1041,0.0123
1635580649228,-2.1484,2.6758,9.2344,0.1027,0.0903,0.0123
1635580649231,-2.1855,2.5586,9.2344,0.0591,0.0573,0.0006
1635580649258,-2.0840,2.3613,9.1953,0.0346,0.0222,-0.0154
1635580649261,-2.0293,2.2266,9.1953,0.0325,0.0137,-0.0154
1635580649265,-1.9990,2.1973,9.1641,0.0463,0.0264,-0.0090
1635580649278,-2.0703,2.3125,9.2109,0.0687,0.0467,-0.0016
1635580649282,-2.1699,2.4414,9.3359,0.0708,0.0541,0.0144
1635580649308,-2.1855,2.5039,9.4219,0.0304,0.0435,0.0314
1635580649312,-2.1211,2.5059,9.4609,-0.0175,0.0190,0.0367
1635580649315,-1.9990,2.4336,9.4453,-0.0526,-0.0012,0.0367
1635580649328,-1.8984,2.3691,9.4922,-0.0760,0.0030,0.0453
1635580649332,-1.8643,2.2871,9.4766,-0.0814,0.0190,0.0495
1635580649358,-1.8838,2.2441,9.5000,-0.0760,0.0424,0.0474
1635580649362,-1.9385,2.2910,9.5469,-0.0537,0.0594,0.0474
1635580649365,-1.9795,2.3809,9.6250,-0.0249,0.0552,0.0474
1635580649378,-1.9102,2.4512,9.7031,-0.0218,0.0371,0.0463
1635580649382,-1.8555,2.4551,9.7188,-0.0345,0.0254,0.0442
1635580649408,-1.7852,2.3574,9.6953,-0.0494,0.0296,0.0431
1635580649412,-1.6992,2.2949,9.6406,-0.0494,0.0296,0.0431
1635580649415,-1.8770,2.3965,9.5547,-0.0026,0.0924,0.0580
1635580649428,-1.9316,2.5996,9.5781,-0.0037,0.0807,0.0155
1635580649432,-1.8643,2.5996,9.5156,-0.0324,0.0286,0.0197
1635580649458,-1.7354,2.5195,9.4922,-0.0611,0.0030,0.0314
1635580649462,-1.6396,2.4121,9.4766,-0.0601,0.0126,0.0123
1635580649465,-1.6631,2.3340,9.4688,-0.0537,0.0275,-0.0005
1635580649478,-1.7207,2.2852,9.3984,-0.0388,0.0477,0.0038
1635580649482,-1.7979,2.2910,9.4063,-0.0122,0.0498,0.0038
1635580649508,-1.8164,2.3516,9.4453,0.0006,0.0392,-0.0058
1635580649512,-1.7832,2.4336,9.4453,0.0006,0.0254,-0.0069
1635580649515,-1.7979,2.4512,9.4844,-0.0154,0.0158,-0.0037
1635580649529,-1.8379,2.3516,9.4688,-0.0526,0.0169,0.0027
1635580649532,-1.8643,2.2090,9.4688,-0.0834,0.0190,0.0133
1635580649559,-1.9580,2.2520,9.3984,-0.0718,0.0137,0.0165
1635580649563,-2.2871,2.6953,9.4219,-0.0313,-0.0129,-0.0016
1635580649578,-2.3066,2.8008,9.4688,-0.0526,-0.1013,-0.0228
1635580649583,-1.9102,2.4199,9.4063,-0.1451,-0.1747,-0.0111
1635580649587,-1.6758,2.1289,9.3516,-0.1866,-0.1608,-0.0164
1635580649600,-1.6328,2.1016,9.3984,-0.1515,-0.1055,-0.0048
1635580649604,-1.7637,2.1563,9.4297,-0.1047,-0.0512,0.0272
1635580649630,-1.8457,2.2070,9.4922,-0.0643,-0.0342,0.0240
1635580649635,-1.7813,2.2109,9.5078,-0.0282,-0.0352,0.0091
1635580649639,-1.7832,2.2168,9.5859,-0.0079,-0.0321,-0.0016
1635580649650,-1.8525,2.1543,9.6406,-0.0047,-0.0289,-0.0239
1635580649665,-1.8379,2.0703,9.5391,-0.0069,-0.0417,-0.0399
1635580649669,-1.7715,2.1348,9.4141,0.0282,-0.0427,-0.0303
1635580649684,-1.7549,2.2168,9.5000,0.0634,-0.0172,-0.0164
1635580649731,-1.8936,2.2754,9.4141,0.0293,-0.0012,-0.0239
1635580649734,-2.0215,2.3594,9.4375,0.0048,-0.0470,-0.0101
