1230800074370,2.8557,4.5887,6.8007,-0.3862,0.1233,0.1566
1230800074389,2.9466,4.2825,6.9275,-0.5866,0.1758,0.2617
1230800074390,3.0591,4.1820,7.2506,-0.7259,0.2222,0.2886
1230800074391,3.0950,3.9570,7.4707,-0.7979,0.2662,0.2861
1230800074412,2.8844,3.9451,7.7794,-0.8114,0.2870,0.2592
1230800074414,2.8365,4.1102,7.8464,-0.7992,0.3126,0.2116
1230800074442,2.6499,4.2370,7.9397,-0.7491,0.3102,0.1798
1230800074443,2.4991,4.4212,8.0306,-0.6526,0.3139,0.1713
1230800074445,2.4082,4.4308,8.1455,-0.6245,0.3346,0.1823
1230800074457,2.3388,4.4308,8.1957,-0.6183,0.3542,0.2067
1230800074458,2.3149,4.5457,8.2244,-0.6171,0.3664,0.2140
1230800074469,2.2096,4.6366,8.4350,-0.6574,0.3811,0.2189
1230800074472,2.1785,4.3997,8.5929,-0.7149,0.4055,0.2470
1230800074485,2.1163,4.2226,8.8514,-0.7833,0.4360,0.2764
1230800074492,2.1354,4.1341,9.1337,-0.8248,0.4739,0.2947
1230800074501,2.0469,4.0480,9.3826,-0.7613,0.4812,0.3277
1230800074511,2.1570,3.9642,9.5477,-0.6562,0.4727,0.3496
1230800074522,2.2742,3.9499,9.6290,-0.6049,0.4556,0.3350
1230800074537,2.2886,3.8900,9.6673,-0.5805,0.4482,0.3215
1230800074540,2.2646,3.8159,9.6625,-0.5634,0.4324,0.2959
1230800074549,2.2240,3.6771,9.7295,-0.5304,0.4128,0.2690
1230800074559,2.4130,3.6412,9.8013,-0.4510,0.4104,0.2458
1230800074569,2.3939,3.6842,9.9234,-0.3557,0.4043,0.2519
1230800074578,2.2790,3.7345,10.0526,-0.2922,0.4067,0.2580
1230800074588,2.1857,3.7513,10.2296,-0.2469,0.4153,0.2531
1230800074598,2.2407,3.8470,10.2583,-0.2445,0.4397,0.3032
1230800074607,1.9392,3.8948,10.4043,-0.2653,0.4690,0.3777
1230800074617,1.5851,3.5191,10.4426,-0.2873,0.5118,0.4168
1230800074627,1.9488,2.8707,10.3469,-0.3300,0.5533,0.3716
1230800074636,2.3316,2.3969,10.1579,-0.4094,0.5716,0.2470
1230800074645,2.0732,2.3610,10.1411,-0.3166,0.5167,0.1432
1230800074656,1.9632,2.4041,10.1004,-0.1822,0.4592,0.0980
1230800074665,1.8220,2.0835,10.1124,-0.1516,0.4043,0.0809
1230800074675,1.7669,1.4470,10.1770,-0.2152,0.3811,0.0784
1230800074685,1.8172,0.8296,10.1746,-0.3251,0.3615,0.0735
1230800074694,1.6880,0.4516,10.1291,-0.5035,0.3481,0.0809
1230800074703,1.6305,0.0950,10.1650,-0.7039,0.3297,0.0809
1230800074713,1.5899,-0.2448,10.3158,-0.8566,0.2711,0.0601
1230800074725,1.6234,-0.5128,10.4354,-1.0252,0.2002,0.0369
1230800074732,1.7598,-0.6133,10.7225,-1.2023,0.1196,0.0283
1230800074743,2.0038,-0.7879,10.9523,-1.3416,0.0378,0.0283
1230800074752,2.2670,-1.1253,11.0336,-1.4613,-0.0368,0.0308
1230800074761,2.4537,-1.5273,11.1006,-1.5701,-0.0954,0.0479
1230800074771,2.7169,-1.9891,11.0480,-1.6580,-0.1431,0.0491
1230800074780,3.0950,-2.4079,10.7489,-1.7814,-0.1736,0.0320
1230800074790,3.3055,-2.6472,10.6340,-1.8731,-0.2127,0.0198
1230800074799,3.7290,-3.2573,10.7010,-1.9403,-0.2347,-0.0022
1230800074809,3.7745,-3.0874,10.3206,-2.0038,-0.2909,-0.0230
1230800074819,4.4134,-3.6497,10.1028,-2.0490,-0.4204,-0.1268
1230800074830,5.2796,-3.9608,9.8683,-2.0356,-0.4876,-0.2087
1230800074839,5.0355,-3.0156,10.2703,-1.9928,-0.5267,-0.4604
1230800074850,4.2483,-2.5514,10.7202,-2.0123,-0.3630,-0.8831
1230800074859,3.8894,-3.3889,10.8398,-2.1369,-0.1748,-0.8440
1230800074869,3.5280,-4.0996,10.7919,-2.2726,-0.0856,-0.4041
1230800074878,3.1380,-3.9991,10.8948,-2.2665,-0.0746,-0.3027
1230800074888,2.9538,-4.1092,10.6268,-2.2701,-0.0587,-0.4151
1230800074897,2.9681,-3.0468,10.6388,-2.3385,-0.0465,-0.4053
1230800074907,3.3342,-2.1136,9.9449,-2.4229,-0.0404,-0.3675
1230800074917,3.1380,-2.5826,9.6027,-2.0954,-0.1956,-0.5520
1230800074926,2.8054,-2.8960,9.5046,-1.8963,-0.1785,-0.7450
1230800074936,2.4585,-3.0802,9.6936,-2.1125,-0.0820,-0.8256
1230800074946,2.2886,-2.9558,9.8492,-2.1541,-0.0465,-0.9063
1230800074954,2.3675,-2.5347,9.9808,-2.0148,-0.1125,-1.0284
1230800074965,2.6164,-2.1877,10.0382,-1.9244,-0.1895,-1.1298
1230800074975,2.7911,-2.1088,10.1555,-1.9122,-0.2273,-1.2154
1230800074984,2.7671,-2.2715,10.4402,-1.9341,-0.2139,-1.3156
1230800074994,2.5542,-2.8553,10.5311,-1.9647,-0.1699,-1.4402
1230800075003,2.6068,-3.5325,10.5598,-1.9586,-0.1369,-1.5709
1230800075013,2.8054,-3.8148,10.4522,-1.9024,-0.1320,-1.6967
1230800075022,2.8844,-3.7215,10.3421,-1.8108,-0.1198,-1.8128
1230800075032,2.7217,-3.2119,10.2081,-1.6397,-0.0905,-1.9154
1230800075042,2.5135,-2.6041,9.9114,-1.4638,-0.0600,-1.9875
1230800075051,2.4441,-2.3002,9.5501,-1.3844,-0.0368,-2.0327
1230800075060,2.4920,-2.3361,9.2749,-1.4125,-0.0087,-2.0694
1230800075071,2.7504,-3.1042,9.6913,-1.5004,0.0316,-2.1255
1230800075080,2.8222,-4.3389,9.7104,-1.5762,0.1001,-2.1903
1230800075090,2.9490,-5.0328,9.7750,-1.5860,0.1746,-2.2270
1230800075099,2.9777,-5.3175,9.9927,-1.5566,0.2320,-2.2160
1230800075109,2.8293,-5.4037,10.0310,-1.3685,0.2674,-2.2196
1230800075119,2.6786,-4.9443,9.6865,-1.0142,0.2699,-2.2282
1230800075128,2.6642,-4.1331,9.0787,-0.7870,0.2576,-2.1842
1230800075138,2.5805,-3.5373,8.6145,-0.7454,0.2601,-2.1439
1230800075145,2.5015,-3.2884,8.2388,-0.7601,0.2955,-2.1390
1230800075155,2.3795,-3.7885,8.1192,-0.8945,0.3615,-2.1170
1230800075165,2.2814,-5.0830,8.4230,-1.0704,0.4604,-2.0865
1230800075174,2.3005,-6.3943,8.4948,-1.1864,0.5252,-2.0632
1230800075184,2.4034,-7.1002,8.6695,-1.1828,0.4825,-2.0388
1230800075194,2.1498,-7.2701,9.0404,-1.0117,0.4202,-1.9765
1230800075205,1.7717,-6.8777,9.3969,-0.6257,0.3774,-1.8580
1230800075215,1.5970,-6.1215,9.3132,-0.2323,0.3175,-1.6894
1230800075225,1.5731,-5.5305,8.9232,0.0035,0.2406,-1.5086
1230800075234,1.5899,-5.0495,8.4757,0.0951,0.1978,-1.3766
1230800075244,1.4989,-4.8414,8.0402,0.0475,0.1978,-1.2813
1230800075253,1.2597,-4.7193,7.6071,-0.0832,0.2344,-1.1861
1230800075263,0.9103,-4.2073,7.4372,-0.2103,0.2760,-1.0944
1230800075273,0.6997,-4.0757,7.8942,-0.3325,0.2992,-1.0089
1230800075282,0.7285,-4.6332,8.1646,-0.3728,0.2821,-0.9307
1230800075292,1.0132,-5.2266,8.2986,-0.3691,0.2430,-0.8232
1230800075301,1.1951,-5.5209,8.3776,-0.4192,0.2076,-0.6974
1230800075310,1.1304,-5.3510,8.4996,-0.4058,0.1868,-0.6167
1230800075320,0.9773,-4.9897,8.4087,-0.2616,0.1550,-0.5605
1230800075330,0.9055,-4.7217,8.1503,-0.1199,0.1233,-0.4799
1230800075340,0.9199,-4.6882,7.7100,-0.0441,0.0976,-0.4090
1230800075349,1.0108,-4.9634,7.5138,-0.0344,0.0829,-0.3736
1230800075359,1.1041,-5.3678,7.4779,-0.0295,0.0793,-0.3540
1230800075367,1.0993,-5.5066,7.5042,0.0035,0.0744,-0.3174
1230800075377,1.1400,-5.2338,7.5760,0.0841,0.0512,-0.2417
1230800075386,1.1974,-4.7648,7.5425,0.1806,-0.0050,-0.1598
1230800075397,1.2908,-4.5207,7.5856,0.2442,-0.0685,-0.0865
1230800075407,1.3673,-4.5040,7.5521,0.2356,-0.0954,-0.0217
1230800075417,1.3721,-4.6045,7.3798,0.1611,-0.0856,0.0308
1230800075426,1.3745,-4.6595,7.1381,0.0621,-0.0587,0.0735
1230800075436,1.3769,-4.6834,6.8940,-0.0124,-0.0526,0.1102
1230800075445,1.5013,-4.7839,6.6500,-0.0466,-0.0697,0.1444
1230800075455,1.6808,-4.8892,6.4585,-0.0515,-0.0942,0.1749
1230800075464,1.7406,-4.8222,6.2001,-0.0515,-0.1113,0.1969
1230800075474,1.7813,-4.8390,6.1570,-0.0356,-0.1357,0.2116
1230800075483,1.8674,-4.8318,6.0948,0.0072,-0.1736,0.2287
1230800075494,1.9966,-4.6499,6.1020,0.0634,-0.2347,0.2482
1230800075503,2.1689,-4.3484,6.0781,0.0817,-0.2946,0.2641
1230800075510,2.3029,-4.0230,6.0709,0.0841,-0.3471,0.2605
1230800075520,2.3460,-3.6904,5.9465,0.0462,-0.3886,0.2495
1230800075530,2.3771,-3.4679,5.8053,-0.0539,-0.4155,0.2311
1230800075539,2.4321,-3.4511,5.6809,-0.2103,-0.4253,0.1957
1230800075549,2.5542,-3.6497,5.6210,-0.4119,-0.4204,0.1285
1230800075559,2.7217,-4.0757,5.4440,-0.6269,-0.4033,0.0369
1230800075570,2.9059,-4.5901,5.4751,-0.8089,-0.3776,-0.0718
1230800075579,3.1284,-5.0783,5.5612,-0.9140,-0.3666,-0.1855
1230800075589,3.3797,-5.5209,5.7072,-0.9275,-0.3825,-0.2868
1230800075599,3.6046,-5.7650,5.7766,-0.8651,-0.4253,-0.3638
1230800075609,3.7961,-5.7171,5.8771,-0.7320,-0.4949,-0.4322
1230800075618,3.9468,-5.5927,5.9728,-0.5695,-0.5878,-0.4884
1230800075628,4.0832,-5.5042,5.9967,-0.4082,-0.6830,-0.5227
1230800075638,4.2100,-5.4731,6.1092,-0.2738,-0.7784,-0.5263
1230800075647,4.3871,-5.3845,6.1068,-0.1956,-0.8541,-0.5080
1230800075656,4.6072,-5.3128,6.3078,-0.1871,-0.9286,-0.4848
1230800075667,4.9542,-5.4252,6.5973,-0.2127,-0.9885,-0.4616
1230800075676,5.3609,-5.7937,6.8127,-0.2323,-1.0178,-0.4506
1230800075685,5.8204,-6.2938,6.9730,-0.2372,-1.0154,-0.4591
1230800075695,6.3061,-6.6360,7.0831,-0.1822,-0.9995,-0.4848
1230800075705,6.9522,-6.7221,7.2601,-0.0283,-0.9995,-0.5165
1230800075714,7.6748,-6.4422,7.3367,0.1941,-1.0496,-0.5422
1230800075724,8.3807,-5.8176,7.4420,0.4152,-1.1314,-0.5556
1230800075734,8.8473,-4.9467,7.5449,0.5557,-1.1754,-0.5459
1230800075743,8.9430,-4.2097,7.7315,0.5875,-1.1461,-0.5080
1230800075753,8.7085,-3.8053,7.7818,0.4714,-1.0288,-0.4298
1230800075762,8.2611,-3.7311,7.8679,0.2307,-0.8443,-0.3198
1230800075772,7.7418,-3.7646,7.6932,-0.1077,-0.6427,-0.2038
1230800075781,7.3590,-3.7478,7.5616,-0.4449,-0.4815,-0.0950
1230800075791,7.0838,-3.6808,7.3822,-0.6917,-0.3862,0.0039
1230800075801,6.9929,-3.5516,7.1812,-0.7918,-0.3569,0.1102
1230800075811,7.0144,-3.4559,7.1094,-0.7955,-0.3666,0.2336
1230800075820,7.1005,-3.5086,7.2266,-0.7344,-0.3837,0.3521
1230800075830,7.1747,-3.5612,7.3535,-0.6404,-0.3911,0.4474
1230800075839,7.1986,-3.5325,7.5281,-0.5023,-0.3862,0.5195
1230800075847,7.1436,-3.4057,7.6932,-0.3264,-0.3666,0.5647
1230800075856,7.1053,-3.1999,7.7459,-0.1113,-0.3544,0.5903
1230800075866,7.0287,-2.9487,7.6430,0.1269,-0.3495,0.6025
1230800075875,6.9474,-2.6878,7.5018,0.3553,-0.3495,0.6050
1230800075885,6.8708,-2.4653,7.2721,0.5557,-0.3422,0.5842
1230800075896,6.8134,-2.1997,7.0472,0.7121,-0.3410,0.5512
1230800075907,6.7919,-1.9102,6.8964,0.7988,-0.3471,0.5121
1230800075916,6.7608,-1.6374,6.7935,0.8049,-0.3459,0.4657
1230800075926,6.6435,-1.4938,6.8151,0.7487,-0.3288,0.4046
1230800075935,6.4329,-1.5680,6.9275,0.6364,-0.2787,0.3411
1230800075945,6.2008,-1.8551,7.0448,0.4702,-0.2103,0.2837
1230800075955,6.0190,-2.2045,7.0496,0.3040,-0.1369,0.2348
1230800075964,5.8228,-2.4581,6.9515,0.1562,-0.0734,0.1872
1230800075974,5.5835,-2.6998,6.8223,0.0585,-0.0270,0.1530
1230800075984,5.3514,-2.9463,6.7935,0.0328,0.0011,0.1310
1230800075993,5.2126,-3.2238,6.7600,0.0719,0.0219,0.1163
1230800076003,5.0595,-3.4799,6.7289,0.1354,0.0316,0.1175
1230800076012,4.9518,-3.6162,6.7768,0.2405,0.0341,0.1273
1230800076021,4.8848,-3.5540,6.7457,0.3566,0.0243,0.1517
1230800076031,4.8633,-3.3459,6.6739,0.4641,-0.0001,0.1884
1230800076041,4.8561,-3.1760,6.5806,0.5545,-0.0307,0.2323
1230800076051,4.7939,-3.0826,6.5255,0.6058,-0.0429,0.2666
1230800076060,4.7053,-2.9630,6.3915,0.5887,-0.0331,0.2996
1230800076070,4.5282,-2.8386,6.2839,0.5154,-0.0123,0.3301
1230800076080,4.3201,-2.7309,6.1403,0.4067,0.0157,0.3594
1230800076089,4.0880,-2.7189,5.9178,0.2735,0.0402,0.3985
1230800076099,3.8894,-2.8027,5.7527,0.1257,0.0536,0.4437
1230800076108,3.7195,-2.9821,5.6737,-0.0356,0.0744,0.4877
1230800076118,3.4874,-3.1784,5.6091,-0.1749,0.0866,0.5292
1230800076128,3.2912,-3.3339,5.5971,-0.2726,0.0866,0.5744
1230800076137,3.1069,-3.5684,5.6378,-0.3386,0.0646,0.6319
1230800076147,2.9155,-3.7933,5.6139,-0.3508,0.0231,0.6954
1230800076157,2.7695,-3.9153,5.6115,-0.3459,-0.0343,0.7601
1230800076166,2.6260,-3.9967,5.6402,-0.3264,-0.0954,0.8212
1230800076176,2.4944,-4.1283,5.6282,-0.2970,-0.1650,0.8701
1230800076185,2.4489,-4.2599,5.7383,-0.2421,-0.2432,0.9141
1230800076195,2.5207,-4.5949,5.7814,-0.1969,-0.3141,0.9568
1230800076204,2.7049,-4.9467,5.7622,-0.1333,-0.3911,0.9984
1230800076214,2.9897,-5.3989,5.8938,-0.0710,-0.4766,1.0350
1230800076222,3.3821,-5.9803,6.0924,0.0279,-0.5609,1.0558
1230800076231,3.8463,-6.4685,6.4705,0.1476,-0.6342,1.0656
1230800076241,4.3009,-6.9542,6.7050,0.2833,-0.6965,1.0680
1230800076250,4.8178,-7.1887,6.7505,0.4201,-0.7515,1.0766
1230800076260,5.2413,-7.1289,6.6524,0.5215,-0.7930,1.1071
1230800076270,5.5954,-6.8346,6.3796,0.5753,-0.8138,1.1560
1230800076281,5.8491,-6.4972,6.1188,0.5887,-0.8187,1.2146
1230800076291,6.0477,-6.3847,5.8603,0.5410,-0.7955,1.2794
1230800076301,6.2343,-6.4111,5.5708,0.4225,-0.7490,1.3600
1230800076310,6.3396,-6.4828,5.3387,0.2381,-0.6892,1.4492
1230800076320,6.3994,-6.5044,5.2095,0.0243,-0.6232,1.5347
1230800076329,6.3061,-6.4565,5.2837,-0.1663,-0.5645,1.5983
1230800076339,6.0621,-6.5546,5.4703,-0.2897,-0.5242,1.6385
1230800076349,5.9544,-6.7915,5.6880,-0.3923,-0.5059,1.6679
1230800076358,6.0238,-7.0954,5.7479,-0.5072,-0.5181,1.6776
1230800076367,6.2487,-7.2486,5.7503,-0.6086,-0.5597,1.6496
1230800076397,6.4425,-7.2390,5.6498,-0.6636,-0.6061,1.5934
1230800076398,6.4712,-7.2533,5.5086,-0.6587,-0.6513,1.5225
1230800076398,6.3037,-7.3730,5.3339,-0.5976,-0.6733,1.4504
1230800076404,5.9233,-7.6266,5.1904,-0.5231,-0.6708,1.3869
1230800076414,5.5907,-7.9496,5.0779,-0.4730,-0.6574,1.3258
1230800076424,5.3849,-8.2105,4.9511,-0.4412,-0.6647,1.2537
1230800076433,5.3203,-8.4617,4.8003,-0.4131,-0.7063,1.1719
1230800076446,5.4327,-8.6340,4.7596,-0.3569,-0.7722,1.0863
1230800076454,5.6577,-8.7871,4.7022,-0.2970,-0.8504,1.0033
1230800076466,5.8634,-8.9235,4.6639,-0.2457,-0.9152,0.9239
1230800076472,6.0549,-9.1843,4.6759,-0.2115,-0.9616,0.8493
1230800076483,6.1027,-9.6318,4.7166,-0.1651,-0.9750,0.7760
1230800076491,6.1626,-10.1056,4.6902,-0.0869,-0.9641,0.7052
1230800076500,6.2104,-10.4358,4.7142,0.0279,-0.9518,0.6392
1230800076510,6.2415,-10.4980,4.6185,0.1794,-0.9543,0.5830
1230800076520,6.1936,-10.1750,4.4701,0.3615,-0.9616,0.5366
1230800076530,6.0262,-9.6127,4.2883,0.5288,-0.9567,0.5048
1230800076539,5.7988,-9.0503,4.0083,0.6241,-0.9384,0.4755
1230800076550,5.5524,-8.7441,3.8432,0.5936,-0.9042,0.4486
1230800076559,5.2652,-8.7034,3.7355,0.4445,-0.8480,0.4229
1230800076568,4.9757,-8.7369,3.7379,0.2454,-0.7759,0.3912
1230800076577,4.5426,-8.6795,3.8073,0.0511,-0.6965,0.3558
1230800076587,4.0975,-8.5598,3.9652,-0.0881,-0.6220,0.3362
1230800076596,3.6501,-8.4904,4.1447,-0.1565,-0.5731,0.3215
1230800076606,3.2529,-8.4641,4.2547,-0.1712,-0.5487,0.3057
1230800076617,2.9514,-8.3588,4.1949,-0.1712,-0.5438,0.2824
1230800076625,2.6762,-8.0214,3.9341,-0.1724,-0.5413,0.2470
1230800076635,2.4250,-7.6458,3.5465,-0.1846,-0.5535,0.2104
1230800076648,2.2886,-7.5189,3.1756,-0.1993,-0.5694,0.1798
1230800076654,2.1330,-7.7558,2.8454,-0.1749,-0.5927,0.1481
1230800076664,1.9895,-7.9736,2.6970,-0.1309,-0.5853,0.1371
1230800076673,1.7909,-7.9520,2.6851,-0.0918,-0.5694,0.1175
1230800076683,1.6449,-7.8133,2.8693,-0.0478,-0.5645,0.0809
1230800076694,1.6138,-7.5237,3.0560,0.0108,-0.5988,0.0418
1230800076703,1.6975,-7.1265,3.0368,0.0487,-0.6513,0.0112
1230800076713,1.8603,-6.7461,2.9339,0.0279,-0.7173,-0.0254
1230800076723,1.9584,-6.4661,2.6444,-0.0600,-0.7612,-0.0694
1230800076731,2.0732,-6.5211,2.2448,-0.2115,-0.7845,-0.1134
1230800076742,2.2335,-6.9064,1.7136,-0.4033,-0.7918,-0.1683
1230800076752,2.3962,-7.3299,1.4001,-0.5903,-0.7820,-0.2466
1230800076762,2.5422,-7.6266,1.4576,-0.6648,-0.7563,-0.3467
1230800076770,2.7911,-7.8635,2.3022,-0.5988,-0.7612,-0.4396
1230800076780,2.8150,-7.4256,3.1828,-0.4204,-0.7441,-0.5031
1230800076791,2.7887,-6.6503,4.2213,-0.2005,-0.7563,-0.5459
1230800076800,2.9873,-5.8416,4.5275,0.0121,-0.7955,-0.5862
1230800076810,3.5113,-5.4874,4.7214,0.1110,-0.8578,-0.6399
1230800076819,4.0497,-6.1239,5.0372,0.1061,-0.8749,-0.6876
1230800076829,4.3320,-6.6695,4.8553,0.0902,-0.8040,-0.7071
1230800076838,4.3536,-6.4230,4.4055,0.0878,-0.7515,-0.7071
1230800076848,4.4206,-5.9157,3.8145,0.1489,-0.7405,-0.7071
1230800076858,4.6622,-5.5999,3.5872,0.3725,-0.7942,-0.7303
1230800076866,5.0858,-5.5616,3.5058,0.6706,-0.8626,-0.7450
1230800076877,5.7079,-5.5927,3.9772,0.9112,-0.9140,-0.7438
1230800076887,6.3157,-5.4324,4.7525,1.1275,-0.9249,-0.7975
1230800076897,6.9905,-5.0639,4.9750,1.3523,-0.9616,-0.9173
1230800076906,8.0266,-4.6571,4.7429,1.5673,-1.0691,-1.0553
1230800076915,9.1727,-4.5734,4.3481,1.6516,-1.1937,-1.1873
1230800076925,10.0102,-4.5518,4.7668,1.6259,-1.2719,-1.3253
1230800076935,10.4696,-4.4226,5.1281,1.5184,-1.2634,-1.4084
1230800076944,10.2997,-3.8101,5.3387,1.4268,-1.2023,-1.4548
1230800076954,10.0294,-3.0779,5.1162,1.4121,-1.1217,-1.5000
1230800076961,10.1849,-3.4631,5.8005,1.3987,-1.0581,-1.5159
1230800076971,10.4146,-3.5301,5.6880,1.3730,-0.9653,-1.4854
1230800076981,10.9027,-3.0755,6.9539,1.3498,-0.9213,-1.4267
1230800076990,11.1971,-2.4031,7.0448,1.2008,-0.8272,-1.4047
1230800077000,10.9051,-2.7548,6.6691,0.9711,-0.7197,-1.3669
1230800077009,10.3428,-3.8005,6.4227,0.6803,-0.5621,-1.2936
1230800077021,9.8044,-4.0972,6.7026,0.2686,-0.3654,-1.1702
1230800077030,9.2230,-3.4368,5.8555,-0.0356,-0.1895,-1.1433
1230800077041,9.3737,-4.9467,5.9608,-0.0136,-0.1345,-1.1494
1230800077050,10.0030,-5.1189,6.4203,0.1672,-0.1858,-0.9185
1230800077060,9.9288,-4.7098,5.8532,0.0560,-0.1455,-0.6204
1230800077069,10.0724,-6.1287,6.2240,0.1794,-0.1443,-0.5434
1230800077079,9.7972,-4.3508,6.5255,0.4995,-0.1907,-0.2661
1230800077088,9.7996,-2.9678,7.6645,0.5716,-0.1553,-0.1574
1230800077098,10.1729,-2.5538,6.7624,0.7952,-0.2396,-0.1305
1230800077108,10.7017,-3.0922,6.3126,0.7707,-0.3398,0.0161
1230800077117,10.7592,-3.2836,5.9082,0.5667,-0.3654,0.0711
1230800077127,10.2160,-2.4677,5.7048,0.3969,-0.2970,0.0503
1230800077137,9.6130,-1.5034,5.2071,0.2527,-0.2029,0.0186
1230800077146,9.0650,-1.0511,4.7931,0.1501,-0.1724,0.0076
1230800077156,8.7540,-1.0607,4.0657,0.0536,-0.2505,-0.0156
1230800077165,8.4668,-1.3861,3.7618,-0.1138,-0.3605,-0.0059
1230800077175,8.3544,-2.5347,3.8695,-0.3129,-0.4595,0.0430
1230800077185,8.1199,-4.5327,3.1253,-0.4180,-0.5267,0.1566
1230800077194,7.9500,-6.6049,3.3622,-0.4229,-0.5645,0.3301
1230800077204,7.8878,-7.4400,4.3170,-0.3447,-0.5609,0.4975
1230800077214,7.8710,-5.6812,5.3722,-0.2848,-0.5780,0.6209
1230800077223,7.7873,-3.1449,5.6713,-0.2958,-0.6293,0.5940
1230800077233,7.6940,-1.2880,5.7192,-0.2934,-0.6623,0.5830
1230800077242,7.6676,-0.2280,5.2382,-0.3850,-0.6940,0.6697
1230800077252,7.3661,0.1190,4.3337,-0.7100,-0.6928,0.7907
1230800077262,7.0431,-1.3072,4.0203,-1.1608,-0.6464,0.8811
1230800077271,6.7416,-3.0779,3.0248,-1.4613,-0.5621,0.9886
1230800077281,6.9570,-3.9201,2.5080,-1.7753,-0.5096,1.1450
1230800077290,7.3972,-4.2671,2.6659,-2.1027,-0.5914,1.1083
1230800077298,7.6222,-4.0470,2.7114,-2.1773,-0.7234,1.0082
1230800077307,7.9548,-4.0589,3.1708,-2.0465,-0.8700,0.9385
1230800077317,8.0577,-4.1283,3.1828,-1.7766,-0.9384,0.9275
1230800077326,7.7562,-4.9419,2.2543,-1.5469,-0.9103,0.9678
1230800077336,7.1484,-6.3632,1.8739,-1.1327,-0.8773,1.0326
1230800077346,6.5071,-6.9136,2.4410,-0.5597,-0.8688,1.1279
1230800077357,5.9233,-5.4587,2.7473,-0.1626,-0.9017,1.1645
1230800077367,5.5308,-3.5875,2.5917,-0.0539,-0.9922,1.0815
1230800077376,5.3155,-2.8338,2.5319,0.0108,-1.0997,1.0020
1230800077385,5.4399,-3.7144,2.4554,-0.0014,-1.2145,1.0546
1230800077396,5.8945,-5.2170,2.3237,-0.2897,-1.3501,1.1474
1230800077405,6.3277,-6.6121,2.3190,-0.7857,-1.4503,1.1328
1230800077415,6.4712,-7.6649,2.2759,-1.1180,-1.4760,1.0436
1230800077425,6.1554,-7.8922,2.3549,-1.0826,-1.4283,0.9996
1230800077434,5.5524,-7.1002,2.7449,-0.8102,-1.3465,0.9972
1230800077444,4.8010,-6.0426,2.7856,-0.5121,-1.2890,0.9959
1230800077453,4.1885,-5.5807,2.3285,-0.1895,-1.3098,0.9837
1230800077463,4.0258,-5.4539,1.9026,0.1269,-1.4149,1.0094
1230800077472,4.2770,-5.5688,1.2542,0.2686,-1.5432,1.0301
1230800077482,4.8537,-5.8751,1.0627,0.3334,-1.6751,0.9874
1230800077492,5.3969,-6.2101,0.5674,0.4445,-1.7569,0.9336
1230800077501,5.7917,-6.7269,0.1032,0.6339,-1.7826,0.9019
1230800077511,6.1051,-7.4400,0.1822,0.8893,-1.7728,0.8921
1230800077520,6.2463,-7.7032,-0.0452,1.1104,-1.6995,0.9239
1230800077530,6.4066,-7.8492,-0.2557,1.2289,-1.6372,0.9507
1230800077540,6.5334,-7.6481,-0.3227,1.2802,-1.6116,0.9593
1230800077550,6.5263,-7.0356,-0.4280,1.2130,-1.5810,0.9581
1230800077559,6.5119,-6.6671,-0.3706,0.9833,-1.4796,0.9129
1230800077569,6.4784,-7.2246,-0.2031,0.7365,-1.3587,0.8725
1230800077578,6.4066,-7.9496,-0.3490,0.5667,-1.2096,0.8579
1230800077588,6.2319,-8.5694,-0.4830,0.4702,-1.0691,0.8286
1230800077598,5.9855,-9.0264,-0.3466,0.5704,-0.9579,0.7785
1230800077607,5.6385,-9.1963,-0.5596,0.8269,-0.8773,0.7699
1230800077617,5.3849,-9.0264,-0.6122,1.0664,-0.8468,0.8542
1230800077626,5.4088,-7.9832,-0.6577,1.0981,-0.8529,0.9446
1230800077634,5.6026,-8.4162,-0.3658,0.8123,-0.8736,0.9226
1230800077643,5.7223,-9.7227,-0.3012,0.7805,-0.8113,0.8652
1230800077653,5.9544,-11.0077,-0.0523,0.8172,-0.6928,0.8591
1230800077663,5.9687,-11.2876,-0.1839,0.7622,-0.5731,0.8359
1230800077672,5.7941,-10.6966,0.0434,0.7793,-0.5352,0.8261
1230800077682,5.6170,-9.6390,0.1128,0.9002,-0.4912,0.8224
1230800077694,5.4303,-8.6029,-0.0547,0.9002,-0.4607,0.8628
1230800077704,5.1863,-7.8994,-0.5835,0.6327,-0.3911,0.9458
1230800077713,4.9326,-8.0166,-0.9113,0.2723,-0.2750,0.9825
1230800077723,4.6479,-9.2537,-0.9855,0.0316,-0.1345,0.9239
1230800077732,4.5378,-10.8426,-0.8779,-0.0148,-0.0111,0.8530
1230800077742,4.4900,-11.5748,-1.2057,0.0658,0.0157,0.7992
1230800077751,4.4182,-10.9287,-1.5957,0.1965,-0.0783,0.7088
1230800077761,4.6838,-9.7993,-0.9329,0.3737,-0.2530,0.6172
1230800077771,5.0379,-7.8563,-0.6697,0.4641,-0.4521,0.6209
1230800077780,5.7151,-6.9423,0.0889,0.2283,-0.6256,0.6160
1230800077790,6.0262,-7.1983,-0.3610,-0.1346,-0.6317,0.5964
1230800077800,6.0262,-8.2440,0.0841,-0.5304,-0.5401,0.6257
1230800077809,5.8156,-9.3183,0.7134,-0.8590,-0.2933,0.6001
1230800077819,5.4495,-10.4980,1.4647,-1.0008,-0.0710,0.5634
1230800077828,5.0642,-11.1728,1.6633,-0.8493,0.0903,0.5292
1230800077838,4.9135,-11.0077,1.9026,-0.4375,0.1233,0.4535
1230800077848,4.9494,-9.6988,1.5772,0.0157,0.0549,0.4095
1230800077857,5.0642,-8.0789,0.8330,0.3028,-0.0294,0.3924
1230800077867,5.0666,-7.0236,0.3329,0.4360,-0.0453,0.3484
1230800077876,4.8489,-6.8848,0.2994,0.4543,0.0219,0.3142
1230800077886,4.5354,-7.3443,0.4884,0.2527,0.1721,0.3240
1230800077894,4.2626,-8.0980,0.3473,-0.1419,0.2980,0.3277
1230800077905,4.2028,-9.3662,0.3281,-0.5133,0.3566,0.3130
1230800077914,4.2244,-10.9239,0.0530,-0.6171,0.3591,0.2861
1230800077924,4.3823,-11.6202,0.4454,-0.3361,0.3102,0.2641
1230800077934,4.4397,-10.3042,0.3688,0.0756,0.2430,0.2287
1230800077944,4.6551,-9.6390,0.9216,0.3883,0.1452,0.1639
1230800077954,4.9111,-8.9810,0.7086,0.7988,0.0549,0.1530
1230800077963,5.4279,-8.2751,1.0843,0.9002,-0.0172,0.1847
1230800077971,5.7462,-8.5120,0.6775,0.5875,-0.0245,0.1175
1230800077980,6.0309,-9.4643,0.6177,0.3700,-0.0233,0.1114
1230800077989,6.1865,-9.6653,0.7588,0.2307,-0.0209,0.1163
1230800077999,6.1338,-9.1197,0.8880,0.0609,-0.0771,0.0833
1230800078009,5.9735,-8.9546,0.9120,0.0756,-0.1076,0.0295
1230800078019,5.4064,-8.4689,-0.4902,0.1574,-0.1345,0.0271
1230800078030,5.5643,-8.9570,1.2326,0.0438,-0.1785,0.0503
1230800078040,5.5620,-9.4571,1.8260,-0.1223,-0.1406,0.0454
1230800078049,5.2940,-11.4097,1.8404,-0.2738,-0.0587,0.0564
1230800078058,4.8465,-10.8976,1.7423,-0.0173,0.0524,0.1053
1230800078068,4.3847,-9.0192,1.7997,0.1525,0.0097,0.0809
1230800078078,4.2339,-7.8444,1.7710,0.3211,-0.1076,0.0003
1230800078088,4.2866,-6.9638,1.6322,0.5301,-0.1919,0.0430
1230800078098,4.3823,-6.6623,1.9888,0.4225,-0.2335,0.0699
1230800078107,4.0999,-7.2103,1.8595,0.1696,-0.1712,0.0552
1230800078117,3.8439,-8.5479,1.9505,0.0304,-0.0734,0.0442
1230800078126,3.7578,-9.6055,1.6897,0.0695,-0.0221,0.0454
1230800078136,3.9157,-9.6773,1.3499,0.2173,-0.0514,0.0357
1230800078146,4.1622,-8.9044,1.0914,0.4348,-0.1492,0.0125
1230800078155,4.3919,-8.0836,1.1489,0.6706,-0.2616,-0.0120
1230800078165,4.4995,-7.6960,1.5198,0.8025,-0.3031,-0.0144
1230800078174,4.1956,-7.5596,1.5509,0.7732,-0.2481,0.0027
1230800078182,3.8080,-8.0358,1.6705,0.6620,-0.1540,-0.0266
1230800078193,3.6836,-8.6388,1.8404,0.6351,-0.0881,-0.0450
1230800078203,3.8248,-9.0838,1.6609,0.5606,-0.0820,-0.0327
1230800078213,4.1286,-9.3375,1.4456,0.4824,-0.1149,-0.0254
1230800078222,4.4014,-9.2394,1.2661,0.4897,-0.1345,-0.0352
1230800078232,4.4756,-8.7321,1.0508,0.5276,-0.1443,-0.0401
1230800078241,4.4828,-8.3038,1.2829,0.5362,-0.1394,-0.0401
1230800078251,4.3943,-8.2918,1.3905,0.4628,-0.1259,-0.0303
1230800078261,4.3368,-8.5263,1.2709,0.3370,-0.1076,-0.0156
1230800078271,4.3919,-8.7321,1.0747,0.2381,-0.1064,-0.0059
1230800078280,4.5115,-8.8111,1.1201,0.1611,-0.1394,0.0149
1230800078290,4.5498,-8.8781,1.0891,0.1220,-0.1809,0.0369
1230800078299,4.5641,-8.4330,1.3523,0.1440,-0.1944,0.0552
1230800078308,4.5235,-8.4043,1.0891,0.1770,-0.2188,0.0540
1230800078316,4.6168,-8.6101,0.9886,0.2674,-0.2396,0.0662
1230800078326,4.7532,-7.9185,1.1895,0.3297,-0.2713,0.1053
1230800078335,4.6862,-6.8609,0.9598,0.1867,-0.2872,0.0906
1230800078345,4.6144,-7.0260,1.1082,-0.0784,-0.2603,0.0479
1230800078355,4.4780,-7.5357,1.0340,-0.2225,-0.2677,0.0515
1230800078365,4.3967,-7.6386,1.1608,-0.3251,-0.2115,0.0344
1230800078376,4.3201,-7.4448,1.1201,-0.4033,-0.2371,0.0015
1230800078385,4.4230,-7.4328,1.1967,-0.3997,-0.2567,-0.0437
1230800078395,4.4660,-7.3395,1.2015,-0.3215,-0.2664,-0.0853
1230800078405,4.5354,-7.4472,1.3523,-0.2176,-0.2445,-0.1354
1230800078415,4.7891,-8.0478,1.3977,-0.0405,-0.2273,-0.1928
1230800078424,5.1073,-8.2487,1.5604,0.1599,-0.2237,-0.2001
1230800078434,5.2461,-7.9736,1.4767,0.2588,-0.2176,-0.1989
1230800078444,5.3035,-7.9903,1.5939,0.2979,-0.1980,-0.2172
1230800078453,5.2605,-7.6721,1.6920,0.2820,-0.1614,-0.2025
1230800078463,5.1025,-7.9951,1.7040,0.0585,-0.1088,-0.1903
1230800078472,5.0834,-8.7871,1.9098,-0.1150,-0.0563,-0.1879
1230800078482,5.1576,-9.0623,1.9361,-0.2127,-0.0087,-0.1586
1230800078491,5.0906,-8.5574,1.5556,-0.2738,0.0048,-0.1561
1230800078501,5.1241,-8.5167,1.5437,-0.2506,-0.0062,-0.1549
1230800078511,5.1911,-8.3277,1.5748,-0.1541,-0.0209,-0.1256
1230800078520,5.1528,-7.8683,1.4767,-0.1639,-0.0099,-0.0902
1230800078530,5.0092,-7.6721,1.2781,-0.2311,-0.0001,-0.0840
1230800078539,4.9350,-7.6721,1.1848,-0.2628,-0.0135,-0.0657
1230800078549,4.9637,-7.7319,1.1178,-0.3386,-0.0294,-0.0535
1230800078559,4.9446,-8.0765,0.9670,-0.4461,-0.0441,-0.0596
1230800078568,4.9231,-8.6627,0.9144,-0.4974,-0.0453,-0.0731
1230800078578,4.8609,-8.7465,0.9503,-0.4131,-0.0307,-0.0877
1230800078588,4.7221,-8.2392,1.2111,-0.2555,-0.0282,-0.1134
1230800078597,4.6910,-8.0119,1.2709,-0.0588,-0.0575,-0.1476
1230800078606,4.7843,-7.6936,1.2518,0.1306,-0.0978,-0.1244
1230800078617,4.8848,-7.8324,1.3594,0.1098,-0.1369,-0.1134
1230800078626,4.9326,-8.3588,1.4216,0.0536,-0.1467,-0.1305
1230800078636,4.9949,-8.5718,1.4815,0.0047,-0.1394,-0.1244
1230800078645,4.9422,-8.4809,1.4336,-0.0490,-0.1431,-0.1195
1230800078653,4.9685,-8.9451,1.4480,-0.0722,-0.1626,-0.1256
1230800078662,5.0595,-9.5313,1.6944,0.0108,-0.1724,-0.1024
1230800078672,5.0666,-9.0719,1.8260,0.0805,-0.1577,-0.0718
1230800078682,4.9446,-8.3851,1.8380,0.0695,-0.1345,-0.0608
1230800078691,4.8417,-8.5335,1.7495,0.0511,-0.1247,-0.0584
1230800078701,4.8680,-8.7441,1.6394,0.0548,-0.1076,-0.0352
1230800078713,4.8178,-8.5766,1.4576,0.0035,-0.0844,-0.0217
1230800078722,4.7340,-8.4976,1.3331,-0.0380,-0.0759,-0.0181
1230800078732,4.6072,-8.4378,1.0891,-0.0307,-0.0697,-0.0022
1230800078742,4.4924,-8.4761,1.0651,-0.0344,-0.0649,0.0027
1230800078751,4.4182,-8.5144,0.9527,-0.0197,-0.0722,-0.0181
1230800078761,4.4134,-8.5718,1.0867,0.0035,-0.0807,-0.0279
1230800078770,4.4086,-8.4976,1.1537,0.0499,-0.0905,-0.0376
1230800078780,4.4230,-8.2775,1.2757,0.1122,-0.1040,-0.0425
1230800078790,4.3871,-8.2009,1.4025,0.1623,-0.1113,-0.0511
1230800078798,4.3512,-8.2799,1.5269,0.1953,-0.1076,-0.0511
1230800078809,4.3081,-8.3804,1.5820,0.1916,-0.0893,-0.0511
1230800078818,4.2914,-8.4761,1.4934,0.1586,-0.0710,-0.0388
1230800078827,4.3201,-8.5239,1.2996,0.1232,-0.0600,-0.0181
1230800078838,4.2985,-8.5048,1.1776,0.0695,-0.0465,-0.0022
1230800078847,4.1645,-8.3181,1.0723,0.0524,-0.0270,0.0027
1230800078857,4.0234,-7.9018,0.9335,0.0829,-0.0184,0.0137
1230800078867,4.0018,-7.8898,0.9909,0.1220,-0.0343,0.0161
1230800078876,4.0497,-7.9520,1.1249,0.1562,-0.0539,0.0112
1230800078886,4.0999,-7.9760,1.4671,0.1574,-0.0636,-0.0169
1230800078896,3.9947,-7.9353,1.2518,0.1770,-0.0636,-0.0437
1230800078905,3.9683,-8.0262,1.1871,0.2283,-0.0771,-0.0352
1230800078915,4.0234,-8.1171,1.3283,0.2454,-0.1027,-0.0364
1230800078924,3.9468,-8.2775,1.5030,0.2283,-0.1040,-0.0462
1230800078934,3.7961,-8.1076,1.7447,0.2540,-0.0881,-0.0437
1230800078943,3.6309,-7.8204,1.9768,0.2662,-0.0697,-0.0205
1230800078953,3.5137,-7.6625,2.0510,0.2784,-0.0661,-0.0205
1230800078963,3.5735,-7.4998,2.1132,0.2613,-0.0710,-0.0059
1230800078972,3.6309,-7.5620,1.9768,0.1941,-0.0869,0.0112
1230800078982,3.6477,-7.7391,1.5341,0.0841,-0.0905,0.0332
1230800078991,3.4060,-7.9808,1.4049,-0.0417,-0.0734,0.0674
1230800079001,2.9131,-8.0501,1.8284,-0.1028,-0.0197,0.0845
1230800079011,2.3029,-7.4017,1.8595,0.0194,0.0561,0.0748
1230800079020,2.1665,-6.8083,1.7375,0.2747,0.0573,0.0430
1230800079027,2.7265,-6.6838,1.7207,0.5069,-0.0294,0.0076
1230800079037,3.5520,-7.3897,2.1371,0.5704,-0.1333,-0.0095
1230800079047,4.2148,-8.2535,1.6179,0.4775,-0.1748,-0.0242
1230800079056,4.8274,-9.2442,1.2972,0.2442,-0.1760,-0.0266
1230800079066,5.3203,-10.3018,1.2661,0.0426,-0.1553,-0.0413
1230800079077,5.4710,-10.9814,1.9935,0.1012,-0.1345,0.0198
1230800079087,5.3705,-10.3712,4.4246,0.2662,-0.0930,0.1261
1230800079097,4.0377,-3.1640,3.7283,0.1342,0.1367,0.2006
1230800079107,3.4587,-1.0631,2.1299,-0.9189,0.3102,-0.1024
1230800079116,5.5691,-8.8948,4.9152,-0.8969,0.1514,-0.3895
1230800079126,7.1484,-10.1965,5.8723,-0.3068,0.1538,-0.0975
1230800079135,4.9159,6.2852,-5.9291,-1.5994,0.4006,-0.1598
1230800079145,4.1478,1.5666,-5.5151,-3.6397,0.4275,-1.1848
1230800079155,11.1851,-28.7983,4.8769,0.0194,-0.0820,-1.5611
1230800079164,8.4262,-12.9530,-4.6920,4.6228,0.1966,1.0350
1230800079174,7.4666,-6.2651,-2.8136,0.1745,-0.1772,0.3338
1230800079184,6.8086,-8.2009,-0.0834,0.6437,0.0182,-1.0419
1230800079193,6.6603,-10.0123,-0.3299,1.8471,-0.0233,-0.3125
1230800079203,7.7825,-9.2513,-0.1026,0.8685,0.0732,0.2861
1230800079212,9.4766,-9.7730,0.6942,-0.1724,-0.5157,0.0711
1230800079222,9.3282,-8.4689,0.3712,-0.3349,-0.5682,0.0967
1230800079231,8.5482,-7.9927,1.1871,-0.6306,-0.4179,0.2140
1230800079241,7.5336,-7.3466,1.2637,-0.7369,-0.1675,0.2091
1230800079251,6.7751,-7.3108,1.2422,-0.8175,-0.0258,0.1358
1230800079260,6.6507,-7.8180,1.9098,-0.7894,0.0341,0.0638
1230800079269,6.2846,-8.3899,2.3357,-0.6733,0.0549,0.0320
1230800079277,5.6242,-9.1987,2.1347,-0.5463,0.1501,0.0320
1230800079287,5.5021,-9.6557,0.9503,-0.4827,0.2748,0.0271
1230800079299,6.1865,-9.3375,-0.0571,-0.4595,0.2271,-0.0144
1230800079308,6.8397,-8.2272,-0.4783,-0.4901,0.0658,0.0027
1230800079318,6.7966,-7.3299,-0.6745,-0.7100,0.0145,0.0931
1230800079328,6.0094,-7.1600,-1.3253,-0.9849,0.1233,0.1517
1230800079337,5.5739,-7.8659,-0.5452,-1.1009,0.2247,0.1420
1230800079347,5.4686,-8.4593,-0.3419,-1.0899,0.2210,0.1383
1230800079356,5.6170,-8.1076,-0.2485,-1.0191,0.1660,0.1615
1230800079366,5.9328,-8.0836,0.2755,-0.8602,0.0891,0.1187
1230800079374,6.1889,-8.0310,0.8091,-0.5951,0.0378,0.0650
1230800079426,6.4497,-8.3564,1.1010,-0.4681,0.0011,0.0430
1230800079427,6.4234,-9.3088,0.3353,-0.4901,0.0023,0.0332
1230800079428,6.6842,-10.1869,0.9216,-0.4901,-0.0392,0.0552
1230800079429,6.4377,-9.6079,0.7110,-0.5658,0.0133,0.1041
1230800079430,5.7701,-8.7249,0.7325,-0.6135,0.0781,0.0919
1230800079433,5.1049,-8.0525,0.3377,-0.5402,0.1501,0.1004
1230800079442,4.8585,-7.7104,0.5889,-0.5621,0.1367,0.1493
1230800079452,4.7819,-7.8635,0.6033,-0.6929,0.0964,0.1652
1230800079461,4.8489,-8.5790,0.3856,-0.7723,0.0695,0.1322
1230800079471,5.0642,-9.7108,0.3736,-0.7283,0.0292,0.1065
1230800079481,5.2198,-10.1821,0.3114,-0.5035,-0.0184,0.1273
1230800079491,5.2126,-10.1223,0.5267,-0.2298,-0.0539,0.1261
1230800079500,5.0044,-9.6677,0.6655,0.0731,-0.0380,0.1029
1230800079510,4.6910,-8.9355,0.7134,0.3419,-0.0123,0.1016
1230800079519,4.5091,-8.3516,0.9455,0.4958,-0.0160,0.1053
1230800079529,4.4565,-8.2392,1.0364,0.5105,-0.0319,0.1212
1230800079539,4.4110,-8.7704,0.3329,0.3847,-0.0331,0.1358
1230800079548,4.6120,-9.2872,0.4932,0.2515,-0.0502,0.1505
1230800079558,4.7699,-8.9594,0.6440,0.1709,-0.0539,0.1493
1230800079568,4.7269,-8.3277,0.5985,0.1623,-0.0429,0.1102
1230800079576,4.6359,-8.1291,0.5483,0.2173,-0.0307,0.0906
1230800079587,4.5115,-8.5167,0.5794,0.2588,-0.0490,0.1138
1230800079596,4.3943,-9.2131,0.7373,0.2906,-0.0526,0.1517
1230800079606,4.2650,-9.7323,0.4262,0.3810,-0.0465,0.1615
1230800079615,4.2244,-9.4284,0.7325,0.5203,-0.0575,0.1676
1230800079625,4.1574,-8.7776,0.6225,0.6608,-0.1027,0.1603
1230800079634,4.3775,-7.9760,1.5844,0.7439,-0.1308,0.1456
1230800079645,4.3584,-7.6697,1.4193,0.6534,-0.1479,0.1297
1230800079654,3.2385,-7.9209,-2.9333,0.4787,-0.1211,0.1065
1230800079664,4.0975,-7.6673,2.4625,0.4531,-0.2029,0.1407
1230800079674,4.0353,-6.1215,1.9457,0.3395,-0.1516,0.1224
1230800079683,3.7649,-6.8418,1.2877,-0.0490,-0.0355,0.0027
1230800079693,3.8822,-8.1626,0.3425,-0.1382,-0.0453,0.0088
1230800079702,4.2603,-8.2846,1.0149,-0.0784,-0.1345,0.0870
1230800079712,4.4301,-8.2583,1.1225,-0.0063,-0.1565,0.0491
1230800079721,4.4421,-8.5120,0.8952,0.1110,-0.1015,-0.0095
1230800079731,4.2507,-8.5502,0.6368,0.1574,-0.0820,0.0039
1230800079741,4.0569,-8.1315,0.8163,0.2613,-0.0759,-0.0266
1230800079750,3.9396,-7.7128,0.8426,0.4067,-0.0649,-0.0682
1230800079760,4.0616,-7.5764,0.9024,0.4616,-0.0746,-0.0792
1230800079770,4.2746,-7.7845,0.9216,0.3773,-0.1003,-0.0694
1230800079779,4.5570,-8.1554,0.9790,0.2564,-0.1101,-0.0755
1230800079789,4.7053,-8.4832,0.8593,0.1489,-0.1076,-0.0792
1230800079798,4.7221,-8.7249,0.7182,0.0719,-0.0978,-0.0743
1230800079808,4.7436,-8.7823,1.0412,0.0206,-0.0734,-0.0682
1230800079818,4.6934,-8.5718,1.2278,-0.0221,-0.0478,-0.0840
1230800079827,4.7029,-8.5048,0.9814,-0.0405,-0.0233,-0.1134
1230800079837,4.7508,-8.4641,0.8785,0.0059,-0.0417,-0.1109
1230800079846,4.8130,-7.9951,0.5746,-0.0112,-0.0526,-0.0926
1230800079856,4.7723,-8.6053,1.1704,-0.0674,-0.0233,-0.1036
1230800079866,5.0810,-11.1177,1.1297,0.0511,-0.0050,-0.1134
1230800079875,4.9374,-8.6938,0.7086,0.4384,0.0182,0.0625
1230800079885,4.7221,-7.3945,0.9598,0.2197,-0.0050,0.0283
1230800079894,4.5952,-7.5237,1.0101,0.3285,-0.0172,-0.0694
1230800079904,4.5881,-7.8970,0.8210,0.2710,-0.0050,0.0063
1230800079914,4.6383,-8.4809,0.8234,-0.0539,-0.0062,0.0491
1230800079923,4.6862,-8.9044,0.9742,-0.2335,-0.0209,0.0308
1230800079933,4.6383,-8.9187,0.7349,-0.2201,-0.0331,0.0063
1230800079940,4.6718,-8.5120,0.4980,-0.1211,-0.0502,0.0076
1230800079950,4.6240,-8.0693,0.4645,0.0047,-0.0661,0.0088
1230800079960,4.4636,-7.6242,0.5985,0.0951,-0.0624,0.0039
1230800079969,4.3488,-7.6123,0.7421,0.0976,-0.0404,-0.0120
1230800079979,4.2387,-7.9305,0.7708,0.0841,-0.0331,-0.0327
1230800079988,4.2435,-8.4593,0.8306,0.0915,-0.0465,-0.0462
1230800080000,4.4277,-8.9116,1.0029,0.1281,-0.0600,-0.0755
1230800080010,4.6335,-9.0121,1.0627,0.2295,-0.0636,-0.1146
1230800080019,4.6144,-8.5263,1.1201,0.4091,-0.0856,-0.1305
1230800080029,4.4421,-7.8372,1.1848,0.5459,-0.0844,-0.1183
1230800080036,4.3273,-7.6458,1.3307,0.5545,-0.0685,-0.1012
1230800080048,4.2555,-7.8013,1.3427,0.4164,-0.0478,-0.0670
1230800080058,4.2291,-8.1674,1.2326,0.2063,-0.0282,-0.0340
1230800080068,4.1406,-8.3612,1.3259,0.0585,-0.0221,-0.0120
1230800080077,3.9827,-8.2894,1.3690,0.0145,-0.0160,-0.0120
1230800080087,3.7961,-7.9999,1.1465,0.0560,0.0035,-0.0010
1230800080096,3.7745,-7.9592,1.2302,0.1061,0.0035,0.0015
1230800080106,3.7099,-7.5883,1.3116,0.1855,0.0133,-0.0022
1230800080115,3.5592,-7.2151,1.1489,0.2393,0.0426,0.0003
1230800080125,3.5520,-6.8968,0.9072,0.3004,0.0597,-0.0022
1230800080135,3.4467,-6.6910,0.8761,0.3199,0.0634,-0.0095
1230800080145,3.2074,-6.9112,0.7110,0.2979,0.1025,-0.0107
1230800080154,3.0184,-7.6362,0.7253,0.2600,0.1416,0.0039
1230800080164,3.1452,-8.3301,1.1249,0.2295,0.1489,0.0100
1230800080173,3.4826,-8.9690,1.1919,0.2234,0.1501,-0.0242
1230800080182,3.9109,-10.0003,1.7949,0.3944,0.1123,-0.0706
1230800080192,4.0258,-8.2655,2.2591,0.6498,0.0891,-0.0498
1230800080200,3.8056,-5.6358,2.4027,0.5276,0.1428,-0.0828
1230800080212,3.7003,-4.6619,2.0246,0.1831,0.2149,-0.2282
1230800080221,4.1071,-6.3345,2.2615,-0.1712,0.2442,-0.2294
1230800080231,4.4086,-6.2196,2.2137,-0.4901,0.2760,-0.1476
1230800080241,4.2698,-5.9588,2.2639,-0.9568,0.3310,-0.1818
1230800080250,4.2052,-5.0926,1.3235,-1.2158,0.3688,-0.3565
1230800080260,5.0666,-6.6192,1.9170,-1.3587,0.4067,-0.4713
1230800080270,4.8321,-2.2260,-3.7133,-1.2072,0.4421,-0.6204
1230800080279,8.4142,-14.2763,1.3714,-0.8884,0.1379,-0.9038
1230800080288,9.7374,-17.0495,-1.7680,1.9912,-0.0221,-0.8000
1230800080298,9.1488,-8.8087,-1.0286,2.5813,0.0023,-0.0596
1230800080308,8.5506,-6.4781,1.5772,2.2954,-0.0807,-0.6607
1230800080317,8.0385,-5.9803,0.5459,2.4274,0.0157,-0.6717
1230800080327,9.3330,-9.1102,1.6011,1.1263,0.0048,-0.2417
1230800080337,11.1755,-14.2476,1.5844,-0.4730,-0.2774,-0.0877
1230800080346,10.6730,-12.8549,0.3736,-1.2903,-0.3068,0.3338
1230800080356,9.1488,-9.8376,1.6633,-1.5408,-0.1968,0.4633
1230800080365,6.8708,-6.2651,1.5269,-1.1901,0.0805,0.4303
1230800080375,4.8561,-5.2673,2.5104,-1.2195,0.2088,0.4144
1230800080384,3.7889,-7.1839,2.1826,-1.2879,0.3676,0.3411
1230800080394,4.4636,-8.7465,1.7207,-1.1278,0.3407,0.3142
1230800080404,6.0357,-9.2226,0.9048,-0.9763,0.1013,0.2311
1230800080413,7.2178,-8.7752,0.3305,-0.5976,-0.1357,0.0809
1230800080423,7.3422,-8.1243,0.2563,-0.0857,-0.1699,0.0161
1230800080433,6.6435,-7.7319,0.3808,0.1916,-0.0368,0.0039
1230800080442,5.7318,-7.6793,0.5483,0.1867,0.1086,-0.0071
1230800080452,5.2222,-7.8061,0.7923,0.0267,0.1843,0.0015
1230800080461,5.3155,-7.9090,0.6966,-0.1309,0.1452,0.0210
1230800080471,5.9568,-8.1554,0.7397,-0.2726,0.0133,0.0295
1230800080481,6.5143,-8.3134,0.8019,-0.4351,-0.1076,0.0320
1230800080490,6.6196,-8.6842,1.0125,-0.5560,-0.1345,0.0125
1230800080500,6.2583,-8.9570,1.3092,-0.5707,-0.0465,-0.0022
1230800080510,5.6505,-8.7297,1.2877,-0.5182,0.0536,-0.0022
1230800080519,5.3107,-8.5144,1.2565,-0.3838,0.1001,-0.0217
1230800080527,5.3705,-8.3756,1.2470,-0.1590,0.0744,-0.0437
1230800080536,5.5907,-8.2822,1.2829,-0.0331,0.0365,-0.0279
1230800080546,5.6888,-8.3732,1.4743,-0.0295,0.0133,0.0039
1230800080555,5.6098,-8.3445,1.3523,-0.1174,0.0316,0.0295
1230800080565,5.4351,-8.2703,0.9335,-0.3117,0.0683,0.0442
1230800080576,5.2413,-8.8470,0.4621,-0.5438,0.0768,0.0625
1230800080586,5.3466,-9.6821,0.2587,-0.6880,0.0585,0.0967
1230800080596,5.4256,-10.0673,0.1176,-0.8016,0.0561,0.1334
1230800080606,5.4375,-10.4238,0.6081,-0.7527,0.0646,0.0809
1230800080615,5.1528,-9.9333,0.8282,-0.4021,0.1074,0.0479
1230800080625,4.8991,-9.4332,0.9479,0.0047,0.1245,0.0625
1230800080634,4.8417,-9.0599,0.8713,0.3712,0.0866,0.1004
1230800080644,4.8752,-8.8493,0.8474,0.5520,0.0243,0.1530
1230800080654,4.8369,-8.9307,0.9479,0.5801,-0.0087,0.1981
1230800080663,4.7508,-9.1915,0.8976,0.5679,-0.0172,0.2348
1230800080673,4.6599,-9.3566,1.0101,0.5178,-0.0258,0.2654
1230800080682,4.5665,-9.2394,1.2685,0.4531,-0.0307,0.2873
1230800080692,4.4325,-8.8709,1.4121,0.4238,-0.0355,0.2910
1230800080701,4.3368,-8.5120,1.4910,0.4177,-0.0490,0.2800
1230800080711,4.3201,-8.4856,1.4432,0.3761,-0.0710,0.2800
1230800080721,4.3990,-8.5981,1.2470,0.3199,-0.0942,0.2849
1230800080730,4.4493,-8.5479,0.7469,0.2588,-0.1064,0.2837
1230800080740,4.3081,-8.1243,-0.1241,0.2405,-0.1198,0.2764
1230800080749,4.8728,-7.3060,2.4458,0.2906,-0.1712,0.2788
1230800080759,4.3392,-7.5309,0.7445,0.2857,-0.1027,0.2482
1230800080769,4.0856,-8.7776,0.9694,0.2723,-0.0722,0.2458
1230800080779,4.2961,-8.5646,1.7423,0.3895,-0.1052,0.3057
1230800080788,4.2985,-7.9138,1.8524,0.4360,-0.0734,0.2397
1230800080796,4.3177,-7.6984,1.7088,0.5508,-0.0930,0.1713
1230800080807,4.3368,-8.4091,1.0603,0.6131,-0.0930,0.1542
1230800080817,4.3225,-8.1459,1.1848,0.5911,-0.1186,0.1884
1230800080827,4.1143,-7.5572,1.4743,0.5227,-0.0832,0.1554
1230800080836,3.9109,-7.0045,1.6346,0.4995,-0.0722,0.1041
1230800080846,3.9205,-6.4206,1.9816,0.3847,-0.0746,0.0833
1230800080855,3.8367,-6.8920,1.4432,0.0340,-0.0710,0.0528
1230800080865,4.0186,-8.2822,1.3929,-0.2079,-0.0685,0.0186
1230800080875,4.1885,-9.0791,1.4432,-0.2030,-0.0331,0.0259
1230800080884,4.2124,-8.7680,1.6059,-0.0319,0.0060,0.0271
1230800080894,4.0234,-7.8085,1.3642,0.2100,0.0378,0.0003
1230800080904,3.9564,-7.5524,1.3355,0.4177,0.0341,-0.0315
1230800080913,4.1310,-7.8324,1.4982,0.4995,0.0280,-0.0364
1230800080923,4.2483,-8.0669,1.3092,0.3883,0.0475,-0.0279
1230800080932,4.4182,-8.3469,1.2302,0.2075,0.0488,-0.0388
1230800080942,4.5833,-8.4474,1.1393,0.1061,0.0267,-0.0535
1230800080952,4.7556,-8.3588,1.2924,0.0414,0.0133,-0.0560
1230800080961,4.8561,-8.1578,1.4288,-0.0515,0.0292,-0.0682
1230800080971,4.8800,-7.9784,1.7303,-0.1358,0.0610,-0.0718
1230800080980,4.7891,-8.0597,1.7495,-0.1969,0.0903,-0.0743
1230800080990,4.6670,-8.0956,1.4863,-0.2213,0.1135,-0.0657
1230800080999,4.6718,-8.3038,1.5844,-0.2347,0.1098,-0.0572
1230800081009,4.6838,-8.3229,1.4863,-0.2005,0.1086,-0.0608
1230800081018,4.6288,-7.8659,1.4073,-0.1248,0.1208,-0.0718
1230800081028,4.7484,-7.7343,1.3331,-0.0539,0.1037,-0.0987
1230800081037,4.8872,-7.6481,1.1561,0.0414,0.0695,-0.1036
1230800081047,4.9972,-7.8156,1.2063,0.0340,0.0426,-0.1060
1230800081057,4.9877,-7.9951,1.2877,-0.0099,0.0475,-0.1085
1230800081067,4.7795,-7.4160,0.8354,-0.0502,0.0561,-0.1097
1230800081076,5.1336,-9.9859,1.6801,-0.0478,0.0072,-0.1134
1230800081086,5.2868,-9.6031,1.5820,0.2344,-0.0355,-0.0144
1230800081094,4.8633,-8.0190,1.4384,0.1416,-0.0404,0.0430
1230800081103,4.5809,-8.0765,1.4743,0.0670,-0.0307,-0.0731
1230800081113,4.7532,-8.5718,1.3427,0.1159,-0.0282,-0.0352
1230800081122,5.1552,-8.9116,1.3331,-0.0417,-0.0282,0.0222
1230800081132,5.3011,-8.9379,1.2805,-0.2189,-0.0355,0.0235
1230800081144,5.1121,-8.9068,1.0771,-0.2506,-0.0197,0.0076
1230800081153,4.9422,-8.8015,1.0197,-0.1492,-0.0050,0.0039
1230800081163,4.8800,-8.4521,1.1441,-0.0515,-0.0087,0.0112
1230800081172,4.8321,-8.3181,1.2039,0.0133,-0.0221,-0.0083
1230800081182,4.9972,-8.2775,1.2565,0.0939,-0.0490,-0.0254
1230800081192,5.1145,-8.0693,1.2948,0.1244,-0.0746,-0.0254
1230800081201,5.0642,-7.9042,1.2422,0.0817,-0.0917,-0.0401
1230800081211,4.9494,-7.9281,1.3331,0.0560,-0.0905,-0.0413
1230800081221,4.8513,-8.0023,1.4910,0.0194,-0.0795,-0.0425
1230800081230,4.8250,-8.3014,1.5054,-0.0307,-0.0697,-0.0621
1230800081240,4.8752,-8.6005,1.5389,-0.0515,-0.0710,-0.0804
1230800081249,4.8441,-8.7680,1.6322,-0.0124,-0.0771,-0.0779
1230800081259,4.7795,-8.5718,1.6490,0.0499,-0.0771,-0.0670
1230800081269,4.7077,-8.2440,1.6418,0.0853,-0.0722,-0.0560
1230800081277,4.6144,-8.0741,1.7136,0.0866,-0.0734,-0.0584
1230800081286,4.5163,-7.9927,1.7543,0.0487,-0.0575,-0.0388
1230800081297,4.3177,-7.9975,1.6992,-0.0319,-0.0355,-0.0303
1230800081307,4.0521,-8.1507,1.7088,-0.1150,-0.0087,-0.0376
1230800081317,3.8894,-8.2440,1.8045,-0.1064,0.0133,-0.0401
1230800081326,3.8008,-8.0884,1.6633,-0.0612,0.0206,-0.0437
1230800081336,3.8152,-7.8228,1.5126,0.0243,-0.0087,-0.0755
1230800081346,3.9133,-7.4304,1.4169,0.1330,-0.0465,-0.0779
1230800081355,4.0138,-7.3562,1.3307,0.1684,-0.0673,-0.0767
1230800081364,4.1167,-7.4735,1.2374,0.1623,-0.0673,-0.0718
1230800081374,4.1574,-7.5189,1.3810,0.1306,-0.0673,-0.0633
1230800081384,4.0090,-7.3538,1.5293,0.1220,-0.0563,-0.0645
1230800081394,3.8008,-7.3227,1.5533,0.1134,-0.0368,-0.0694
1230800081403,3.6932,-7.5453,1.7925,0.1159,-0.0441,-0.0743
1230800081413,3.5950,-7.5405,1.7327,0.1073,-0.0539,-0.0779
1230800081422,3.5233,-7.4615,1.5556,0.1012,-0.0783,-0.0840
1230800081432,3.7027,-7.5357,1.7303,0.0866,-0.1064,-0.0779
1230800081442,3.8631,-7.6601,1.4073,0.0450,-0.1040,-0.0804
1230800081451,4.0473,-8.3612,1.3020,-0.0209,-0.0954,-0.0828
1230800081461,4.2076,-8.9259,1.6250,-0.0161,-0.0930,-0.0853
1230800081470,3.9540,-8.2416,1.5150,0.0059,-0.0404,-0.0950
1230800081480,3.7410,-8.3612,1.3092,0.0853,0.0097,-0.1329
1230800081490,3.7338,-9.2059,2.0869,0.3077,0.0023,-0.1256
1230800081499,3.4443,-9.1006,3.9413,0.4360,0.0145,-0.0731
1230800081509,2.9442,-4.6476,4.4869,0.3578,0.1636,-0.0535
1230800081519,2.5877,-0.7018,3.2187,-0.3654,0.2613,-0.2197
1230800081528,3.5304,-1.2665,3.6087,-1.1144,0.1795,-0.5117
1230800081537,4.8226,-2.0609,3.6733,-1.5798,0.1147,-0.5923
1230800081547,4.2818,5.1798,-5.2448,-2.5426,0.2076,-0.7340
1230800081556,6.2535,-11.9696,-3.6368,-3.5920,0.0280,-1.1286
1230800081566,11.8623,-34.7253,2.6659,-0.0246,-0.5206,-0.9026
1230800081576,7.9500,-15.1616,-0.8204,3.2032,0.3811,0.5842
1230800081586,4.9015,-5.4109,-0.7415,1.9033,0.2552,-0.6424
1230800081595,5.4184,-4.0302,1.9218,4.0181,0.0768,-1.3571
1230800081605,7.8136,-6.3177,2.3692,3.9350,-0.2176,-0.3907
1230800081614,9.9863,-9.5433,1.5317,1.9253,-0.4155,0.0271
1230800081624,10.7089,-12.2280,0.0219,-0.2298,-0.5291,0.0515
1230800081634,9.9624,-13.2282,1.0867,-1.4198,-0.4143,0.2421
1230800081644,7.3661,-10.0170,1.3044,-1.5701,-0.0417,0.4425
1230800081653,5.1025,-7.1552,1.5198,-1.5053,0.2198,0.5036
1230800081660,4.4349,-5.9373,1.9720,-1.1926,0.2503,0.4217
1230800081670,4.9446,-6.0163,1.9218,-1.0166,0.1001,0.3949
1230800081679,5.8993,-7.0954,1.2924,-1.0863,-0.0453,0.3228
1230800081689,6.8038,-8.4330,0.9168,-1.0753,-0.1602,0.1859
1230800081700,7.1843,-8.8637,0.7636,-0.8627,-0.1712,0.0931
1230800081711,7.0479,-8.5167,1.0197,-0.5316,-0.1064,0.0405
1230800081720,6.5382,-8.0765,1.3690,-0.1810,0.0145,0.0137
1230800081730,5.9831,-8.0358,1.7973,0.0560,0.1330,0.0259
1230800081739,5.6888,-8.2918,1.7471,0.0475,0.2369,0.0589
1230800081749,5.7534,-8.5885,1.1441,-0.1773,0.2625,0.0870
1230800081758,5.9687,-8.8087,0.2755,-0.4546,0.2149,0.0943
1230800081768,6.1984,-9.2466,0.7158,-0.6074,0.1306,0.1053
1230800081778,6.1195,-9.2155,0.6535,-0.6489,0.1025,0.1371
1230800081787,5.7630,-8.6699,0.5076,-0.6672,0.0927,0.1578
1230800081797,5.5165,-8.2870,0.4573,-0.6501,0.0585,0.1432
1230800081806,5.5883,-8.0382,0.5028,-0.5609,-0.0001,0.1346
1230800081816,5.7917,-7.9855,0.4861,-0.5060,-0.0612,0.1383
1230800081825,6.0046,-8.0669,0.6727,-0.5267,-0.1003,0.1261
1230800081835,5.9687,-8.4138,0.5602,-0.5426,-0.0966,0.1029
1230800081845,5.9305,-8.8063,0.9311,-0.4901,-0.0820,0.0906
1230800081854,5.7510,-8.8661,0.4238,-0.3703,-0.0551,0.0760
1230800081864,5.6409,-8.8039,0.3521,-0.2176,-0.0563,0.0467
1230800081874,5.7223,-8.1865,0.6559,-0.0393,-0.0746,0.0308
1230800081883,5.7414,-7.2749,1.0029,0.0756,-0.0856,0.0149
1230800081893,5.6457,-7.5524,0.7469,0.0609,-0.0771,-0.0156
1230800081903,5.6409,-8.4306,0.6201,0.0072,-0.0746,0.0186
1230800081912,5.6337,-9.0982,0.8665,-0.0710,-0.0734,0.0638
1230800081922,5.4471,-9.3686,0.8593,-0.0515,-0.0539,0.0686
1230800081931,5.2461,-9.4284,0.7469,0.1159,-0.0392,0.0699
1230800081941,5.1647,-9.1748,0.8187,0.3602,-0.0526,0.0943
1230800081951,5.1336,-8.6340,1.0268,0.5484,-0.0795,0.1138
1230800081960,5.0786,-8.3062,1.2805,0.6510,-0.0869,0.1041
1230800081970,4.9829,-8.1554,1.4384,0.6718,-0.0636,0.1016
1230800081979,4.8848,-8.0406,1.4528,0.5728,-0.0319,0.1114
1230800081989,4.8585,-8.1028,1.3307,0.3969,-0.0245,0.1053
1230800081999,4.9015,-8.1770,1.2446,0.2197,-0.0233,0.0980
1230800082008,4.8393,-8.3899,0.9981,0.0475,-0.0026,0.1016
1230800082018,4.7747,-8.8781,1.0077,-0.0441,0.0255,0.1029
1230800082028,4.7292,-9.1724,1.0651,-0.0026,0.0561,0.1138
1230800082037,4.6575,-8.9690,1.0603,0.1098,0.0671,0.1163
1230800082047,4.5857,-8.6244,1.0292,0.2772,0.0500,0.1053
1230800082056,4.5761,-8.2703,1.0819,0.4445,0.0243,0.1151
1230800082066,4.5905,-7.9473,1.0555,0.5032,0.0023,0.1310
1230800082075,4.5689,-7.7989,1.2183,0.4555,-0.0026,0.1310
1230800082085,4.4325,-8.1219,1.1943,0.3456,0.0194,0.1236
1230800082095,4.4517,-8.5502,1.1943,0.2637,0.0304,0.1285
1230800082104,4.5306,-8.3899,1.1010,0.2075,0.0194,0.1456
1230800082114,4.4828,-8.1722,1.0771,0.1232,-0.0050,0.1493
1230800082124,4.4971,-8.2775,1.3355,0.0682,-0.0270,0.1395
1230800082133,4.4565,-8.2081,1.3475,0.0291,-0.0087,0.1383
1230800082143,4.3967,-8.2081,1.2829,-0.0735,-0.0135,0.1285
1230800082153,4.3847,-8.2966,0.9933,-0.1199,-0.0258,0.1126
1230800082162,4.6000,-8.1507,1.1058,-0.1370,-0.0636,0.1273
1230800082172,4.7508,-7.9712,1.0292,-0.1614,-0.0746,0.1346
1230800082181,4.6599,-8.0741,1.0340,-0.1602,-0.0759,0.1346
1230800082191,4.4565,-8.1626,1.1369,-0.1260,-0.0441,0.1432
1230800082200,4.2938,-8.1554,1.3044,-0.0784,-0.0172,0.1358
1230800082210,4.3297,-8.1770,1.4863,-0.0026,-0.0148,0.1053
1230800082220,4.4493,-8.0669,1.4839,0.0878,-0.0343,0.0772
1230800082227,4.5594,-7.9377,1.3642,0.1379,-0.0612,0.0491
1230800082237,4.6407,-7.8611,1.1417,0.1257,-0.0746,0.0271
1230800082246,4.6790,-7.8396,0.9766,0.0499,-0.0624,0.0198
1230800082256,4.7388,-8.1961,1.0532,-0.0576,-0.0417,0.0210
1230800082266,4.7221,-8.5909,1.0460,-0.1309,-0.0123,0.0283
1230800082278,4.6144,-8.6819,0.9168,-0.1358,0.0060,0.0479
1230800082287,4.6096,-8.5526,0.9981,-0.0942,0.0011,0.0601
1230800082297,4.6311,-8.1530,1.0579,-0.0612,-0.0135,0.0564
1230800082306,4.6359,-8.1315,0.9718,-0.0674,-0.0233,0.0357
1230800082316,4.7436,-8.5311,0.9455,-0.0722,-0.0343,0.0186
1230800082326,4.8609,-8.6890,0.7708,-0.0954,-0.0465,0.0295
1230800082335,4.8752,-8.7632,0.7373,-0.1529,-0.0587,0.0259
1230800082345,4.7627,-8.6555,0.8234,-0.1407,-0.0478,0.0198
1230800082354,4.5259,-8.1339,0.8857,-0.0857,-0.0282,0.0235
1230800082363,4.3584,-7.7726,0.9072,-0.0368,-0.0172,0.0186
1230800082374,4.3392,-7.7223,0.9933,-0.0246,-0.0282,0.0259
1230800082383,4.4301,-7.8994,1.0795,-0.0796,-0.0417,0.0442
1230800082392,4.5259,-7.9281,1.1369,-0.1626,-0.0563,0.0332
1230800082402,4.5306,-8.1507,1.1178,-0.2176,-0.0697,-0.0034
1230800082412,4.4852,-8.3971,0.9933,-0.2176,-0.0685,-0.0217
1230800082421,4.5043,-8.3349,0.9766,-0.1590,-0.0685,-0.0107
1230800082429,4.5378,-8.3086,1.2374,-0.0967,-0.0722,-0.0401
1230800082439,4.4971,-8.0478,1.4312,-0.0161,-0.0453,-0.0755
1230800082448,4.3440,-7.7128,1.2685,0.0426,-0.0062,-0.0914
1230800082460,4.3751,-7.8300,1.2781,0.0988,-0.0062,-0.0926
1230800082470,4.5330,-8.2870,1.5174,0.1110,-0.0197,-0.0755
1230800082479,4.5282,-8.4665,1.5676,0.0744,0.0072,-0.0682
1230800082489,4.4684,-8.4330,1.4910,0.0646,0.0341,-0.0840
1230800082498,4.4397,-8.1124,1.3953,0.1086,0.0231,-0.0938
1230800082508,4.3967,-7.6481,1.1608,0.0915,0.0011,-0.1097
1230800082518,4.2124,-6.6049,0.1128,-0.0270,-0.0160,-0.1329
1230800082526,4.6311,-9.3040,1.0268,-0.2335,-0.0539,-0.1451
1230800082537,5.1719,-10.5076,1.3068,-0.0698,-0.0820,-0.0902
1230800082545,4.7651,-8.2942,0.9862,-0.0221,-0.0319,0.0748
1230800082556,4.4517,-7.7199,0.8952,-0.0991,-0.0258,-0.0266
1230800082566,4.6240,-7.8515,1.0555,0.1269,-0.0661,-0.0242
1230800082576,4.8489,-8.1937,1.2757,-0.0221,-0.0624,0.0491
1230800082585,4.8513,-8.6220,1.0101,-0.2396,-0.0343,0.0418
1230800082594,4.8513,-8.7297,0.8928,-0.2848,-0.0368,0.0479
1230800082604,4.8417,-8.6627,0.6177,-0.2616,-0.0465,0.0564
1230800082614,4.9326,-8.9020,0.5363,-0.2506,-0.0392,0.0430
1230800082623,5.0020,-9.1891,0.4884,-0.2445,-0.0075,0.0320
1230800082633,4.9470,-9.2992,0.5555,-0.1859,0.0341,0.0283
1230800082642,4.8154,-8.9403,0.5219,-0.0356,0.0683,0.0283
1230800082652,4.7269,-8.2296,0.6895,0.1574,0.0781,0.0271
1230800082662,4.7221,-7.8826,0.8450,0.2882,0.0671,0.0076
1230800082671,4.7484,-7.8228,0.8402,0.3639,0.0573,-0.0034
1230800082681,4.7340,-7.8659,0.8665,0.3822,0.0402,-0.0144
1230800082691,4.6766,-7.9281,0.9024,0.3553,0.0231,-0.0266
1230800082700,4.6240,-8.1028,0.9240,0.3187,0.0170,-0.0242
1230800082710,4.5641,-8.2153,1.0292,0.2808,0.0048,-0.0242
1230800082719,4.4900,-8.2344,1.0843,0.2234,0.0035,-0.0266
1230800082729,4.5043,-8.1554,1.0555,0.1965,-0.0001,-0.0291
1230800082739,4.5881,-8.0190,1.1608,0.2002,-0.0233,-0.0266
1230800082748,4.5857,-7.8994,1.3690,0.1867,-0.0355,-0.0254
1230800082758,4.4924,-7.9114,1.4815,0.1733,-0.0380,-0.0425
1230800082767,4.3751,-7.6171,1.4001,0.2002,-0.0453,-0.0547
1230800082777,4.3081,-7.2318,1.2805,0.2185,-0.0673,-0.0645
1230800082787,4.2363,-7.2270,0.8593,0.2149,-0.0954,-0.0792
1230800082794,4.3560,-7.6194,0.7469,0.1941,-0.1149,-0.0792
1230800082804,4.4589,-7.7702,0.8498,0.1562,-0.1198,-0.0902
1230800082814,4.3105,-8.1602,2.1634,0.1257,-0.0942,-0.1415
1230800082823,3.6716,-6.3273,1.8667,0.2234,-0.0026,-0.1574
1230800082836,3.4802,-7.3658,1.8332,0.1416,0.0536,-0.1928
1230800082844,4.1717,-7.8779,2.7329,0.2258,-0.0465,-0.2649
1230800082854,4.1406,-6.9806,2.0270,-0.0307,-0.0160,-0.2075
1230800082864,4.4230,-8.2799,1.7207,-0.2677,0.0035,-0.3382
1230800082873,5.1863,-8.6723,1.6633,-0.0796,-0.0502,-0.2930
1230800082883,5.7893,-10.6727,2.2974,-0.2017,-0.0404,-0.2307
1230800082892,5.4734,-8.2296,1.3714,-0.1028,0.0157,-0.2160
1230800082902,4.4134,-6.2196,0.8282,-0.4498,0.0964,-0.1720
1230800082911,4.1645,-7.3132,0.8354,-0.7466,0.1379,-0.3223
1230800082921,4.2842,-9.8830,0.8498,-0.8053,0.1013,-0.1586
1230800082931,4.1239,-7.1552,1.3666,-0.9372,0.0915,-0.0572
1230800082940,4.0497,-6.4924,1.4240,-1.2537,0.0378,-0.1659
1230800082950,3.6597,0.3774,-3.3640,-1.2048,0.0048,-0.3113
1230800082960,5.2892,-8.9762,-1.3564,-1.8279,-0.1333,-0.4554
1230800082969,8.2419,-18.6647,-0.2126,-0.0869,-0.4632,-0.3846
1230800082979,7.2250,-11.0077,-1.0238,1.3999,-0.1455,0.2018
1230800082989,5.7964,-3.9680,-1.2918,1.0542,-0.0942,-0.5764
1230800082998,5.1791,-3.3889,-0.2605,1.9314,0.0500,-0.9111
1230800083008,6.4401,-7.9544,0.3114,2.0755,-0.0930,-0.5727
1230800083017,7.7514,-7.6123,0.0482,1.7029,-0.2286,-0.2563
1230800083025,8.2371,-7.2342,-0.3610,0.7011,-0.4204,-0.3858
1230800083034,8.3065,-8.0597,-0.3323,0.2319,-0.4827,-0.3137
1230800083046,8.2323,-8.8613,-0.2079,-0.2372,-0.4106,-0.0071
1230800083055,8.7540,-11.5580,2.2831,-0.8737,-0.3410,0.0955
1230800083063,8.3448,-12.0150,2.6946,-1.0008,-0.2115,0.0784
1230800083074,7.2896,-12.1921,2.8286,-1.0631,-0.0771,0.0625
1230800083082,6.4664,-11.1177,2.9243,-0.7430,0.0561,0.0467
1230800083093,6.1482,-9.0838,2.2950,-0.4840,0.1795,0.0845
1230800083103,6.4066,-7.7965,1.7231,-0.2628,0.1892,0.0772
1230800083113,6.7320,-6.5881,1.1106,-0.1236,0.1489,0.1383
1230800083125,6.5215,-5.7363,0.2181,-0.2775,0.1465,0.1762
1230800083130,5.9233,-5.9947,0.2707,-0.5023,0.2332,0.1639
1230800083140,5.4327,-7.7271,0.2228,-0.6819,0.3468,0.1737
1230800083149,5.4088,-9.8950,0.4406,-0.7833,0.4702,0.2091
1230800083161,5.6337,-10.6296,0.4669,-0.6941,0.4910,0.2116
1230800083171,5.6864,-9.9381,0.5028,-0.3838,0.4507,0.1530
1230800083180,5.5835,-8.4761,0.4358,0.0853,0.3688,0.0992
1230800083190,5.3562,-7.5118,0.0458,0.3761,0.3041,0.1065
1230800083199,5.5811,-7.7439,0.9598,0.3334,0.2711,0.1187
1230800083209,5.6481,-7.8228,0.8689,0.1049,0.2735,0.1322
1230800083219,5.5308,-8.7249,-0.0954,-0.1529,0.2943,0.0980
1230800083228,5.8443,-8.7728,0.3233,-0.2384,0.2479,0.1334
1230800083236,6.0309,-8.1100,0.5052,-0.3154,0.1929,0.1798
1230800083248,5.9568,-7.6793,0.9646,-0.3166,0.1734,0.1285
1230800083257,5.7486,-8.0860,1.0914,-0.3007,0.1966,0.1224
1230800083267,5.7175,-9.2848,1.2398,-0.2934,0.2063,0.1297
1230800083276,5.7486,-9.9979,1.0986,-0.2066,0.1843,0.1554
1230800083286,5.7486,-10.0194,0.8617,-0.0393,0.1477,0.1505
1230800083296,5.6361,-9.5983,0.6464,0.2478,0.1111,0.1407
1230800083305,5.5835,-9.0671,0.5985,0.5557,0.0683,0.1395
1230800083315,5.5261,-8.5000,0.5531,0.7793,0.0243,0.1590
1230800083324,5.4375,-8.1889,0.5531,0.8355,-0.0172,0.1749
1230800083334,5.3275,-8.3038,0.6201,0.7732,-0.0526,0.1933
1230800083343,5.2772,-8.6172,0.7158,0.6107,-0.0783,0.2323
1230800083354,5.2126,-8.8350,0.9048,0.4250,-0.0991,0.2641
1230800083361,5.1193,-8.8254,1.1082,0.2845,-0.1040,0.2751
1230800083371,5.0188,-8.6531,1.1871,0.2295,-0.1137,0.2873
1230800083380,4.8441,-8.4402,1.0747,0.2356,-0.1320,0.2861
1230800083390,4.7269,-8.2894,1.1369,0.2600,-0.1528,0.2800
1230800083400,4.6335,-8.1961,1.2589,0.2808,-0.1675,0.2702
1230800083411,4.4900,-8.0549,1.1752,0.3065,-0.1638,0.2507
1230800083421,4.4349,-7.8204,1.1369,0.3541,-0.1748,0.2214
1230800083430,4.4565,-7.6840,1.0484,0.3798,-0.2041,0.1981
1230800083440,4.3823,-7.7247,0.6248,0.3859,-0.2298,0.1725
1230800083450,4.3320,-7.1624,0.3018,0.3895,-0.2445,0.1542
1230800083459,4.8943,-6.1191,2.4793,0.2979,-0.2884,0.1468
1230800083469,4.7340,-6.7843,1.1537,-0.0319,-0.2261,0.0796
1230800083479,4.7604,-8.4952,1.2063,-0.3288,-0.2273,0.0723
1230800083488,4.8178,-9.3231,1.0579,-0.5157,-0.1455,0.1187
1230800083498,4.6981,-8.9762,1.4432,-0.4766,-0.1431,0.0955
1230800083507,4.5282,-8.5167,1.4312,-0.2005,-0.0905,0.0430
1230800083517,4.5498,-8.0573,1.2254,0.1452,-0.1015,0.0186
1230800083527,4.6981,-7.6147,1.0651,0.3187,-0.1272,0.0295
1230800083536,4.7604,-7.5189,1.2278,0.3248,-0.1296,0.0308
1230800083545,4.7292,-7.8300,1.2709,0.2258,-0.0942,0.0430
1230800083555,4.6407,-8.1746,1.1489,0.0768,-0.0587,0.0638
1230800083565,4.5641,-8.2894,1.2326,-0.0429,-0.0587,0.0686
1230800083575,4.4732,-8.2487,1.3977,-0.0906,-0.0551,0.0503
1230800083584,4.3775,-8.1100,1.4623,-0.0710,-0.0392,0.0222
1230800083594,4.3464,-7.9736,1.4001,-0.0356,-0.0343,-0.0144
1230800083603,4.3823,-7.8324,1.3403,-0.0075,-0.0343,-0.0413
1230800083612,4.4517,-7.8563,1.4432,0.0059,-0.0282,-0.0462
1230800083622,4.5474,-8.0932,1.3307,-0.0075,-0.0197,-0.0425
1230800083632,4.6359,-8.0454,1.2063,-0.0270,-0.0172,-0.0388
1230800083642,4.6383,-7.9496,1.0029,-0.0649,-0.0245,-0.0425
1230800083651,4.6335,-8.3947,0.9838,-0.0735,-0.0294,-0.0437
1230800083661,4.7627,-8.7130,1.0627,-0.0698,-0.0160,-0.0254
1230800083671,4.8465,-8.6795,1.1273,-0.1150,-0.0087,-0.0315
1230800083680,4.9231,-8.6460,1.1967,-0.1272,-0.0087,-0.0682
1230800083690,5.0068,-8.4282,1.0795,-0.0686,-0.0075,-0.0743
1230800083699,5.0523,-8.1817,1.1082,-0.0747,-0.0050,-0.0621
1230800083709,5.0427,-8.1291,1.1632,-0.1492,0.0048,-0.0584
1230800083719,4.9805,-8.1147,1.1417,-0.2408,0.0206,-0.0486
1230800083728,4.8345,-7.7702,0.6607,-0.3532,0.0304,-0.0425
1230800083738,4.6216,-8.0406,0.7660,-0.4754,0.0243,-0.0340
1230800083747,4.9805,-10.9981,1.2374,-0.4901,0.0097,0.0003
1230800083757,5.1241,-9.9979,0.7828,-0.1138,0.0267,0.1126
1230800083767,5.0547,-8.5502,0.8665,-0.1541,-0.0001,0.0980
1230800083776,5.0618,-8.3277,1.1249,0.0230,-0.0123,-0.0083
1230800083786,5.0954,-8.0789,1.0244,0.2112,-0.0123,0.0491
1230800083796,5.1025,-8.2416,1.1561,0.0426,-0.0062,0.0796
1230800083805,5.0547,-8.3373,1.2183,-0.1236,0.0292,0.0613
1230800083815,4.9709,-8.3110,1.0962,-0.1761,0.0512,0.0515
1230800083825,4.9781,-8.2272,0.9622,-0.1932,0.0658,0.0613
1230800083834,5.0044,-8.2081,0.9216,-0.2030,0.0646,0.0674
1230800083844,4.9518,-8.2679,1.0173,-0.1883,0.0720,0.0638
1230800083853,4.8274,-8.1913,1.0292,-0.1565,0.0903,0.0515
1230800083863,4.7819,-8.0286,0.9240,-0.1052,0.0915,0.0369
1230800083873,4.8465,-8.0693,0.6966,-0.0380,0.0536,0.0149
1230800083882,5.0762,-8.1841,0.6368,0.0255,0.0011,0.0100
1230800083892,5.2102,-8.2129,0.6535,0.0487,-0.0258,0.0051
1230800083901,5.1863,-8.0932,0.4382,0.0682,-0.0355,-0.0132
1230800083911,5.1911,-7.9449,0.5507,0.0805,-0.0600,-0.0450
1230800083921,5.1408,-7.9066,0.6966,0.0536,-0.0734,-0.0743
1230800083928,5.0858,-8.1339,0.8258,0.0059,-0.0734,-0.0950
1230800083938,5.0427,-8.3732,0.8713,-0.0258,-0.0795,-0.0902
1230800083947,5.0714,-8.6675,0.9455,-0.0331,-0.1027,-0.0840
1230800083957,5.0499,-8.6962,1.1345,0.0023,-0.1235,-0.0914
1230800083969,4.9231,-8.5718,1.1752,0.0707,-0.1235,-0.1073
1230800083978,4.8274,-8.2703,1.2877,0.1819,-0.1235,-0.1244
1230800083988,4.8680,-8.0789,1.3858,0.2454,-0.1211,-0.1354
1230800083997,4.9183,-8.0956,1.2996,0.2332,-0.1162,-0.1341
1230800084007,4.9494,-8.3564,1.2781,0.1721,-0.0978,-0.1122
1230800084016,4.8824,-8.5048,1.2446,0.0817,-0.0673,-0.0926
1230800084026,4.7508,-8.6651,1.2231,-0.0112,-0.0307,-0.0877
1230800084036,4.6144,-8.9259,1.1848,-0.0136,-0.0075,-0.0853
1230800084045,4.5330,-8.9522,1.2063,0.0389,0.0097,-0.0633
1230800084055,4.3201,-8.5718,1.0819,0.0951,0.0280,-0.0645
1230800084065,4.1861,-8.2822,1.0268,0.1709,0.0316,-0.0767
1230800084074,4.1598,-8.0406,1.0914,0.2173,0.0329,-0.0621
1230800084084,4.1622,-7.9042,1.1489,0.1770,0.0451,-0.0413
1230800084094,4.1526,-7.9927,1.0795,0.1367,0.0488,-0.0462
1230800084103,4.2220,-8.0932,0.9909,0.1220,0.0439,-0.0474
1230800084113,4.2674,-8.1483,0.9981,0.1244,0.0280,-0.0547
1230800084122,4.3033,-8.2344,0.9263,0.1538,0.0243,-0.0621
1230800084132,4.3607,-8.3660,0.9503,0.2271,0.0182,-0.0523
1230800084142,4.3775,-8.3038,0.9766,0.2808,0.0219,-0.0413
1230800084151,4.3895,-8.1339,1.0747,0.3395,0.0316,-0.0486
1230800084158,4.4254,-7.7319,1.2039,0.4054,0.0341,-0.0511
1230800084168,4.4445,-7.4065,1.1201,0.4225,0.0243,-0.0474
1230800084178,4.5761,-7.5596,1.0412,0.3810,0.0097,-0.0401
1230800084187,4.8058,-7.7415,0.9455,0.3065,-0.0148,-0.0193
1230800084197,4.9063,-7.9808,1.1321,0.1904,-0.0233,-0.0132
1230800084215,4.8034,-8.1171,1.1584,0.1012,-0.0111,-0.0144
1230800084219,4.6000,-8.2105,1.0388,0.0609,-0.0026,-0.0156
1230800084231,4.5091,-8.2176,1.0508,0.0939,-0.0233,-0.0120
1230800084236,4.5354,-7.9209,1.1800,0.1403,-0.0575,-0.0132
1230800084245,4.4373,-7.6649,1.2709,0.1599,-0.0795,-0.0242
1230800084264,4.3081,-7.4400,1.4408,0.1819,-0.0917,-0.0217
1230800084265,4.3847,-8.5526,3.6278,0.1672,-0.0881,-0.0217
1230800084274,3.7362,-4.9897,3.4556,0.1269,-0.0026,-0.0266
1230800084283,3.0184,-2.4916,1.1752,-0.3838,0.1550,-0.1451
1230800084293,3.7195,-4.3700,-0.1839,-0.6806,0.0451,-0.3736
1230800084303,6.6172,-14.5443,3.1899,-0.6171,-0.1980,-0.3052
1230800084312,6.5909,-13.4603,4.5371,0.1489,-0.1040,0.0308
1230800084322,4.1765,-4.5782,2.9483,-0.1810,0.2833,-0.0633
1230800084332,2.6379,-0.9698,1.3068,-0.3227,0.3823,-0.6204
1230800084341,4.7316,-2.2308,3.6709,-0.2702,0.1575,-0.7206
1230800084351,4.4301,4.0264,-3.1104,-0.9275,0.1294,-0.4787
1230800084360,5.5883,-9.5720,-3.3042,-2.7173,-0.0478,-0.6632
1230800084371,10.1394,-27.1138,1.1010,-1.2060,-0.6098,-0.2600
1230800084380,7.4284,-14.5706,-0.2605,0.7035,-0.1198,0.8273
1230800084389,4.7604,-8.1124,-1.0430,-0.2555,0.1392,-0.1341
1230800084401,4.5115,-5.4300,0.0171,1.7383,0.0524,-0.6106
1230800084411,5.9472,-4.3891,0.6871,2.0132,-0.1895,0.0210
1230800084420,7.1699,-7.0188,0.3449,0.5569,-0.3349,0.1371
1230800084430,7.5073,-10.8976,-0.0428,-0.6122,-0.3862,0.0003
1230800084438,6.9163,-11.8021,-0.0523,-1.0704,-0.2457,0.0955
1230800084447,5.8539,-10.0745,0.3281,-0.9763,-0.0966,0.1383
1230800084458,5.2676,-8.3588,0.6751,-0.6086,-0.0172,0.0833
1230800084468,5.3466,-7.8252,0.6177,-0.2592,-0.0392,0.0528
1230800084478,5.7749,-8.0286,0.4406,-0.1101,-0.1003,0.0222
1230800084488,6.0836,-8.3947,0.2587,-0.0564,-0.1431,-0.0388
1230800084495,6.0453,-8.1363,0.4167,0.0744,-0.1357,-0.0828
1230800084504,5.7988,-7.9042,0.7612,0.2149,-0.0746,-0.1036
1230800084514,5.6026,-8.1554,0.7876,0.3260,-0.0099,-0.1280
1230800084524,5.7534,-8.3684,0.8043,0.4005,0.0084,-0.1329
1230800084534,5.9663,-8.3708,0.6823,0.4177,-0.0111,-0.1390
1230800084545,6.1314,-8.4904,0.8378,0.4250,-0.0233,-0.1439
1230800084555,6.0860,-8.6747,0.9168,0.3688,0.0084,-0.1293
1230800084564,5.9017,-8.8374,0.8546,0.2662,0.0561,-0.1134
1230800084574,5.8036,-8.6125,0.8593,0.2039,0.0829,-0.0889
1230800084583,5.7438,-8.3110,1.0651,0.1232,0.0756,-0.0560
1230800084593,5.5667,-8.4186,1.0819,-0.0014,0.0695,-0.0254
1230800084603,5.3131,-8.6938,1.1034,-0.1016,0.0805,-0.0083
1230800084612,5.1863,-8.5550,1.1249,-0.1419,0.1013,0.0112
1230800084622,5.1791,-8.1195,1.1130,-0.1370,0.0964,0.0198
1230800084631,5.2437,-7.9162,1.0795,-0.0979,0.0646,0.0112
1230800084641,5.3035,-7.8683,1.0603,-0.0649,0.0378,0.0027
1230800084649,5.2389,-7.8970,1.0029,-0.0576,0.0390,0.0039
1230800084661,5.2030,-7.8539,1.0053,-0.0368,0.0524,0.0003
1230800084670,5.1911,-7.6123,0.9814,0.0108,0.0426,-0.0022
1230800084680,5.1958,-7.3658,0.9670,0.0438,0.0304,-0.0034
1230800084689,5.1600,-7.2749,0.9144,0.0609,0.0170,-0.0107
1230800084699,5.1552,-7.4376,1.0699,0.0658,0.0072,-0.0120
1230800084708,5.1671,-8.0071,1.2111,0.0487,0.0072,-0.0156
1230800084718,5.2150,-8.4737,1.3618,0.0817,0.0035,-0.0315
1230800084726,5.3203,-8.6388,1.2494,0.1452,-0.0111,-0.0682
1230800084737,5.5308,-8.7823,1.3140,0.2075,-0.0148,-0.0889
1230800084746,5.7079,-8.4713,1.1824,0.2930,-0.0184,-0.0645
1230800084756,5.8611,-8.1195,1.1273,0.3175,-0.0307,-0.0462
1230800084766,5.8204,-7.8444,1.1321,0.3065,-0.0270,-0.0425
1230800084776,5.6122,-7.7845,1.1513,0.2344,0.0084,-0.0205
1230800084785,5.4184,-7.7558,1.1154,0.1428,0.0488,0.0112
1230800084795,5.4088,-7.8061,1.0292,0.0462,0.0512,0.0308
1230800084805,5.4997,-7.8635,0.9694,-0.0173,0.0292,0.0332
1230800084814,5.5452,-8.0071,0.9574,-0.0393,0.0048,0.0283
1230800084824,5.5237,-8.1219,1.1130,-0.0295,0.0072,0.0295
1230800084834,5.3945,-8.2368,1.1680,-0.0051,0.0267,0.0295
1230800084843,5.3538,-8.2535,1.1680,0.0206,0.0463,0.0161
1230800084853,5.4447,-8.1794,1.1345,0.0560,0.0463,0.0051
1230800084862,5.5787,-8.0119,1.0484,0.0988,0.0341,0.0076
1230800084872,5.6002,-7.8492,0.9479,0.1134,0.0255,0.0198
1230800084881,5.5165,-7.6936,0.9431,0.1049,0.0304,0.0247
1230800084891,5.4136,-7.7415,1.0149,0.0634,0.0512,0.0271
1230800084901,5.2963,-7.9042,1.1465,0.0059,0.0695,0.0320
1230800084910,5.2628,-8.1195,1.2207,-0.0307,0.0695,0.0283
1230800084920,5.2652,-8.2176,1.2422,-0.0295,0.0597,0.0235
1230800084930,5.3083,-8.1195,1.2565,-0.0075,0.0451,0.0186
1230800084939,5.3203,-8.0741,1.2159,0.0096,0.0365,0.0149
1230800084949,5.3873,-8.1004,1.2254,0.0206,0.0280,0.0149
1230800084958,5.4016,-8.0908,1.2302,0.0194,0.0255,0.0173
1230800084968,5.3370,-8.0573,1.2781,0.0145,0.0329,0.0198
1230800084978,5.2796,-7.9951,1.2805,0.0267,0.0402,0.0210
1230800084987,5.2700,-7.9042,1.2972,0.0389,0.0378,0.0186
1230800084997,5.3203,-7.8468,1.2374,0.0499,0.0280,0.0161
1230800085006,5.4064,-7.8970,1.2446,0.0450,0.0182,0.0137
1230800085016,5.4303,-8.0286,1.3235,0.0279,0.0133,0.0149
1230800085026,5.3825,-8.1267,1.3762,0.0157,0.0219,0.0137
1230800085035,5.3370,-8.1817,1.4336,0.0243,0.0365,0.0063
1230800085044,5.3155,-8.2176,1.3738,0.0304,0.0414,0.0015
1230800085055,5.3801,-8.1435,1.3212,0.0634,0.0304,0.0076
1230800085062,5.4375,-8.0286,1.2637,0.0768,0.0157,0.0112
1230800085071,5.4279,-7.8802,1.2135,0.0902,0.0097,0.0076
1230800085081,5.3586,-7.8396,1.2207,0.0829,0.0157,0.0088
1230800085091,5.3035,-7.9257,1.2278,0.0682,0.0206,0.0112
1230800085104,5.2461,-7.8922,1.2015,0.0462,0.0255,0.0100
1230800085112,5.2317,-7.7487,1.2063,0.0548,0.0170,-0.0010
1230800085122,5.3011,-7.6123,1.2302,0.0866,0.0023,-0.0095
1230800085131,5.3035,-7.4711,1.1513,0.1147,-0.0172,-0.0144
1230800085141,5.3203,-7.4974,1.1393,0.1012,-0.0233,-0.0230
1230800085151,5.2844,-7.6003,1.2207,0.0817,-0.0184,-0.0388
1230800085160,5.2222,-7.8635,1.2613,0.0560,-0.0013,-0.0608
1230800085170,5.1982,-8.1602,1.2398,0.0853,0.0121,-0.0816
1230800085179,5.3729,-8.4521,1.1561,0.1416,0.0097,-0.0914
1230800085189,5.6409,-8.8326,1.2924,0.1721,-0.0075,-0.0926
1230800085198,5.7223,-8.8541,1.2231,0.1782,-0.0099,-0.0767
1230800085207,5.4782,-8.3181,1.2948,0.1244,0.0267,-0.0450
1230800085218,5.1911,-8.0047,1.3858,0.0511,0.0744,-0.0266
1230800085227,4.9901,-7.6745,1.2613,-0.0331,0.0964,0.0063
1230800085237,4.9374,-7.3562,1.0651,-0.2005,0.0939,0.0454
1230800085246,5.0786,-7.2007,1.0795,-0.3936,0.0866,0.0735
1230800085256,5.2724,-7.4448,1.0340,-0.5683,0.0781,0.0980
1230800085266,5.4830,-8.2224,0.9862,-0.7430,0.0866,0.1236
1230800085275,5.5476,-9.1532,0.6631,-0.8993,0.1257,0.1358
1230800085285,5.7055,-10.2204,1.1513,-0.9311,0.1905,0.1248
1230800085295,5.8395,-11.0172,1.3044,-0.7637,0.2576,0.0882
1230800085304,6.0333,-11.2972,1.6753,-0.4510,0.3139,0.0686
1230800085314,6.1865,-10.9909,1.9600,0.0096,0.3493,0.0577
1230800085323,6.2726,-10.2180,2.0486,0.4738,0.3798,0.0552
1230800085333,6.3420,-9.4882,2.0725,0.8062,0.4312,0.0540
1230800085343,6.5023,-9.1149,2.3333,0.9699,0.4861,0.0674
1230800085352,6.5334,-8.7704,2.5367,0.9784,0.5777,0.1053
1230800085362,6.3588,-8.5000,2.6492,0.9552,0.6743,0.1310
1230800085371,6.1697,-8.2942,2.8549,0.9711,0.7696,0.1676
1230800085380,6.0740,-8.2894,2.8789,0.9601,0.8282,0.2360
1230800085390,6.0190,-8.6388,2.7497,0.9711,0.8697,0.2800
1230800085400,6.0046,-8.7584,2.8932,1.0835,0.9052,0.2849
1230800085410,5.9855,-8.4832,3.2809,1.2130,0.9662,0.2678
1230800085419,5.7294,-7.9473,3.3000,1.3620,1.0310,0.2568
1230800085429,5.5978,-7.5022,3.5441,1.5575,1.0652,0.2690
1230800085439,5.5835,-6.7556,3.7331,1.6589,1.0848,0.2934
1230800085448,5.4830,-6.0976,3.6733,1.5453,1.0970,0.2617
1230800085458,5.3801,-6.0473,3.6972,1.3254,1.1153,0.1676
1230800085467,5.2222,-5.9875,3.4986,1.1214,1.1458,0.1016
1230800085477,5.0858,-6.0833,3.6494,0.9626,1.1568,0.0418
1230800085487,5.0618,-6.1981,3.4914,0.8746,1.1495,-0.0291
1230800085496,5.0523,-6.1694,3.2330,0.8135,1.1178,-0.0804
1230800085506,5.0930,-5.9181,2.9842,0.7891,1.0750,-0.1378
1230800085516,5.1241,-5.7291,3.0105,0.7964,1.0188,-0.2184
1230800085525,5.1312,-5.8703,3.0990,0.7768,0.9870,-0.2856
1230800085535,5.1408,-6.3297,3.2474,0.7561,0.9675,-0.3296
1230800085544,5.1265,-6.8202,3.4436,0.7683,0.9357,-0.3626
1230800085554,5.0690,-7.0428,3.4651,0.8086,0.8905,-0.3980
1230800085564,4.9949,-7.0260,3.5800,0.9222,0.8282,-0.4396
1230800085572,5.0236,-6.7341,3.8145,1.1287,0.7610,-0.4762
1230800085583,5.1073,-6.1933,3.9796,1.3340,0.6901,-0.4921
1230800085592,5.2461,-5.5449,3.9293,1.4427,0.6132,-0.5104
1230800085602,5.3155,-5.1189,3.8575,1.3547,0.5509,-0.5312
1230800085612,5.2294,-5.3702,3.9221,1.0921,0.5301,-0.5434
1230800085621,5.0523,-6.2531,4.0226,0.7524,0.5374,-0.5508
1230800085629,4.9015,-6.8178,4.1495,0.4506,0.5350,-0.5581
1230800085638,4.7627,-6.9877,4.2332,0.2674,0.4959,-0.5740
1230800085648,4.6910,-6.7843,4.2380,0.2356,0.4226,-0.5886
1230800085658,4.8106,-6.6001,4.1734,0.2576,0.3432,-0.5789
1230800085671,4.9661,-6.6288,4.2165,0.2723,0.2833,-0.5740
1230800085679,5.0834,-6.6934,4.1830,0.2405,0.2418,-0.5727
1230800085689,5.0451,-6.7102,4.2260,0.1611,0.2308,-0.5666
1230800085698,4.9326,-6.8657,4.2021,0.0841,0.2283,-0.5556
1230800085708,4.8513,-7.0811,4.2476,0.0389,0.2149,-0.5361
1230800085717,4.8297,-7.0021,4.3337,0.0145,0.2002,-0.5104
1230800085727,4.6981,-7.0308,4.4342,-0.0099,0.1819,-0.4811
1230800085737,4.6216,-7.3012,4.5826,0.0108,0.1673,-0.4616
1230800085746,4.4756,-7.2438,4.5562,0.0401,0.1648,-0.4127
1230800085756,4.5187,-7.0523,4.6783,0.0328,0.1318,-0.3858
1230800085765,4.5426,-6.9758,4.7190,0.0243,0.0866,-0.3809
1230800085775,4.5235,-6.8130,4.7429,0.0121,0.0744,-0.3504
1230800085785,4.4756,-6.6623,4.6424,-0.0270,0.0707,-0.3247
1230800085794,4.3584,-6.6097,4.5204,-0.0881,0.0720,-0.3125
1230800085804,4.3081,-6.6456,4.4605,-0.1602,0.0756,-0.2930
1230800085813,4.1837,-6.7987,4.4366,-0.2628,0.0866,-0.2612
1230800085823,4.0928,-6.7700,4.3146,-0.3459,0.0988,-0.2270
1230800085833,4.0712,-6.9112,4.6974,-0.3813,0.0854,-0.2111
1230800085842,4.2172,-7.5883,4.8434,-0.3679,0.0634,-0.2013
1230800085852,4.3225,-7.6218,4.6926,-0.3313,0.0500,-0.1366
1230800085861,4.2938,-7.1361,4.5969,-0.3374,0.0463,-0.1122
1230800085871,4.1837,-7.0906,4.7357,-0.2897,0.0219,-0.1329
1230800085881,4.1645,-7.1696,4.8673,-0.2189,0.0133,-0.1122
1230800085890,4.1861,-7.0571,5.0300,-0.2139,0.0170,-0.0608
1230800085900,4.2028,-7.0452,5.0755,-0.2384,0.0182,-0.0327
1230800085910,4.2148,-7.0595,5.1425,-0.2592,0.0097,-0.0059
1230800085919,4.2555,-6.8729,5.1042,-0.3068,0.0219,0.0283
1230800085929,4.2555,-6.7484,5.0540,-0.3630,0.0145,0.0332
1230800085938,4.3775,-6.9088,5.0109,-0.4229,0.0145,0.0418
1230800085948,4.4924,-6.7867,4.8482,-0.4730,0.0304,0.0784
1230800085958,4.6383,-6.8250,4.7477,-0.5206,0.0329,0.0821
1230800085967,4.7651,-7.1983,4.8099,-0.5548,0.0219,0.0821
1230800085977,4.7556,-7.4065,5.0516,-0.5866,0.0426,0.1248
1230800085986,4.6335,-7.2868,5.3339,-0.6245,0.0781,0.1493
1230800085996,4.5330,-7.3754,5.4177,-0.6183,0.1025,0.1444
1230800086006,4.5474,-7.4878,5.2430,-0.5402,0.1147,0.1358
1230800086015,4.5881,-7.2246,5.0109,-0.4718,0.1196,0.1407
1230800086025,4.5450,-7.1241,4.8075,-0.4815,0.1184,0.1590
1230800086034,4.4014,-7.1839,4.5682,-0.5218,0.1282,0.1762
1230800086044,4.1310,-7.0811,4.4773,-0.5756,0.1636,0.2043
1230800086052,3.8080,-7.2438,4.4438,-0.6440,0.1905,0.2226
1230800086063,3.6357,-7.7510,4.5108,-0.6623,0.1941,0.2397
1230800086073,3.5376,-8.1985,4.6902,-0.6452,0.2125,0.2886
1230800086082,3.4180,-8.4043,4.8290,-0.6391,0.2479,0.3313
1230800086092,3.3893,-8.5455,4.8219,-0.5939,0.2686,0.3448
1230800086102,3.3917,-8.7297,4.8290,-0.5231,0.2955,0.3716
1230800086111,3.3223,-8.7871,4.8817,-0.4045,0.3041,0.3790
1230800086121,3.2002,-8.7417,4.8793,-0.2690,0.2919,0.3790
1230800086131,3.0926,-8.5048,4.8769,-0.1260,0.2796,0.4156
1230800086140,3.0303,-8.1339,4.9104,-0.0087,0.2564,0.4376
1230800086150,3.0184,-7.7104,4.9654,-0.0014,0.2418,0.4413
1230800086159,3.0734,-7.4687,4.9128,-0.0979,0.2479,0.4291
1230800086169,3.1787,-7.5668,4.7931,-0.2115,0.2528,0.3912
1230800086179,3.4180,-8.2655,4.8051,-0.3044,0.2540,0.3545
1230800086188,3.7889,-8.8996,5.0181,-0.3361,0.2613,0.3606
1230800086196,4.0018,-8.8900,4.9654,-0.2799,0.2699,0.3753
1230800086205,4.2004,-8.4067,4.8242,-0.1431,0.2491,0.3496
1230800086215,4.3344,-8.0310,4.5060,-0.0234,0.2222,0.3301
1230800086225,4.6646,-7.9616,5.7000,0.0487,0.2247,0.3277
1230800086238,4.9757,-7.5094,6.1475,0.1134,0.2699,0.3069
1230800086246,4.8848,-7.2557,5.4655,0.1562,0.3273,0.2922
1230800086256,4.7125,-8.0693,5.2980,0.1000,0.3456,0.2910
1230800086265,4.8058,-8.4545,5.4918,0.0670,0.3688,0.2983
1230800086275,4.8872,-8.4761,5.6833,0.0023,0.3945,0.3142
1230800086284,5.0786,-8.7106,5.6498,0.0181,0.3945,0.2934
1230800086294,5.4279,-8.7656,5.7024,0.1342,0.3236,0.2666
1230800086304,6.0668,-8.3253,5.9273,0.1794,0.2772,0.2275
1230800086313,6.4736,-7.1505,5.4895,0.2527,0.2516,0.1700
1230800086323,6.1434,-6.2125,4.9104,0.3028,0.2613,0.1420
1230800086333,5.3753,-5.8942,4.5443,0.2784,0.3273,0.1530
1230800086342,4.7005,-6.6408,4.5395,0.1684,0.4006,0.1994
1230800086352,4.4158,-7.4830,3.6254,0.0316,0.4336,0.2470
1230800086361,5.0379,-7.4304,4.2476,-0.0686,0.3591,0.2311
1230800086371,5.2700,-8.0836,4.9535,-0.1064,0.3029,0.1713
1230800086380,4.8465,-8.9187,4.9870,0.0878,0.3139,0.1884
1230800086390,4.0904,-8.7106,4.7596,0.3895,0.3542,0.2751
1230800086400,3.6118,-7.4328,4.6376,0.7463,0.3236,0.3105
1230800086409,3.6070,-6.3249,4.8099,1.0249,0.2222,0.2592
1230800086419,3.7937,-5.7195,4.6902,1.0114,0.1367,0.2128
1230800086428,3.8032,-5.8009,4.3050,0.6754,0.1159,0.1700
1230800086436,3.4826,-6.0402,4.3122,0.2637,0.1416,0.1041
1230800086448,3.3271,-6.7580,4.5921,-0.0246,0.1538,0.0283
1230800086457,3.5592,-7.4591,4.5634,-0.1688,0.1428,0.0210
1230800086467,3.6668,-8.1722,4.4127,-0.2384,0.1184,0.0369
1230800086477,3.6573,-8.2822,4.0681,-0.1028,0.0927,0.0332
1230800086486,3.6357,-7.4519,3.4316,0.1196,0.0683,0.0357
1230800086495,3.4802,-6.7508,3.8121,0.3040,0.0231,0.0125
1230800086506,3.5017,-6.5690,4.2619,0.3871,-0.0160,-0.0254
1230800086515,3.6286,-6.3512,4.5275,0.3468,-0.0160,-0.0315
1230800086525,3.8463,-6.8657,4.6113,0.3077,-0.0294,-0.0950
1230800086534,4.0784,-6.7556,4.7190,0.3309,-0.0575,-0.1293
1230800086544,4.1956,-6.7748,4.8266,0.3346,-0.0807,-0.1781
1230800086553,4.4373,-6.8944,4.8171,0.4311,-0.1259,-0.2087
1230800086563,4.6934,-6.9040,4.8338,0.4665,-0.1650,-0.2172
1230800086573,4.8991,-7.0045,4.7883,0.4103,-0.1834,-0.2526
1230800086582,5.1839,-7.0117,5.3842,0.3065,-0.1821,-0.2698
1230800086592,5.5261,-7.2103,5.5732,0.2063,-0.1553,-0.2917
1230800086601,5.6696,-7.2246,6.2623,0.1721,-0.1382,-0.2795
1230800086611,5.3298,-7.5405,6.2169,0.1281,-0.0771,-0.2526
1230800086621,4.8226,-7.5237,5.3387,0.1073,-0.0123,-0.2160
1230800086630,4.6886,-7.0523,5.5588,0.0841,0.0072,-0.2148
1230800086640,4.6024,-7.5118,5.7240,0.1232,-0.0050,-0.2600
1230800086650,4.6838,-7.4041,5.4512,0.1684,-0.0209,-0.2123
1230800086659,4.8656,-7.3203,5.3770,0.0646,0.0121,-0.2099
1230800086670,4.8680,-7.1098,5.3770,0.1183,-0.0075,-0.2722
1230800086678,4.7939,-6.9160,5.3602,0.1648,0.0023,-0.2392
1230800086688,4.7604,-7.0523,5.3842,0.1709,0.0194,-0.2123
1230800086698,4.6958,-6.9518,5.4249,0.1562,0.0378,-0.1793
1230800086707,4.4971,-6.8274,5.2454,0.1012,0.0585,-0.1574
1230800086717,4.3799,-6.9088,5.1856,0.0768,0.0610,-0.1464
1230800086726,4.2866,-6.9662,5.1425,0.0695,0.0524,-0.1378
1230800086736,4.1167,-7.0188,5.1951,0.0511,0.0463,-0.1329
1230800086746,4.1023,-7.2701,5.3124,0.0487,0.0194,-0.1427
1230800086755,4.1334,-7.5189,5.6139,0.0609,-0.0075,-0.1512
1230800086763,4.1071,-7.6840,5.8867,0.0963,-0.0197,-0.1574
1230800086772,4.0904,-7.6912,6.0135,0.1770,-0.0221,-0.1512
1230800086782,4.0138,-7.4424,5.9704,0.2710,-0.0160,-0.1451
1230800086791,3.9468,-7.2916,5.6785,0.3443,-0.0099,-0.1464
1230800086802,3.8200,-7.4352,5.4129,0.3725,-0.0087,-0.1354
1230800086813,3.9612,-7.6745,5.4966,0.3321,-0.0270,-0.1293
1230800086823,4.2148,-7.6051,5.8699,0.2173,-0.0453,-0.1305
1230800086832,4.3320,-7.4041,6.1188,0.0780,-0.0392,-0.1195
1230800086842,4.3273,-7.6625,6.2456,0.0206,-0.0197,-0.1097
1230800086851,4.2076,-7.9616,6.3245,0.0511,0.0072,-0.0975
1230800086861,4.1645,-7.9042,6.3652,0.1232,0.0255,-0.0633
1230800086871,4.2674,-7.7654,6.4514,0.2075,0.0182,-0.0327
1230800086880,4.3440,-7.5142,6.3198,0.2894,0.0243,-0.0107
1230800086890,4.4373,-7.3969,6.3963,0.3309,0.0390,0.0173
1230800086897,4.3847,-7.5716,6.3030,0.2930,0.0610,0.0430
1230800086909,4.2985,-7.8444,6.3365,0.2515,0.0915,0.0723
1230800086919,4.3297,-7.9832,6.4227,0.2173,0.1074,0.1016
1230800086926,4.3488,-7.8587,6.5160,0.2149,0.1220,0.1383
1230800086938,4.3584,-7.7487,6.6404,0.2600,0.1098,0.1639
1230800086948,4.3297,-7.7223,6.7959,0.3163,0.1062,0.1981
1230800086957,4.2818,-7.7487,6.9563,0.3553,0.1245,0.2385
1230800086967,4.2650,-7.8946,6.9467,0.3847,0.1379,0.2788
1230800086976,4.3775,-7.8683,6.9467,0.4164,0.1355,0.3277
1230800086986,4.3967,-7.8061,6.9586,0.4433,0.1282,0.3765
1230800086996,4.2914,-7.9114,6.7074,0.4812,0.1306,0.4388
1230800087005,4.1191,-8.3253,6.3365,0.5081,0.1269,0.4987
1230800087015,4.0138,-9.0121,6.5016,0.5264,0.1184,0.5561
1230800087025,3.9372,-9.3183,6.6069,0.5618,0.0964,0.6294
1230800087034,3.9970,-9.0025,6.8414,0.6400,0.0304,0.7137
1230800087044,4.0425,-8.7369,7.0759,0.7683,-0.0636,0.7919
1230800087052,4.0664,-8.8159,7.3247,0.9344,-0.1467,0.8811
1230800087063,4.0258,-8.9594,7.4707,1.0847,-0.2078,0.9642
1230800087072,4.0545,-8.9642,7.7483,1.2118,-0.2677,1.0521
1230800087082,4.0640,-8.8446,7.9517,1.3413,-0.3373,1.1535
1230800087092,3.9923,-8.5742,7.8847,1.4891,-0.3984,1.2647
1230800087101,3.6836,-8.1387,6.3054,1.6003,-0.4644,1.3722
1230800087111,3.6908,-8.5359,5.7000,1.6345,-0.6000,1.4639
1230800087120,3.8295,-9.0791,5.7192,1.5942,-0.7087,1.5286
1230800087130,3.8989,-8.8087,6.1403,1.5380,-0.7417,1.6166
1230800087140,4.0640,-7.9377,6.5136,1.5612,-0.7967,1.7155
1230800087149,4.2603,-7.3419,7.0185,1.6553,-0.8871,1.8353
1230800087159,4.1909,-7.2988,7.4875,1.7591,-0.9299,1.9208
1230800087169,4.0449,-7.5261,7.6765,1.8556,-0.9115,1.9562
1230800087178,3.9037,-7.1241,7.4899,1.8996,-0.8773,2.0283
1230800087188,3.4946,-6.4374,6.9897,1.9143,-0.8663,2.1175
1230800087197,3.1404,-6.3943,6.8988,1.9191,-0.8907,2.1602
1230800087206,3.0423,-6.2507,6.8366,1.8740,-0.8895,2.1847
1230800087216,2.9944,-5.8033,6.8151,1.7322,-0.8712,2.2103
1230800087226,3.0399,-5.5688,6.7481,1.5771,-0.8663,2.2054
1230800087236,2.9538,-5.5377,6.7768,1.4476,-0.8626,2.1884
1230800087245,2.8317,-5.5760,7.0783,1.3315,-0.8309,2.1712
1230800087255,2.6690,-5.7435,7.1405,1.2594,-0.7942,2.1602
1230800087264,2.5446,-5.4539,7.1525,1.2668,-0.7771,2.1590
1230800087274,2.3580,-5.0184,7.2649,1.3266,-0.7673,2.1505
1230800087284,2.1187,-4.5542,7.0687,1.4036,-0.7527,2.1346
1230800087293,1.8674,-4.4609,6.9586,1.4512,-0.7405,2.1163
1230800087303,1.7119,-4.8198,6.9993,1.4170,-0.7209,2.0869
1230800087312,1.6760,-5.2458,7.1549,1.3388,-0.6940,2.0503
1230800087322,1.8339,-4.9754,7.2458,1.2655,-0.6647,2.0075
1230800087330,1.9225,-4.5877,7.5377,1.1800,-0.6513,1.9672
1230800087339,1.9847,-4.2192,7.7004,1.1629,-0.6171,1.9061
1230800087349,1.9703,-4.1020,7.7746,1.1580,-0.5743,1.8414
1230800087358,1.9560,-4.0302,7.8105,1.1238,-0.5084,1.7962
1230800087368,1.9081,-4.0805,7.8966,1.0737,-0.4497,1.7803
1230800087379,1.9201,-3.6928,7.6980,1.0310,-0.3813,1.7754
1230800087389,1.7837,-3.1760,7.5760,0.9955,-0.3226,1.7681
1230800087398,1.5324,-3.1496,7.5832,0.9784,-0.2518,1.7497
1230800087409,1.3984,-3.4894,7.7363,0.9870,-0.1809,1.7168
1230800087418,1.4439,-3.6808,7.6932,0.9992,-0.1149,1.6911
1230800087428,1.3195,-3.6450,7.5640,1.0004,-0.0722,1.6886
1230800087437,1.0730,-3.4799,7.5640,1.0212,-0.0404,1.6923
1230800087446,0.9223,-3.1712,7.6980,1.0713,-0.0172,1.6716
1230800087455,0.8768,-2.8601,7.7650,1.0811,0.0060,1.6483
1230800087464,0.8912,-2.4797,7.6837,1.0639,0.0267,1.6141
1230800087476,0.8672,-2.3002,7.8009,0.9919,0.0597,1.5665
1230800087485,0.7978,-2.4270,7.8057,0.8831,0.1159,1.5176
1230800087495,0.7572,-2.5993,7.8512,0.7781,0.1685,1.4724
1230800087505,0.7811,-2.6663,7.9110,0.7060,0.2063,1.4284
1230800087514,0.7619,-2.4797,7.8751,0.6693,0.2222,1.3991
1230800087524,0.6878,-2.4079,7.8344,0.6608,0.2283,1.3832
1230800087534,0.6160,-2.3457,7.8416,0.6693,0.2344,1.3600
1230800087543,0.5562,-2.1447,7.8033,0.6620,0.2430,1.3380
1230800087552,0.5657,-2.0370,7.9756,0.6400,0.2430,1.3270
1230800087562,0.6734,-2.0490,8.1144,0.6498,0.2357,1.3148
1230800087571,0.7476,-2.0083,7.9780,0.6522,0.2173,1.3014
1230800087582,0.7045,-1.9891,7.8512,0.6205,0.1990,1.2965
1230800087591,0.5394,-1.7762,7.5880,0.5887,0.1807,1.2830
1230800087601,0.4628,-1.6254,7.5592,0.5520,0.1367,1.2415
1230800087610,0.6136,-1.6972,7.5736,0.4946,0.0805,1.1878
1230800087620,0.8624,-1.7786,7.5664,0.4067,0.0219,1.1267
1230800087629,0.9988,-1.8097,7.6908,0.2943,-0.0184,1.0668
1230800087639,0.9342,-1.8001,7.8153,0.2075,-0.0343,1.0228
1230800087649,0.8481,-1.7786,8.0761,0.1660,-0.0465,0.9910
1230800087658,0.7715,-2.0848,8.3178,0.1648,-0.0624,0.9532
1230800087666,0.7739,-2.5084,8.5666,0.2087,-0.0930,0.9141
1230800087678,0.7907,-2.9104,8.7868,0.2600,-0.1369,0.8945
1230800087687,0.7332,-3.0515,8.8586,0.3077,-0.1797,0.8994
1230800087697,0.6758,-2.8457,8.9662,0.3382,-0.2127,0.9165
1230800087706,0.6184,-2.5251,9.1170,0.3553,-0.2432,0.9116
1230800087716,0.6567,-2.4366,9.2797,0.3431,-0.2567,0.8835
1230800087726,0.6615,-2.3504,9.2462,0.2772,-0.2591,0.8530
1230800087735,0.6088,-2.4222,9.2892,0.1648,-0.2518,0.8212
1230800087745,0.5346,-2.2954,9.2629,0.0658,-0.2335,0.7858
1230800087755,0.5035,-2.0968,9.5501,0.0169,-0.2347,0.7406
1230800087764,0.6471,-2.1112,9.6960,0.0316,-0.2457,0.6929
1230800087774,0.8888,-2.0920,9.7630,0.0780,-0.2689,0.6429
1230800087783,1.0515,-2.1925,9.8252,0.1208,-0.2836,0.5940
1230800087793,1.1161,-2.1829,9.8875,0.1965,-0.2872,0.5695
1230800087803,1.2070,-2.1518,9.8444,0.2564,-0.2726,0.5451
1230800087812,1.2357,-2.2188,9.6649,0.2710,-0.2396,0.5060
1230800087822,1.1448,-2.1662,9.2940,0.2466,-0.2005,0.4620
1230800087831,1.0611,-3.0156,8.9543,0.1867,-0.1675,0.4083
1230800087841,0.6327,-1.5249,9.3419,0.1024,-0.1259,0.3594
1230800087851,0.3624,-2.5323,9.3228,0.0145,-0.0746,0.3105
1230800087860,0.4461,-2.9415,9.3754,0.1428,-0.1125,0.3069
1230800087870,1.2381,-2.3815,8.9949,0.0621,-0.1162,0.2751
1230800087879,0.1733,-3.6545,9.5668,0.0841,-0.1259,0.2959
1230800087889,-0.0851,-3.3530,9.4998,0.2478,-0.0966,0.4058
1230800087896,0.3145,-3.3578,9.3371,0.2368,-0.1296,0.4168
1230800087906,0.4246,-3.1664,9.4113,0.3566,-0.2176,0.4388
1230800087916,1.0323,-1.9915,9.1505,0.4751,-0.2579,0.4975
1230800087925,-0.5517,-2.9128,9.7032,0.5129,-0.2591,0.5415
1230800087935,0.4006,-2.8481,9.3706,0.4177,-0.1992,0.3667
1230800087947,1.0443,-2.0490,9.3132,0.2686,-0.2567,0.1981
1230800087956,0.9534,-1.7546,9.2605,0.2356,-0.2200,0.1664
1230800087966,0.4581,-2.2260,9.2510,0.2466,-0.1602,0.0955
1230800087976,0.1135,-2.5323,9.3108,0.2393,-0.1015,0.1163
1230800087985,-0.0396,-2.2356,9.2964,0.2246,-0.1052,0.2006
1230800087995,-0.1090,-1.9939,9.3443,0.2747,-0.1858,0.2678
1230800088005,0.1063,-1.5680,9.3754,0.3993,-0.2823,0.3558
1230800088014,1.5851,-0.0246,8.8586,0.4812,-0.3740,0.4547
1230800088024,2.1115,-0.0509,9.3539,0.4335,-0.3984,0.4938
1230800088033,-0.0851,-2.2236,9.4496,0.3248,-0.1809,0.6343
1230800088043,0.3600,-2.6089,9.3778,0.1098,0.0524,0.4144
1230800088052,0.1637,-2.5203,9.3060,-0.0478,-0.0270,0.0882
1230800088062,0.0872,-2.1662,9.4376,-0.0466,-0.0551,0.0919
1230800088072,0.2020,-2.1973,9.6219,-0.0331,-0.1198,0.0699
1230800088081,0.4844,-2.3289,9.6625,0.0023,-0.1675,0.0442
1230800088091,0.6088,-2.2188,9.7415,0.0511,-0.2041,0.0528
1230800088099,0.6375,-2.0633,9.6984,0.0817,-0.2103,0.0491
1230800088164,0.5897,-1.9628,9.6171,0.0878,-0.1992,0.0186
1230800088165,0.5586,-1.6326,9.5022,0.1037,-0.1882,0.0357
1230800088166,0.6447,-1.5106,9.3204,0.1000,-0.1712,0.0283
1230800088167,0.6160,-1.4053,9.2318,0.0670,-0.1418,-0.0120
1230800088168,0.5705,-1.4292,9.2725,0.0206,-0.1064,-0.0230
1230800088168,0.3791,-1.7618,9.4687,-0.0307,-0.0783,-0.0279
1230800088171,0.6686,-2.0059,9.6171,-0.0625,-0.0832,-0.0364
1230800088177,0.8481,-2.5227,9.7582,-0.0686,-0.1064,-0.0547
1230800088187,0.9294,-2.7453,9.8468,-0.0564,-0.1235,-0.0535
1230800088196,0.7404,-2.8003,9.9090,-0.0161,-0.1174,-0.0792
1230800088205,0.7548,-2.3720,9.7989,0.0194,-0.1040,-0.0706
1230800088216,0.7428,-2.2093,9.7080,0.0414,-0.1027,-0.0352
1230800088225,0.6878,-2.1758,9.5405,0.0560,-0.1174,-0.0132
1230800088235,0.7739,-1.9556,9.4591,0.0524,-0.1308,0.0112
1230800088245,0.8505,-1.8432,9.3778,0.0340,-0.1406,0.0369
1230800088254,1.3386,-1.4914,9.5692,0.0084,-0.1382,0.0528
1230800088263,0.5801,-2.2404,9.4687,-0.0087,-0.0856,0.0369
1230800088273,0.6088,-2.2571,9.5525,-0.0246,-0.0099,0.0601
1230800088283,0.7332,-2.4916,9.5118,-0.0173,-0.0600,0.0308
1230800088293,0.8768,-2.3122,9.5261,-0.0002,-0.0832,-0.0193
1230800088302,0.8816,-2.1662,9.6960,0.0365,-0.0746,-0.0303
1230800088312,0.6686,-2.1829,9.7989,0.0573,-0.0319,-0.0315
1230800088321,0.5514,-2.2380,9.7224,0.0890,-0.0123,-0.0498
1230800088331,0.4868,-2.0442,9.6673,0.1257,-0.0294,-0.0828
1230800088341,0.4676,-2.0753,9.6745,0.1306,-0.0551,-0.1146
1230800088350,0.8912,-2.1566,9.4232,0.1538,-0.1088,-0.1109
1230800088359,0.8481,-2.1064,9.4185,0.2075,-0.1626,-0.0706
1230800088367,0.6973,-1.9102,9.4879,0.2209,-0.1247,-0.0291
1230800088379,0.7811,-1.8695,9.4424,0.2026,-0.0807,-0.0547
1230800088388,0.9007,-1.7857,9.4544,0.1941,-0.0575,-0.0731
1230800088397,0.8888,-1.6757,9.5261,0.1623,-0.0111,-0.0816
1230800088408,0.8601,-1.5201,9.5237,0.0890,0.0561,-0.0547
1230800088418,0.8170,-1.6852,9.5166,0.0230,0.0915,-0.0486
1230800088427,0.7285,-2.0274,9.3826,-0.0161,0.1135,-0.0840
1230800088437,0.6495,-2.0346,9.2773,-0.0124,0.1074,-0.1060
1230800088447,0.6495,-1.9389,9.2869,0.0634,0.0695,-0.1048
1230800088456,0.7141,-1.8097,9.2964,0.1342,0.0378,-0.0902
1230800088464,0.6208,-1.6996,9.3922,0.1476,0.0316,-0.0889
1230800088473,0.5346,-1.7666,9.5596,0.1306,0.0304,-0.0902
1230800088483,0.5633,-1.7905,9.6099,0.1049,0.0219,-0.0804
1230800088492,0.4940,-1.8216,9.6195,0.0792,-0.0013,-0.0792
1230800088505,0.4987,-1.9221,9.6171,0.0927,-0.0392,-0.1354
1230800088514,0.5921,-1.9915,9.6051,0.0792,-0.0685,-0.1842
1230800088524,0.5610,-2.0442,9.6099,0.0585,-0.0759,-0.1757
1230800088533,0.6997,-1.9987,9.5501,0.0634,-0.0820,-0.1683
1230800088543,0.8481,-1.9891,9.6219,0.0609,-0.0893,-0.1903
1230800088552,0.9414,-2.1829,9.5405,0.0450,-0.0673,-0.2111
1230800088562,0.9031,-1.9724,9.5142,0.0707,-0.0649,-0.1842
1230800088572,0.9366,-1.5130,9.5333,0.1049,-0.0380,-0.0938
1230800088581,0.8529,-1.3646,9.6936,0.1012,0.0072,-0.0462
1230800088590,0.7261,-1.2976,9.6769,0.0780,0.0646,-0.0217
1230800088600,0.6303,-1.3096,9.7176,0.0169,0.0988,-0.0132
1230800088610,0.5538,-1.3646,9.7032,-0.0295,0.1062,-0.0425
1230800088620,0.6088,-1.5704,9.6147,-0.0771,0.0952,-0.1219
1230800088629,0.7548,-1.7786,9.6075,-0.1113,0.0707,-0.1830
1230800088637,0.7117,-1.7427,9.5214,-0.1346,0.0683,-0.2123
1230800088648,0.6615,-1.7044,9.5429,-0.1297,0.0622,-0.2563
1230800088658,0.5968,-1.8886,9.5764,-0.1052,0.0561,-0.2612
1230800088668,0.4963,-1.9700,9.6099,-0.1064,0.0634,-0.2148
1230800088677,0.6591,-1.9556,9.4950,-0.1077,0.0512,-0.1745
1230800088687,1.2501,-2.2978,9.7750,-0.0918,0.0182,-0.1439
1230800088695,0.1901,-1.6900,9.6075,-0.0099,0.0060,-0.0999
1230800088704,0.6399,-1.8360,10.0023,0.0462,0.0316,-0.0376
1230800088713,0.6256,-2.2188,9.9568,-0.0857,0.0927,-0.0486
1230800088723,0.4509,-2.3145,9.9760,-0.1101,0.1013,-0.0474
1230800088736,0.5251,-2.1590,9.7774,-0.0722,0.0842,-0.1012
1230800088742,0.4987,-1.9149,9.7200,-0.0002,0.0280,-0.1378
1230800088754,0.1063,-1.7786,9.7989,0.0072,0.0292,-0.1512
1230800088762,0.5490,-1.9987,9.5309,-0.0221,0.0292,-0.1574
