1633254036006,1.5348,0.8703,9.7152,0.0819,0.0075,-0.0806
1633254036009,1.4822,1.0785,9.7750,0.1063,-0.0243,-0.0439
1633254036010,1.6305,0.9732,9.6051,0.0746,-0.0634,0.0013
1633254036011,1.7980,0.7028,9.4855,0.0929,-0.0548,0.0721
1633254036021,1.8722,0.5544,9.5190,0.1320,-0.0023,0.1332
1633254036044,1.8555,0.5210,9.5955,0.1747,0.0722,0.1588
1633254036046,1.6569,0.4611,9.7726,0.2566,0.1467,0.1564
1633254036046,1.4128,0.6478,10.0382,0.3250,0.1785,0.0953
1633254036078,1.5061,0.7124,9.8827,0.2908,0.1296,-0.0794
1633254036079,1.3267,1.2867,9.7702,0.2236,0.1015,-0.2541
1633254036080,1.2979,1.2675,10.0406,0.1772,0.1467,-0.1527
1633254036106,1.2166,1.2675,10.1387,0.1161,0.1553,-0.1050
1633254036107,1.0826,1.5666,10.1172,0.0196,0.1333,-0.1454
1633254036112,0.9653,1.7413,10.1076,-0.0916,0.1370,-0.1368
1633254036117,0.9606,1.5834,10.1483,-0.1966,0.1382,-0.0769
1633254036125,0.9534,1.3800,10.0119,-0.2871,0.1125,-0.0500
1633254036140,1.2908,1.1120,9.8492,-0.3396,0.0930,-0.0427
1633254036141,1.0993,1.0809,9.6936,-0.3591,0.1260,-0.0476
1633254036150,0.9127,0.9684,9.6889,-0.3714,0.1993,0.0110
1633254036160,0.7739,0.9732,9.7080,-0.3701,0.2176,0.0025
1633254036168,0.7811,1.0641,9.6793,-0.3726,0.1846,-0.0354
1633254036178,0.8720,1.1670,9.5931,-0.3860,0.1479,-0.0623
1633254036187,0.9438,1.1311,9.4807,-0.3885,0.1345,-0.0843
1633254036197,1.0252,1.0139,9.4065,-0.3995,0.1467,-0.1062
1633254036208,1.0706,0.9636,9.3634,-0.4214,0.1590,-0.1502
1633254036219,1.1424,1.0163,9.2342,-0.4508,0.1590,-0.2211
1633254036226,1.2597,1.0139,8.9758,-0.4911,0.1419,-0.2895
1633254036235,1.3338,0.9086,8.6839,-0.5216,0.1272,-0.3482
1633254036245,1.4128,0.8727,8.3991,-0.5681,0.1309,-0.4215
1633254036255,1.3769,0.7387,8.1646,-0.5754,0.1467,-0.5155
1633254036264,1.2644,0.6693,7.9732,-0.5082,0.1577,-0.6096
1633254036275,1.0922,0.5401,8.0785,-0.4007,0.1785,-0.6719
1633254036283,0.9725,0.4707,8.4398,-0.3005,0.1895,-0.7232
1633254036293,0.8744,0.7172,8.6097,-0.2956,0.1602,-0.7990
1633254036303,0.7859,1.0880,8.6767,-0.3286,0.0918,-0.8906
1633254036312,0.8098,1.4063,8.7174,-0.4019,0.0148,-0.9541
1633254036323,0.9294,1.6934,8.6958,-0.5314,-0.0634,-1.0103
1633254036332,1.1161,1.8753,8.4398,-0.6939,-0.1489,-1.0775
1633254036341,1.2908,1.9495,8.1551,-0.8698,-0.2259,-1.1447
1633254036351,1.3984,1.7198,7.5903,-1.0116,-0.2869,-1.2058
1633254036361,1.6114,1.4087,7.1764,-1.1178,-0.3419,-1.2889
1633254036372,1.9751,1.3537,6.6715,-1.2217,-0.4079,-1.4208
1633254036380,2.4202,1.6097,6.0589,-1.3548,-0.4910,-1.6114
1633254036393,2.8724,1.8729,5.3794,-1.5186,-0.5618,-1.8032
1633254036399,3.3701,2.0643,4.7572,-1.7250,-0.5948,-2.0036
1633254036411,3.8965,2.2031,4.0920,-1.9877,-0.6180,-2.2589
1633254036419,4.4062,2.2821,3.3957,-2.3029,-0.6437,-2.5387
1633254036429,4.8417,2.2390,2.6683,-2.6829,-0.6510,-2.7953
1633254036438,5.1504,2.0141,1.9792,-3.1129,-0.6144,-3.0237
1633254036449,5.4423,1.5834,1.4623,-3.5723,-0.5545,-3.2400
1633254036458,5.8060,1.0498,1.1058,-4.0426,-0.4934,-3.4660
1633254036467,6.2535,0.5210,0.8976,-4.4935,-0.4604,-3.7152
1633254036477,6.8924,0.0448,0.7325,-4.9101,-0.4580,-3.9730
1633254036487,7.7227,-0.2543,0.5459,-5.3194,-0.4568,-4.2149
1633254036497,8.7133,-0.2424,0.6081,-5.7201,-0.4006,-4.4666
1633254036506,9.6465,-0.4912,0.7708,-6.0573,-0.2478,-4.7366
1633254036516,10.4529,-1.0751,0.9886,-6.3688,-0.0060,-4.9870
1633254036525,10.9075,-1.7283,1.3044,-6.7158,0.2836,-5.2412
1633254036535,11.3550,-2.6496,1.2231,-7.0676,0.5230,-5.4916
1633254036544,11.9388,-3.7191,0.9455,-7.3658,0.6525,-5.7567
1633254036554,12.5681,-4.7744,0.5674,-7.5368,0.7356,-6.0353
1633254036564,13.3817,-5.7985,0.5626,-7.5979,0.8883,-6.2747
1633254036574,14.3316,-6.7173,1.0819,-7.6382,1.1815,-6.5105
1633254036583,15.2792,-7.6529,1.8213,-7.7664,1.6067,-6.7133
1633254036591,15.9133,-8.2105,1.7016,-8.1342,2.0099,-6.8428
1633254036600,16.2746,-8.5718,1.7734,-8.6033,2.3312,-6.8966
1633254036610,16.3153,-8.8230,1.9816,-8.9906,2.6513,-6.8709
1633254036620,16.1956,-8.8182,2.2424,-9.3254,3.0105,-6.8221
1633254036629,16.2986,-8.3134,2.7162,-9.5820,3.3403,-6.7512
1633254036641,16.7077,-7.6171,2.8908,-9.7542,3.5334,-6.6352
1633254036651,17.3083,-7.7247,2.4673,-9.8507,3.6006,-6.3932
1633254036660,18.1027,-8.9403,1.3953,-9.9375,3.6042,-5.9754
1633254036670,19.1053,-10.1056,0.4645,-10.0364,3.6470,-5.4953
1633254036679,19.5600,-11.3427,-0.2270,-9.9900,3.8449,-5.0726
1633254036689,18.9259,-12.2041,-1.0286,-9.7285,4.1674,-4.7219
1633254036698,17.9687,-12.9722,-1.3564,-9.1898,4.4814,-4.3359
1633254036708,16.7962,-13.3646,-1.4258,-8.4592,4.7197,-3.9107
1633254036718,15.4730,-13.3957,-1.7488,-7.4989,4.8247,-3.4697
1633254036727,14.4154,-13.6876,-1.3947,-6.2906,4.8040,-2.9846
1633254036737,13.7047,-13.5728,-0.6218,-5.1850,4.6891,-2.5790
1633254036746,13.4415,-13.1564,-0.1576,-4.3432,4.4606,-2.2699
1633254036756,13.6497,-13.1301,0.2468,-3.7971,4.1797,-1.9156
1633254036764,13.8985,-13.7188,0.3544,-3.6016,3.9878,-1.4746
1633254036775,13.7885,-14.7070,0.3305,-3.5527,3.9158,-1.0470
1633254036785,13.0970,-15.7574,0.7971,-3.5210,3.9109,-0.7195
1633254036795,11.9604,-16.8940,2.1873,-3.5723,3.9414,-0.4606
1633254036804,10.5677,-17.6765,2.4793,-3.6737,3.9426,-0.2773
1633254036814,9.4694,-18.6910,2.4338,-3.7409,3.8889,-0.0537
1633254036823,9.2038,-20.5191,2.6827,-3.8337,3.8022,0.3482
1633254036833,9.8786,-21.9812,2.9076,-4.0500,3.6336,0.8259
1633254036842,10.8668,-22.6535,2.3525,-4.3591,3.3867,1.3342
1633254036852,11.4076,-22.9359,1.1895,-4.7256,3.1998,1.9560
1633254036862,11.1875,-23.2326,0.0673,-5.1618,3.1082,2.6463
1633254036872,10.6204,-23.3881,-0.2509,-5.6382,3.0105,3.2975
1633254036881,10.3332,-24.1538,0.2970,-6.1049,2.8345,3.9059
1633254036891,10.4290,-25.0511,0.2731,-6.5362,2.5865,4.4398
1633254036898,10.4194,-25.8647,-1.0406,-6.7097,2.2664,4.9358
1633254036908,10.7927,-27.3650,-2.9046,-6.3749,1.8633,5.5051
1633254036917,11.2999,-28.0182,-4.1704,-5.9730,1.3489,6.2223
1633254036927,11.6900,-27.5205,-4.2517,-5.6944,0.5902,7.0799
1633254036938,16.2842,-33.4404,-6.6661,-5.8594,-0.7451,8.0060
1633254036948,25.4296,-36.9626,-11.2316,-7.0884,-1.9057,8.6046
1633254036958,33.1775,-36.1873,-10.8775,-7.8398,-1.7970,8.5753
1633254036967,32.1175,-34.2970,-10.5042,-7.1458,-1.3535,8.1172
1633254036977,30.0788,-29.9110,-9.1905,-6.3749,-1.7628,7.6541
1633254036987,31.9380,-27.4583,-10.5137,-5.7311,-2.7817,7.7677
1633254036996,36.7907,-27.9848,-13.3899,-4.9149,-3.6614,7.9669
1633254037006,39.7458,-27.3985,-13.9881,-4.3969,-3.9570,7.7580
1633254037016,38.1977,-24.4362,-12.3060,-4.0194,-3.9851,7.3120
1633254037025,34.2710,-21.0982,-9.4872,-3.6028,-4.1782,7.0555
1633254037035,29.7558,-18.4541,-8.0252,-3.1899,-4.6216,6.9639
1633254037044,25.9201,-16.5853,-7.6376,-2.6792,-5.1042,6.8625
1633254037054,22.8046,-15.2884,-7.7548,-2.0317,-5.4695,6.7012
1633254037064,20.3663,-13.8910,-7.9750,-1.3768,-5.6626,6.5008
1633254037073,18.5119,-12.0988,-7.2930,-0.9798,-5.7310,6.3347
1633254037083,17.5069,-9.9022,-4.8834,-0.8845,-5.7114,6.2162
1633254037092,15.4778,-7.9784,-4.3522,-0.9382,-5.7664,6.0695
1633254037102,13.5205,-7.1505,-2.9429,-0.9456,-5.6870,6.0085
1633254037112,11.9723,-5.8224,-0.6625,-1.0103,-5.4316,5.9425
1633254037121,11.0989,-3.7885,0.7253,-0.9138,-5.3021,5.7348
1633254037131,10.6060,-2.5155,0.4908,-0.6438,-5.2545,5.6676
1633254037140,10.7472,-2.3361,-0.1313,-0.5058,-5.1213,5.6688
1633254037150,11.3717,-2.6136,-0.1815,-0.5852,-4.8269,5.4709
1633254037159,12.3432,-2.6902,0.4238,-1.0018,-4.4103,5.0983
1633254037169,13.2932,-2.3552,1.3618,-1.6542,-4.0254,4.6829
1633254037179,13.9105,-2.1375,2.2209,-2.3383,-3.7554,4.2919
1633254037188,13.9344,-1.8384,1.9218,-3.1019,-3.5954,3.9596
1633254037198,13.6138,-1.2115,1.3379,-3.9437,-3.4756,3.6591
1633254037206,13.2046,-0.3453,0.4573,-4.7818,-3.3498,3.3659
1633254037215,12.9271,0.3941,0.2563,-5.4134,-3.2472,3.0042
1633254037225,12.9127,-0.1849,1.1465,-5.6113,-3.1275,2.6536
1633254037234,13.0204,-0.7042,0.9862,-5.5661,-3.1091,2.3690
1633254037246,13.6090,-1.5728,2.7281,-5.0665,-3.1898,2.1393
1633254037256,13.8722,-2.7500,5.0540,-4.3542,-3.2765,1.9890
1633254037265,13.6760,-2.9128,7.3152,-3.7922,-3.3535,1.8913
1633254037275,13.2668,-1.8049,10.6675,-3.2986,-3.4634,1.7361
1633254037284,12.3600,-0.6635,13.9840,-2.5191,-3.6003,1.5443
1633254037294,11.1181,1.4159,14.7138,-1.6713,-3.7823,1.4698
1633254037304,10.0509,3.8781,14.6037,-0.9016,-3.9216,1.3977
1633254037313,9.8092,5.8833,15.0942,-0.3665,-3.8458,1.1484
1633254037322,8.7324,13.6552,1.1584,-0.2834,-4.0658,0.8320
1633254037333,47.0583,48.1955,78.2504,-3.5613,-0.9100,0.6830
1633254037342,25.2453,22.5756,76.4366,-12.6289,6.1540,-1.6212
1633254037352,-8.1561,-5.1764,47.7874,-10.5996,6.2969,-4.1673
1633254037362,-10.8313,-24.2807,14.3094,-0.0562,2.5633,-2.3237
1633254037371,-1.9802,-26.8888,6.5686,5.2388,1.6898,-0.0281
1633254037381,7.2298,-15.3483,17.8029,8.5387,2.1381,-0.3213
1633254037390,11.0750,4.6366,11.8926,10.3163,0.4339,-2.3591
1633254037399,9.1823,12.2027,17.2191,11.3596,-0.0756,-2.1978
1633254037410,5.4662,19.8047,22.9738,9.5832,0.9066,-0.8845
1633254037419,3.2577,21.8721,29.8340,4.5375,2.6366,-1.4758
1633254037429,-2.2434,14.4017,31.6813,1.1509,4.5315,-2.5839
1633254037438,-14.0688,8.8456,29.8723,0.5229,5.7655,-2.7073
1633254037448,-20.8381,3.9881,24.7517,2.1893,6.2114,-2.1380
1633254037458,-17.0430,6.7160,20.7054,3.7202,6.1418,-2.0182
1633254037467,-10.9653,14.3539,15.9820,4.9260,5.6384,-2.7048
1633254037477,-8.9936,16.7850,11.2035,5.7201,5.1033,-3.3719
1633254037486,-9.1946,13.6480,7.8081,4.8747,4.9188,-3.7629
1633254037496,-7.1774,8.1636,8.8657,2.9090,4.9738,-4.3627
1633254037506,-1.5687,3.3971,11.3854,1.7569,4.8699,-5.3194
1633254037513,5.5428,0.2171,10.7034,2.4606,4.3030,-6.0072
1633254037523,12.9917,-2.0753,7.3200,4.1234,3.2597,-5.8056
1633254037532,20.7803,-4.0063,3.5297,5.8069,1.9793,-5.0176
1633254037542,30.7177,-6.8920,2.3309,7.2717,0.6904,-4.7134
1633254037554,40.4350,-9.9740,-1.9881,8.0646,-0.5814,-5.8447
1633254037564,48.7309,-11.5532,-11.6216,7.8594,-1.0078,-7.6944
1633254037573,45.0770,-11.4695,-9.5327,7.9327,0.5621,-8.9418
1633254037583,34.3333,-12.7664,-0.9042,8.9247,1.9097,-9.3168
1633254037592,28.1239,-14.4007,1.8213,9.9302,1.0972,-9.2423
1633254037602,26.8724,-14.0226,0.9981,10.5606,-0.6877,-9.2338
1633254037611,28.0569,-13.3813,-2.1125,11.0066,-2.4592,-8.9296
1633254037621,29.6050,-12.6228,-7.0226,11.0701,-3.9008,-8.5508
1633254037631,30.4593,-10.7397,-10.2649,10.5679,-4.6326,-8.3993
1633254037640,30.2032,-8.8948,-10.2936,9.6089,-4.7902,-8.1562
1633254037650,29.9233,-8.7297,-8.9728,8.6120,-5.0395,-7.5111
1633254037659,30.2870,-9.5241,-7.3792,7.5613,-5.4536,-6.6938
1633254037669,30.5885,-10.0123,-6.6733,6.2821,-5.8409,-6.0084
1633254037679,30.3827,-10.1989,-6.6685,4.9676,-6.1463,-5.4892
1633254037688,29.7558,-9.9883,-7.3528,3.6823,-6.4457,-5.0383
1633254037698,29.2772,-10.1750,-8.4320,2.4532,-6.8159,-4.6596
1633254037707,29.6050,-11.0005,-8.6402,1.4734,-7.2422,-4.4031
1633254037717,30.2080,-12.1945,-7.5060,0.8626,-7.5746,-4.2467
1633254037727,30.7225,-13.5441,-5.8860,0.8039,-7.8580,-4.2626
1633254037736,30.6316,-14.0179,-4.6418,1.1448,-8.2269,-4.3982
1633254037746,29.9951,-12.9722,-1.6483,1.6396,-8.6020,-4.4446
1633254037756,29.8443,-11.0196,2.2448,1.9218,-8.8341,-4.3139
1633254037763,29.8802,-9.6246,4.4318,2.0928,-8.9746,-4.2076
1633254037773,30.3277,-10.0242,3.5800,2.3396,-9.3180,-3.9498
1633254037784,32.7827,-10.4358,1.4743,1.9194,-9.8250,-3.4550
1633254037794,36.8266,-11.4862,1.0579,1.0727,-10.0363,-3.0213
1633254037804,40.5809,-14.4557,8.5953,0.6402,-9.5171,-2.7549
1633254037813,40.9422,-17.0854,19.7985,0.8772,-8.8427,-2.5619
1633254037821,38.8605,-18.3608,24.3616,1.3378,-8.4860,-2.2443
1633254037830,42.5143,-17.5497,31.7961,1.7007,-8.2453,-1.7666
1633254037840,52.8035,-13.7068,47.6151,1.0617,-7.9374,-1.1948
1633254037849,78.5239,30.5365,78.2504,-3.4917,-7.2716,-1.1789
1633254037861,77.2390,-18.4733,78.2504,-6.2576,-5.6222,2.5559
1633254037871,37.9201,-60.6444,-30.2713,1.1375,-5.5062,1.0751
1633254037881,27.2026,-11.7614,23.4739,-8.6656,4.5022,-2.2064
1633254037890,29.6529,-17.0328,46.8422,0.7978,8.9138,4.3201
1633254037899,41.1073,-9.3447,45.3993,4.2944,8.8222,3.4465
1633254037909,42.2942,15.1913,28.5993,-4.2455,6.9041,1.5516
1633254037919,42.4569,-6.3034,17.1449,-9.5978,7.8082,3.8045
1633254037929,47.3143,-43.5716,12.2851,-12.3076,7.5650,7.8288
1633254037938,42.9761,-61.2809,14.5295,-10.7915,6.4435,8.2650
1633254037947,46.9937,-35.6203,15.4986,-5.2973,5.0410,5.7507
1633254037957,47.9867,-19.0619,12.6464,-1.1496,4.6158,5.5100
1633254037967,44.6655,-16.5423,3.6685,0.0171,4.0001,6.1477
1633254037977,39.2625,-16.0446,-2.6916,-0.5742,4.4533,6.1062
1633254037986,33.1727,-13.6781,-4.2254,-1.7739,5.2401,5.9730
1633254037994,27.1811,-13.7810,-2.3494,-2.2284,5.8717,6.2663
1633254038033,22.7520,-14.8027,-2.2681,-2.4630,5.9841,6.4727
1633254038034,20.2180,-14.2811,-3.6248,-3.1911,5.8143,6.5790
1633254038035,19.0192,-12.9746,-3.6990,-4.0292,5.6421,6.9089
1633254038041,18.7536,-11.8499,-2.3303,-4.8001,5.3574,7.4868
1633254038044,19.4044,-10.6296,-1.2798,-5.5686,4.6158,8.0231
1633254038052,21.4312,-9.8854,-2.0360,-5.8777,3.3293,8.3603
1633254038062,24.9821,-10.9766,-4.0531,-5.5466,1.9366,8.6010
1633254038071,29.3992,-12.5893,-6.3215,-4.8356,0.8859,8.6511
1633254038081,33.3881,-12.8358,-8.5923,-3.9021,0.2872,8.3896
1633254038090,35.0607,-12.3764,-10.1740,-2.6279,0.0991,8.0756
1633254038103,33.2732,-11.1249,-10.7674,-1.5296,0.2298,7.8826
1633254038109,30.6962,-8.6292,-9.8150,-0.9688,0.4216,7.7140
1633254038120,29.4854,-5.9397,-8.5708,-0.9676,0.4668,7.6688
1633254038130,29.3275,-4.3413,-7.0442,-1.6248,0.4509,7.8068
1633254038138,29.3083,-4.6882,-5.2783,-2.7232,0.3960,7.9437
1633254038150,28.9925,-6.5714,-3.9981,-3.9926,0.0905,7.9339
1633254038157,28.9135,-8.6603,-2.8280,-4.9492,-0.5338,7.7519
1633254038167,29.2413,-10.1487,-3.9766,-5.2338,-1.4280,7.4916
1633254038177,30.3731,-10.1391,-5.9004,-5.1935,-2.2429,7.2485
1633254038187,31.0383,-7.4424,-8.0061,-5.5002,-2.7597,6.9785
1633254038196,30.7321,-4.7337,-8.9225,-6.0292,-2.9760,6.7672
1633254038206,29.4758,-3.6880,-7.8410,-6.5973,-2.9796,6.7329
1633254038215,27.6788,-3.8962,-5.6396,-7.0786,-3.0896,6.7220
1633254038224,26.2646,-4.9060,-1.7106,-7.1238,-3.3706,6.5839
1633254038234,24.4485,-5.5544,2.2017,-6.7940,-3.7420,6.2406
1633254038244,22.2447,-4.3796,2.2687,-6.2833,-4.4665,5.6871
1633254038256,20.5314,-3.3770,-0.1744,-5.6077,-5.2362,5.2131
1633254038262,20.0983,-3.1832,-1.2057,-5.3462,-5.6393,4.9590
1633254038273,20.0672,-0.5726,-0.9113,-5.8875,-5.8507,4.5693
1633254038282,19.6796,4.0336,1.2685,-6.3749,-5.8324,3.9010
1633254038292,18.2702,4.5193,7.5329,-5.6859,-5.3913,3.1533
1633254038301,15.2361,0.2529,17.1664,-4.0646,-4.5019,2.2602
1633254038311,8.7827,-4.4011,30.0781,-2.3115,-3.5062,1.0593
1633254038321,-2.7842,-0.7377,37.2542,-1.0042,-3.5160,0.0831
1633254038332,-9.6133,7.1180,37.9337,0.1210,-4.5227,0.6097
1633254038341,-14.5354,23.1331,15.6302,0.9041,-5.4891,2.2052
1633254038351,18.3181,78.6299,78.2504,-3.9754,-1.1788,1.7141
1633254038360,14.6451,-3.4751,78.2504,-21.9324,4.0367,-0.5241
1633254038370,-21.0391,-51.1042,18.5686,-11.4439,4.3568,-1.0164
1633254038380,-53.7944,-45.7108,15.2067,7.1141,2.7087,0.9945
1633254038390,-45.5152,-0.3333,32.1527,14.3687,0.4595,1.7007
1633254038398,-14.0089,33.4558,48.9455,12.0792,-2.8575,0.7453
1633254038409,-0.5350,23.4418,28.8434,11.3486,-2.1403,-2.4080
1633254038418,-5.2057,21.7238,30.9228,7.4098,0.2653,-3.7311
1633254038428,-7.3928,18.5796,35.3854,1.2828,0.8639,-2.6377
1633254038437,-6.4022,7.3453,33.6362,0.4533,0.6782,-2.3493
1633254038445,-1.8797,-7.4854,26.4267,3.5882,1.8718,-3.0494
1633254038455,2.7647,-5.5137,22.7417,9.3560,3.5175,-3.7348
1633254038465,7.8734,8.1708,15.5656,12.1012,3.9756,-4.0390
1633254038474,15.7123,12.5186,12.0171,14.7646,3.5553,-4.1538
1633254038486,21.7829,16.9166,10.9212,15.1372,3.0483,-6.3175
1633254038495,24.1901,15.7297,14.2639,13.8165,2.3556,-6.3835
1633254038505,27.8224,5.5985,7.5856,10.6107,-0.7610,-5.0555
1633254038514,34.8621,11.4944,-12.5141,3.9450,-4.0877,-7.5453
1633254038523,37.1759,12.1692,-12.8300,-0.0268,-0.6620,-8.9405
1633254038534,28.6790,1.6671,-7.1758,0.0574,2.6317,-7.1996
1633254038543,22.2304,-9.2777,-7.8434,1.9523,2.0038,-5.6993
1633254038553,20.1390,-14.9199,-11.5427,4.8430,0.5328,-6.3322
1633254038562,21.5675,-13.9461,-10.0328,8.1086,-0.1000,-7.3340
1633254038572,23.3598,-10.0099,-9.9969,11.4879,-1.2717,-7.5930
1633254038582,25.4272,-5.7411,-12.2031,14.6839,-3.6161,-7.7494
1633254038591,29.2964,-5.9277,-15.1247,16.4982,-6.1793,-7.4525
1633254038601,35.2832,-6.3417,-20.8316,15.4988,-7.7627,-6.9284
1633254038611,36.5011,1.9997,-17.4793,10.6388,-7.2777,-6.6584
1633254038620,31.0551,6.2206,-11.4709,4.7183,-6.3944,-5.7286
1633254038630,27.6046,-1.3526,-8.4751,1.0739,-6.6411,-4.2369
1633254038639,29.4352,-9.4643,-8.8842,-1.6273,-7.6014,-3.4868
1633254038649,34.7161,-13.2904,-12.1289,-3.7800,-8.1732,-3.8557
1633254038658,38.5159,-16.1092,-12.8539,-4.1001,-7.6454,-4.5338
1633254038668,36.9438,-18.3560,-7.9247,-2.7305,-6.6363,-5.0787
1633254038678,33.0746,-18.5092,-5.0940,-1.0079,-6.4835,-5.4647
1633254038687,31.3781,-16.2336,-3.7468,0.4643,-7.0297,-5.6675
1633254038697,32.2467,-13.1110,-4.8045,1.1900,-7.7798,-5.5918
1633254038705,33.2421,-11.4121,-6.8551,1.0580,-8.3393,-5.2155
1633254038716,33.7542,-11.2757,-8.1066,0.2224,-8.5251,-4.7598
1633254038726,35.5751,-12.6468,-7.8147,-0.8038,-8.7059,-4.4361
1633254038733,39.6022,-15.5134,-6.6685,-1.6016,-9.0431,-4.0744
1633254038745,42.8541,-19.2270,-4.2924,-1.8839,-9.2410,-3.7824
1633254038753,40.9279,-21.9955,0.9862,-1.1630,-9.2031,-3.7873
1633254038762,35.4722,-22.2228,3.2330,0.4044,-9.0699,-3.6407
1633254038772,32.6631,-17.9397,1.5652,1.4319,-8.9368,-3.1899
1633254038782,34.2256,-13.4053,0.3664,1.2670,-8.9514,-2.7134
1633254038792,39.9995,-10.6679,1.7351,0.3287,-9.0406,-2.3090
1633254038803,44.6942,-11.7542,7.8081,-0.9785,-8.4053,-1.8069
1633254038812,47.1971,-14.4868,19.9971,-2.4031,-7.5330,-1.6346
1633254038822,48.4868,-19.7893,29.3076,-3.5649,-7.3632,-1.7201
1633254038832,50.7217,-28.5423,33.6386,-3.4953,-7.7810,-1.9938
1633254038841,56.2467,-36.8310,47.6677,-2.0781,-7.9557,-2.5338
1633254038851,78.5239,-18.9662,78.2504,0.4948,-8.4029,-3.4855
1633254038860,69.4025,-74.2141,10.8159,4.9260,-7.7041,-0.5803
1633254038870,37.3841,-27.1185,0.5076,0.8149,0.8358,0.2981
1633254038879,38.6331,15.5407,40.3888,-2.1514,11.5186,-0.5962
1633254038889,43.2800,-0.2328,55.7698,1.5687,9.1338,1.6921
1633254038899,46.2256,-5.1620,27.2785,-4.7073,6.0000,2.3531
1633254038907,51.8846,-32.0238,20.3489,-8.9711,6.8540,3.6908
1633254038918,47.0152,-58.4334,8.1455,-7.3608,5.9536,4.5241
1633254038928,44.0314,-47.8691,12.3305,-5.7433,5.7948,4.8100
1633254038937,47.7522,-25.6685,16.8219,-2.0818,5.7667,4.6780
1633254038947,41.9544,-15.1138,5.7886,-0.2516,4.9884,4.2663
1633254038956,36.1566,-13.3096,-0.5333,-1.4941,5.1387,4.4557
1633254038966,31.4595,-16.5375,-3.5195,-3.9266,5.9463,5.6945
1633254038976,26.7863,-19.0954,-4.1058,-5.5380,6.5388,6.5668
1633254038985,22.8477,-19.3227,-3.0625,-6.2100,6.7966,7.2045
1633254038995,20.8904,-18.4996,-3.2420,-6.3578,6.4753,7.7983
1633254039003,21.6704,-17.2745,-4.6178,-6.3114,5.7691,8.3994
1633254039014,25.3219,-15.2932,-6.2641,-6.2845,4.9249,8.9382
1633254039024,30.7488,-13.5441,-6.6589,-6.1953,4.1076,9.4073
1633254039033,36.0393,-13.0320,-6.8121,-6.0365,3.4442,9.8545
1633254039043,40.0401,-12.2160,-5.5510,-5.9217,2.7942,9.9766
1633254039051,41.9113,-11.0986,-4.8499,-5.6187,1.9683,9.8654
1633254039060,42.5000,-10.3592,-5.8071,-4.7574,0.7210,9.6272
1633254039070,42.6100,-10.2874,-8.2238,-3.5124,-0.5643,9.4110
1633254039079,42.6316,-9.6677,-8.9823,-2.3921,-1.2814,9.1703
1633254039090,41.6840,-8.1865,-8.4105,-1.7531,-1.4757,8.9870
1633254039101,40.7388,-5.9684,-9.5207,-1.6578,-1.7262,8.8917
1633254039110,40.7221,-4.1905,-9.9036,-1.9315,-1.8312,8.8514
1633254039120,39.6740,-3.9967,-8.6832,-2.5827,-1.7359,8.8514
1633254039129,37.8627,-5.2003,-6.6733,-3.4501,-1.8239,8.7622
1633254039139,36.3313,-7.0404,-5.2663,-4.1721,-2.1806,8.6059
1633254039148,36.1805,-8.5957,-3.8234,-4.3774,-2.6828,8.3615
1633254039158,36.2978,-9.1963,-1.8709,-4.4898,-3.0945,8.1880
1633254039168,35.2473,-6.2460,-3.5482,-5.0542,-3.6662,8.0023
1633254039177,34.3141,-2.3433,-4.8954,-5.4794,-4.1305,7.8020
1633254039187,32.8162,1.0139,-4.6298,-5.8960,-4.3516,7.6957
1633254039195,31.1675,2.3443,-2.0886,-6.5350,-4.5642,7.6053
1633254039206,29.6290,0.8272,0.5004,-7.2521,-4.9637,7.4135
1633254039216,29.1456,-1.5752,3.0368,-7.5160,-5.5135,6.9248
1633254039223,28.0880,-2.2308,3.9293,-6.8306,-6.0425,6.0488
1633254039235,25.6569,-0.6803,2.8573,-5.3853,-6.4200,5.1044
1633254039245,23.7929,0.5760,4.2930,-3.7995,-6.4628,4.3799
1633254039254,22.2399,3.3158,10.5335,-3.0005,-5.9643,3.8472
1633254039264,18.7320,8.8025,18.3437,-3.0689,-4.7756,3.1667
1633254039273,9.0244,16.3255,29.5852,-3.2168,-3.2105,2.1881
1633254039283,-8.5031,20.6542,41.3770,-3.2009,-2.6852,1.3366
1633254039293,-42.3806,60.0113,56.8442,-3.2913,-3.8177,1.0727
1633254039302,34.2615,61.6767,78.2504,-14.4847,2.5145,-0.5253
1633254039312,-30.4524,-15.8364,35.3806,-19.7174,3.8974,0.7441
1633254039321,-24.9035,-36.3166,-21.3676,-2.2614,2.8761,0.8137
1633254039331,-36.6211,-42.9758,9.8707,13.1665,0.8822,1.4966
1633254039341,-30.4716,15.1650,21.3467,15.7578,0.5939,1.0312
1633254039348,-10.3886,39.8996,32.1790,18.3467,-2.8562,1.6286
1633254039358,0.5681,26.8492,10.0286,20.6496,-4.9149,-0.8515
1633254039368,9.4455,35.8869,12.9024,13.7823,-3.0407,-3.2229
1633254039377,11.3263,31.0175,22.7919,4.2748,-0.1208,-4.6559
1633254039387,5.7462,19.6731,26.9890,2.3213,0.9311,-4.9846
1633254039399,2.1115,7.1227,24.4885,2.5766,0.9971,-4.2528
1633254039408,3.9851,4.6845,21.4161,3.5772,0.9225,-4.6071
1633254039418,10.8309,5.0889,17.7431,6.6877,1.1095,-6.0866
1633254039427,18.0070,7.8573,13.8260,9.9742,1.6495,-7.3193
1633254039437,23.0008,9.6567,11.0791,12.0145,1.9256,-7.2387
1633254039446,26.1115,9.4701,8.8394,12.4115,1.2084,-6.5655
1633254039456,26.0086,7.2615,5.6234,11.0603,-0.4763,-6.1990
1633254039466,26.9131,7.7832,-7.0298,8.0817,-2.4506,-6.7292
1633254039475,29.7869,11.1762,-14.1317,2.7025,-1.8960,-7.5575
1633254039485,28.0856,6.7782,-9.7720,-0.6353,0.7857,-7.5722
1633254039494,24.3073,-1.6685,-5.9004,-0.9199,1.6812,-6.4299
1633254039504,24.8744,-12.3261,-4.8212,-0.0342,0.4265,-5.3096
1633254039514,28.8944,-19.2677,-12.5070,1.7569,-1.3645,-6.0878
1633254039523,32.3424,-19.3395,-14.1556,4.6572,-1.8935,-7.7200
1633254039533,29.1313,-14.7500,-11.7078,7.2253,-1.9387,-8.3688
1633254039542,24.7907,-10.7349,-11.4517,8.9162,-3.2203,-7.9375
1633254039551,24.0202,-7.9496,-13.7847,9.2155,-4.9100,-7.3804
1633254039560,26.3293,-5.6908,-14.4691,8.1221,-5.8311,-6.8025
1633254039571,28.9494,-3.6976,-12.9425,5.8411,-6.0046,-6.1465
1633254039581,30.1793,-3.9082,-10.8320,3.2303,-6.0547,-5.4672
1633254039591,29.7390,-7.9281,-11.0497,1.0935,-6.2783,-4.8282
1633254039600,30.1482,-12.7496,-11.8633,-0.4593,-6.5361,-4.5130
1633254039610,31.2944,-16.1475,-11.0330,-1.3231,-6.5581,-4.5875
1633254039620,31.4044,-16.7337,-8.8148,-1.5625,-6.4469,-4.8979
1633254039628,30.4258,-14.8170,-8.1520,-1.3781,-6.5458,-5.2131
1633254039639,30.3564,-11.9122,-6.2832,-1.1007,-6.8342,-5.3963
1633254039646,31.7323,-9.7586,-5.5151,-1.1826,-7.0773,-5.5002
1633254039656,34.1012,-10.2324,-7.2332,-1.2730,-7.3827,-5.7140
1633254039666,36.8146,-13.6446,-8.9129,-0.9627,-7.7224,-5.9168
1633254039675,38.5638,-17.3463,-5.4410,-0.7794,-7.6210,-5.8581
1633254039686,37.7406,-18.6456,-2.2154,-1.0177,-7.6246,-5.8789
1633254039695,37.6856,-18.7748,-2.0479,-1.0726,-8.1268,-5.9974
1633254039706,41.4064,-19.4184,-3.3425,-0.8271,-8.6179,-5.8251
1633254039713,47.7450,-19.0404,-3.7181,-0.8661,-8.9734,-5.5613
1633254039725,53.4758,-18.7676,-2.7849,-1.3805,-9.1738,-5.2338
1633254039735,58.1299,-19.5524,2.9913,-2.1062,-9.2202,-4.8869
1633254039745,58.2902,-23.7973,8.2651,-2.8759,-9.0394,-4.3737
1633254039754,59.2521,-29.7339,13.0436,-3.7861,-8.6350,-3.9522
1633254039763,62.8485,-34.3568,13.3523,-4.6877,-8.0608,-3.9926
1633254039773,67.1723,-40.0733,21.0356,-4.8368,-6.8892,-4.0036
1633254039783,70.9530,-50.6472,69.2630,-4.4519,-5.1775,-3.5234
1633254039793,78.5239,-78.1287,78.2504,0.3042,-9.8323,-3.9803
1633254039802,32.6535,-78.1287,-36.3682,3.2645,-5.4878,2.7440
1633254039812,12.0417,-22.2755,36.4478,-2.9626,7.8338,-0.2211
1633254039821,38.6475,-5.1189,63.6111,2.5803,6.8137,-1.3500
1633254039831,51.4395,-12.0246,35.3016,-1.4440,8.3702,4.6426
1633254039841,37.9177,-13.2689,-0.7702,-8.3517,7.0470,5.4196
1633254039850,22.8405,-37.3072,-2.0814,-11.0944,8.9016,4.8967
1633254039860,11.0583,-55.7176,10.8853,-12.2759,10.1429,6.6254
1633254039869,9.0291,-41.6645,15.4556,-11.4952,6.8394,5.6627
1633254039879,15.2290,-33.5146,13.1752,-6.0585,3.9524,5.9498
1633254039889,23.2282,-31.4448,5.5397,-2.3774,2.4155,6.7708
1633254039898,27.8296,-27.0157,-3.7373,-1.7971,2.1284,6.6059
1633254039907,26.6858,-21.0456,-9.3269,-1.9156,2.9860,6.5839
1633254039917,23.8359,-19.0356,-9.1738,-1.8936,3.9390,7.0836
1633254039927,24.2906,-20.7225,-10.3223,-2.4556,3.8877,7.6932
1633254039937,29.5380,-22.1869,-13.1291,-3.9803,3.2976,8.3517
1633254039944,37.7885,-21.8137,-13.6842,-5.8288,2.8345,9.2717
1633254039954,42.7679,-20.2057,-10.9995,-6.7671,2.4558,9.8960
1633254039963,42.9929,-18.0545,-8.1903,-6.6388,1.5407,10.0389
1633254039973,44.2994,-16.4705,-5.5343,-6.2063,0.2078,10.2124
1633254039982,48.0011,-15.4942,-5.2591,-5.4134,-1.3596,10.3199
1633254039995,50.7145,-14.5443,-7.4988,-4.2064,-2.7866,10.1452
1633254040004,52.4613,-13.1995,-8.9321,-2.8759,-3.8287,9.8484
1633254040014,54.5837,-12.3620,-11.4278,-1.5393,-4.5532,9.6382
1633254040023,55.7347,-12.0773,-13.8493,-0.0928,-4.8611,9.4708
1633254040033,55.0695,-11.5484,-13.6388,1.2743,-4.7096,9.3548
1633254040042,53.3155,-9.1317,-12.9473,2.0525,-4.4017,9.2277
1633254040052,50.9466,-6.1287,-10.3510,2.0892,-3.9509,9.1471
1633254040062,47.9125,-4.3221,-6.8575,1.2694,-3.5025,9.1398
1633254040071,44.9287,-3.2908,-3.5171,0.0367,-3.3987,8.9895
1633254040081,42.1195,-3.8579,-1.7919,-1.1032,-3.4427,8.9137
1633254040091,40.0330,-3.2884,-4.3498,-2.5167,-3.7469,8.9076
1633254040100,39.7147,0.6813,-7.1997,-4.2418,-4.0242,8.7268
1633254040110,39.4587,5.1750,-8.4535,-5.8545,-4.0047,8.5326
1633254040119,37.0802,6.7854,-6.4651,-7.1446,-3.6907,8.4153
1633254040129,33.4886,4.1317,-1.6938,-8.1953,-3.3828,8.3530
1633254040139,30.5574,1.6073,3.4603,-8.8550,-3.5832,7.8056
1633254040148,27.5376,1.5475,8.0641,-8.6705,-4.1232,6.7586
1633254040158,22.0341,3.8661,9.2366,-7.6748,-4.6412,5.5638
1633254040167,15.7171,6.2087,8.5858,-6.2772,-4.6827,4.4068
1633254040177,9.8858,11.0254,13.0077,-5.0933,-3.9289,3.2180
1633254040187,-3.2652,25.2484,31.3008,-4.5142,-2.6767,1.7337
1633254040196,-18.8712,28.0839,41.7886,-4.0255,-3.5575,0.6329
1633254040204,-28.0285,24.3224,39.0560,-3.5368,-5.9203,1.0703
1633254040215,42.2990,33.9750,78.2504,-8.4922,-0.9369,1.2462
1633254040225,-45.0750,12.9253,53.2263,-9.9900,3.2658,1.5467
1633254040233,-21.2018,-6.7508,-15.1391,0.4826,4.4643,3.3805
1633254040242,-24.1067,-30.6910,6.8869,9.8557,1.4491,2.5779
1633254040252,-44.4289,51.0693,46.1052,8.3591,-0.7940,-4.0426
1633254040261,1.3386,33.9989,36.4765,1.7825,-1.1190,-3.9803
1633254040271,12.4150,3.6723,29.3698,2.6402,-1.4280,-1.8069
1633254040281,6.9235,-5.0567,32.6025,2.5986,0.1895,-2.9846
1633254040292,4.9135,-4.7169,29.0276,5.7556,0.4155,-4.1294
1633254040302,7.8256,3.7728,22.6627,7.7482,0.3263,-3.4232
1633254040312,11.7067,6.1943,19.3080,8.6584,1.1583,-2.5534
1633254040321,15.8559,9.3983,17.7814,9.2399,2.1895,-3.8533
1633254040330,19.2321,12.3535,14.4027,9.8569,2.6073,-5.5551
1633254040341,21.2613,14.5573,10.5574,10.0683,2.8040,-6.1721
1633254040350,23.2856,12.8918,9.8827,10.1025,3.2915,-5.8948
1633254040360,24.4772,11.6763,8.8729,9.2912,3.5529,-6.1269
1633254040369,25.5683,11.3341,7.0639,7.3731,3.1485,-6.8038
1633254040379,26.6451,9.1495,3.3479,5.2205,2.0184,-6.8404
1633254040388,27.0663,5.4382,-2.0288,3.3744,0.7759,-6.4091
1633254040398,28.1095,-0.4792,-7.4270,2.2749,-0.0280,-5.9241
1633254040407,28.8848,-4.7385,-11.0785,1.9304,-0.2442,-6.1135
1633254040417,29.5380,-7.5740,-11.9135,2.4948,0.1247,-6.5142
1633254040427,29.1719,-9.0551,-7.9582,3.8020,0.7405,-6.7256
1633254040436,28.1646,-9.0503,-6.2306,5.4281,0.4681,-6.8697
1633254040446,28.4948,-8.0358,-7.1399,7.2363,-0.6498,-7.1348
1633254040455,29.9185,-7.7343,-10.0232,8.8930,-2.1061,-7.3303
1633254040465,31.3614,-7.9449,-14.5672,9.4220,-3.6051,-7.3780
1633254040475,32.2611,-7.4160,-19.7596,8.2076,-4.7499,-7.6248
1633254040484,31.8950,-4.7361,-20.3363,5.5015,-4.9417,-7.8801
1633254040494,30.8708,-3.1640,-17.0270,2.2052,-4.6852,-7.6028
1633254040503,30.8708,-5.8176,-14.8424,-0.3176,-4.8049,-6.9357
1633254040514,32.8569,-10.0506,-14.5768,-1.6529,-5.1531,-6.6119
1633254040523,35.2282,-13.8097,-13.6316,-1.9938,-5.1763,-6.6486
1633254040530,35.7929,-16.6667,-10.7913,-1.6725,-4.9503,-6.6852
1633254040540,34.3141,-18.3417,-9.6164,-0.9883,-5.0358,-6.7537
1633254040550,33.4359,-18.4661,-10.6310,-0.0891,-5.5086,-6.9320
1633254040559,34.0485,-16.6332,-10.9229,0.5816,-5.9533,-7.0114
1633254040570,34.5390,-13.7331,-9.8629,0.7538,-6.1903,-7.0359
1633254040581,35.5009,-12.1586,-9.2025,0.4997,-6.5019,-7.0420
1633254040590,37.3171,-13.2641,-8.6450,-0.2248,-6.8391,-6.8722
1633254040600,40.3608,-16.4896,-8.9225,-1.2620,-7.2508,-6.7231
1633254040609,44.7971,-19.4065,-8.3961,-1.9877,-7.7664,-6.9626
1633254040618,47.3143,-23.6633,-0.8515,-1.5919,-8.0315,-7.2363
1633254040629,46.8716,-27.9584,1.5317,-0.2822,-8.4383,-7.1373
1633254040638,49.1400,-27.4846,0.4358,1.0507,-8.6533,-6.8380
1633254040648,49.8531,-23.4193,3.5919,1.3354,-8.2098,-6.2222
1633254040657,50.0948,-20.8398,15.4173,-0.3347,-7.3277,-5.1581
1633254040667,53.5500,-21.1604,14.1898,-3.6627,-6.9783,-4.4605
1633254040676,63.7793,-32.2368,12.7565,-6.6254,-6.4335,-4.1673
1633254040686,70.5343,-51.9919,48.6081,-8.0634,-5.1042,-3.9351
1633254040695,78.5239,-78.1287,78.2504,1.2401,-9.5171,-6.4666
1633254040705,29.0092,-78.1287,-31.1997,8.4140,-6.2991,-4.2894
1633254040715,9.5795,-20.1028,-10.2864,2.5204,6.0868,1.6286
1633254040725,36.0633,6.1130,62.7928,13.7591,1.9244,-0.8955
1633254040734,46.9650,37.3082,23.8855,7.9241,2.0013,-1.6322
1633254040744,66.4641,21.1064,6.9634,-4.4202,2.4094,0.6060
1633254040753,39.4084,-32.1196,-22.2553,-9.2313,9.2498,8.2393
1633254040762,12.1590,-70.4885,31.1955,-13.2483,13.5466,8.6132
1633254040773,7.4762,-68.0430,24.3425,-12.9906,8.3677,5.1618
1633254040782,13.9608,-39.4440,19.5353,-11.3253,4.6439,4.9615
1633254040792,25.4176,-32.2966,12.7660,-5.6517,3.5859,8.9626
1633254040801,32.6056,-28.8845,1.1584,-2.0268,2.9201,8.5814
1633254040811,26.8342,-17.6980,-9.9251,-2.5863,2.9543,6.1453
1633254040821,19.8280,-13.9485,-11.1478,-4.0451,4.0880,6.9296
1633254040828,17.0379,-18.8466,-8.7167,-4.0707,4.6525,8.6376
1633254040838,19.9308,-23.1512,-7.0346,-3.5124,3.8913,8.9162
1633254040848,27.1644,-22.2157,-9.2360,-3.6004,2.3336,8.8270
1633254040857,37.7167,-20.0454,-11.8992,-4.0109,1.2927,9.4537
1633254040868,45.8164,-17.5497,-13.6555,-4.1917,1.2842,9.9033
1633254040878,46.9674,-12.9315,-10.9540,-4.3407,1.6580,9.6920
1633254040888,42.8206,-9.0240,-7.9486,-4.6535,1.4735,9.4195
1633254040898,40.5833,-8.0789,-7.0322,-4.8759,0.3948,9.3523
1633254040907,40.7795,-9.7802,-7.9008,-4.5741,-0.9968,9.1801
1633254040917,41.3083,-11.2302,-8.7718,-3.5967,-2.1256,8.7586
1633254040926,41.2677,-11.2589,-9.8533,-2.1196,-2.9247,8.3420
1633254040936,41.4615,-9.9142,-11.3536,-0.3897,-3.4072,7.9278
1633254040946,42.0310,-8.5024,-12.9353,1.2352,-3.5832,7.6114
1633254040955,42.6962,-7.6529,-13.0119,2.3555,-3.4170,7.4403
1633254040965,42.6746,-6.9207,-12.5309,2.7660,-3.0285,7.4000
1633254040975,41.7343,-5.9062,-11.1837,2.6964,-2.6376,7.4147
1633254040984,40.6383,-4.7839,-9.1738,2.3384,-2.2662,7.5222
1633254040993,39.5759,-3.2860,-7.6783,1.6042,-2.0878,7.6944
1633254041003,38.0493,-1.0894,-7.6663,0.4178,-2.0865,7.9021
1633254041011,36.2666,1.9566,-8.2956,-1.2327,-2.1550,8.1819
1633254041071,34.4960,5.9431,-7.1494,-3.0848,-2.2075,8.3701
1633254041072,31.9428,9.3576,-6.2258,-4.8917,-2.4885,8.3701
1633254041073,28.5091,10.6833,-5.5702,-6.7036,-2.9686,8.3542
1633254041073,25.5325,9.3911,-3.3018,-8.1574,-3.4439,8.1172
1633254041074,23.5823,7.0366,-0.1337,-8.8000,-4.0157,7.3316
1633254041075,21.1177,5.6081,0.1941,-8.6877,-4.7475,6.3066
1633254041080,18.3396,5.2204,-1.0358,-7.8923,-5.3095,5.3048
1633254041090,16.0090,5.0769,0.3281,-6.7341,-5.2056,4.3738
1633254041099,13.4870,6.8188,8.0163,-6.0365,-4.0535,3.3708
1633254041108,3.2433,14.2151,24.7254,-5.6663,-2.1611,1.6164
1633254041118,-25.7410,25.0354,40.4175,-4.9834,-2.0279,-0.2529
1633254041126,-42.1677,28.5935,15.1014,-3.3817,-5.4500,-0.0219
1633254041135,45.6346,78.6299,78.2504,-12.0547,-0.8844,-0.1270
1633254041145,-19.5268,-11.9265,9.4520,-25.8834,3.0227,-0.4996
1633254041155,-23.2548,-43.9832,-44.8412,-8.3077,4.4179,-0.3567
1633254041166,-49.2983,-70.8091,3.4340,16.0193,2.8358,1.4966
1633254041176,-28.8923,4.3160,1.5748,19.0785,2.2701,-1.2938
1633254041185,-27.3107,56.8193,45.4855,17.3669,-5.2472,1.9756
1633254041195,8.0433,11.5566,12.3329,18.5800,-7.0993,1.3256
1633254041205,19.8806,21.7405,6.2839,10.0182,-4.5337,-3.1007
1633254041214,14.0134,32.6948,27.5680,1.0947,1.1828,-6.0023
1633254041224,0.8696,16.7586,33.1936,0.9126,2.1345,-3.9339
1633254041233,-2.9613,5.1750,28.1782,0.6011,1.2891,-2.3481
1633254041243,2.1833,2.0117,21.2558,1.1423,1.0911,-3.3622
1633254041253,10.5845,7.0653,19.5760,1.9022,2.0966,-4.8172
1633254041262,16.5354,6.6179,16.9487,4.7574,3.3330,-5.8593
1633254041271,20.8018,6.9720,14.5247,7.1019,3.9903,-5.7506
1633254041280,22.4481,8.7786,9.9760,7.4354,3.9365,-5.1068
1633254041291,20.7779,8.9485,6.0900,7.0042,3.6849,-5.1043
1633254041301,17.8012,7.6707,2.7138,5.7641,3.1705,-5.1630
1633254041311,14.9538,5.8785,0.0506,4.1417,2.4851,-5.1923
1633254041320,14.2670,4.0575,-3.4358,2.5620,1.8853,-5.0567
1633254041329,15.4419,1.3249,-4.2206,1.5382,1.6702,-4.6718
1633254041339,17.3538,-2.7716,-3.3688,1.8717,1.4405,-4.3285
1633254041349,19.7969,-7.0380,-3.0960,3.1032,0.8602,-4.2332
1633254041359,21.5245,-8.6795,-4.9504,4.7587,0.0759,-4.8185
1633254041368,21.8978,-8.0071,-8.0922,6.9052,-0.7622,-5.7482
1633254041378,21.6393,-7.1145,-10.9229,9.3010,-1.6871,-6.3810
1633254041387,21.8499,-7.1768,-12.1480,10.8905,-2.7976,-6.3175
1633254041397,22.4409,-6.8729,-13.9355,10.8697,-4.1610,-6.2063
1633254041406,23.3406,-4.7361,-20.2119,9.4733,-5.4097,-6.5582
1633254041414,24.8672,-1.4220,-22.0041,7.1728,-5.3999,-6.7695
1633254041424,24.3145,-1.0392,-18.1756,4.3445,-4.5031,-6.1611
1633254041433,22.4433,-4.2838,-14.1532,1.9499,-4.1659,-5.2118
1633254041443,21.8092,-8.3923,-12.3084,0.4350,-4.5422,-4.6389
1633254041452,22.7592,-12.1443,-10.4755,-0.2419,-5.0028,-4.3297
1633254041462,23.7211,-14.3648,-10.1357,-0.3054,-5.5062,-4.2467
1633254041474,24.3791,-13.9293,-11.1072,0.0917,-6.1207,-4.4861
1633254041483,24.7237,-11.6274,-13.0908,0.6830,-6.5593,-4.7329
1633254041493,25.4726,-10.2061,-13.0430,1.1301,-6.5568,-4.7732
1633254041503,26.8772,-10.5004,-11.3871,1.1704,-6.5239,-4.7598
1633254041512,29.8682,-10.9790,-9.8701,0.5339,-6.8122,-4.8136
1633254041522,34.1610,-11.3522,-10.5449,-0.5510,-7.3522,-4.9382
1633254041532,38.2383,-11.5293,-9.7600,-1.7030,-7.8116,-5.0151
1633254041541,40.9279,-12.5008,-8.0204,-2.9187,-8.0767,-4.8698
1633254041551,41.9664,-16.3676,-8.2884,-3.5845,-8.3784,-4.6877
1633254041561,42.7153,-20.8087,-7.5060,-3.4586,-8.8134,-4.6706
1633254041570,43.0336,-24.3070,-5.2519,-2.4006,-9.1860,-4.8954
1633254041580,44.0266,-25.7929,0.7876,-0.4691,-9.5195,-5.2399
1633254041589,50.2671,-22.3879,5.2526,1.2816,-10.0241,-5.6431
1633254041599,60.2379,-20.4737,4.2117,2.1759,-10.3430,-5.9571
1633254041609,71.6948,-16.3150,7.6143,1.7239,-9.9056,-5.8557
1633254041618,78.5239,-11.5987,16.5012,-0.5033,-9.2813,-5.1544
1633254041628,78.5239,-16.2480,19.8512,-3.1960,-8.9197,-4.1025
1633254041637,73.7215,-33.4500,34.9092,-5.0115,-7.9337,-2.9883
1633254041647,70.0533,-52.4968,61.1656,-4.2552,-7.8116,-2.9700
1633254041657,78.5239,-75.4990,78.2504,0.0880,-9.8922,-4.5497
1633254041666,78.5239,-78.1287,12.9910,4.9517,-8.9734,-3.6859
1633254041674,46.7855,-2.7907,22.8733,2.6951,6.2676,-0.7941
1633254041685,43.9285,40.7610,46.3278,5.4758,11.8619,-3.3866
1633254041695,23.7570,23.5854,27.9557,0.7318,12.9309,0.9395
1633254041703,7.2274,-13.9939,35.0982,-8.6327,11.8619,3.0617
1633254041712,7.3207,-38.3122,31.2649,-8.9821,8.9859,2.3763
1633254041722,13.1257,-41.7100,9.6769,-9.8373,3.9316,1.3806
1633254041733,20.4956,-32.9379,6.7624,-9.7200,3.5285,4.6010
1633254041742,25.2788,-30.4111,20.3632,-5.4134,6.0403,6.4862
1633254041752,26.1689,-23.7638,13.9337,-1.6749,5.5443,3.9865
1633254041763,24.9366,-20.0334,4.7740,-1.4905,5.1668,2.9578
1633254041773,26.8389,-19.1050,0.5674,-2.7513,5.4221,4.6304
1633254041782,31.8136,-15.8723,-4.0579,-3.3817,4.7722,5.4831
1633254041791,36.7739,-13.0057,-7.2428,-3.8215,4.4961,6.0488
1633254041801,38.5566,-13.0607,-9.7074,-4.5692,4.8651,7.4073
1633254041811,37.8292,-13.6900,-11.7341,-5.7934,5.3733,8.9455
1633254041820,37.8746,-14.0896,-10.2912,-6.8624,5.7154,10.1220
1633254041830,40.3297,-14.1925,-6.8862,-7.2204,5.3684,10.8734
1633254041839,43.9357,-14.4485,-3.4860,-6.9870,4.3556,11.2045
1633254041849,45.6561,-14.0202,-3.0816,-6.2882,2.8211,11.1092
1633254041859,45.9983,-13.2354,-4.7064,-5.1874,1.1901,10.8941
1633254041868,47.4890,-12.8047,-6.2928,-3.6370,-0.1599,10.6388
1633254041878,49.4798,-11.8452,-8.0874,-1.8839,-1.1544,10.2344
1633254041887,50.1546,-9.2681,-8.6856,-0.3201,-1.7164,9.8337
1633254041897,49.8340,-6.4517,-9.2001,0.8003,-1.8825,9.6101
1633254041907,48.9366,-4.0182,-10.4850,1.4124,-1.8043,9.5087
1633254041916,47.6661,-1.9461,-10.5137,1.4038,-1.3242,9.5649
1633254041926,46.1873,0.7937,-8.4081,0.7526,-0.7402,9.5723
1633254041935,44.6080,3.2153,-5.2495,-0.3457,-0.3541,9.5222
1633254041945,41.4040,4.1245,-4.3905,-1.3634,-0.3884,9.4879
1633254041955,37.1448,2.4352,-5.1538,-1.8949,-0.5191,9.5368
1633254041964,34.6228,2.1481,-6.4268,-2.4886,-0.7219,9.4293
1633254041973,34.1251,5.9718,-8.1999,-3.7262,-1.0566,9.0298
1633254041983,33.5532,11.0733,-8.1090,-5.2253,-1.4256,8.5533
1633254041993,30.5550,14.6673,-7.3792,-7.0884,-1.7713,8.3798
1633254042003,25.8914,15.5551,-5.3141,-9.4854,-2.1330,8.4653
1633254042011,21.9863,12.8895,-1.3277,-11.4903,-2.4800,8.4336
1633254042020,18.4186,10.5852,3.5800,-12.1378,-2.7096,7.4697
1633254042031,13.7669,7.0629,6.0374,-10.8086,-2.6595,5.4758
1633254042040,4.2148,6.7854,13.6514,-8.4995,-2.1660,3.1276
1633254042050,-17.2919,14.3969,29.9321,-5.9033,-2.2698,1.4135
1633254042061,-28.6698,16.1891,31.3056,-1.8594,-4.5312,1.4307
1633254042070,-21.4506,17.6583,25.3427,-0.1685,-6.5202,2.1466
1633254042079,1.7621,78.6299,78.2504,-1.8081,-3.1849,-0.1380
1633254042089,3.8607,23.7624,73.6107,-13.4951,1.9757,-2.3212
1633254042099,-34.5107,-9.5002,26.2424,-2.0097,2.5670,2.2932
1633254042108,-48.4488,-17.0974,24.5196,0.8992,2.8040,0.7392
1633254042118,-40.1290,13.3584,31.8727,4.9065,0.5120,-3.5271
1633254042128,-6.3280,13.4685,36.0889,7.1044,-1.1910,-4.4287
1633254042137,2.9370,14.6410,20.6217,7.6053,-1.3254,-4.2198
1633254042147,6.1362,13.8490,27.4197,6.8893,-0.7329,-3.8496
1633254042156,5.3801,8.2354,27.0464,5.5210,-0.5533,-3.6419
1633254042164,8.1055,5.1415,26.2472,6.7586,-0.4910,-3.2717
1633254042176,12.5346,11.7313,28.8338,6.5912,0.2762,-3.6590
1633254042185,15.8511,13.8777,29.9202,5.9608,1.6201,-4.2051
1633254042193,17.0116,10.3028,29.6570,5.3353,2.5450,-4.8062
1633254042204,17.8491,6.2254,26.3596,5.0677,3.0337,-5.0555
1633254042214,19.2728,4.3255,21.5716,5.4355,3.6103,-5.0884
1633254042224,21.5149,6.9935,16.9224,5.2730,4.1247,-5.3450
1633254042233,23.3909,9.8721,11.9860,4.6340,4.1186,-5.8581
1633254042242,24.9462,10.4248,6.6619,3.3695,3.5590,-5.9534
1633254042252,26.4633,8.0057,1.4528,1.8925,2.9078,-5.5808
1633254042262,27.3869,4.5911,-2.2083,1.0018,2.6977,-5.3389
1633254042272,28.5426,1.2149,-5.2089,0.8406,2.7869,-5.4403
1633254042281,29.7821,-2.0178,-7.5610,1.4417,2.8932,-5.8129
1633254042291,31.6006,-6.2914,-9.2551,2.8295,2.9604,-6.2894
1633254042301,33.4647,-10.1702,-8.7957,4.7525,3.0715,-6.9503
1633254042310,34.2423,-11.4575,-8.3363,6.6401,2.8028,-7.7518
1633254042320,33.5699,-10.9383,-10.2840,8.5692,1.7472,-8.4372
1633254042327,31.8112,-10.2157,-14.4763,10.1025,0.2249,-8.7463
1633254042337,29.8347,-8.7225,-18.1229,10.2515,-1.0725,-8.8795
1633254042346,27.4132,-5.9923,-19.7261,9.0261,-1.8996,-9.0090
1633254042356,25.0300,-3.9608,-19.9821,6.9419,-2.4421,-8.6583
1633254042367,24.0776,-3.5756,-19.1064,4.6145,-2.9039,-7.7970
1633254042378,25.4631,-4.0948,-16.5317,2.6842,-3.3669,-6.9467
1633254042387,28.9685,-4.6810,-13.7249,1.5052,-3.8898,-6.4531
1633254042397,32.3281,-5.8918,-11.8992,1.1203,-4.4127,-6.2405
1633254042406,33.9001,-8.9235,-11.2053,1.2181,-4.8330,-6.0573
1633254042415,34.0294,-12.1299,-10.6310,1.2865,-5.2020,-5.9656
1633254042425,33.4168,-13.8240,-10.4180,1.1973,-5.6283,-6.0744
1633254042435,33.3402,-13.6182,-11.9542,1.0849,-6.2368,-6.3016
1633254042445,36.1662,-12.1826,-11.0450,1.1069,-6.9099,-6.5264
1633254042454,39.8032,-10.0840,-10.1812,1.2083,-7.5672,-6.7378
1633254042464,42.5694,-8.3349,-4.0627,1.3244,-7.8788,-6.7879
1633254042473,41.4639,-8.1889,2.7353,1.1057,-7.7676,-6.4898
1633254042483,36.8601,-10.1678,-2.3040,0.9554,-8.0486,-6.2076
1633254042493,39.5927,-13.6685,-11.6934,0.9212,-8.6521,-5.8703
1633254042502,53.4112,-15.3746,-19.0035,0.5974,-9.0651,-5.8850
1633254042512,69.6633,-14.9104,-13.2200,-0.0598,-8.6484,-6.1489
1633254042521,75.7793,-20.4091,15.8815,-0.7733,-7.6674,-5.5747
1633254042531,71.1229,-25.6757,12.3904,-1.6627,-8.5531,-4.7354
1633254042541,71.8240,-24.3285,2.6707,-2.3151,-9.3399,-4.3334
1633254042550,75.3773,-22.9981,11.6749,-3.3389,-8.0168,-4.4617
1633254042560,74.1426,-40.4920,32.7198,-4.7146,-5.9374,-4.1917
1633254042570,78.5239,-65.4061,78.2504,-4.4837,-5.9900,-3.9852
1633254042579,78.5239,-78.1287,39.7786,-2.0378,-8.4469,-3.5027
1633254042589,17.9496,-70.5914,13.3020,4.0891,5.6201,1.7495
1633254042598,23.7881,-2.6998,10.4976,5.4856,7.9474,-4.8404
1633254042608,42.2200,41.0602,47.2968,-0.0952,12.1539,0.1234
1633254042618,21.5053,20.5608,13.5198,-9.0981,7.7703,2.7184
1633254042625,11.1372,-28.3126,-1.3014,-14.7181,7.3500,5.0347
1633254042635,6.8254,-75.7886,-6.4053,-15.9740,7.0861,6.6083
1633254042644,7.6557,-58.2827,11.2274,-13.2593,6.0330,6.5179
1633254042654,9.0555,-37.9987,13.7734,-3.5808,2.7112,5.9474
1633254042665,15.5281,-24.1802,4.2571,0.5950,0.2005,5.9633
1633254042675,26.0445,-17.6430,-2.2298,0.6671,-0.4152,6.9675
1633254042685,34.2399,-14.4677,-4.8954,0.4362,0.3618,7.2253
1633254042694,34.1538,-12.1467,-8.7574,-0.3433,1.5151,6.8588
1633254042704,31.9356,-13.4771,-10.1955,-1.8912,2.6806,7.4073
1633254042714,32.0553,-16.7648,-10.5951,-3.5918,3.3757,8.4617
1633254042723,34.5893,-18.0641,-9.5710,-5.1007,3.5040,9.0775
1633254042733,35.9987,-17.1883,-6.7905,-6.0365,3.1754,9.5112
1633254042743,35.5512,-17.0161,-5.6850,-5.6187,2.0294,9.8654
1633254042752,36.8864,-18.6767,-4.7064,-4.0390,0.4729,10.0829
1633254042761,41.1073,-18.4350,-5.2376,-2.1221,-1.1861,10.0145
1633254042771,46.9075,-16.1714,-9.3748,-0.2358,-2.6937,9.7689
1633254042781,52.4972,-12.8501,-13.9738,1.2877,-3.3853,9.6052
1633254042790,55.6772,-9.0216,-17.3285,2.3506,-3.1873,9.4757
1633254042800,55.9380,-5.8679,-18.5776,3.1081,-2.4616,9.4403
1633254042810,53.3490,-4.3652,-17.4505,3.4844,-1.5013,9.6260
1633254042819,49.4655,-2.8147,-16.0938,3.2914,-0.7158,9.8471
1633254042829,46.8310,-1.1301,-14.3016,2.7257,-0.2454,9.9669
1633254042839,44.9885,-1.3120,-10.3415,2.1771,0.0991,9.9839
1633254042848,43.5265,-2.5921,-6.4483,1.4184,0.1247,9.8484
1633254042858,41.3681,-3.6426,-4.9002,0.5461,-0.2136,9.5832
1633254042867,40.1741,-4.2216,-5.3979,-0.1417,-0.7476,9.3658
1633254042877,39.9875,-2.6854,-8.0539,-0.9676,-1.3230,9.2375
1633254042887,39.6525,2.1983,-12.3969,-2.5363,-1.7420,9.2570
1633254042896,38.1498,9.7453,-12.1337,-4.6657,-1.6968,9.3450
1633254042904,33.7255,15.2727,-9.5590,-6.8111,-1.4696,9.4904
1633254042915,28.2220,15.3038,-4.8739,-8.4470,-1.2472,9.6736
1633254042923,23.8431,9.8912,0.9383,-9.1666,-1.2802,9.4953
1633254042932,20.5267,3.6029,1.7471,-9.4866,-1.9009,8.8856
1633254042942,19.2752,3.0143,1.8811,-9.7041,-2.8892,7.5344
1633254042952,19.3781,7.5128,1.3092,-9.2741,-3.9277,5.8277
1633254042963,20.6272,10.3219,3.8432,-8.2600,-4.5410,4.5705
1633254042973,18.7608,7.5439,10.2464,-7.3596,-3.9167,3.9718
1633254042983,12.3265,4.5816,17.0324,-6.6828,-2.3358,3.1313
1633254042992,-4.3084,7.8837,34.2201,-4.8869,-0.6755,1.5443
1633254043002,-21.8981,8.1517,41.3507,-0.7562,-1.3938,0.7722
1633254043011,-4.6506,78.6299,78.2504,-5.5099,-1.8764,-0.4361
1633254043021,0.3552,7.7353,62.9986,-16.2721,2.2554,-2.6242
1633254043031,-27.8227,-36.3501,3.3072,-2.7745,5.5126,1.2792
1633254043040,-33.5368,-36.8932,7.6526,5.7971,2.1052,1.4698
1633254043050,-68.4313,11.7600,33.0596,8.3994,0.2005,-1.7079
1633254043059,-29.3852,19.1060,28.7692,5.1154,0.2640,-1.9718
1633254043069,-3.8514,13.1909,32.4518,4.8576,-3.2093,-2.3933
1633254043079,0.4126,7.7281,25.3666,5.1667,-1.3315,-3.7678
1633254043087,-12.0540,3.3564,26.5678,8.7879,0.8114,-3.0579
1633254043098,-10.0632,10.7120,27.4867,9.1520,1.1498,-2.0965
1633254043107,1.0491,16.8065,23.6270,9.2986,0.5927,-2.8893
1633254043117,7.7897,25.9136,19.3176,8.2943,1.8095,-4.5435
1633254043126,13.3386,25.6791,16.7142,7.5491,3.4637,-5.4684
1633254043136,18.5334,19.2017,16.0131,6.2638,4.1137,-5.6565
1633254043146,24.1805,13.5475,15.5824,4.3970,3.7594,-5.9009
1633254043155,28.5091,11.1666,14.0055,2.6414,3.1265,-6.7500
1633254043165,32.2778,8.6039,12.2923,1.1106,2.8907,-6.7219
1633254043174,33.6896,1.3058,8.6575,0.4008,3.2572,-6.0035
1633254043184,31.4068,-3.6474,3.1852,0.4276,3.6140,-6.1135
1633254043194,26.4920,-4.6069,-2.3566,0.6182,3.7618,-6.5619
1633254043203,21.5029,-4.7169,-5.2663,1.2596,3.8351,-6.4311
1633254043213,19.0838,-5.0280,-5.5128,2.3714,3.5627,-6.0219
1633254043221,19.5671,-4.5112,-4.2972,3.8155,2.7710,-5.7885
1633254043230,21.8643,-3.5516,-3.8952,5.6322,1.5139,-5.7641
1633254043240,25.5229,-3.0587,-5.1658,7.6639,-0.0512,-5.8508
1633254043249,31.1747,-3.1425,-7.9941,9.3865,-1.6858,-6.1355
1633254043261,39.1931,-2.9008,-13.5455,10.3346,-3.0444,-6.7549
1633254043271,48.2308,-4.2838,-23.3106,10.8587,-3.5038,-7.6345
1633254043280,45.5723,-1.9389,-23.6982,10.2369,-2.2637,-8.6889
1633254043290,33.4001,-1.3072,-21.4178,7.8191,-1.3572,-8.6705
1633254043300,25.1998,-2.4414,-23.0234,4.1905,-2.1599,-8.0792
1633254043309,23.6732,-2.2452,-23.6839,0.1100,-3.4476,-7.8373
1633254043319,28.3919,-2.3217,-19.3648,-3.3524,-4.1635,-7.6235
1633254043328,36.4150,-5.6836,-15.0912,-4.8551,-4.5947,-7.4366
1633254043338,41.7414,-10.4501,-12.8539,-4.4006,-4.8269,-7.8239
1633254043348,40.4924,-13.8312,-11.5498,-2.7782,-4.8134,-8.5190
1633254043357,36.1662,-16.1475,-12.8180,-0.6511,-4.8635,-8.7744
1633254043367,33.2158,-17.6813,-16.7686,1.5944,-5.3278,-8.7732
1633254043376,32.8377,-17.6334,-18.8240,3.5443,-6.0278,-8.7964
1633254043386,34.3859,-16.0924,-19.5179,4.8747,-6.9331,-8.6583
1633254043396,38.3604,-14.2428,-17.1825,5.6163,-7.7908,-8.2564
1633254043405,42.8828,-12.6420,-9.5064,5.4978,-8.2159,-7.5991
1633254043414,43.3063,-11.7590,3.7212,4.5754,-8.3393,-6.7866
1633254043424,38.9203,-13.5130,8.0402,2.8919,-8.7914,-5.7042
1633254043434,35.4579,-17.6861,4.4246,0.6634,-9.2446,-4.6022
1633254043443,36.7500,-19.4926,-1.2727,-1.6701,-9.3668,-4.1954
1633254043453,44.6511,-19.8324,-2.8471,-3.6077,-9.0418,-4.2345
1633254043463,54.2152,-22.6464,3.5010,-4.6059,-7.9533,-3.9596
1633254043473,53.4208,-31.2868,19.2889,-4.5057,-6.2478,-3.1117
1633254043482,50.6786,-40.8677,73.2949,-2.9565,-5.6357,-2.4434
1633254043491,78.5239,-78.1287,78.2504,5.3524,-9.8030,-4.0317
1633254043502,42.5646,-78.0570,-30.0320,6.5143,-3.4085,-0.6230
1633254043511,24.8936,-15.2047,28.4486,1.3769,6.5180,0.8235
1633254043519,52.3177,50.6697,60.8833,2.7770,5.4173,-2.9810
1633254043528,53.7223,40.7587,19.5042,-0.8185,1.9317,-2.2638
1633254043538,51.9229,-9.2848,-10.0567,-10.3089,5.0251,7.5417
1633254043547,40.0904,-49.8312,-1.6675,-14.0913,8.9090,8.4568
1633254043557,23.5751,-68.1913,-1.8326,-12.9649,8.3201,5.1569
1633254043569,22.7472,-54.4829,7.4563,-10.6229,6.7013,5.4367
1633254043578,28.9087,-36.7114,10.8350,-2.6120,3.6067,6.0757
1633254043588,40.2842,-23.5173,1.4480,1.4062,1.7240,4.9297
1633254043598,41.7989,-17.8512,-7.9558,1.1851,2.3715,4.7843
1633254043607,31.1173,-17.3319,-10.5616,-0.6829,4.0954,5.7824
1633254043617,20.9119,-16.7744,-8.8436,-3.3169,5.2413,6.5790
1633254043626,15.3630,-17.0065,-7.1949,-5.2289,5.1387,6.8075
1633254043636,12.7452,-18.9877,-7.3672,-6.3028,4.3776,7.0958
1633254043646,12.0034,-20.9834,-8.5923,-7.0237,3.4491,7.7177
1633254043655,14.2814,-21.2370,-8.9153,-7.3755,2.4143,8.4128
1633254043664,19.7753,-19.4711,-8.1329,-7.0640,1.0447,8.9308
1633254043674,27.9923,-17.5209,-7.8864,-6.0023,-0.3468,9.4122
1633254043684,36.7141,-15.2071,-8.9393,-4.9284,-1.1617,9.5967
1633254043693,40.8848,-11.8930,-10.0519,-3.9974,-1.3755,9.3279
1633254043703,41.6050,-9.1628,-9.5279,-3.0347,-1.6028,8.9113
1633254043713,40.5426,-7.0763,-10.2984,-1.9376,-2.2368,8.5631
1633254043722,39.3295,-5.9469,-12.1337,-0.5632,-2.9112,8.1978
1633254043732,38.6427,-5.9373,-13.0597,1.0238,-3.2509,7.9522
1633254043742,38.5327,-5.8655,-13.1506,2.1893,-3.2814,7.8240
1633254043751,38.8820,-5.1405,-12.2318,2.7562,-3.1177,7.7372
1633254043760,38.8772,-4.5088,-11.6312,2.7074,-2.8856,7.7714
1633254043770,39.0686,-3.8316,-10.3223,2.1551,-2.6925,7.7897
1633254043780,38.7528,-3.2573,-8.6138,1.3012,-2.5545,7.7800
1633254043789,38.1187,-3.2501,-6.5536,0.2810,-2.5288,7.8521
1633254043799,37.0036,-3.5086,-5.4290,-0.7599,-2.7072,7.9412
1633254043809,35.9843,-4.0063,-4.2685,-1.6334,-3.0004,7.9718
1633254043816,34.8166,-3.8771,-4.4910,-2.2638,-3.3657,7.9119
1633254043826,33.8164,-2.9056,-4.8356,-2.6144,-3.6980,7.8191
1633254043836,33.1727,-1.3526,-3.6511,-2.9688,-3.7786,7.8032
1633254043845,31.9213,1.8298,-2.4930,-3.6664,-3.8532,7.6431
1633254043857,29.3801,5.5650,-2.2442,-4.1880,-4.0425,7.3328
1633254043867,26.6379,7.1754,-0.7247,-4.3847,-4.0230,7.2192
1633254043876,23.1947,7.1921,-0.2438,-4.8490,-4.0193,7.0506
1633254043886,20.1989,7.0151,-0.1576,-5.7726,-4.1733,6.6254
1633254043895,17.9711,6.6322,0.0984,-6.7964,-4.3138,6.1196
1633254043905,15.4874,7.1156,1.8260,-7.6382,-4.1097,5.4477
1633254043914,11.9747,8.5010,6.7696,-8.2405,-3.4366,4.3921
1633254043923,4.1406,11.0542,15.6566,-8.4030,-2.3908,2.8075
1633254043934,-14.4947,17.5866,27.3048,-7.7445,-2.5056,0.9163
1633254043943,-25.3988,9.3122,30.8366,-4.3994,-4.6876,0.7795
1633254043953,-30.4381,17.6105,19.4779,-2.1978,-6.6509,1.5932
1633254043962,29.2318,78.6299,78.2504,-12.7389,0.8908,-2.1294
1633254043972,-14.1382,-35.9337,33.3467,-16.7144,2.9811,-2.5057
1633254043982,-25.0734,-65.9325,-27.4693,-1.8985,4.2908,-0.2467
1633254043991,-48.1091,-46.3808,13.5126,15.8079,2.0710,0.3445
1633254044001,-35.5683,9.6543,19.4013,16.6717,0.4815,-1.1337
1633254044011,-9.0151,32.2761,26.2639,15.5905,-6.3382,0.7049
1633254044020,5.6361,20.2833,0.9622,12.7732,-6.8134,-3.3304
1633254044030,14.8126,28.0887,13.0173,6.9614,-3.1983,-5.6126
1633254044040,8.0529,28.2633,31.2482,2.2003,1.1608,-3.1545
1633254044049,1.6975,11.7313,37.6609,1.5589,1.3343,-1.9840
1633254044059,5.3251,1.8298,31.2410,1.1949,0.9763,-2.9419
1633254044068,12.6304,1.1096,26.2448,1.7679,1.7741,-4.4593
1633254044078,17.1671,2.6003,28.5658,4.8417,4.0123,-5.6981
1633254044088,18.4377,9.3648,32.7987,5.0164,5.8229,-5.7543
1633254044097,19.3877,9.0538,27.2905,4.0158,5.7960,-4.8307
1633254044107,19.2656,5.1056,18.1475,1.9621,4.9432,-4.3469
1633254044114,19.3231,3.7178,10.1531,-0.0708,4.5743,-4.5167
1633254044124,19.3087,3.7752,6.4777,-1.3353,4.8320,-5.0701
1633254044134,19.4523,0.8631,3.3646,-1.3133,4.9115,-4.7158
1633254044143,19.7992,-2.4462,0.0865,-0.9456,4.5950,-3.9474
1633254044153,20.5769,-4.0637,-2.7036,-0.1319,4.1821,-3.5136
1633254044165,21.4479,-4.3150,-4.6585,1.3561,3.9219,-3.5698
1633254044174,22.4625,-4.2647,-4.6848,3.5003,3.8742,-3.8997
1633254044184,23.6302,-4.4083,-3.8258,5.8765,3.8412,-4.3065
1633254044193,24.8864,-4.2791,-3.6655,8.1123,3.5236,-4.8331
1633254044203,26.4369,-3.8483,-4.5891,9.8985,2.8064,-5.4415
1633254044212,27.7099,-3.9417,-7.1112,11.0933,1.7179,-5.9229
1633254044222,27.6190,-3.7933,-11.1790,11.4476,0.3838,-6.3102
1633254044232,25.1759,-3.2501,-14.8113,11.0298,-0.8648,-6.6633
1633254044241,21.0507,-3.1496,-19.2643,10.0182,-1.8630,-6.8416
1633254044251,18.0285,-3.8579,-24.9257,8.7329,-2.4592,-6.9565
1633254044261,16.9949,-3.0611,-23.7628,6.9932,-2.2759,-7.0420
1633254044270,18.1889,-2.0226,-18.3072,4.8552,-2.3175,-6.5753
1633254044280,20.6391,-3.2071,-16.9313,3.3720,-3.5160,-5.8239
1633254044289,23.6373,-6.6384,-18.2354,3.0849,-4.8367,-5.3010
1633254044299,25.3769,-11.1488,-17.6420,3.2999,-5.4402,-4.9333
1633254044309,24.4102,-14.0298,-16.3307,3.0641,-5.7725,-4.6682
1633254044318,22.8238,-13.7283,-15.5674,2.2895,-6.4273,-4.5680
1633254044328,23.3645,-11.7064,-14.5648,1.4575,-7.2911,-4.4055
1633254044338,27.0758,-10.0840,-14.3638,0.6219,-8.1720,-4.1636
1633254044347,33.9432,-9.3638,-16.6035,-0.2467,-8.8781,-4.1587
1633254044357,40.6048,-9.0791,-17.2711,-0.7086,-9.0956,-4.6156
1633254044366,44.1342,-9.7754,-14.5887,-0.7697,-8.7755,-5.0005
1633254044376,44.0122,-10.4430,-11.3632,-0.7880,-8.4847,-5.1068
1633254044386,46.3859,-11.8117,-10.0926,-0.5693,-8.6826,-5.3218
1633254044395,54.3325,-16.0996,-2.2106,-0.1722,-8.8488,-5.6138
1633254044405,58.5582,-20.8709,2.2328,-0.0146,-9.3338,-6.0121
1633254044412,61.2788,-25.8456,5.0324,0.0391,-10.1084,-6.1697
1633254044422,64.1933,-25.0392,5.3961,-0.1258,-10.7767,-6.2112
1633254044431,65.9592,-19.1457,5.7814,-0.3763,-10.5971,-5.9290
1633254044441,69.9863,-14.8697,2.1156,-0.6365,-9.9814,-5.4537
1633254044451,78.4497,-12.8310,6.6930,-1.9791,-8.6949,-4.7244
1633254044463,78.5239,-15.0946,19.5425,-4.7048,-6.5544,-3.7946
1633254044472,76.5403,-31.9090,30.5806,-6.9516,-4.6473,-2.5986
1633254044482,78.5239,-64.0589,78.2504,-7.5844,-4.1574,-2.1025
1633254044491,78.5239,-78.1287,66.5136,0.3678,-9.7908,-2.5656
1633254044501,26.7982,-73.8073,-12.2198,0.6940,0.6501,1.2230
1633254044511,15.6166,-19.5716,32.5618,0.5229,7.3195,-1.6627
1633254044520,41.4399,10.5373,59.1246,6.0378,5.7972,-2.1746
1633254044530,38.5398,5.5172,20.6839,3.9071,5.5358,1.1912
1633254044539,30.4162,-10.3233,6.5255,-4.1465,6.3348,4.5534
1633254044549,15.7889,-45.8472,14.0079,-8.6131,8.0818,6.2443
1633254044558,8.9909,-56.8853,15.6230,-8.4396,6.7489,6.3029
1633254044569,13.0012,-39.7838,12.0003,-7.5026,5.3391,6.8392
1633254044578,21.5771,-26.6591,4.9630,-4.4385,4.1772,6.7745
1633254044587,24.8768,-23.6370,0.9814,-3.9437,4.5059,7.8997
1633254044597,25.0276,-21.3112,-1.8852,-5.7482,4.6757,8.9980
1633254044606,25.9727,-21.3877,-4.4001,-6.8673,4.3776,9.5649
1633254044616,29.6361,-23.2470,-6.5656,-7.2619,3.8486,10.1183
1633254044626,34.8501,-24.2639,-7.9774,-7.3718,3.3293,10.5789
1633254044635,39.4371,-22.6894,-6.7379,-7.2766,2.9005,10.8001
1633254044645,42.9043,-19.2940,-3.6368,-6.7475,2.2102,10.7976
1633254044655,45.6226,-16.2695,-0.5835,-5.7384,1.1803,10.6693
1633254044664,47.3406,-12.2878,-1.0119,-4.6425,-0.1037,10.2515
1633254044673,48.7572,-9.0145,-6.6087,-3.3744,-1.5905,9.8960
1633254044684,49.7646,-7.0691,-14.4356,-1.6884,-2.5496,9.5661
1633254044693,49.7383,-5.4468,-17.3620,0.0147,-2.4079,9.1495
1633254044703,47.3813,-3.8699,-19.8960,1.4026,-1.9766,8.7732
1633254044710,45.9648,-2.5251,-20.4248,2.4972,-1.6443,8.5167
1633254044720,46.1801,-2.6041,-16.7901,3.0177,-1.0774,8.4177
1633254044729,46.8238,-2.9271,-12.4424,2.4789,-0.7390,8.3725
1633254044739,46.4960,-3.1018,-8.6832,1.1729,-0.7573,8.3921
1633254044751,44.6678,-2.9989,-7.1973,-0.3714,-1.1055,8.5032
1633254044760,42.5335,-2.3887,-7.5849,-1.8545,-1.7335,8.6071
1633254044769,41.0188,-1.9819,-8.6713,-3.0970,-2.3993,8.7598
1633254044777,39.4682,-1.2473,-9.1809,-4.1599,-2.9686,8.8587
1633254044787,37.2573,0.6573,-9.0876,-4.9663,-3.5868,8.7097
1633254044797,35.6541,1.8203,-9.4705,-5.2570,-4.3370,8.5912
1633254044808,35.6732,2.4352,-8.0156,-5.4256,-4.9271,8.4776
1633254044818,34.9362,4.2753,-5.4099,-5.7531,-5.3706,8.0451
1633254044827,33.5340,5.5698,-0.4759,-5.9461,-5.6381,7.5197
1633254044837,31.4786,5.6296,3.4699,-6.0096,-5.8373,6.9724
1633254044847,28.1789,5.6679,5.6426,-5.9449,-6.1463,6.1917
1633254044856,23.4674,6.7136,5.4488,-5.8105,-6.5092,5.4501
1633254044864,20.8617,9.8865,6.9897,-5.8031,-6.5691,4.6841
1633254044876,20.1103,13.7915,13.3068,-5.4586,-5.9264,3.7214
1633254044883,17.9735,16.3351,21.1911,-4.6779,-4.4482,2.7208
1633254044893,8.0577,18.5054,30.8318,-3.6578,-2.3773,1.4576
1633254044904,11.0463,52.9190,78.2504,-2.8979,0.6855,0.0342
1633254044914,-5.0383,2.5668,69.8348,-9.1495,5.9463,-0.4691
1633254044923,-40.7081,19.1299,6.9371,-3.6395,6.0306,5.7470
1633254044933,-30.2562,-17.1692,-13.8876,4.1869,2.2017,4.7818
1633254044943,-71.5372,43.5152,34.4617,11.5233,1.0753,-2.8063
1633254044952,-28.1410,28.5720,34.8350,-0.1087,-1.1397,-4.0866
1633254044962,-9.7856,13.4805,25.0125,0.3140,-5.1775,-3.2058
1633254044971,-8.2422,9.5993,14.6157,2.8442,-3.7334,-4.1025
1633254044981,-15.9160,9.3553,18.6763,6.4947,-0.5423,-3.3267
1633254044991,-19.6153,13.9590,23.2897,9.6394,-0.0866,-2.9541
1633254045001,-11.8195,16.7084,25.3786,10.5484,-1.5991,-3.4257
1633254045008,1.0419,18.9720,23.3567,9.3768,-1.3963,-4.3750
1633254045017,6.6842,18.2805,24.6153,7.9461,0.4339,-5.6272
1633254045027,8.0385,16.3160,25.8045,7.7543,2.0196,-6.3945
1633254045037,11.0535,13.4230,21.4615,7.4428,2.3507,-6.2308
1633254045049,16.1334,11.4035,17.5086,6.5692,2.0209,-6.1122
1633254045058,21.1775,10.1544,15.6877,5.0116,1.7826,-6.5875
1633254045068,26.4226,13.0043,14.5343,2.7831,1.5554,-7.4342
1633254045077,28.1263,12.5927,9.0811,0.7270,0.7087,-7.2045
1633254045087,27.1907,7.0031,2.3118,-0.9932,-0.2149,-5.7970
1633254045097,24.9797,0.4994,-2.7634,-1.8716,0.0624,-4.7806
1633254045106,23.2306,-3.9273,-3.3209,-2.0182,1.2585,-4.6682
1633254045116,22.1777,-5.0950,-1.8111,-1.7641,2.4082,-5.0481
1633254045125,21.6585,-4.2719,0.2109,-1.0458,3.0948,-5.4672
1633254045135,21.2086,-2.4246,1.7303,0.0489,3.3538,-5.6529
1633254045145,21.1225,-0.9459,3.2905,1.3500,3.2047,-5.7042
1633254045154,21.7039,-1.3048,3.5465,2.6438,2.5988,-5.6981
1633254045164,23.2258,-2.5036,2.1108,3.5443,1.7081,-5.7555
1633254045173,25.7263,-3.4607,0.0817,4.0965,0.8456,-6.0634
1633254045183,28.8776,-4.5806,-2.1532,4.6878,0.1516,-6.5985
1633254045192,32.0553,-6.6001,-4.2398,5.4049,-0.3517,-7.0896
1633254045202,32.8952,-8.5502,-8.4057,5.9743,-0.7463,-7.3987
1633254045212,30.9785,-8.4258,-13.8948,6.3273,-1.0469,-7.7530
1633254045221,27.9014,-7.6577,-19.9032,6.5302,-0.9919,-8.0841
1633254045231,24.1446,-5.0352,-21.5112,6.0256,-0.4702,-8.3114
1633254045241,21.2469,-2.8027,-21.5447,4.6829,-0.4262,-8.0560
1633254045250,20.3089,-2.2188,-20.4416,3.2425,-1.1055,-7.4769
1633254045260,21.5604,-4.2288,-16.8691,2.3983,-1.9705,-6.8294
1633254045269,23.9101,-9.8615,-10.6382,2.1307,-2.7622,-5.9840
1633254045279,24.9175,-17.3893,-12.3347,2.0440,-4.1562,-5.6162
1633254045289,23.5990,-19.2773,-18.4316,2.1576,-5.5624,-6.4128
1633254045298,21.6202,-17.5497,-20.1449,2.1503,-5.9301,-6.4214
1633254045306,20.4501,-14.2834,-18.1971,2.1503,-6.1170,-5.8777
1633254045315,21.4407,-11.4216,-19.4868,2.2663,-7.0639,-5.6199
1633254045325,26.4680,-10.0769,-21.5207,2.2504,-8.1268,-5.4269
1633254045335,33.5436,-12.1060,-19.5921,2.4972,-8.5531,-5.1593
1633254045345,39.1309,-15.7981,-8.9345,2.8515,-8.6643,-5.1153
1633254045356,42.2367,-20.0956,3.4986,2.5730,-9.2446,-4.9431
1633254045365,44.3233,-23.2589,1.4863,1.9340,-10.5910,-4.6034
1633254045375,49.4631,-20.9211,-7.7955,1.4881,-11.5183,-4.3554
1633254045385,53.0379,-14.0107,-16.0842,1.1729,-11.1738,-4.0756
1633254045394,57.0890,-12.0916,-14.3183,1.0409,-9.8775,-3.2913
1633254045404,62.4561,-14.5155,2.9291,-0.1563,-8.3723,-2.2247
1633254045413,63.1644,-21.0264,22.9594,-1.5650,-7.5232,-1.6762
1633254045422,66.9546,-27.6545,33.1864,-1.6029,-7.8421,-1.7446
1633254045433,78.5239,-61.8001,78.2504,-0.3201,-8.4969,-2.8185
1633254045442,78.5239,-78.1287,31.6478,7.9156,-10.1622,-5.7983
1633254045452,20.3185,-37.5632,-28.0986,1.4698,3.4527,5.3561
1633254045461,18.8038,8.0679,64.4677,-3.0469,12.6646,2.5327
1633254045471,40.4876,13.7293,75.9413,3.2803,6.7502,-1.8826
1633254045481,37.7765,2.3945,45.3898,-4.7696,2.8260,1.4465
1633254045490,39.5496,-39.6713,8.3632,-4.0304,1.4381,5.7262
1633254045500,44.0457,-56.8709,-4.7279,-0.5803,3.1754,1.9963
1633254045509,37.8028,-22.8234,5.7527,-3.9754,6.5156,0.1246
1633254045519,34.3189,-9.3901,12.0290,-2.5692,7.3855,3.5723
1633254045529,28.6766,-10.2946,9.5285,-1.1887,6.5791,4.8100
1633254045538,23.4483,-13.8767,4.9223,-2.5130,6.1259,3.6530
1633254045548,19.9213,-18.6815,0.9814,-4.7610,6.0037,4.2150
1633254045557,17.4519,-20.5694,-1.2990,-6.4898,5.9512,5.6004
1633254045567,15.8343,-19.0188,-1.5933,-7.3389,6.0892,6.2113
1633254045577,14.6236,-16.6428,-1.4378,-7.2289,6.2688,6.2345
1633254045586,14.1857,-14.4318,-1.2751,-6.8013,6.1369,6.3774
1633254045596,15.5352,-13.3431,-1.9666,-6.6144,5.3782,6.9858
1633254045605,19.8136,-12.5989,-2.6438,-6.7329,4.1442,7.6309
1633254045614,25.8244,-11.6442,-4.6178,-6.9552,2.9091,8.0182
1633254045624,30.6842,-11.0627,-6.1612,-6.8453,2.1614,8.2100
1633254045632,31.5600,-10.9287,-8.1975,-6.2381,1.7936,8.2418
1633254045642,30.5765,-10.3473,-8.6689,-5.3755,1.5090,8.0414
1633254045654,29.2461,-7.9951,-9.5853,-4.4922,1.0789,7.6871
1633254045663,29.2318,-4.8916,-12.5835,-3.6187,0.3935,7.3670
1633254045673,31.4762,-2.7213,-15.5985,-2.4642,-0.2601,7.1752
1633254045682,34.2256,-4.4465,-15.6009,-1.3964,-0.3432,7.0995
1633254045692,33.8858,-7.3251,-11.0856,-1.2815,0.0026,7.0579
1633254045702,32.1582,-8.8948,-6.0344,-1.9840,-0.0951,6.9492
1633254045711,31.7538,-9.3303,-3.4501,-2.5338,-0.8282,6.9309
1633254045721,32.2946,-8.1100,-2.7802,-2.7940,-1.8447,7.0763
1633254045731,33.4025,-5.3319,-4.9863,-2.8576,-3.0444,7.1984
1633254045740,34.3955,-2.7596,-7.7835,-2.7977,-3.9631,7.3169
1633254045750,35.5440,-1.4866,-9.6356,-2.7782,-4.4628,7.4586
1633254045759,36.2355,-1.4125,-9.0780,-2.9321,-4.5899,7.5503
1633254045769,35.8072,-2.7237,-7.8027,-3.0592,-4.7548,7.6272
1633254045778,35.1061,-4.5662,-6.5919,-2.9064,-5.1030,7.6468
1633254045788,34.9123,-5.9875,-4.1560,-2.4862,-5.4304,7.6309
1633254045798,33.9480,-5.4085,-0.9736,-2.2846,-5.6369,7.5686
1633254045807,32.5147,-1.9461,0.0099,-2.6132,-6.0840,7.3499
1633254045817,30.5119,2.8468,-0.4208,-3.2620,-6.5910,7.1239
1633254045827,28.1526,4.7514,0.0362,-3.9620,-6.7853,7.1276
1633254045836,25.6593,4.3208,1.0364,-5.1055,-6.7352,7.0531
1633254045844,23.5751,5.5291,3.8456,-6.5350,-6.6937,6.4422
1633254045855,20.8186,6.7638,6.2647,-6.7598,-6.2539,5.4147
1633254045865,17.5548,4.4308,12.5961,-5.3670,-5.1409,4.3824
1633254045873,10.6156,2.8372,27.5872,-3.5808,-3.6125,3.1777
1633254045884,-7.3689,8.5895,32.8107,-1.6358,-3.0065,1.9951
1633254045894,-16.8899,21.5802,22.9642,-0.4386,-4.1525,1.9597
1633254045904,20.5841,78.6299,78.2504,-5.6309,-0.2332,1.3305
1633254045913,-19.2492,21.1830,33.6314,-23.3178,5.3366,1.0727
1633254045921,-17.6963,3.8422,-60.1816,-11.1836,6.3519,3.2950
1633254045930,-65.9523,-59.0986,48.3521,4.5546,1.6177,2.3555
1633254045940,-46.3408,-6.7508,50.7952,8.4263,-2.6412,-3.5088
1633254045949,-8.4385,21.9582,32.0498,5.2119,-2.4115,-0.3115
1633254045961,-0.9465,15.4904,20.8490,7.8924,-1.3462,1.0299
1633254045971,-2.0257,17.7828,13.0149,5.1215,-0.2784,-4.0109
1633254045981,-4.8516,23.4203,15.4436,4.1344,-0.4042,-4.4263
1633254045990,-4.2821,11.8103,13.8284,4.1612,-0.4788,-1.8704
1633254046000,-2.9972,5.2563,15.5824,5.9095,0.0099,-1.5112
1633254046009,0.1087,9.5515,21.2366,6.5888,0.6904,-2.9651
1633254046019,4.0329,7.7186,24.1774,7.4733,1.0765,-3.6346
1633254046027,8.0983,7.6037,25.2590,8.0243,1.5065,-3.9645
1633254046087,12.2786,7.4290,24.1846,7.8227,1.9867,-4.4275
1633254046088,16.6646,5.4262,19.4755,6.9785,2.1907,-4.4434
1633254046088,19.4642,2.9712,12.4406,5.7324,2.0893,-4.2491
1633254046089,19.8375,1.6240,5.7670,4.5766,1.6653,-4.5411
1633254046090,19.6844,4.8567,-1.7776,3.4783,1.0178,-5.2680
1633254046091,18.8828,6.7973,-6.3431,2.6658,0.8089,-5.2668
1633254046096,18.3707,5.3616,-8.5971,2.1405,1.0985,-4.4348
1633254046105,17.9975,2.5788,-9.3054,1.9352,1.5884,-3.8191
1633254046115,18.0453,0.4228,-8.6641,1.9707,1.9011,-3.8069
1633254046123,18.5813,-0.8190,-6.7092,2.3042,1.9390,-4.0903
1633254046134,19.7610,-2.0466,-1.6077,2.7978,1.8853,-4.3322
1633254046144,19.6700,-4.2216,0.6272,3.6102,1.6446,-4.3908
1633254046153,19.6078,-5.0567,0.5507,4.4948,0.9238,-4.5888
1633254046163,19.7083,-5.1333,-2.1867,5.3182,-0.1086,-4.9675
1633254046172,20.1486,-5.3726,-5.3309,5.9938,-0.9980,-5.3633
1633254046182,20.8593,-5.9540,-7.9486,6.1600,-1.6186,-5.7983
1633254046192,21.5149,-6.7628,-10.0854,5.7543,-2.1061,-6.2589
1633254046202,22.2471,-7.7247,-10.9588,4.9089,-2.5801,-6.7243
1633254046211,22.8573,-8.9403,-10.6142,3.8448,-3.0187,-7.1544
1633254046219,23.0798,-9.3542,-9.5925,2.6390,-3.3620,-7.5038
1633254046228,22.8070,-9.1413,-8.4966,1.5944,-3.5795,-7.7005
1633254046238,22.5749,-9.2322,-7.7477,1.0483,-3.7799,-7.7518
1633254046247,22.9578,-9.7155,-7.4438,0.7160,-4.0279,-7.6748
1633254046257,23.5799,-10.2946,-8.6091,0.4509,-4.2124,-7.4500
1633254046269,24.0489,-11.6705,-10.2146,0.4765,-4.2099,-7.2118
1633254046278,24.2355,-13.0822,-10.5090,0.5706,-4.1415,-7.1275
1633254046286,24.9127,-15.0276,-9.2647,0.8076,-4.5483,-7.1629
1633254046298,27.1356,-16.7552,-7.9750,1.3488,-5.8263,-7.4390
1633254046307,30.8613,-17.0352,-7.3911,1.8888,-7.6063,-7.8447
1633254046317,36.0250,-16.5136,-7.4150,1.9902,-8.9404,-8.0585
1633254046326,42.6698,-14.4988,-6.6374,1.4881,-9.4242,-8.2210
1633254046335,48.3528,-12.1993,-4.9074,0.5303,-9.2397,-8.3370
1633254046346,50.4465,-10.4765,-4.8595,-0.5448,-8.9062,-8.2723
1633254046355,50.8485,-10.3712,-6.8551,-1.2571,-8.8109,-8.0682
1633254046365,54.3014,-13.4005,-4.1441,-1.5540,-8.8781,-7.8337
1633254046374,60.7285,-20.3014,1.8236,-1.2229,-9.0199,-7.9925
1633254046383,63.7506,-29.7554,5.9034,-0.1612,-8.9685,-7.9913
1633254046393,59.4507,-33.7754,5.1784,1.6762,-8.4579,-7.8520
1633254046403,52.8369,-26.3457,4.4797,3.5210,-7.3595,-7.4952
1633254046413,48.2786,-14.6926,8.5116,4.1307,-6.1977,-6.8221
1633254046422,44.6894,-7.2773,17.7981,3.2474,-5.5086,-5.7030
1633254046432,41.5141,-7.4926,26.9172,1.2938,-5.5074,-4.3407
1633254046442,49.5061,5.2540,75.3934,-2.1343,-5.6063,-2.9908
1633254046452,76.4924,37.8155,71.1054,-16.7278,-5.1702,-0.0684
1633254046461,31.1963,-4.0757,21.4711,-18.4688,2.5768,3.0690
1633254046470,14.3101,-78.1287,31.6263,-15.7419,12.7940,8.3982
1633254046480,-2.2554,-78.1287,29.0205,-15.9300,13.1019,-2.5094
1633254046490,-23.9727,-40.2193,13.5652,5.2363,7.4600,-5.2460
1633254046499,-12.5637,-25.0320,3.5656,16.4249,4.5572,2.5290
1633254046509,-2.0113,-13.1684,-5.8597,13.3168,1.6556,3.9437
1633254046519,4.9303,-4.1953,-8.2669,12.2197,-1.1031,1.5797
1633254046528,9.9887,2.5620,-5.4577,11.7823,-2.7390,-0.5766
1633254046536,14.8772,6.5126,-3.9981,10.5667,-2.8220,-0.9163
1633254046545,19.6940,5.3210,-2.2872,7.8374,-0.8514,-0.2064
1633254046555,19.3302,6.4575,-3.9096,3.0824,2.0099,-0.2443
1633254046564,16.1765,5.0386,-0.0260,-0.6780,4.3287,-0.4593
1633254046575,12.0824,0.3176,0.9263,-2.9101,5.0263,0.1259
1633254046586,9.7829,-5.0161,0.9598,-4.2992,4.7160,0.9615
1633254046596,9.6441,-7.7606,-0.1002,-5.2607,3.9585,1.3244
1633254046605,10.7975,-7.9855,-1.0238,-5.5014,3.1351,1.4551
1633254046615,12.3528,-8.7177,-1.7034,-4.6095,2.3373,1.9157
1633254046624,14.1163,-9.9572,-2.7586,-3.2412,1.6348,2.6805
1633254046634,15.8607,-10.6488,-3.5889,-1.7910,1.1058,3.1997
1633254046644,16.8202,-9.3399,-4.5987,-0.4056,1.0594,3.2107
1633254046653,16.4828,-6.4613,-5.1275,0.8760,1.4454,2.9089
1633254046663,15.2744,-3.8268,-4.7566,1.8974,1.9244,2.7000
1633254046672,14.1474,-2.1207,-3.1654,2.4618,2.2200,2.7416
1633254046682,13.5492,-1.2904,-1.5598,2.5510,2.1809,2.9102
1633254046691,13.5851,-0.8932,-0.4017,2.2773,1.8730,3.0727
1633254046702,13.8579,-0.6707,0.0099,1.8363,1.4222,3.2205
1633254046711,14.0732,-0.9794,-0.6266,1.5247,0.9433,3.3683
1633254046721,14.2479,-1.5895,-1.6029,1.3586,0.5389,3.4465
1633254046730,14.2623,-2.1327,-2.5409,1.2657,0.2604,3.4257
1633254046740,13.9081,-2.4629,-3.1223,1.2498,0.1333,3.3317
1633254046749,13.1185,-2.4916,-3.4453,1.2401,0.1077,3.1826
1633254046758,11.9460,-2.3145,-3.3807,1.1729,0.1235,3.0189
1633254046769,10.6969,-2.2906,-3.0505,1.0568,0.1357,2.8796
1633254046778,9.5580,-2.7285,-2.3542,0.9261,0.0991,2.7868
1633254046788,8.6224,-3.1999,-1.9068,0.8174,-0.0108,2.7159
1633254046797,7.9452,-3.4679,-1.5455,0.7709,-0.1929,2.6438
1633254046807,7.5408,-3.5181,-1.1482,0.8748,-0.3774,2.5669
1633254046817,7.2968,-3.5995,-0.9879,1.0703,-0.5032,2.5253
1633254046826,6.9977,-3.7646,-0.7917,1.2193,-0.5789,2.5217
1633254046834,6.7177,-3.6138,-0.4256,1.2743,-0.6400,2.5180
1633254046843,6.4114,-3.2478,0.0482,1.3329,-0.7158,2.5033
1633254046853,6.0070,-2.8960,0.1606,1.4820,-0.7915,2.5070
1633254046862,5.6002,-2.7213,0.1295,1.6445,-0.8685,2.5461
1633254046873,5.2700,-2.6830,0.1343,1.7080,-0.9675,2.6121
1633254046884,5.0188,-2.7979,0.0960,1.6775,-1.0774,2.6902
1633254046894,4.8896,-3.0874,0.1104,1.6261,-1.1886,2.7465
1633254046903,4.9637,-3.5110,0.2013,1.5577,-1.3120,2.7807
1633254046913,5.2317,-3.7024,0.3927,1.4172,-1.4769,2.7868
1633254046922,5.5787,-3.5445,0.5889,1.2792,-1.6871,2.7611
1633254046930,5.8778,-3.3722,0.7828,1.2560,-1.8727,2.7147
1633254046942,6.1099,-3.4631,1.0675,1.2963,-1.9705,2.6670
1633254046951,6.2415,-3.5397,1.2494,1.2999,-1.9766,2.6011
1633254046961,6.3229,-3.5708,1.5054,1.2828,-1.9387,2.4862
1633254046970,6.3181,-3.8388,1.8739,1.3317,-1.9070,2.3311
1633254046980,6.3564,-4.5303,2.4458,1.4417,-1.9033,2.1894
1633254046990,6.5167,-5.4731,3.0966,1.6103,-1.9363,2.0672
1633254046999,6.7823,-6.2268,3.6924,1.8729,-2.0255,1.9157
1633254047009,7.1747,-6.7437,4.5228,2.2651,-2.1635,1.7495
1633254047018,7.6892,-7.2198,5.7909,2.7953,-2.2662,1.6310
1633254047028,7.9524,-7.0906,6.2169,3.4074,-2.2991,1.5663
1633254047038,8.0553,-6.2771,5.9537,4.0048,-2.2539,1.5162
1633254047047,7.9404,-5.0878,5.5349,4.5192,-2.1000,1.5174
1633254047057,7.7753,-4.1522,5.0755,4.8833,-1.8862,1.5699
1633254047066,7.5863,-3.5157,4.7429,5.0286,-1.6797,1.6432
1633254047076,7.5671,-3.3339,4.7214,4.9223,-1.5343,1.7007
1633254047086,7.8638,-3.3817,5.0324,4.5937,-1.4476,1.7019
1633254047095,8.2730,-3.6808,5.0707,4.2614,-1.3523,1.6616
1633254047103,8.7229,-3.7287,5.4368,4.1246,-1.2851,1.6115
1633254047114,9.2828,-4.5279,6.2312,4.2663,-1.2863,1.5797
1633254047124,9.7996,-4.1163,7.5616,4.3555,-1.3804,1.6115
1633254047132,9.9887,-1.2426,8.2053,4.6878,-1.4354,1.5479
1633254047141,10.1729,0.1285,9.8635,5.4098,-1.4219,1.4380
1633254047151,10.1514,1.3489,11.8926,5.5418,-1.2766,1.5883
1633254047160,9.8618,2.4472,12.9622,5.2119,-1.0982,1.8265
1633254047172,9.2230,2.7295,12.7517,4.7733,-0.9736,1.9511
1633254047182,8.6152,2.1840,13.0268,4.1905,-0.8294,2.0892
1633254047191,8.0385,1.2867,12.8905,3.4624,-0.6523,2.2847
1633254047201,7.5815,0.6286,12.5842,2.7526,-0.4177,2.3787
1633254047211,7.1340,0.1453,12.1343,2.2382,-0.2002,2.4056
1633254047220,6.9905,-0.8597,12.7134,1.9072,0.0062,2.4960
1633254047230,7.0287,-2.0896,12.9192,1.7337,0.2066,2.6341
1633254047239,7.1867,-2.6806,12.7828,1.7398,0.3605,2.7061
1633254047249,7.1819,-2.6878,12.4454,1.9878,0.4949,2.7782
1633254047259,6.9163,-2.2882,12.2205,2.3164,0.6721,2.8442
1633254047268,6.5550,-1.7738,12.2396,2.5388,0.8737,2.8320
1633254047278,6.3827,-1.6063,12.8952,2.5485,1.0569,2.7623
1633254047287,6.4138,-1.9604,13.6131,2.4337,1.1926,2.6536
1633254047297,6.4377,-2.2475,13.5556,2.2749,1.2475,2.5131
1633254047307,6.3779,-2.2164,13.3164,2.1478,1.2414,2.3995
1633254047314,6.2702,-2.4653,13.1824,2.0733,1.2549,2.3115
1633254047326,6.0932,-2.6519,12.3281,1.9279,1.3000,2.2016
1633254047335,5.9639,-2.9367,11.5744,1.7385,1.3660,2.0623
1633254047345,5.6720,-3.3243,10.4234,1.5907,1.4467,1.9438
1633254047354,5.3729,-3.6545,9.5094,1.5101,1.5725,1.8509
1633254047364,4.9613,-3.5421,8.7078,1.4771,1.6727,1.7776
1633254047374,4.5043,-3.4248,8.3130,1.4600,1.7216,1.7153
1633254047383,4.2100,-3.3674,8.2292,1.4160,1.7362,1.6555
1633254047393,4.0114,-3.3554,7.9541,1.3256,1.7374,1.5980
1633254047402,3.8798,-3.2238,7.7483,1.2437,1.7240,1.5589
1633254047412,3.7458,-3.2023,7.5640,1.2315,1.7179,1.5553
1633254047422,3.5137,-3.2597,7.3798,1.2279,1.7276,1.5883
1633254047429,3.2744,-3.0779,7.0807,1.1472,1.7106,1.6115
1633254047439,3.0710,-3.1449,7.0424,1.0935,1.6922,1.6261
1633254047448,2.7815,-3.2023,7.0017,1.0690,1.6947,1.6604
1633254047458,2.4058,-3.0156,7.0974,1.0568,1.6873,1.6750
1633254047468,2.0110,-2.9271,7.1190,1.0971,1.6373,1.6604
1633254047480,1.7430,-2.9367,7.3247,1.1521,1.5468,1.6457
1633254047489,1.6449,-3.2549,7.6813,1.2560,1.4308,1.6396
1633254047499,1.6305,-3.2693,7.7531,1.3513,1.2817,1.6139
1633254047508,1.5923,-2.8745,7.5903,1.4209,1.1119,1.5492
1633254047518,1.5731,-2.4677,7.5664,1.5137,0.9775,1.4881
1633254047527,1.5300,-2.1255,7.6119,1.5748,0.8896,1.4465
1633254047537,1.5181,-1.7762,7.6478,1.5736,0.8114,1.4001
1633254047547,1.5181,-1.6158,7.9876,1.5260,0.7368,1.3512
1633254047556,1.5396,-1.6374,8.2867,1.4209,0.6586,1.3024
1633254047566,1.6234,-1.7116,8.5307,1.2865,0.5780,1.2498
1633254047576,1.8244,-1.8145,8.7150,1.1704,0.5059,1.1826
1633254047585,1.9871,-2.0609,8.6887,1.1203,0.4449,1.1081
1633254047595,2.1522,-2.3098,8.7604,1.1252,0.3984,1.0409
1633254047604,2.2934,-2.3265,8.8203,1.1582,0.3557,0.9762
1633254047614,2.3891,-2.0130,8.8274,1.1961,0.3227,0.9004
1633254047624,2.4417,-1.5034,8.7820,1.2205,0.3068,0.8455
1633254047633,2.3891,-0.8310,8.6264,1.2352,0.2872,0.8271
1633254047642,2.2072,-0.1227,8.5259,1.2218,0.2628,0.8174
1633254047652,1.9033,0.3606,8.3082,1.1142,0.2371,0.7954
1633254047662,1.6353,0.4898,8.2579,0.8968,0.2274,0.7648
1633254047672,1.4702,0.1094,8.5475,0.6451,0.2200,0.7135
1633254047681,1.5205,-0.4003,8.9758,0.3959,0.1907,0.6048
1633254047691,1.6473,-0.6994,9.0619,0.2040,0.1199,0.4594
1633254047701,1.8818,-1.0559,9.3682,0.1527,0.0490,0.3348
1633254047710,2.1091,-1.3239,9.4424,0.1931,0.0038,0.2798
1633254047720,2.2551,-1.3120,9.4855,0.2676,-0.0145,0.2602
1633254047727,2.2886,-0.9937,9.4615,0.4056,-0.0243,0.2456
1633254047737,2.1881,-0.3811,9.4591,0.5791,-0.0365,0.2431
1633254047746,2.1067,0.2171,9.4926,0.7380,-0.0780,0.2749
1633254047756,2.1259,0.7626,9.3228,0.8223,-0.1611,0.3189
1633254047766,2.2527,1.2149,9.0093,0.8467,-0.2637,0.3580
1633254047777,2.4321,1.5283,8.9088,0.8210,-0.3297,0.3934
1633254047787,2.5709,1.6240,8.8777,0.7404,-0.3346,0.4227
1633254047796,2.5709,1.5690,9.0069,0.5962,-0.2833,0.4374
1633254047806,2.4417,1.4111,9.1170,0.4008,-0.2014,0.4460
1633254047816,2.2623,1.0617,9.3874,0.2468,-0.1122,0.4447
1633254047825,2.0708,0.7483,9.4735,0.1686,-0.0573,0.4350
1633254047835,1.8674,0.6789,9.2988,0.1723,-0.0646,0.4276
1633254047845,1.8220,1.1550,8.8035,0.2688,-0.1025,0.4374
1633254047854,2.5278,1.8466,8.4877,0.5632,-0.1159,0.5400
1633254047864,2.3986,1.6145,8.5283,0.6353,0.0197,0.8235
1633254047873,1.9033,1.5546,8.5188,0.3042,0.1920,0.8650
1633254047883,1.5300,2.2701,8.3273,-0.0134,0.2078,0.5412
1633254047892,1.0156,2.2270,8.7939,-0.3433,0.2494,0.3861
1633254047902,1.1568,0.9469,8.8586,-0.4495,0.1932,0.4521
1633254047912,1.0898,-0.1203,9.0547,-0.3579,0.0014,0.3189
1633254047922,1.1927,0.0041,9.2199,-0.1759,-0.2088,0.1283
1633254047930,1.6210,0.8320,9.3156,0.0782,-0.3444,0.0501
1633254047941,1.9871,1.3991,9.3969,0.2590,-0.4042,0.0623
1633254047950,2.2814,1.7269,9.2486,0.3006,-0.3957,0.0648
1633254047960,2.1546,2.1385,9.2510,0.2016,-0.2784,0.0929
1633254047969,1.9225,1.9662,9.5955,-0.0256,-0.1245,0.1271
1633254047979,1.7550,1.5427,9.7008,-0.2199,-0.0341,0.0929
1633254047989,1.5061,1.3154,9.4998,-0.3188,-0.0218,0.0550
1633254047998,1.2979,0.9493,9.3156,-0.3127,-0.0512,0.0477
1633254048008,1.2381,0.7267,9.2605,-0.2016,-0.0890,0.0538
1633254048017,1.3051,0.9253,9.3467,-0.0867,-0.1159,0.0587
1633254048025,1.5396,1.1120,9.3395,-0.0085,-0.1074,0.0855
1633254048035,1.6951,1.0378,9.5453,0.0354,-0.0377,0.1246
1633254048044,1.6401,0.9588,9.9425,-0.0049,0.0710,0.1405
1633254048054,1.5037,1.1933,10.2057,-0.1295,0.1479,0.1369
1633254048065,1.4152,1.0713,10.1913,-0.2174,0.1700,0.1430
1633254048075,1.3362,0.7985,10.2607,-0.2076,0.1785,0.1430
1633254048085,1.3003,0.6190,10.3684,-0.1356,0.1932,0.1478
1633254048094,1.1927,0.7746,10.3708,-0.0110,0.1846,0.1601
1633254048104,1.1831,1.0258,10.3086,0.1356,0.1357,0.1674
1633254048114,1.1352,0.9014,10.1842,0.2224,0.0991,0.2028
1633254048123,1.0276,0.7148,10.0334,0.2407,0.0930,0.2114
1633254048133,0.8983,0.8679,10.0095,0.2822,0.0759,0.1857
1633254048142,0.9103,1.0019,10.0526,0.3042,0.0502,0.1784
1633254048152,0.9270,1.3010,9.9018,0.2993,0.0294,0.1808
1633254048162,0.8768,1.3704,9.8324,0.2480,0.0392,0.1943
1633254048171,0.8624,1.0856,9.8516,0.2016,0.0722,0.2016
1633254048180,0.8289,1.0617,9.8922,0.1759,0.0844,0.1698
1633254048190,0.8170,1.1216,9.8420,0.1882,0.0588,0.1344
1633254048200,0.7189,0.9995,9.7511,0.2529,0.0062,0.1136
1633254048210,0.8529,1.3297,9.6506,0.3555,-0.0805,0.0721
1633254048219,1.2285,1.4637,6.6978,0.3836,-0.1501,0.0929
1633254048229,3.4898,-0.0509,9.7391,0.4044,0.5658,0.1393
1633254048239,0.1087,1.3824,10.1531,0.4130,1.0386,-0.1087
1633254048250,0.3576,2.5190,11.0025,0.3494,0.7943,-0.1295
1633254048255,0.1613,2.3060,11.3184,0.2395,0.3153,0.1503
1633254048266,0.2092,2.1409,11.4691,0.0061,-0.1122,0.2383
1633254048275,0.3001,1.8298,11.3758,-0.2749,-0.4555,0.2786
1633254048285,0.5370,1.4135,10.4737,-0.4349,-0.7646,0.2786
1633254048299,1.9440,0.0544,8.9614,-0.3934,-0.7695,0.1967
1633254048304,2.1378,-0.3764,8.8059,-0.0293,-0.3065,0.0746
