1623590594856,-1.8869,6.4480,-6.6589,-0.0836,0.2210,0.0486
1623590594858,-2.0831,6.6777,-6.7738,0.0434,0.2588,0.1036
1623590594859,-1.6883,6.8978,-6.9867,0.0898,0.1208,0.0547
1623590594869,-1.1427,6.8906,-7.0561,0.0788,-0.0160,-0.0296
1623590594888,-0.7766,6.6298,-7.1638,0.0519,-0.0759,-0.0467
1623590594889,-0.7192,6.3451,-7.1447,0.0263,-0.0515,-0.0125
1623590594893,-0.8939,6.1058,-7.0681,0.0116,0.0292,0.0059
1623590594915,-1.0901,6.0220,-7.0035,0.0214,0.1147,0.0034
1623590594917,-1.2265,6.1776,-6.9484,0.0556,0.1513,-0.0100
1623590594943,-1.2026,6.3355,-6.8671,0.1094,0.1415,-0.0357
1623590594945,-1.0518,6.4432,-6.8814,0.1704,0.1110,-0.0271
1623590594952,-0.6020,6.1680,-6.6828,0.1924,0.0744,0.0010
1623590594953,0.1279,6.0077,-7.1399,0.1704,0.0573,-0.0027
1623590594960,-0.3053,6.9720,-7.1805,0.0996,0.0108,-0.2324
1623590594995,-0.0827,5.5028,-6.3622,0.0128,0.1611,-0.4938
1623590594996,-0.4081,5.7110,-6.3263,-0.0018,0.3749,-0.1798
1623590594997,-0.6522,6.0938,-6.4077,-0.0604,0.3700,-0.2116
1623590595003,-0.3555,6.0555,-6.3694,-0.0543,0.3883,-0.3606
1623590595007,-0.2526,6.0220,-6.5967,-0.0238,0.4445,-0.3008
1623590595015,-0.0516,6.0771,-6.8814,-0.0507,0.4299,-0.2458
1623590595025,0.1446,6.4025,-7.0346,-0.1056,0.4372,-0.2764
1623590595037,0.1972,6.6203,-7.1255,-0.2083,0.4861,-0.3521
1623590595043,0.3288,6.5676,-7.2021,-0.3537,0.5594,-0.4229
1623590595054,0.4916,6.4312,-7.4055,-0.4941,0.6241,-0.5109
1623590595063,0.6327,6.5269,-7.4222,-0.6505,0.6705,-0.5891
1623590595072,0.6447,6.7423,-7.3026,-0.7861,0.7133,-0.6502
1623590595082,0.5681,6.8476,-7.1518,-0.8778,0.7707,-0.7003
1623590595094,0.5275,6.7782,-6.9197,-0.9926,0.8269,-0.7455
1623590595101,0.4963,6.4121,-6.8360,-1.1759,0.8709,-0.7809
1623590595111,0.5610,5.9072,-6.9269,-1.3726,0.9222,-0.8054
1623590595122,0.6112,5.5507,-7.2523,-1.5314,0.9723,-0.8310
1623590595130,0.3911,5.3377,-7.7189,-1.6035,1.0188,-0.8958
1623590595141,-0.0420,5.5650,-7.8529,-1.5668,1.0688,-0.9923
1623590595149,-0.5517,5.9479,-7.9415,-1.5106,1.1446,-1.0766
1623590595159,-0.7360,6.2518,-8.0037,-1.5045,1.1812,-1.1560
1623590595168,-0.4560,6.4216,-8.1568,-1.5974,1.1495,-1.2586
1623590595178,0.0345,6.2613,-8.4033,-1.7855,1.0701,-1.4040
1623590595189,0.3743,5.9862,-8.4703,-1.9871,1.0188,-1.5470
1623590595197,0.3791,5.4143,-8.2262,-2.1630,1.0346,-1.6373
1623590595207,0.4102,5.1032,-7.9486,-2.2852,1.1201,-1.6801
1623590595217,0.2810,5.3784,-7.9391,-2.3475,1.1483,-1.7534
1623590595227,-0.1306,5.9263,-8.4655,-2.3854,1.0908,-1.8463
1623590595236,-0.0564,6.4121,-8.3004,-2.4514,1.0224,-1.8890
1623590595245,-0.2359,6.8260,-8.2573,-2.5638,0.9467,-1.9721
1623590595255,-0.5015,7.1180,-8.2047,-2.6957,0.8636,-2.0930
1623590595266,-0.6163,7.3668,-7.8410,-2.9193,0.8245,-2.1908
1623590595275,-0.7934,6.9840,-7.6328,-3.2552,0.7756,-2.3020
1623590595284,-0.9441,6.2613,-7.2571,-3.5839,0.7133,-2.3716
1623590595295,-1.0063,5.8330,-6.6493,-3.8441,0.6693,-2.4022
1623590595303,-1.3342,5.7995,-5.6324,-3.9321,0.6327,-2.4913
1623590595312,-1.8917,6.3953,-4.1369,-3.7830,0.6021,-2.6184
1623590595322,-2.5330,6.9457,-2.6988,-3.5741,0.5655,-2.7259
1623590595332,-3.1503,6.8691,-2.0551,-3.4422,0.5056,-2.7626
1623590595341,-3.7605,6.5724,-2.0479,-3.4849,0.4494,-2.7174
1623590595353,-4.5405,6.1824,-2.2657,-3.7843,0.4543,-2.6123
1623590595363,-5.5982,5.6129,-2.2083,-4.1300,0.5985,-2.5414
1623590595372,-6.9406,5.2085,-1.3301,-4.2852,0.7952,-2.5585
1623590595382,-8.1944,5.9072,0.2875,-4.1948,0.9002,-2.6233
1623590595391,-8.9362,6.9840,1.2829,-3.9651,0.8379,-2.7149
1623590595401,-9.1037,7.6085,1.4456,-3.6181,0.6131,-2.7943
1623590595411,-9.3142,7.8167,1.6729,-3.3041,0.3419,-2.6856
1623590595420,-9.8359,7.5295,1.7567,-3.0671,0.1733,-2.4156
1623590595430,-10.4628,7.0462,1.7279,-2.8777,0.1440,-2.1236
1623590595439,-10.9629,6.2781,1.8260,-2.7910,0.2075,-1.9196
1623590595449,-11.3003,5.4693,1.9481,-2.6945,0.2637,-1.7766
1623590595459,-11.4103,5.1630,2.2520,-2.4868,0.2100,-1.6313
1623590595468,-11.4032,5.4286,2.6540,-2.1459,0.0218,-1.4883
1623590595478,-11.1758,6.0771,3.0679,-1.7379,-0.2310,-1.3637
1623590595487,-10.6422,6.6227,3.2306,-1.4263,-0.4742,-1.2476
1623590595495,-10.2426,7.0151,3.4053,-1.3029,-0.6562,-1.1096
1623590595507,-10.2355,7.2017,3.5393,-1.3322,-0.7454,-0.9886
1623590595516,-10.4221,7.1586,3.7355,-1.3994,-0.7601,-0.8554
1623590595526,-10.4700,6.7495,3.9987,-1.4386,-0.7735,-0.6905
1623590595536,-10.1972,6.3116,4.3289,-1.3530,-0.8163,-0.5097
1623590595545,-9.7713,6.2757,4.6280,-1.1282,-0.8835,-0.3448
1623590595555,-9.1252,6.4958,4.5084,-0.8045,-0.9812,-0.2030
1623590595564,-8.3882,6.8452,4.2189,-0.5027,-1.0838,-0.0760
1623590595574,-7.7709,7.0103,3.9844,-0.3158,-1.1278,0.0291
1623590595583,-7.1942,6.7399,4.0514,-0.2425,-1.1022,0.1268
1623590595593,-6.6271,6.2206,4.3050,-0.2510,-1.0362,0.2343
1623590595603,-6.4237,6.3475,4.3887,-0.2840,-0.9348,0.3272
1623590595612,-6.2658,6.8452,4.6807,-0.2975,-0.8431,0.3565
1623590595622,-5.9260,7.3142,4.6687,-0.2742,-0.7894,0.3308
1623590595629,-5.4402,7.2352,4.7501,-0.2889,-0.7405,0.3113
1623590595639,-5.1459,7.1323,4.8984,-0.3634,-0.6318,0.3125
1623590595648,-5.0741,7.2256,5.1210,-0.4453,-0.4913,0.3296
1623590595658,-5.1196,7.0629,5.2143,-0.5369,-0.3312,0.2795
1623590595668,-5.3876,6.8212,5.0061,-0.6029,-0.1468,0.2025
1623590595679,-5.7729,6.7231,4.6902,-0.6151,0.0279,0.1769
1623590595689,-5.8781,6.7255,4.2954,-0.5357,0.1550,0.1793
1623590595699,-5.7968,6.6537,3.8504,-0.4270,0.2088,0.1537
1623590595708,-5.8064,6.6585,3.4077,-0.3207,0.2564,0.1317
1623590595718,-5.8255,6.5915,3.0081,-0.2302,0.3053,0.1500
1623590595728,-5.8422,6.5174,2.6492,-0.1924,0.3211,0.1830
1623590595737,-5.9356,6.7447,2.5750,-0.1521,0.3419,0.1952
1623590595747,-6.0432,7.1682,2.5822,-0.0714,0.3590,0.1867
1623590595757,-5.9404,7.4697,2.5200,0.0080,0.3285,0.1940
1623590595766,-5.8135,7.7951,2.5463,0.0617,0.2784,0.2111
1623590595775,-5.7274,8.1804,2.5606,0.0629,0.2430,0.2258
1623590595783,-5.7226,8.3646,2.5941,0.0018,0.2185,0.2209
1623590595795,-5.6939,8.2426,2.6276,-0.0824,0.2136,0.2148
1623590595804,-5.6819,8.1229,2.5702,-0.1741,0.2197,0.2050
1623590595814,-5.6700,8.0009,2.4362,-0.2584,0.2234,0.1830
1623590595824,-5.6436,7.7616,2.4051,-0.3097,0.2283,0.1598
1623590595833,-5.5814,7.4984,2.5104,-0.3390,0.2136,0.1402
1623590595843,-5.5288,7.4793,2.7162,-0.3378,0.1953,0.1207
1623590595853,-5.5671,7.8956,2.8191,-0.2706,0.1794,0.0865
1623590595862,-5.5336,8.2426,2.9770,-0.1973,0.1342,0.0425
1623590595872,-5.4379,8.2713,3.1684,-0.1667,0.0951,0.0181
1623590595880,-5.3972,8.1517,3.2306,-0.1826,0.0976,0.0217
1623590595891,-5.5168,8.1134,3.1995,-0.2132,0.1269,0.0242
1623590595900,-5.5910,8.0966,3.0775,-0.2412,0.1538,0.0193
1623590595910,-5.5719,8.0607,2.9243,-0.2571,0.1623,0.0059
1623590595920,-5.4450,7.9196,2.9578,-0.2877,0.1489,-0.0039
1623590595929,-5.3637,7.9028,3.0057,-0.3170,0.1367,-0.0064
1623590595939,-5.3086,8.0655,2.9243,-0.3341,0.1245,-0.0100
1623590595948,-5.2201,8.3144,2.8573,-0.3598,0.1037,-0.0149
1623590595956,-5.1866,8.4795,2.7808,-0.4172,0.0902,-0.0357
1623590595965,-5.2943,8.4077,2.7329,-0.4917,0.0988,-0.0577
1623590595975,-5.4881,8.1182,2.7401,-0.5907,0.1306,-0.0589
1623590595985,-5.7681,7.8789,2.7042,-0.6762,0.1684,-0.0479
1623590595994,-6.0265,7.7808,2.6731,-0.7128,0.2038,-0.0516
1623590596006,-6.0743,7.7568,2.6061,-0.6823,0.2295,-0.0638
1623590596016,-5.9044,7.8478,2.4266,-0.6334,0.2210,-0.0760
1623590596025,-5.7178,8.1182,2.2113,-0.6066,0.2063,-0.0968
1623590596035,-5.6413,8.3957,2.0869,-0.5943,0.2148,-0.1016
1623590596044,-5.6389,8.5752,2.0558,-0.5894,0.2430,-0.0748
1623590596054,-5.7154,8.5536,2.0462,-0.5833,0.2784,-0.0308
1623590596064,-5.8087,8.5369,2.0821,-0.5736,0.3138,0.0242
1623590596073,-6.1318,8.5369,2.1873,-0.5809,0.3370,0.0596
1623590596083,-6.6510,8.4220,2.1897,-0.5467,0.3431,0.0779
1623590596092,-7.1224,8.3790,2.0103,-0.4673,0.3358,0.1085
1623590596102,-7.2779,8.3383,1.8619,-0.3915,0.2869,0.1317
1623590596112,-7.1057,8.1923,1.8524,-0.3036,0.2002,0.0926
1623590596121,-6.8831,8.2928,2.0127,-0.1692,0.1147,0.0169
1623590596130,-6.7252,8.8049,2.2352,-0.0641,0.0279,-0.0540
1623590596140,-6.5314,9.1710,2.6348,-0.0568,-0.0551,-0.1175
1623590596150,-6.3304,9.2667,2.7281,-0.1997,-0.1223,-0.1603
1623590596160,-6.1485,8.9461,2.8095,-0.5088,-0.1492,-0.2006
1623590596169,-6.0743,8.0248,2.9076,-0.8570,-0.1101,-0.2592
1623590596179,-6.1485,7.0486,3.1253,-1.0977,-0.0270,-0.3228
1623590596188,-6.3376,6.5748,3.5082,-1.1881,0.0597,-0.3606
1623590596198,-6.4380,6.4169,4.0035,-1.1258,0.1024,-0.3851
1623590596208,-6.4070,6.6155,4.4892,-0.9621,0.0829,-0.4120
1623590596217,-6.3208,6.9864,4.8290,-0.7678,0.0194,-0.4095
1623590596226,-6.3782,7.3022,5.0540,-0.6322,-0.0515,-0.3997
1623590596236,-6.4070,7.1060,5.2191,-0.6285,-0.0869,-0.4010
1623590596246,-6.4763,6.4336,5.3196,-0.7751,-0.0539,-0.3753
1623590596256,-6.7276,6.0627,5.5493,-0.9828,0.0377,-0.3448
1623590596265,-7.1009,5.9814,5.8412,-1.1258,0.1464,-0.3448
1623590596273,-7.3760,6.1273,6.0422,-1.1356,0.2442,-0.3704
1623590596283,-7.3593,6.0723,6.2336,-1.0341,0.3077,-0.3887
1623590596292,-7.1152,5.8641,6.4609,-0.8888,0.3150,-0.3716
1623590596302,-6.8305,5.6751,6.4585,-0.7214,0.3053,-0.3179
1623590596312,-6.5338,5.7995,6.1499,-0.5479,0.2869,-0.2751
1623590596323,-6.3256,5.9838,5.5564,-0.4086,0.2454,-0.2483
1623590596333,-6.2610,6.0244,4.9415,-0.3243,0.2173,-0.2177
1623590596342,-6.5027,5.9503,4.3792,-0.3036,0.2234,-0.1810
1623590596352,-6.8329,5.8546,3.9341,-0.3512,0.2601,-0.1432
1623590596361,-7.1248,5.7277,3.7594,-0.4440,0.2820,-0.1236
1623590596371,-7.2085,5.5531,4.0298,-0.5504,0.2698,-0.1285
1623590596381,-7.0722,5.4071,4.0801,-0.6224,0.2185,-0.1591
1623590596390,-6.6821,5.6583,4.1447,-0.6188,0.1342,-0.2141
1623590596400,-6.2418,5.5411,4.2524,-0.6334,0.0157,-0.2690
1623590596410,-5.9547,5.2372,4.2476,-0.6078,-0.0771,-0.2898
1623590596419,-5.8757,4.9261,4.3122,-0.5345,-0.0979,-0.2739
1623590596429,-5.9356,4.5529,4.3409,-0.4208,-0.0845,-0.2922
1623590596438,-5.9762,4.3519,4.3840,-0.2339,-0.1125,-0.3252
1623590596448,-5.9092,4.2777,4.5323,-0.0568,-0.1944,-0.3277
1623590596458,-5.5766,4.3303,4.6089,0.0495,-0.3203,-0.3118
1623590596467,-5.1053,4.5409,4.3816,0.0031,-0.4534,-0.2935
1623590596477,-4.8157,4.5217,4.1279,-0.1826,-0.5512,-0.2751
1623590596485,-4.9617,4.2011,3.9365,-0.4465,-0.5744,-0.2654
1623590596496,-5.2967,3.8924,3.8958,-0.7458,-0.5340,-0.2531
1623590596506,-5.4283,3.6436,4.1279,-1.0390,-0.4632,-0.2617
1623590596514,-5.3421,3.4976,4.3911,-1.1514,-0.4302,-0.3313
1623590596525,-5.2345,3.7154,4.5850,-1.0598,-0.4571,-0.4107
1623590596534,-5.3086,4.0695,4.8027,-0.8350,-0.5108,-0.4608
1623590596544,-5.5671,4.2226,4.9511,-0.5736,-0.5353,-0.4902
1623590596554,-5.8662,4.0599,5.1377,-0.3854,-0.5072,-0.5097
1623590596563,-5.9427,3.9020,5.1975,-0.2987,-0.4571,-0.5207
1623590596573,-5.9116,3.7872,5.1449,-0.3378,-0.4278,-0.5488
1623590596583,-5.9044,3.7584,5.2478,-0.4367,-0.4229,-0.5989
1623590596593,-5.9667,3.8446,5.3124,-0.5345,-0.3997,-0.6404
1623590596600,-6.0672,3.6029,5.1305,-0.6469,-0.3508,-0.6783
1623590596609,-6.2873,3.0621,5.1640,-0.7153,-0.2689,-0.7137
1623590596619,-6.6199,2.7391,5.3674,-0.7275,-0.1651,-0.7101
1623590596629,-6.9693,2.7941,5.5732,-0.6591,-0.0832,-0.7015
1623590596640,-7.1631,2.8707,5.6617,-0.5381,-0.0539,-0.7284
1623590596650,-7.1296,2.6314,5.6713,-0.4355,-0.0527,-0.7369
1623590596659,-7.0076,2.3586,5.7479,-0.3744,-0.0429,-0.6991
1623590596669,-6.8688,2.0428,5.8555,-0.3671,-0.0234,-0.6624
1623590596679,-6.8305,1.7628,5.9800,-0.3793,0.0084,-0.6270
1623590596688,-6.9286,1.4637,6.0063,-0.3720,0.0511,-0.5708
1623590596698,-7.0530,1.1694,5.9919,-0.3414,0.0866,-0.5134
1623590596708,-7.1894,1.2077,5.9345,-0.2901,0.1086,-0.4511
1623590596717,-7.3282,1.4924,5.8292,-0.2571,0.1232,-0.3814
1623590596727,-7.4143,1.6192,5.7646,-0.2290,0.1281,-0.3154
1623590596736,-7.4598,1.7437,5.8149,-0.1814,0.1464,-0.2568
1623590596746,-7.4167,1.9830,5.8053,-0.1264,0.1721,-0.2092
1623590596756,-7.3090,2.1241,5.8197,-0.0543,0.1855,-0.1713
1623590596764,-7.2373,2.0260,5.7981,0.0397,0.1696,-0.1297
1623590596775,-7.2421,1.7365,5.6904,0.1130,0.1501,-0.0760
1623590596784,-7.3019,1.4278,5.7766,0.1558,0.1574,-0.0161
1623590596794,-7.1942,1.0904,6.0207,0.2120,0.1599,0.0169
1623590596804,-6.9023,1.2220,6.0685,0.3146,0.1122,0.0388
1623590596813,-6.5936,1.9614,6.0996,0.3916,0.0230,0.0877
1623590596823,-6.4141,2.8779,6.1044,0.4173,-0.0441,0.1415
1623590596833,-6.4022,3.4521,6.1451,0.3965,-0.0674,0.1732
1623590596842,-6.6175,3.3732,6.2910,0.3036,-0.0307,0.1854
1623590596851,-7.0004,2.9473,6.3317,0.1546,0.0597,0.2050
1623590596867,-7.3114,2.4424,6.3676,-0.0189,0.1477,0.2172
1623590596871,-7.4287,1.9303,6.4418,-0.1020,0.1855,0.2196
1623590596878,-7.2157,1.7006,6.4059,-0.0812,0.1635,0.2355
1623590596892,-6.8783,1.9901,6.3054,0.0238,0.1086,0.2697
1623590596898,-6.6510,2.7200,5.9991,0.1998,0.0536,0.2844
1623590596909,-6.6008,3.2990,5.6163,0.3818,0.0133,0.2807
1623590596918,-6.7754,3.3540,5.3913,0.4637,0.0120,0.2954
1623590596927,-7.0602,3.0454,5.2741,0.4417,0.0683,0.3296
1623590596936,-7.2038,2.5788,5.1592,0.3452,0.1232,0.3553
1623590596947,-7.1368,2.2366,5.1018,0.2645,0.1367,0.3724
1623590596958,-6.9764,2.2366,5.2334,0.2694,0.0963,0.3907
1623590596966,-6.7300,2.6984,5.3507,0.3684,0.0255,0.4053
1623590596974,-6.5290,3.2392,5.5301,0.5040,-0.0502,0.4139
1623590596984,-6.4261,3.6627,5.6282,0.5736,-0.0893,0.4225
1623590596994,-6.5792,3.8135,5.5612,0.5590,-0.0661,0.4334
1623590597003,-6.9621,3.5694,5.5158,0.4844,0.0060,0.4298
1623590597013,-7.2971,3.1602,5.4727,0.4038,0.0890,0.4164
1623590597023,-7.3665,2.9138,5.3889,0.3818,0.1269,0.4078
1623590597033,-7.1224,2.9592,5.4344,0.4466,0.0963,0.3980
1623590597042,-6.6343,3.3158,5.5229,0.5919,0.0133,0.4017
1623590597052,-6.1150,3.9211,5.4631,0.7581,-0.0771,0.4274
1623590597062,-5.8111,4.3949,5.3435,0.8558,-0.1370,0.4603
1623590597072,-5.8877,4.5265,5.2789,0.8400,-0.1260,0.4921
1623590597081,-6.3208,4.4763,5.2238,0.7141,-0.0295,0.5239
1623590597090,-6.8161,4.2394,5.3004,0.5529,0.0963,0.5361
1623590597099,-6.8951,3.9355,5.4464,0.4588,0.1843,0.5287
1623590597109,-6.6079,4.0312,5.3794,0.5003,0.1916,0.5287
1623590597118,-6.2155,4.4835,5.1808,0.6567,0.1257,0.5397
1623590597129,-6.1031,5.0529,4.9439,0.8595,0.0621,0.5568
1623590597140,-6.3663,5.4238,4.8913,1.0049,0.0707,0.5813
1623590597147,-6.7563,5.4238,4.9511,1.0318,0.1306,0.6045
1623590597158,-7.0147,5.0242,4.9152,0.9548,0.1843,0.6265
1623590597168,-6.8903,4.5361,5.0731,0.8290,0.2124,0.6387
1623590597178,-6.4285,4.4523,5.2119,0.7276,0.2100,0.6338
1623590597186,-5.8757,4.9261,5.0635,0.7435,0.1684,0.6192
1623590597197,-5.4881,5.5626,4.8458,0.8595,0.1049,0.6082
1623590597205,-5.3350,6.0699,4.6807,0.9450,0.0951,0.6277
1623590597215,-5.5719,6.2494,4.4892,0.9463,0.1684,0.6680
1623590597227,-6.1246,6.0699,4.3816,0.8742,0.2955,0.7059
1623590597235,-6.8640,5.7301,4.3600,0.7789,0.4128,0.7377
1623590597245,-7.4406,5.4526,4.3959,0.7471,0.4751,0.7596
1623590597255,-7.7110,5.3568,4.4653,0.7948,0.4507,0.7511
1623590597264,-7.2325,5.4980,4.7094,0.9340,0.3517,0.7242
1623590597274,-6.1318,6.0962,4.7668,1.1161,0.2075,0.6912
1623590597282,-4.9449,6.9983,4.6185,1.2957,0.0573,0.6485
1623590597292,-4.1816,7.8956,4.1949,1.3775,-0.0185,0.6106
1623590597301,-4.1146,8.4890,3.6900,1.2957,0.0475,0.6155
1623590597311,-4.7726,8.6159,3.3838,1.0477,0.2430,0.6717
1623590597322,-5.9691,8.2378,3.3024,0.7007,0.4995,0.7645
1623590597332,-7.2492,7.5223,3.3311,0.3757,0.7219,0.8464
1623590597342,-8.2662,6.5939,3.3192,0.2254,0.8245,0.8598
1623590597351,-8.5078,5.7062,3.4627,0.3244,0.7671,0.8391
1623590597361,-7.6488,5.5028,3.5991,0.6579,0.5594,0.8244
1623590597371,-6.0408,6.4767,3.3383,1.1454,0.2344,0.8061
1623590597380,-4.4640,8.1110,2.8334,1.6060,-0.1077,0.7706
1623590597390,-3.3082,9.6137,2.3860,1.8467,-0.2885,0.7401
1623590597400,-2.8991,10.5493,2.1515,1.7330,-0.2286,0.7511
1623590597409,-3.2484,10.8029,2.1586,1.2993,0.0279,0.8159
1623590597419,-4.1314,10.3291,2.2855,0.6958,0.3639,0.8855
1623590597428,-5.3541,9.3241,2.4266,0.1081,0.6510,0.9234
1623590597438,-6.6989,8.0296,2.3668,-0.2547,0.8233,0.9392
1623590597447,-7.7924,7.0462,2.1850,-0.2376,0.8501,0.9551
1623590597457,-8.2470,6.7542,1.9457,0.1191,0.6999,0.9759
1623590597466,-7.7326,7.4075,1.8691,0.7129,0.4176,0.9820
1623590597475,-6.2873,8.6661,1.6801,1.3568,0.1012,0.9405
1623590597486,-4.6506,10.1856,1.4097,1.8186,-0.1541,0.8488
1623590597496,-3.3011,11.4131,0.9383,1.9078,-0.2909,0.7755
1623590597505,-2.6311,11.7648,0.6679,1.5632,-0.2604,0.8012
1623590597515,-2.8560,11.2097,0.6895,0.9047,-0.0551,0.8977
1623590597524,-3.9208,10.1018,1.0316,0.1497,0.2613,0.9967
1623590597534,-5.2393,8.8240,1.4312,-0.4538,0.5594,1.0736
1623590597544,-6.2131,7.5582,1.7255,-0.7031,0.6999,1.1250
1623590597553,-6.5840,6.6418,1.8260,-0.5149,0.6473,1.1530
1623590597562,-6.3758,6.5604,1.7375,0.0666,0.4519,1.1579
1623590597572,-5.4331,7.4075,1.6203,0.8302,0.1880,1.1359
1623590597582,-4.1242,8.6350,1.3738,1.4997,-0.0539,1.0859
1623590597592,-2.8943,9.8242,1.1225,1.9102,-0.1944,1.0113
1623590597599,-2.1764,10.6809,0.7804,1.9554,-0.1981,0.9405
1623590597609,-2.1094,11.0996,0.6153,1.6487,-0.0661,0.9136
1623590597618,-2.5282,11.0039,0.6679,1.1014,0.1587,0.9050
1623590597628,-3.1790,10.5206,0.8115,0.4808,0.3908,0.8818
1623590597638,-3.7844,10.0157,1.0173,-0.0030,0.5594,0.8354
1623590597649,-4.0572,9.4557,1.0723,-0.2193,0.6034,0.7706
1623590597659,-3.9974,9.0035,0.9168,-0.1374,0.5276,0.7047
1623590597668,-3.7748,9.1279,0.5818,0.1680,0.3969,0.6509
1623590597678,-3.5140,9.5275,0.2228,0.5174,0.2601,0.5972
1623590597688,-3.2915,9.9152,-0.0212,0.8058,0.1587,0.5410
1623590597697,-3.1264,10.1090,-0.1002,0.9120,0.1257,0.4933
1623590597706,-2.9900,10.1233,-0.1050,0.8058,0.1415,0.4506
1623590597717,-2.8847,9.9870,-0.0715,0.5712,0.1696,0.3919
1623590597726,-2.8369,9.6543,0.0625,0.2951,0.1819,0.3320
1623590597736,-2.8584,9.2691,0.2348,0.0813,0.1904,0.2954
1623590597745,-2.8847,9.0801,0.3784,-0.0177,0.1965,0.2820
1623590597755,-2.8345,9.0418,0.5028,-0.0067,0.1782,0.2697
1623590597764,-2.7029,9.1184,0.5626,0.0862,0.1379,0.2551
1623590597774,-2.5378,9.2715,0.6153,0.2132,0.0976,0.2319
1623590597783,-2.4253,9.3720,0.4837,0.3146,0.0670,0.2062
1623590597794,-2.4157,9.3935,0.3616,0.3574,0.0560,0.1842
1623590597803,-2.5569,9.3624,0.3138,0.3354,0.0707,0.1610
1623590597812,-2.7579,9.3265,0.3210,0.2719,0.1037,0.1329
1623590597821,-2.8608,9.3026,0.3832,0.1912,0.1220,0.0963
1623590597831,-2.8488,9.3194,0.3951,0.1069,0.1012,0.0608
1623590597841,-2.7459,9.4749,0.3353,0.0507,0.0597,0.0327
1623590597851,-2.6526,9.6879,0.2348,0.0238,0.0157,0.0181
1623590597860,-2.5832,9.8506,0.1606,-0.0201,-0.0160,0.0022
1623590597870,-2.5832,9.9750,0.0865,-0.0592,-0.0258,-0.0112
1623590597880,-2.6119,9.9439,0.0865,-0.1117,-0.0258,-0.0186
1623590597889,-2.6311,9.8936,0.1415,-0.1496,-0.0282,-0.0271
1623590597899,-2.6526,9.8075,0.2109,-0.1594,-0.0454,-0.0369
1623590597909,-2.6478,9.7668,0.3162,-0.1435,-0.0735,-0.0491
1623590597916,-2.6430,9.8147,0.4382,-0.1142,-0.1077,-0.0711
1623590597926,-2.6646,9.8362,0.4884,-0.0641,-0.1468,-0.0992
1623590597937,-2.7100,9.9104,0.4430,-0.0238,-0.1797,-0.1224
1623590597945,-2.8129,9.9271,0.3329,-0.0189,-0.2018,-0.1444
1623590597954,-2.9613,9.9032,0.3090,-0.0494,-0.1993,-0.1640
1623590597966,-3.0690,9.8530,0.3042,-0.1044,-0.1834,-0.1872
1623590597976,-3.1049,9.7237,0.3473,-0.1692,-0.1700,-0.2104
1623590597986,-3.0115,9.6926,0.3808,-0.2254,-0.1590,-0.2409
1623590597995,-2.8847,9.6615,0.4908,-0.2510,-0.1541,-0.2788
1623590598005,-2.8799,9.6376,0.5794,-0.2400,-0.1480,-0.3106
1623590598014,-2.9063,9.6113,0.5770,-0.2046,-0.1321,-0.3289
1623590598023,-3.0809,9.5586,0.5531,-0.1887,-0.1052,-0.3448
1623590598033,-3.2915,9.4677,0.4908,-0.1741,-0.0722,-0.3606
1623590598043,-3.4781,9.3887,0.4023,-0.1728,-0.0454,-0.3716
1623590598052,-3.5045,9.3720,0.3162,-0.1948,-0.0319,-0.3814
1623590598062,-3.3944,9.4390,0.2563,-0.2339,-0.0331,-0.3973
1623590598072,-3.1790,9.6783,0.1630,-0.3011,-0.0356,-0.4107
1623590598081,-2.9565,9.9128,0.0649,-0.3927,-0.0441,-0.4242
1623590598091,-2.8656,10.0204,-0.0739,-0.5051,-0.0490,-0.4339
1623590598101,-3.0043,10.0181,-0.1815,-0.6701,-0.0222,-0.4193
1623590598110,-3.3346,9.8793,-0.1839,-0.8765,0.0450,-0.3900
1623590598120,-3.7677,9.6376,-0.0739,-1.0500,0.1232,-0.3704
1623590598130,-4.2271,9.3217,0.1247,-1.1404,0.1843,-0.3704
1623590598139,-4.6028,9.1303,0.3688,-1.1075,0.2112,-0.3826
1623590598149,-4.7990,9.2213,0.6272,-0.9853,0.1953,-0.3997
1623590598158,-4.7152,9.5419,0.7899,-0.8094,0.1281,-0.4107
1623590598168,-4.3300,9.9606,0.7493,-0.6273,0.0328,-0.4266
1623590598178,-3.8323,10.3866,0.6679,-0.5613,-0.0502,-0.4401
1623590598187,-3.5643,10.6043,0.6272,-0.6090,-0.0674,-0.4364
1623590598196,-3.6720,10.6952,0.7541,-0.7324,-0.0026,-0.4254
1623590598206,-4.0931,10.4272,1.1776,-0.9230,0.1037,-0.4010
1623590598215,-4.6147,9.8649,1.6585,-1.1062,0.2112,-0.3631
1623590598226,-4.8253,9.2260,2.0103,-1.2504,0.2686,-0.3301
1623590598233,-4.6219,8.7762,2.0916,-1.2822,0.2515,-0.3301
1623590598243,-4.0644,8.7547,2.0510,-1.1783,0.1550,-0.3606
1623590598252,-3.4925,9.0896,1.9911,-0.9767,0.0182,-0.4046
1623590598262,-3.0091,9.7453,1.9241,-0.7666,-0.0881,-0.4254
1623590598273,-2.8129,10.3626,1.8859,-0.6444,-0.1150,-0.4352
1623590598283,-3.0857,10.6761,1.9911,-0.6359,-0.0661,-0.4804
1623590598293,-3.7844,10.5612,2.2950,-0.7568,0.0182,-0.5464
1623590598302,-4.4975,9.9295,2.5965,-0.9841,0.1012,-0.6038
1623590598312,-4.8971,9.1160,2.9746,-1.1539,0.1440,-0.6636
1623590598322,-4.8755,8.5106,3.1086,-1.1747,0.0841,-0.7479
1623590598331,-4.3994,8.6087,3.1182,-0.9963,-0.0991,-0.8408
1623590598341,-3.6887,9.2691,3.0536,-0.7434,-0.3520,-0.9410
1623590598351,-3.1144,9.8290,3.0009,-0.5650,-0.5658,-1.0460
1623590598360,-2.9756,10.2669,3.0655,-0.5540,-0.6379,-1.1255
1623590598370,-3.5762,10.4823,3.1995,-0.7605,-0.5487,-1.1621
1623590598379,-4.4664,10.0492,3.6254,-1.0745,-0.3899,-1.1902
1623590598387,-5.2105,9.0490,4.0920,-1.3518,-0.2543,-1.1926
1623590598398,-5.4953,7.8884,4.4581,-1.5265,-0.2250,-1.1364
1623590598406,-5.3326,6.9146,4.7788,-1.5717,-0.3203,-1.0558
1623590598417,-4.9593,6.2661,5.0851,-1.4666,-0.4779,-1.0045
1623590598427,-4.7009,6.0508,5.2573,-1.2663,-0.6086,-1.0021
1623590598436,-4.6434,6.1034,5.2167,-1.0329,-0.6660,-1.0192
1623590598447,-4.8612,6.3331,5.0611,-0.8497,-0.6428,-1.0204
1623590598456,-5.4474,6.3355,4.9176,-0.7532,-0.5487,-0.9874
1623590598466,-6.1174,6.1106,4.9008,-0.7409,-0.4143,-0.9337
1623590598475,-6.5673,5.7373,4.9152,-0.7629,-0.2763,-0.8787
1623590598485,-6.5433,5.4143,4.8553,-0.7751,-0.1834,-0.8579
1623590598495,-6.0026,5.2061,4.8290,-0.7422,-0.1846,-0.8726
1623590598504,-5.4091,5.0721,4.8482,-0.6566,-0.2482,-0.8664
1623590598514,-5.2321,4.9764,4.7525,-0.5271,-0.2946,-0.8298
1623590598523,-5.4091,5.0912,4.8003,-0.4208,-0.2543,-0.7760
1623590598533,-5.7729,5.0625,4.7333,-0.3756,-0.1614,-0.7101
1623590598542,-6.0337,4.9381,4.7357,-0.3744,-0.0783,-0.6514
1623590598550,-6.1509,4.7682,4.6089,-0.3854,-0.0173,-0.6099
1623590598559,-6.1150,4.6821,4.4199,-0.3830,0.0023,-0.5977
1623590598570,-5.9308,4.7204,4.3098,-0.3402,-0.0112,-0.6111
1623590598579,-5.8040,5.0242,4.2356,-0.2742,-0.0429,-0.6319
1623590598591,-5.7106,5.5076,4.3050,-0.2193,-0.0881,-0.6526
1623590598598,-5.6508,5.7062,4.5969,-0.2278,-0.1199,-0.6844
1623590598610,-5.5910,5.5626,4.7979,-0.2779,-0.1077,-0.7211
1623590598620,-5.5503,5.1367,4.8721,-0.3830,-0.0612,-0.7565
1623590598629,-5.7250,4.4380,4.8338,-0.5137,0.0108,-0.7858
1623590598639,-5.9930,3.8685,4.7118,-0.5357,0.0890,-0.8005
1623590598648,-6.1246,3.5742,4.5299,-0.4807,0.1367,-0.8017
1623590598658,-6.1533,3.7632,4.4534,-0.3524,0.1354,-0.7944
1623590598667,-6.0720,4.2466,4.4318,-0.2034,0.0951,-0.7956
1623590598677,-5.8686,4.6773,4.3887,-0.1130,0.0328,-0.7968
1623590598687,-5.6365,4.8783,4.3170,-0.1227,-0.0246,-0.7944
1623590598696,-5.5958,4.8352,4.2500,-0.2510,-0.0478,-0.8005
1623590598706,-5.9140,4.7467,4.4414,-0.4941,-0.0246,-0.8078
1623590598714,-6.4046,4.5002,4.7668,-0.7495,0.0194,-0.8151
1623590598725,-6.7611,3.9834,5.1353,-0.9560,0.0475,-0.8139
1623590598735,-6.9094,3.3229,5.6498,-1.0305,0.0621,-0.7993
1623590598744,-6.9118,2.8133,5.8938,-0.9425,0.0524,-0.7858
1623590598754,-6.8640,2.6912,6.0183,-0.7092,-0.0002,-0.7638
1623590598765,-6.7826,2.8157,6.1523,-0.4514,-0.0942,-0.7125
1623590598773,-6.7970,3.2344,6.1403,-0.2107,-0.1712,-0.6245
1623590598783,-6.9023,3.8781,6.1068,-0.0507,-0.2030,-0.5586
1623590598792,-7.0769,4.1485,5.9513,-0.0213,-0.2030,-0.5293
1623590598802,-7.2731,4.1580,5.6952,-0.0775,-0.1687,-0.4963
1623590598812,-7.4287,4.0288,5.6522,-0.2070,-0.1297,-0.4669
1623590598821,-7.4478,3.9331,5.5900,-0.3891,-0.0967,-0.4498
1623590598831,-7.2923,3.8135,5.6306,-0.5662,-0.0918,-0.4315
1623590598841,-7.0985,3.5550,5.6665,-0.7177,-0.0808,-0.4059
1623590598848,-7.0937,3.2296,5.5852,-0.7629,-0.0527,-0.3826
1623590598858,-7.3808,2.8539,5.5110,-0.6823,-0.0234,-0.3655
1623590598867,-7.8044,2.4783,5.5876,-0.5247,0.0035,-0.3252
1623590598877,-8.0915,2.1696,5.6187,-0.3097,0.0060,-0.2605
1623590598888,-8.0604,1.9758,5.7287,-0.0947,-0.0441,-0.2006
1623590598898,-7.7039,1.7844,5.7670,0.0581,-0.1187,-0.1432
1623590598908,-7.2205,2.0236,5.8316,0.1570,-0.1785,-0.0858
1623590598917,-6.7994,2.6147,5.7862,0.1900,-0.2018,-0.0345
1623590598927,-6.6319,3.1889,5.6019,0.1668,-0.1895,0.0156
1623590598937,-6.9788,3.5000,5.5660,0.0935,-0.1223,0.0657
1623590598946,-7.5555,3.2464,5.6880,-0.0372,0.0096,0.0963
1623590598956,-7.9264,2.5692,5.7383,-0.1789,0.1635,0.1109
1623590598966,-7.9623,1.8657,5.8579,-0.2474,0.2344,0.1256
1623590598975,-7.5459,1.4494,6.0398,-0.1985,0.1916,0.1366
1623590598985,-6.8185,1.4398,6.0398,-0.0250,0.0805,0.1500
1623590598994,-6.1509,2.0715,5.8962,0.1912,-0.0441,0.1781
1623590599004,-5.8231,2.9377,5.6785,0.3427,-0.1248,0.2282
1623590599013,-6.0169,3.6962,5.3626,0.4185,-0.1016,0.2856
1623590599023,-6.7228,4.0623,5.2406,0.4099,0.0072,0.3149
1623590599032,-7.6081,3.9403,5.3339,0.3061,0.1696,0.3076
1623590599042,-8.0006,3.3277,5.5349,0.1692,0.3089,0.2868
1623590599051,-7.8809,2.5740,5.6115,0.0862,0.3468,0.2758
1623590599062,-7.3856,2.2773,5.7048,0.1692,0.2723,0.2832
1623590599071,-6.7946,2.4472,5.6809,0.3378,0.1415,0.3149
1623590599079,-6.2610,2.9640,5.6809,0.5394,0.0365,0.3724
1623590599090,-5.9643,3.5431,5.6234,0.6616,-0.0051,0.4371
1623590599100,-6.0672,3.9451,5.3842,0.6860,0.0267,0.4848
1623590599109,-6.5888,4.0647,5.2741,0.5907,0.1196,0.4982
1623590599118,-7.1320,3.8135,5.3148,0.4258,0.2564,0.4884
1623590599129,-7.4167,3.3110,5.3650,0.2706,0.3663,0.4725
1623590599138,-7.4789,2.9616,5.3650,0.2303,0.3859,0.4530
1623590599148,-7.2588,2.9712,5.4129,0.3293,0.3224,0.4396
1623590599158,-6.6989,3.4426,5.3315,0.5333,0.2088,0.4628
1623590599167,-5.9786,3.9379,5.2310,0.7117,0.0731,0.5312
1623590599175,-5.5384,4.3064,5.0061,0.8326,0.0010,0.6118
1623590599184,-5.6053,4.7706,4.8817,0.8351,0.0194,0.6631
1623590599194,-6.1533,5.0625,4.9128,0.7080,0.1354,0.6827
1623590599203,-6.7898,5.0219,4.9343,0.5394,0.2820,0.6876
1623590599213,-7.2731,4.8137,4.9750,0.4209,0.3761,0.6717
1623590599224,-7.4359,4.4452,4.9941,0.3989,0.3773,0.6350
1623590599234,-7.3114,4.1532,5.0372,0.4942,0.3028,0.6057
1623590599244,-6.7300,4.2107,5.1401,0.6787,0.1929,0.6167
1623590599254,-5.8757,4.6605,5.0396,0.8632,0.0780,0.6497
1623590599263,-5.2129,5.2468,4.8003,1.0477,-0.0160,0.6839
1623590599273,-5.0933,5.7947,4.5945,1.1368,-0.0490,0.7206
1623590599282,-5.5384,6.2542,4.5371,1.0599,0.0267,0.7694
1623590599290,-6.3017,6.4240,4.5275,0.8558,0.1782,0.7939
1623590599301,-7.0171,6.1082,4.5060,0.6225,0.3163,0.7670
1623590599311,-7.5052,5.5363,4.5012,0.4539,0.3834,0.7193
1623590599320,-7.8020,5.0003,4.4701,0.4429,0.3541,0.6827
1623590599331,-7.5770,4.8161,4.7214,0.5858,0.2454,0.6705
1623590599340,-6.6319,5.1702,4.8960,0.8510,0.0805,0.6741
1623590599350,-5.4331,5.8354,4.7620,1.1930,-0.1297,0.6937
1623590599359,-4.5477,6.6083,4.6041,1.4753,-0.3129,0.7401
1623590599369,-4.2773,7.4362,4.4725,1.5742,-0.3422,0.8061
1623590599378,-4.6889,8.1325,4.3361,1.4630,-0.2213,0.8476
1623590599388,-5.5479,8.1971,4.2308,1.1857,-0.0209,0.8427
1623590599398,-6.6127,7.5702,4.0944,0.8204,0.1819,0.8268
1623590599407,-7.5292,6.4599,3.7714,0.5235,0.3321,0.8171
1623590599417,-7.6751,5.5507,3.7068,0.4050,0.3627,0.8036
1623590599426,-6.9142,5.1870,3.5513,0.4966,0.2283,0.7841
1623590599435,-5.7274,5.6894,3.2713,0.8424,-0.0148,0.7768
1623590599446,-4.7415,6.9194,2.9818,1.2908,-0.2335,0.7890
1623590599455,-4.1529,8.1301,2.9124,1.6341,-0.3361,0.8232
1623590599465,-4.1266,9.0514,3.0392,1.7843,-0.2616,0.8623
1623590599475,-4.5286,9.6591,3.0224,1.7416,-0.0698,0.8867
1623590599484,-5.0287,9.7046,2.7832,1.4863,0.1134,0.9001
1623590599492,-5.6173,9.1423,2.1419,1.1161,0.2295,0.8867
1623590599501,-6.2634,8.3622,1.6514,0.7764,0.2991,0.8391
1623590599511,-6.5242,7.6803,1.6944,0.6005,0.3321,0.7865
1623590599521,-6.0073,7.4290,1.6968,0.6702,0.2869,0.7596
1623590599530,-4.8995,7.9100,1.5174,0.9768,0.1269,0.7267
1623590599542,-3.8083,9.0250,1.3786,1.3457,-0.0783,0.6778
1623590599552,-3.0953,10.1018,1.3092,1.5803,-0.2140,0.6570
1623590599561,-2.8847,10.8795,1.2637,1.5681,-0.2066,0.6668
1623590599571,-3.2628,11.1546,1.1297,1.2468,-0.0686,0.6815
1623590599580,-4.2965,10.8436,0.9909,0.7373,0.1489,0.6839
1623590599590,-5.6723,10.0683,0.9000,0.1924,0.3749,0.6863
1623590599600,-6.7850,8.8671,1.0149,-0.2278,0.5386,0.7010
1623590599609,-7.1344,7.6252,1.1249,-0.3915,0.5716,0.7132
1623590599619,-6.3902,7.0701,1.1178,-0.2095,0.4458,0.7047
1623590599628,-4.8995,7.5630,1.0532,0.2157,0.1892,0.6631
1623590599638,-3.4303,8.6613,0.8450,0.7569,-0.1113,0.6204
1623590599648,-2.3727,9.7501,0.8546,1.1955,-0.3068,0.6411
1623590599658,-2.0209,10.3770,1.0173,1.3372,-0.2848,0.7254
1623590599666,-2.4468,10.5540,1.1345,1.1625,-0.0735,0.8146
1623590599677,-3.4877,10.0827,1.3858,0.7948,0.2210,0.8769
1623590599686,-4.7272,9.1519,1.6944,0.3794,0.4836,0.9148
1623590599696,-5.6197,8.4149,1.7160,0.1485,0.6363,0.9454
1623590599705,-5.6676,8.1182,1.4958,0.1717,0.6241,0.9295
1623590599715,-4.7918,8.4053,1.1441,0.4001,0.4323,0.8574
1623590599725,-3.4662,9.1949,0.6631,0.7031,0.1501,0.7853
1623590599734,-2.3511,10.0396,0.2085,0.9475,-0.0637,0.7413
1623590599744,-1.8151,10.5971,0.0721,0.9707,-0.1077,0.7413
1623590599753,-1.9108,10.6546,0.2587,0.7703,0.0169,0.7792
1623590599763,-2.4971,10.3100,0.6201,0.4148,0.2295,0.8171
1623590599773,-3.2436,9.5850,1.0962,0.0385,0.4238,0.8415
1623590599782,-3.8012,8.7164,1.5533,-0.1777,0.5362,0.8537
1623590599792,-4.0931,8.2881,1.8117,-0.1288,0.5496,0.8415
1623590599801,-3.9878,8.3933,1.6968,0.1619,0.4531,0.8000
1623590599809,-3.4925,8.8288,1.1991,0.5724,0.2723,0.7487
1623590599819,-2.8799,9.4294,0.6847,0.9573,0.0988,0.7108
1623590599828,-2.3918,10.0922,0.3425,1.1759,0.0072,0.6693
1623590599838,-2.0879,10.7359,0.1606,1.1820,0.0145,0.6216
1623590599847,-2.0233,11.1451,0.0984,0.9780,0.0805,0.5764
1623590599859,-2.0759,11.0206,0.1989,0.6249,0.1635,0.5312
1623590599867,-2.1573,10.3435,0.3425,0.2193,0.2405,0.4921
1623590599929,-2.2817,9.6161,0.4861,-0.1093,0.3065,0.4664
1623590599929,-2.3822,9.2069,0.5937,-0.2791,0.3382,0.4383
1623590599930,-2.3535,9.0538,0.5842,-0.2449,0.3187,0.3943
1623590599931,-2.2865,9.1830,0.3712,-0.0446,0.2515,0.3406
1623590599932,-2.2339,9.5610,0.1152,0.2218,0.1770,0.2905
1623590599933,-2.2482,9.8697,-0.0954,0.4136,0.1147,0.2526
1623590599934,-2.3415,9.9702,-0.2557,0.4783,0.0915,0.2135
1623590599943,-2.5521,10.0300,-0.2509,0.4221,0.1159,0.1745
1623590599955,-2.7866,10.0037,-0.1002,0.2621,0.1562,0.1353
1623590599964,-2.9828,9.8745,0.0889,0.1277,0.1831,0.0963
1623590599973,-3.0091,9.6711,0.2659,0.0471,0.1782,0.0779
1623590599983,-2.8919,9.5108,0.4286,0.0287,0.1391,0.0828
1623590599993,-2.6885,9.4486,0.5148,0.0605,0.1012,0.0914
1623590600003,-2.4420,9.4773,0.4837,0.1143,0.0719,0.0975
1623590600012,-2.2339,9.5921,0.4143,0.1680,0.0414,0.1048
1623590600022,-2.1405,9.6783,0.2851,0.1937,0.0304,0.1170
1623590600031,-2.1525,9.8290,0.1104,0.1814,0.0426,0.1292
1623590600041,-2.2123,10.0492,-0.0978,0.1362,0.0621,0.1268
1623590600050,-2.2243,10.0611,-0.2605,0.0519,0.0695,0.1134
1623590600060,-2.2817,9.9654,-0.3179,-0.0311,0.0829,0.0963
1623590600070,-2.3487,9.7453,-0.3323,-0.1044,0.1012,0.0804
1623590600080,-2.4588,9.6256,-0.2438,-0.1301,0.1122,0.0730
1623590600089,-2.5138,9.5945,-0.1456,-0.0739,0.1012,0.0730
1623590600098,-2.4325,9.7692,-0.0882,0.0263,0.0585,0.0779
1623590600109,-2.2554,9.9271,-0.1624,0.1423,-0.0112,0.0840
1623590600118,-2.1023,10.1138,-0.2318,0.2315,-0.0808,0.0853
1623590600128,-2.0496,10.2454,-0.2725,0.2560,-0.1138,0.0828
1623590600135,-2.0735,10.2478,-0.2749,0.2279,-0.1113,0.0779
1623590600145,-2.0927,10.2215,-0.2796,0.1546,-0.0942,0.0682
1623590600155,-2.0999,10.1018,-0.2892,0.0507,-0.0796,0.0535
1623590600164,-2.0233,9.9917,-0.2892,-0.0433,-0.0796,0.0278
1623590600174,-1.9683,9.9152,-0.2533,-0.1081,-0.0893,-0.0076
1623590600186,-1.9252,9.8171,-0.2174,-0.1362,-0.0967,-0.0455
1623590600195,-1.8917,9.8242,-0.2796,-0.1288,-0.1064,-0.0882
1623590600205,-1.9061,9.8577,-0.3514,-0.1069,-0.1174,-0.1236
1623590600214,-1.9228,9.9104,-0.3682,-0.0959,-0.1211,-0.1542
1623590600224,-1.9204,10.0372,-0.3897,-0.0922,-0.1187,-0.1896
1623590600233,-1.8893,10.0492,-0.4687,-0.1105,-0.1187,-0.2214
1623590600243,-1.8989,10.0133,-0.6458,-0.1521,-0.1211,-0.2507
1623590600253,-1.9443,10.0276,-0.8587,-0.2425,-0.1125,-0.2764
1623590600263,-2.0855,10.0683,-1.0262,-0.4050,-0.0893,-0.2983
1623590600272,-2.3392,10.1066,-1.0717,-0.5760,-0.0564,-0.3154
1623590600282,-2.6191,10.0994,-0.9951,-0.7605,-0.0099,-0.3350
1623590600291,-2.9086,10.0228,-0.7008,-0.9572,0.0414,-0.3558
1623590600301,-3.0426,9.7716,-0.2796,-1.1148,0.0853,-0.3729
1623590600310,-2.9326,9.5228,0.1582,-1.1942,0.1061,-0.3912
1623590600320,-2.7316,9.2715,0.4071,-1.1783,0.1061,-0.4169
1623590600330,-2.5210,9.3529,0.3760,-1.0671,0.0951,-0.4572
1623590600339,-2.4492,9.6089,0.2252,-0.9254,0.0756,-0.4877
1623590600348,-2.5497,9.7549,0.1822,-0.7935,0.0756,-0.4987
1623590600359,-2.7938,9.9152,0.3999,-0.6945,0.1232,-0.4950
1623590600368,-3.0043,10.1186,0.8641,-0.6505,0.2002,-0.4950
1623590600378,-3.0259,10.2597,1.3690,-0.6395,0.2393,-0.5182
1623590600387,-2.7675,10.3411,1.6585,-0.6078,0.2234,-0.5610
1623590600397,-2.3607,10.3889,1.5987,-0.6041,0.1672,-0.6026
1623590600407,-2.1310,10.5301,1.2159,-0.6188,0.1073,-0.6392
1623590600416,-2.1908,10.5756,1.0579,-0.6872,0.0695,-0.6649
1623590600426,-2.5090,10.3770,1.0579,-0.7947,0.0805,-0.6588
1623590600435,-3.0307,10.1544,1.0699,-0.9059,0.1367,-0.6404
1623590600445,-3.3609,10.0013,1.2637,-1.0341,0.1941,-0.6514
1623590600452,-3.3322,9.8936,1.4480,-1.1490,0.1904,-0.6942
1623590600462,-2.9972,9.8625,1.6537,-1.1600,0.1098,-0.7565
1623590600472,-2.7435,9.8362,1.8739,-1.1184,0.0096,-0.8066
1623590600481,-2.7770,9.6783,2.1515,-1.0415,-0.0539,-0.8225
1623590600492,-3.1551,9.4414,2.3477,-0.9535,-0.0527,-0.8090
1623590600503,-3.5691,9.3194,2.3907,-0.8765,-0.0148,-0.7980
1623590600512,-3.7509,9.3241,2.2185,-0.8240,-0.0197,-0.8090
1623590600522,-3.7485,9.1973,1.9744,-0.7776,-0.0906,-0.8383
1623590600531,-3.6289,9.2308,1.8069,-0.7275,-0.1651,-0.8677
1623590600541,-3.6361,9.3792,1.8930,-0.7043,-0.2030,-0.8884
1623590600550,-3.7844,9.4964,2.1371,-0.6872,-0.2030,-0.9263
1623590600560,-4.0476,9.4534,2.4458,-0.6713,-0.1846,-0.9654
1623590600570,-4.2845,9.6280,2.8023,-0.6799,-0.1663,-0.9923
1623590600579,-4.4807,9.8865,3.0201,-0.7165,-0.1968,-1.0448
1623590600589,-4.6411,9.8027,3.1445,-0.7788,-0.2702,-1.1328
1623590600599,-4.7200,9.3768,3.0464,-0.8765,-0.3251,-1.1853
1623590600608,-4.8109,8.8169,3.0057,-1.0207,-0.3288,-1.1719
1623590600618,-5.0048,8.3048,3.1277,-1.1282,-0.3007,-1.1572
1623590600627,-5.2680,7.9483,3.4867,-1.1209,-0.2567,-1.1560
1623590600637,-5.3852,7.7640,3.9269,-1.0293,-0.2323,-1.1474
1623590600647,-5.5144,7.6252,4.1854,-0.8863,-0.2421,-1.1377
1623590600656,-5.6484,7.5941,4.2883,-0.6994,-0.2714,-1.1352
1623590600666,-5.6939,7.4984,4.2715,-0.5772,-0.3203,-1.1230
1623590600674,-5.4642,7.1945,4.2356,-0.5149,-0.3960,-1.0851
1623590600684,-5.2081,6.7758,4.1088,-0.5149,-0.4669,-1.0265
1623590600694,-5.1986,6.4863,3.9245,-0.5626,-0.4839,-0.9691
1623590600704,-5.5360,6.4623,3.9748,-0.6420,-0.4388,-0.9007
1623590600714,-6.0121,6.4240,4.1662,-0.7360,-0.3557,-0.8249
1623590600723,-6.3830,6.5820,4.4725,-0.7617,-0.2811,-0.7822
1623590600733,-6.4668,6.6729,4.8027,-0.7495,-0.2616,-0.7846
1623590600743,-6.1653,6.4456,5.0922,-0.7055,-0.2934,-0.7980
1623590600752,-5.6508,6.3020,5.1592,-0.6359,-0.3569,-0.7919
1623590600762,-5.1866,6.1058,5.0252,-0.5760,-0.4192,-0.7797
1623590600770,-4.8444,6.1082,4.8171,-0.5161,-0.4571,-0.7638
1623590600779,-4.8133,6.1010,4.4438,-0.5076,-0.4522,-0.7235
1623590600789,-5.1747,5.9455,4.2021,-0.5516,-0.3984,-0.6722
1623590600798,-5.7393,5.6440,4.2811,-0.6346,-0.2885,-0.6319
1623590600809,-6.0935,5.2874,4.4557,-0.7189,-0.1663,-0.6026
1623590600820,-6.1270,5.0147,4.5156,-0.7629,-0.1138,-0.5965
1623590600829,-5.8662,4.8472,4.3553,-0.7470,-0.1517,-0.6184
1623590600839,-5.5096,4.9931,4.2428,-0.6945,-0.2421,-0.6478
1623590600846,-5.2512,5.2228,3.9676,-0.6566,-0.3203,-0.6636
1623590600858,-5.2345,5.3975,3.9461,-0.6481,-0.3471,-0.6600
1623590600868,-5.4163,5.3951,4.1973,-0.6591,-0.3190,-0.6588
1623590600877,-5.6819,5.2133,4.4725,-0.7043,-0.2518,-0.6624
1623590600887,-5.8422,4.8950,4.8889,-0.7409,-0.1859,-0.6954
1623590600896,-5.8542,4.3399,5.2310,-0.7519,-0.1590,-0.7492
1623590600906,-5.7920,3.7752,5.4751,-0.7141,-0.1614,-0.7797
1623590600916,-5.8231,3.5862,5.6737,-0.6175,-0.1577,-0.7822
1623590600925,-5.9810,3.8853,5.5852,-0.4868,-0.1370,-0.7748
1623590600935,-6.1294,4.2561,5.4416,-0.3378,-0.1223,-0.7699
1623590600944,-6.1533,4.3877,5.3363,-0.2425,-0.1223,-0.7492
1623590600954,-6.1342,4.3877,5.2047,-0.2144,-0.1138,-0.7211
1623590600964,-6.3017,4.3112,5.1018,-0.2901,-0.0954,-0.7088
1623590600973,-6.4668,4.0695,5.2837,-0.4257,-0.0612,-0.7223
1623590600983,-6.4668,3.6962,5.6474,-0.5418,-0.0185,-0.7308
1623590600993,-6.2658,3.3540,5.7287,-0.5858,-0.0014,-0.7235
1623590601002,-6.1055,3.1650,5.6928,-0.5748,-0.0319,-0.6930
1623590601011,-6.4357,3.0789,5.7766,-0.5247,-0.0356,-0.6221
1623590601021,-7.1487,3.1076,5.7790,-0.4416,0.0206,-0.5341
1623590601030,-7.7804,3.1124,5.6857,-0.3646,0.0866,-0.4621
1623590601040,-7.9551,2.9832,5.7933,-0.3255,0.1159,-0.4071
1623590601050,-7.5388,2.8898,5.9321,-0.2547,0.0817,-0.3729
1623590601060,-6.8353,3.1961,6.0015,-0.1264,-0.0148,-0.3533
1623590601069,-6.3495,3.8398,5.7240,0.0471,-0.1260,-0.3277
1623590601079,-6.4428,4.3949,5.4488,0.1924,-0.1920,-0.2751
1623590601087,-7.0219,4.3542,5.5086,0.2047,-0.1504,-0.1920
1623590601096,-7.5052,3.8398,5.5134,0.0800,-0.0197,-0.0968
1623590601106,-7.5316,3.2559,5.5564,-0.1215,0.0853,-0.0430
1623590601116,-7.1679,2.7534,5.6450,-0.2852,0.1098,-0.0418
1623590601128,-6.6462,2.5740,5.7886,-0.2816,0.0768,-0.0491
1623590601137,-6.3208,2.7367,5.7192,-0.1398,0.0182,-0.0320
1623590601146,-6.4117,3.0980,5.6115,0.0593,-0.0258,0.0229
1623590601156,-6.7108,3.4091,5.6139,0.2254,-0.0258,0.0804
1623590601166,-6.9525,3.3397,5.7263,0.2743,0.0206,0.1329
1623590601175,-6.8879,2.9497,5.8101,0.2560,0.0841,0.1659
1623590601185,-6.5457,2.6697,5.7120,0.2767,0.1330,0.1610
1623590601195,-6.1629,2.8181,5.4655,0.3305,0.1550,0.1610
1623590601204,-6.0385,3.4498,5.2717,0.4258,0.1489,0.1977
1623590601214,-6.3974,4.1174,5.2406,0.5101,0.1501,0.2538
1623590601223,-7.0506,4.4069,5.4201,0.5834,0.2063,0.2832
1623590601233,-7.5962,4.1604,5.6952,0.5773,0.2991,0.2771
1623590601243,-7.6177,3.5646,5.8029,0.4918,0.3639,0.2538
1623590601252,-7.1870,2.9425,5.7359,0.4148,0.3590,0.2331
1623590601261,-6.5673,2.8324,5.4751,0.4295,0.2967,0.2160
1623590601272,-5.9236,3.3158,5.1975,0.5394,0.2002,0.2099
1623590601281,-5.5455,4.1604,4.7788,0.6555,0.1379,0.2465
1623590601290,-5.7489,4.8974,4.5228,0.7691,0.1403,0.2893
1623590601300,-6.3160,5.1463,4.5467,0.8277,0.2075,0.3003
1623590601309,-6.9262,4.9477,4.6615,0.8106,0.3077,0.3101
1623590601319,-7.2947,4.4571,4.6041,0.7386,0.3871,0.3162
1623590601329,-7.4359,4.0743,4.5204,0.6970,0.3725,0.2893
1623590601339,-7.2995,4.0480,4.5419,0.7630,0.2759,0.2771
1623590601348,-6.8233,4.6199,4.5658,0.9621,0.1281,0.3198
1623590601358,-6.1509,5.5124,4.6424,1.1759,-0.0625,0.3687
1623590601367,-5.6317,6.2063,4.7955,1.3103,-0.2054,0.3821
1623590601377,-5.4642,6.5772,4.8219,1.3286,-0.2262,0.3516
1623590601387,-5.6700,6.6849,4.8099,1.1784,-0.1553,0.3125
1623590601396,-6.2036,6.2374,4.8721,0.8766,-0.0282,0.3247
1623590601404,-6.6175,5.5435,4.9152,0.5919,0.0963,0.3455
1623590601413,-6.8377,4.8591,5.0037,0.3781,0.1452,0.3430
1623590601423,-6.6534,4.6701,5.1999,0.3610,0.1257,0.3247
1623590601433,-6.1509,5.1056,4.9654,0.5211,0.0426,0.3125
1623590601442,-5.7011,5.7540,4.7572,0.7813,-0.0759,0.3064
1623590601454,-5.5240,6.1106,4.6280,0.9817,-0.1455,0.3003
1623590601464,-5.8781,6.3283,4.4103,1.0391,-0.0930,0.2783
1623590601473,-6.4500,6.5556,3.9102,1.0318,0.0340,0.2746
1623590601483,-6.9238,6.4815,3.6877,0.9976,0.0976,0.3247
1623590601492,-6.9453,6.1106,3.6230,0.9805,0.0377,0.3565
1623590601502,-6.6869,5.8641,3.6398,0.9243,-0.0649,0.3907
1623590601512,-6.1940,5.7158,4.1566,0.8277,-0.1370,0.4127
1623590601521,-5.3852,5.9239,4.6998,0.8180,-0.1822,0.3797
1623590601531,-4.7583,6.0579,4.2835,0.7935,-0.2103,0.3430
1623590601540,-4.9449,6.5867,4.1255,0.7483,-0.1480,0.3443
1623590601550,-5.8183,6.5174,3.6589,0.6249,0.0194,0.4005
1623590601559,-6.7994,6.1297,2.7473,0.4295,0.1806,0.5483
1623590601569,-7.7852,5.4430,1.9959,0.1729,0.2711,0.7401
1623590601579,-8.1202,4.8017,1.7686,0.1240,0.2332,0.8782
1623590601588,-6.8927,4.8280,2.7162,0.2609,0.0169,0.9063
1623590601598,-5.1723,5.3592,3.5967,0.4844,-0.3459,0.7816
1623590601608,-4.0931,6.4647,4.1471,0.8448,-0.6403,0.5434
1623590601617,-3.2436,7.4458,3.9198,1.0831,-0.6672,0.5691
1623590601627,-3.0091,8.8288,3.1732,1.0599,-0.5683,0.6754
1623590601636,-3.6720,9.8195,3.4125,0.8876,-0.3703,0.5495
1623590601645,-4.6339,9.3361,4.3624,0.6689,-0.0612,0.4591
1623590601656,-5.8111,8.4220,4.6376,0.4820,0.1770,0.5837
1623590601665,-6.8736,7.5606,4.3696,0.3476,0.2466,0.8012
1623590601674,-7.2325,6.8667,4.2141,0.3781,0.1990,0.9001
1623590601684,-6.5601,6.6537,4.0107,0.6371,0.0756,0.8134
1623590601694,-5.0861,7.3190,3.3096,1.0574,-0.1052,0.6350
1623590601704,-3.6983,8.4603,1.9911,1.4484,-0.2751,0.4591
1623590601714,-3.1240,9.3457,0.6583,1.6231,-0.2885,0.3565
1623590601723,-3.6002,9.7477,-0.3586,1.5009,-0.1333,0.3663
1623590601730,-4.7942,9.6926,-0.7223,1.1173,0.0866,0.4945
1623590601740,-6.1198,9.3289,-0.0786,0.6970,0.2466,0.6986
1623590601750,-7.0267,8.8599,0.7110,0.4405,0.2637,0.8549
1623590601759,-7.0985,8.5465,1.2302,0.4233,0.0988,0.9026
1623590601770,-6.5768,8.5967,1.6442,0.5712,-0.1956,0.8598
1623590601781,-5.7705,9.0896,1.9194,0.8180,-0.4693,0.7645
1623590601790,-4.9234,9.8123,1.9122,1.0684,-0.6293,0.6521
1623590601800,-4.3611,10.7694,1.8165,1.1894,-0.6819,0.5630
1623590601810,-4.0811,11.4370,1.9050,1.1344,-0.6403,0.5043
1623590601819,-4.1433,11.4753,2.1730,0.8986,-0.5170,0.4848
1623590601829,-4.4759,10.9728,2.5415,0.5565,-0.3435,0.5263
1623590601838,-5.0694,10.1425,2.9339,0.2205,-0.1687,0.6118
1623590601848,-5.6413,9.3026,3.1612,0.0410,-0.0405,0.7083
1623590601858,-5.9547,8.6637,3.0583,0.0727,-0.0160,0.7694
1623590601867,-5.9212,8.4675,2.6468,0.3317,-0.0930,0.7743
1623590601877,-5.5910,8.6111,2.0845,0.6799,-0.2250,0.7536
1623590601886,-5.2393,9.1734,1.5652,0.9890,-0.3300,0.7316
1623590601894,-4.9760,9.8003,1.3403,1.1552,-0.3618,0.7193
1623590601906,-4.7296,10.0994,1.4145,1.0953,-0.3092,0.7279
1623590601915,-4.4879,10.0683,1.7231,0.8265,-0.2115,0.7438
1623590601925,-4.2773,9.5634,2.1467,0.4918,-0.0906,0.7511
1623590601934,-4.2199,9.0083,2.4984,0.1998,0.0536,0.7572
1623590601944,-4.2079,8.8025,2.6133,0.0862,0.1721,0.7560
1623590601954,-4.0907,8.9126,2.2472,0.1876,0.2002,0.7438
1623590601963,-3.9567,9.1949,1.7806,0.3879,0.1501,0.7413
1623590601973,-3.9471,9.3337,1.3188,0.5626,0.1061,0.7658
1623590601983,-4.0476,9.2978,0.9240,0.6702,0.1367,0.7988
1623590601992,-4.1673,9.0442,0.6751,0.6555,0.2173,0.8036
1623590602002,-4.1290,8.8480,0.6823,0.5577,0.2857,0.7682
1623590602011,-3.9543,8.8384,0.9024,0.4392,0.3114,0.7010
1623590602021,-3.5882,8.9126,1.1848,0.3794,0.2991,0.6131
1623590602030,-3.1718,9.0466,1.3020,0.3769,0.2588,0.5385
1623590602040,-2.7842,9.2667,1.2685,0.4148,0.2197,0.4848
1623590602049,-2.5569,9.4821,1.1967,0.4368,0.2026,0.4469
1623590602057,-2.5210,9.4916,1.1225,0.4307,0.2222,0.4249
1623590602067,-2.5760,9.3457,1.0579,0.3818,0.2894,0.4237
1623590602077,-2.6311,9.2165,1.0340,0.3195,0.3761,0.4151
1623590602086,-2.5401,9.0801,0.9886,0.2829,0.4335,0.3870
1623590602098,-2.3128,9.0179,0.8809,0.2865,0.4335,0.3504
1623590602108,-2.0161,8.9963,0.6895,0.3122,0.3932,0.3113
1623590602117,-1.8367,9.0370,0.4023,0.3293,0.3505,0.2783
1623590602127,-1.8127,9.1782,0.1487,0.3232,0.3297,0.2551
1623590602136,-1.9802,9.3074,-0.0045,0.2719,0.3297,0.2429
1623590602146,-2.2123,9.4557,-0.0475,0.1851,0.3370,0.2465
1623590602156,-2.3990,9.5467,0.0242,0.1057,0.3468,0.2514
1623590602165,-2.4325,9.6376,0.1487,0.0336,0.3395,0.2416
1623590602175,-2.3463,9.6543,0.2133,-0.0042,0.3028,0.2294
1623590602184,-2.1740,9.7979,0.2085,0.0190,0.2515,0.2123
1623590602194,-2.0448,9.9654,0.1559,0.0617,0.1916,0.1903
1623590602203,-1.9635,10.0324,0.0865,0.0996,0.1318,0.1805
1623590602213,-1.9802,10.1329,0.0171,0.1094,0.0963,0.1879
1623590602222,-2.0783,10.2789,0.0577,0.0764,0.0829,0.1940
1623590602232,-2.1956,10.2597,0.0769,0.0092,0.0792,0.1854
1623590602240,-2.2458,10.2502,0.2061,-0.0543,0.0744,0.1647
1623590602252,-2.2076,10.2167,0.3210,-0.0971,0.0609,0.1317
1623590602261,-2.0879,10.2406,0.3521,-0.1130,0.0218,0.0938
1623590602271,-1.9324,10.2167,0.3856,-0.1044,-0.0282,0.0620
1623590602280,-1.8319,10.1377,0.2731,-0.1008,-0.0576,0.0315
1623590602290,-1.8725,10.0970,0.1535,-0.1203,-0.0551,0.0022
1623590602300,-1.9922,10.0970,0.0817,-0.1496,-0.0380,-0.0283
1623590602309,-2.1262,10.0731,0.0625,-0.1814,-0.0197,-0.0589
1623590602319,-2.2076,9.9606,0.0242,-0.2278,-0.0173,-0.0845
1623590602328,-2.2578,9.9271,-0.0045,-0.2767,-0.0258,-0.1139
1623590602338,-2.3559,9.8769,0.0338,-0.3378,-0.0417,-0.1432
1623590602348,-2.4803,9.8745,0.1559,-0.3927,-0.0527,-0.1774
1623590602357,-2.6071,9.8841,0.4310,-0.4550,-0.0490,-0.2104
1623590602367,-2.5808,9.8865,0.7780,-0.5125,-0.0502,-0.2434
1623590602376,-2.3846,9.8386,1.1393,-0.5687,-0.0710,-0.2825
1623590602384,-1.9994,9.8123,1.4791,-0.5968,-0.1101,-0.3252
1623590602393,-1.5758,9.9558,1.4815,-0.6249,-0.1614,-0.3643
1623590602403,-1.3581,10.2310,1.2709,-0.6579,-0.2030,-0.3912
1623590602413,-1.5256,10.5325,1.1297,-0.7006,-0.1908,-0.4046
1623590602424,-1.9994,10.5253,1.0125,-0.7629,-0.1040,-0.3985
1623590602434,-2.5282,10.4129,0.8880,-0.8411,0.0145,-0.3973
1623590602444,-2.7699,10.1329,0.7277,-0.9425,0.0951,-0.4071
1623590602453,-2.8440,9.8697,0.5100,-1.0317,0.1037,-0.4291
1623590602463,-2.7699,9.6065,0.3640,-1.0916,0.0731,-0.4425
1623590602470,-2.7675,9.3122,0.2779,-1.1075,0.0511,-0.4364
1623590602482,-2.8608,9.1638,0.3712,-1.0745,0.0560,-0.4193
1623590602492,-3.1144,9.0155,0.4908,-1.0048,0.0756,-0.4095
1623590602501,-3.4470,8.9963,0.7708,-0.9279,0.1049,-0.4059
1623590602511,-3.7485,8.9174,1.2733,-0.8582,0.1232,-0.4107
1623590602520,-3.9711,8.9485,1.7949,-0.7629,0.1269,-0.4339
1623590602530,-3.9304,9.2021,2.2400,-0.6652,0.0976,-0.4633
1623590602540,-3.6217,9.5538,2.3261,-0.5992,0.0401,-0.4889
1623590602549,-3.1862,9.9152,2.0701,-0.5845,-0.0197,-0.5109
1623590602559,-2.9493,10.0300,1.7351,-0.7031,-0.0441,-0.5329
1623590602568,-3.0953,10.0540,1.5796,-0.9193,0.0194,-0.5244
1623590602578,-3.7701,10.0181,1.7064,-1.2137,0.1672,-0.5012
1623590602588,-4.6745,9.7477,2.0988,-1.5021,0.3492,-0.4889
1623590602597,-5.3254,9.2643,2.6994,-1.6805,0.4934,-0.4743
1623590602607,-5.3804,8.8767,3.3455,-1.6829,0.5410,-0.4743
1623590602616,-4.8444,8.8360,3.8863,-1.4996,0.4629,-0.5354
1623590602624,-3.9567,9.1854,4.1973,-1.1588,0.2906,-0.6307
1623590602634,-3.0714,9.4892,4.0562,-0.8313,0.1073,-0.6685
1623590602645,-2.6095,9.7596,3.6254,-0.6493,0.0169,-0.6392
1623590602655,-2.8560,10.0037,3.2306,-0.6774,0.0792,-0.5977
1623590602664,-3.7485,10.0348,2.9148,-0.8350,0.2674,-0.5867
1623590602674,-4.7224,9.6879,3.0583,-1.0781,0.4824,-0.5940
1623590602682,-5.4044,9.0514,3.6278,-1.2724,0.6217,-0.6233
1623590602693,-5.5120,8.4603,4.0394,-1.3432,0.6205,-0.6722
1623590602702,-4.9880,8.0679,4.4677,-1.2724,0.4885,-0.7296
1623590602711,-4.2917,8.1804,4.6376,-1.0708,0.3077,-0.7724
1623590602720,-3.7485,8.5728,4.3935,-0.8546,0.1391,-0.7895
1623590602730,-3.7413,8.9461,4.0274,-0.7043,0.0585,-0.7663
1623590602739,-4.2821,9.2236,3.8432,-0.7018,0.1110,-0.7088
1623590602749,-5.0885,9.0872,3.7642,-0.8423,0.2381,-0.6490
1623590602761,-5.7944,8.6183,4.0920,-1.0341,0.3688,-0.6197
1623590602770,-6.0983,8.0272,4.6663,-1.1734,0.4641,-0.6636
1623590602780,-5.9762,7.4482,5.1234,-1.1942,0.4372,-0.7272
1623590602789,-5.4929,6.9505,5.5038,-1.0855,0.2991,-0.7711
1623590602798,-4.7272,6.7207,5.5804,-0.8839,0.1330,-0.7883
1623590602809,-4.0668,6.7016,5.4033,-0.6884,-0.0209,-0.7736
1623590602818,-3.9328,6.6298,5.1975,-0.5345,-0.1174,-0.7113
1623590602828,-4.3324,6.5963,5.0252,-0.4648,-0.0942,-0.6184
1623590602837,-4.9665,6.6896,5.0300,-0.5003,0.0108,-0.5378
1623590602847,-5.4953,6.6250,5.2669,-0.6017,0.1098,-0.5085
1623590602856,-5.6939,6.2422,5.4081,-0.6481,0.1525,-0.5121
1623590602866,-5.3661,5.9311,5.3411,-0.5870,0.1159,-0.5146
1623590602876,-4.7511,5.6559,5.0946,-0.4868,-0.0160,-0.5403
1623590602884,-4.1792,5.4573,4.6472,-0.3524,-0.1859,-0.5671
1623590602895,-3.9950,5.3401,4.2930,-0.2425,-0.2873,-0.5525
1623590602905,-4.2343,5.3521,4.1973,-0.2217,-0.2995,-0.4987
1623590602914,-4.7439,5.5172,4.1901,-0.2767,-0.2482,-0.4474
1623590602924,-5.1340,5.6727,4.3146,-0.3561,-0.1871,-0.4242
1623590602933,-5.2034,5.6990,4.3194,-0.4440,-0.1687,-0.4376
1623590602942,-5.0670,5.7923,4.4294,-0.5039,-0.2018,-0.4840
1623590602952,-4.8971,5.8282,4.4821,-0.5320,-0.2494,-0.5512
1623590602962,-4.8062,5.6823,4.4629,-0.5406,-0.2738,-0.6038
1623590602972,-4.9043,5.3903,4.4103,-0.5540,-0.2531,-0.6148
1623590602981,-5.0646,5.0649,4.2978,-0.5723,-0.2127,-0.6074
1623590602991,-5.2321,4.8137,4.2643,-0.5919,-0.1797,-0.6184
1623590603000,-5.3876,4.7443,4.4557,-0.6114,-0.1614,-0.6441
1623590603008,-5.4881,4.8041,4.8697,-0.6359,-0.1419,-0.6746
1623590603018,-5.4618,4.7275,5.1927,-0.6481,-0.1211,-0.7186
1623590603028,-5.3589,4.4811,5.3531,-0.6420,-0.0967,-0.7699
1623590603037,-5.4738,4.0743,5.2980,-0.6334,-0.0600,-0.7931
1623590603047,-5.9404,3.7943,5.1425,-0.5992,0.0182,-0.7699
1623590603059,-6.4476,3.6244,5.1234,-0.5271,0.1061,-0.7137
1623590603067,-6.6678,3.6077,5.0946,-0.4599,0.1587,-0.6429
1623590603077,-6.5027,3.8087,5.0324,-0.4098,0.1550,-0.5708
1623590603087,-6.1677,4.1868,4.8673,-0.3634,0.1061,-0.5341
1623590603097,-6.0050,4.7299,4.8290,-0.3378,0.0377,-0.5317
1623590603106,-6.1270,5.1391,5.0133,-0.3598,-0.0038,-0.5354
1623590603116,-6.4500,5.2803,5.2693,-0.4502,0.0182,-0.5366
1623590603126,-6.7659,5.0912,5.5541,-0.5662,0.0829,-0.5476
1623590603134,-7.0267,4.7538,5.6258,-0.6921,0.1257,-0.5488
1623590603145,-7.2636,4.5074,5.8819,-0.7629,0.1318,-0.5195
1623590603154,-7.3043,4.3088,6.1044,-0.7434,0.1024,-0.4706
1623590603164,-7.2133,4.2155,6.3461,-0.6652,0.0414,-0.4156
1623590603174,-6.9669,4.0958,6.5543,-0.5430,-0.0160,-0.3778
1623590603183,-6.6749,4.1341,6.4992,-0.3805,-0.0649,-0.3533
1623590603193,-6.5218,4.3064,6.2767,-0.2657,-0.1187,-0.3277
1623590603202,-6.6223,4.4236,6.0709,-0.2107,-0.1468,-0.2922
1623590603212,-6.9812,4.3351,6.0398,-0.2522,-0.1272,-0.2556
1623590603222,-7.4000,3.9786,6.1906,-0.3255,-0.0674,-0.2214
1623590603231,-7.6704,3.5024,6.2432,-0.4208,-0.0112,-0.1933
1623590603240,-7.6369,3.1650,6.5327,-0.4648,0.0096,-0.1713
1623590603250,-7.2349,2.9185,6.7911,-0.3964,-0.0258,-0.1664
1623590603260,-6.5338,2.8707,6.8127,-0.2217,-0.1187,-0.1542
1623590603270,-5.8542,3.0406,6.4944,-0.0250,-0.2372,-0.1273
1623590603279,-5.5192,3.3373,6.1642,0.1204,-0.3141,-0.0784
1623590603289,-5.6819,3.5407,5.9848,0.1472,-0.3019,-0.0027
1623590603298,-6.1078,3.5311,5.9919,0.0678,-0.1981,0.0694
1623590603308,-6.5290,3.2344,6.0757,-0.0592,-0.0612,0.0975
1623590603317,-6.7635,2.7989,6.0015,-0.1350,0.0389,0.0938
1623590603325,-6.9334,2.5046,5.9465,-0.1325,0.0646,0.0938
1623590603335,-6.8329,2.4280,6.0159,-0.0250,0.0292,0.0987
1623590603345,-6.4740,2.8372,5.9106,0.1253,-0.0478,0.1231
1623590603354,-6.0672,3.5000,5.8005,0.2450,-0.1431,0.1598
1623590603364,-5.7872,4.0336,5.7096,0.3171,-0.1968,0.1903
1623590603375,-5.6413,4.2896,5.5038,0.3403,-0.1871,0.1928
1623590603385,-5.6580,4.3040,5.3794,0.2511,-0.1113,0.1915
1623590603394,-5.9691,4.0815,5.3004,0.0959,0.0133,0.1830
1623590603404,-6.4859,3.7680,5.2669,-0.0079,0.1306,0.1671
1623590603414,-6.9190,3.3947,5.3937,-0.0287,0.2197,0.1720
1623590603423,-7.0674,3.0645,5.6067,0.0519,0.2601,0.1940
1623590603433,-6.9525,2.9353,5.8627,0.2609,0.2271,0.2478
1623590603442,-6.6055,3.1937,5.9034,0.5235,0.1220,0.3039
1623590603452,-6.0839,3.6484,5.8484,0.7215,-0.0136,0.3504
1623590603462,-5.6963,4.0671,5.6570,0.7520,-0.0991,0.4066
1623590603471,-5.6317,4.5217,5.5828,0.6298,-0.0771,0.4420
1623590603481,-5.8303,4.8998,5.5541,0.4270,0.0365,0.4164
1623590603491,-6.1102,4.9357,5.5780,0.2279,0.1794,0.3565
1623590603500,-6.3065,4.5911,5.6665,0.1057,0.2918,0.3186
1623590603510,-6.3447,4.1868,5.6522,0.0813,0.3431,0.3211
1623590603519,-6.4333,3.9547,5.5971,0.1472,0.3346,0.3553
1623590603529,-6.5098,3.9810,5.6689,0.3110,0.2918,0.4102
1623590603539,-6.3447,4.1844,5.8149,0.5052,0.2136,0.4713
1623590603548,-5.7920,4.5911,5.8149,0.6787,0.1037,0.5373
1623590603558,-5.1890,5.1104,5.5900,0.7776,-0.0002,0.5886
1623590603567,-4.8755,5.6344,5.2406,0.8119,-0.0392,0.6131
1623590603577,-5.0550,6.0555,4.9822,0.7776,0.0060,0.6155
1623590603587,-5.5264,6.1704,4.9128,0.6848,0.1159,0.6155
1623590603595,-6.0026,5.9072,5.0444,0.5516,0.2478,0.6289
1623590603606,-6.2682,5.2898,5.1568,0.4551,0.3297,0.6326
1623590603615,-6.3495,4.8520,5.2143,0.4576,0.3248,0.6179
1623590603625,-6.3088,4.8017,5.4033,0.5797,0.2552,0.6033
1623590603635,-5.9332,5.2324,5.6115,0.7776,0.1403,0.5898
1623590603642,-5.3158,6.0101,5.5971,0.9841,0.0084,0.5764
1623590603652,-4.7439,6.6920,5.3985,1.1161,-0.1052,0.5605
1623590603661,-4.4783,7.1299,5.0803,1.0892,-0.1333,0.5422
1623590603671,-4.6674,7.1802,4.7644,0.9096,-0.0454,0.5239
1623590603682,-5.2608,6.8236,4.6232,0.6408,0.1122,0.5129
1623590603692,-6.0504,6.2685,4.6687,0.3769,0.2588,0.5251
1623590603702,-6.7013,5.6535,4.9247,0.2193,0.3382,0.5410
1623590603712,-6.9286,5.3257,5.3985,0.2547,0.3150,0.5300
1623590603721,-6.5577,5.5387,5.8101,0.5003,0.1806,0.5007
1623590603731,-5.6819,6.1130,5.9225,0.8253,-0.0368,0.4811
1623590603740,-4.7224,6.7255,5.7311,1.1210,-0.2518,0.4970
1623590603750,-4.0237,7.2065,5.3219,1.2663,-0.3581,0.5373
1623590603760,-3.9711,7.4458,4.8530,1.2101,-0.3092,0.5776
1623590603769,-4.6411,7.4386,4.6041,1.0012,-0.1297,0.6143
1623590603779,-5.7370,7.1658,4.5945,0.7227,0.1049,0.6558
1623590603788,-6.8544,6.7016,4.7285,0.5040,0.2881,0.6827
1623590603798,-7.4167,6.1752,5.0492,0.4343,0.3456,0.6803
1623590603808,-6.9190,5.9718,5.6043,0.5333,0.2539,0.6558
1623590603817,-5.5001,6.4025,5.7742,0.7911,0.0316,0.6204
1623590603827,-3.9376,7.4242,5.3435,1.1503,-0.2433,0.5947
1623590603837,-2.9063,8.4556,4.3792,1.4337,-0.4302,0.5947
1623590603846,-2.9039,8.9987,3.4795,1.5229,-0.4180,0.6399
1623590603856,-3.9352,8.9892,3.0823,1.3580,-0.1736,0.7621
1623590603865,-5.5575,8.5441,3.0751,1.0269,0.2038,0.9160
1623590603873,-6.9980,7.8693,3.3574,0.7215,0.5081,1.0016
1623590603884,-7.6297,7.1203,3.7666,0.5541,0.5948,0.9832
1623590603894,-7.1320,6.7327,4.0920,0.6530,0.4580,0.9099
1623590603904,-5.7035,7.3429,4.0968,0.9878,0.1452,0.8403
1623590603914,-4.1601,8.5680,3.7690,1.3751,-0.2262,0.8061
1623590603923,-3.0355,9.6208,3.1062,1.6744,-0.4693,0.8146
1623590603933,-2.5808,10.0659,2.3620,1.7501,-0.4717,0.8586
1623590603943,-2.9493,10.0420,1.8643,1.5400,-0.2592,0.9551
1623590603952,-4.0117,9.6950,1.7806,1.1503,0.0609,1.0846
1623590603962,-5.2010,9.0633,2.2352,0.7581,0.3541,1.1946
1623590603969,-5.9738,8.3120,2.9100,0.5321,0.5068,1.2374
1623590603979,-5.9284,7.7760,3.3215,0.5700,0.4800,1.2007
1623590603988,-5.0502,7.8932,3.1971,0.8876,0.2747,1.1250
1623590603998,-3.7964,8.6829,2.4865,1.3421,-0.0380,1.0773
1623590604009,-2.6311,9.8075,1.4695,1.7318,-0.3264,1.0810
1623590604019,-1.9419,10.5947,0.4047,1.8772,-0.4400,1.1103
1623590604029,-1.9037,11.0350,-0.2461,1.7037,-0.3166,1.1616
1623590604038,-2.3703,11.0996,-0.3466,1.2602,-0.0429,1.2300
1623590604048,-2.9397,10.7120,0.1176,0.7325,0.2344,1.2838
1623590604058,-3.2532,9.9271,0.6895,0.2767,0.4018,1.2826
1623590604067,-3.1551,9.1303,1.1513,0.0312,0.4335,1.2484
1623590604077,-2.9206,8.6637,1.3307,0.0581,0.3810,1.2105
1623590604087,-2.9015,8.9748,1.1680,0.4136,0.2955,1.1763
1623590604096,-2.9158,9.8793,0.9335,0.9316,0.2038,1.1665
1623590604106,-2.8608,10.4751,0.5148,1.3958,0.1196,1.1702
1623590604115,-2.7076,10.8388,0.2396,1.6817,0.0878,1.1604
1623590604125,-2.4923,11.0924,0.0577,1.7343,0.1061,1.1201
1623590604134,-2.3176,11.2575,0.0147,1.5803,0.1367,1.0626
1623590604144,-2.2147,11.2743,0.1606,1.3238,0.1562,1.0003
1623590604154,-2.0927,10.8531,0.4167,1.0415,0.1770,0.9417
1623590604164,-1.9778,10.2262,0.6416,0.7911,0.2014,0.9014
1623590604173,-1.8367,9.7142,0.7541,0.6481,0.2258,0.8696
1623590604183,-1.6165,9.3768,0.6727,0.6323,0.2173,0.8501
1623590604192,-1.4251,9.2835,0.4358,0.6994,0.1758,0.8354
1623590604202,-1.2097,9.3170,0.2133,0.7911,0.1281,0.8134
1623590604211,-0.9800,9.4199,-0.0093,0.8534,0.1049,0.7816
1623590604221,-0.7431,9.5850,-0.2557,0.8607,0.0951,0.7352
1623590604231,-0.5541,9.7596,-0.4639,0.7923,0.0805,0.6790
1623590604240,-0.4775,9.8745,-0.6122,0.6677,0.0744,0.6265
1623590604250,-0.4727,9.9008,-0.7151,0.5223,0.0805,0.5874
1623590604259,-0.5086,9.8793,-0.7774,0.3708,0.0976,0.5678
1623590604269,-0.5732,9.7907,-0.8731,0.2242,0.1086,0.5605
1623590604279,-0.6761,9.7261,-0.9473,0.1387,0.1110,0.5568
1623590604286,-0.8125,9.6687,-0.9951,0.1130,0.1110,0.5568
1623590604296,-0.9250,9.6137,-0.9161,0.1509,0.1073,0.5544
1623590604306,-0.9417,9.5969,-0.8109,0.2242,0.0915,0.5483
1623590604315,-0.8173,9.6807,-0.7223,0.3183,0.0487,0.5361
1623590604327,-0.5541,9.8051,-0.6649,0.4075,-0.0197,0.5153
1623590604337,-0.2502,9.9511,-0.6984,0.4576,-0.0893,0.4921
1623590604346,-0.0755,10.0659,-0.7582,0.4563,-0.1260,0.4664
1623590604356,-0.0612,10.1616,-0.8515,0.4075,-0.1174,0.4420
1623590604365,-0.1689,10.1951,-0.8563,0.3122,-0.0698,0.4188
1623590604375,-0.2885,10.0922,-0.7558,0.1924,-0.0124,0.3943
1623590604384,-0.2694,9.9582,-0.6122,0.0800,0.0230,0.3602
1623590604395,-0.0827,9.8458,-0.4974,0.0214,0.0230,0.3247
1623590604404,0.1781,9.8530,-0.5548,0.0165,-0.0099,0.2942
1623590604413,0.3767,9.9415,-0.7032,0.0422,-0.0564,0.2710
1623590604423,0.4868,10.0372,-0.9568,0.0678,-0.0808,0.2538
1623590604433,0.4437,10.1736,-1.0956,0.0654,-0.0649,0.2404
1623590604442,0.3456,10.3028,-1.1794,0.0373,-0.0197,0.2221
1623590604451,0.2571,10.3531,-1.2631,0.0043,0.0169,0.1952
1623590604461,0.2068,10.2669,-1.2990,-0.0384,0.0255,0.1647
1623590604471,0.1781,10.1497,-1.2775,-0.0702,0.0157,0.1366
1623590604480,0.1542,10.0731,-1.1937,-0.0788,0.0035,0.1109
1623590604490,0.1446,10.1281,-1.1482,-0.0482,-0.0112,0.0816
1623590604499,0.2355,10.3076,-1.0645,0.0104,-0.0429,0.0450
1623590604509,0.3911,10.4583,-0.9855,0.0434,-0.0881,0.0022
1623590604519,0.5346,10.5469,-0.9760,0.0422,-0.1309,-0.0430
1623590604529,0.5657,10.5684,-0.9879,0.0006,-0.1504,-0.0870
1623590604538,0.5011,10.4990,-0.9927,-0.0885,-0.1382,-0.1285
1623590604548,0.3360,10.3578,-0.9353,-0.1911,-0.0979,-0.1701
1623590604557,0.1183,10.1090,-0.8707,-0.2913,-0.0490,-0.2092
1623590604567,-0.0899,9.9463,-0.8228,-0.3585,-0.0148,-0.2507
1623590604576,-0.1569,9.9391,-0.7582,-0.3817,-0.0087,-0.2983
1623590604586,-0.0923,10.0324,-0.7869,-0.3769,-0.0331,-0.3484
1623590604596,0.0609,10.1927,-0.8826,-0.3634,-0.0759,-0.3936
1623590604603,0.1972,10.3602,-1.0310,-0.3720,-0.1162,-0.4339
1623590604613,0.2738,10.3818,-1.2057,-0.4257,-0.1248,-0.4706
1623590604623,0.1877,10.2621,-1.3133,-0.5125,-0.0967,-0.4987
1623590604632,-0.0014,10.0564,-1.3803,-0.6236,-0.0417,-0.5219
1623590604642,-0.2694,9.9223,-1.4545,-0.7214,0.0169,-0.5512
1623590604653,-0.4632,9.8553,-1.6053,-0.7984,0.0499,-0.5818
1623590604663,-0.5589,9.8984,-1.8374,-0.8802,0.0560,-0.6062
1623590604673,-0.5637,9.9487,-2.2059,-0.9804,0.0524,-0.6233
1623590604682,-0.5613,10.0587,-2.6605,-1.1343,0.0731,-0.6343
1623590604692,-0.6953,10.1975,-3.0649,-1.3579,0.1281,-0.6429
1623590604701,-1.0757,10.2502,-3.2372,-1.5986,0.2222,-0.6563
1623590604711,-1.7146,10.1138,-2.9429,-1.8197,0.3517,-0.6783
1623590604721,-2.4899,9.7166,-2.1508,-1.9785,0.5007,-0.7003
1623590604730,-3.1001,9.1375,-0.8731,-1.9895,0.6351,-0.7113
1623590604740,-3.3035,8.7259,0.5076,-1.8478,0.6901,-0.7076
1623590604750,-2.7938,8.3168,1.7495,-1.6108,0.6058,-0.7125
1623590604758,-1.8797,8.5800,2.5295,-1.3090,0.4372,-0.6991
1623590604768,-1.0638,9.2117,3.0894,-1.0452,0.2283,-0.6905
1623590604778,-0.6044,9.6855,3.3909,-0.8863,0.1061,-0.6600
1623590604788,-0.7001,10.3626,3.5632,-0.8961,0.1880,-0.5659
1623590604797,-1.4347,11.0015,3.7810,-1.0745,0.4128,-0.5219
1623590604807,-2.3966,11.3461,4.1399,-1.2980,0.6754,-0.5610
1623590604816,-3.0570,11.0733,4.6208,-1.5461,0.8648,-0.6062
1623590604826,-3.1096,10.3602,5.0205,-1.7599,0.8844,-0.6539
1623590604836,-2.4420,9.8171,5.3770,-1.7916,0.7475,-0.7321
1623590604846,-1.4825,9.8434,5.2813,-1.5766,0.5154,-0.8408
1623590604854,-0.5062,10.3722,4.6639,-1.1832,0.2344,-0.9337
1623590604865,0.2451,10.9895,3.8073,-0.8472,-0.0075,-0.9642
1623590604872,0.5083,11.4059,2.8119,-0.7214,-0.1003,-0.9544
1623590604937,-0.0038,11.5566,2.2687,-0.8509,-0.0160,-0.9446
1623590604939,-1.2026,11.1714,2.5965,-1.1416,0.2014,-0.9569
1623590604939,-2.4420,10.5038,3.6063,-1.3945,0.4201,-1.0033
1623590604940,-3.3082,9.5874,4.7022,-1.5265,0.5130,-1.0741
1623590604941,-3.2412,8.8073,5.5134,-1.4288,0.4079,-1.1780
1623590604942,-2.2147,8.6972,5.8101,-1.1563,0.0744,-1.2855
1623590604953,-1.0973,9.1447,5.5397,-0.8069,-0.3496,-1.3490
1623590604954,-0.7096,9.9176,5.0109,-0.4612,-0.6196,-1.4077
1623590604963,-1.4179,10.5038,4.7620,-0.3353,-0.5915,-1.4504
1623590604968,-2.8177,10.5540,4.7931,-0.4856,-0.3166,-1.4517
1623590604978,-4.1481,9.9534,5.0683,-0.8216,0.0023,-1.4455
1623590604987,-4.9090,8.8504,5.6091,-1.1820,0.1733,-1.4688
1623590604997,-5.1148,7.3142,6.2312,-1.3787,0.1758,-1.5213
1623590605009,-4.8779,5.9742,6.4274,-1.2809,0.0780,-1.5824
1623590605018,-4.4688,5.5243,5.8627,-0.9462,-0.0942,-1.5860
1623590605028,-4.2606,5.8163,4.9032,-0.5381,-0.2970,-1.5078
1623590605038,-4.5477,6.3020,4.0920,-0.1826,-0.4229,-1.3869
1623590605047,-5.1603,6.6873,3.6996,0.0605,-0.3899,-1.2513
1623590605056,-5.9044,6.8188,3.7259,0.1179,-0.2421,-1.1047
1623590605066,-6.4716,6.5269,3.9485,0.0324,-0.0857,-0.9923
1623590605074,-6.6654,6.0579,4.0849,-0.0922,0.0145,-0.9483
1623590605086,-6.3615,5.5889,4.0083,-0.1960,0.0157,-0.9727
1623590605095,-5.7513,5.4119,3.7881,-0.2242,-0.0637,-1.0008
1623590605105,-5.2034,5.4837,3.5536,-0.1875,-0.2030,-0.9886
1623590605114,-5.0598,5.7349,3.3335,-0.1008,-0.3141,-0.9312
1623590605124,-5.3948,6.1752,3.4005,-0.0653,-0.3276,-0.8383
1623590605133,-5.9164,6.5844,3.6781,-0.1301,-0.2372,-0.7541
1623590605143,-6.2682,6.5772,3.8815,-0.2620,-0.1272,-0.7040
1623590605152,-6.1892,6.1608,4.1854,-0.4416,-0.0674,-0.6771
1623590605163,-5.8494,5.6248,4.4510,-0.5968,-0.0674,-0.6698
1623590605172,-5.5934,5.3425,4.7931,-0.6689,-0.0930,-0.6734
1623590605182,-5.4259,5.3736,4.9678,-0.6273,-0.1125,-0.6881
1623590605192,-5.3134,5.6201,4.9678,-0.5173,-0.1174,-0.6746
1623590605201,-5.2871,5.9024,4.9200,-0.4294,-0.1162,-0.6307
1623590605210,-5.2608,6.2494,4.7357,-0.3769,-0.1052,-0.5891
1623590605220,-5.2847,6.4695,4.5658,-0.4160,-0.0759,-0.5525
1623590605230,-5.3445,6.3762,4.4510,-0.5003,-0.0234,-0.5403
1623590605239,-5.4044,6.0651,4.4031,-0.5760,0.0304,-0.5537
1623590605249,-5.3876,5.6775,4.5515,-0.6517,0.0683,-0.5647
1623590605259,-5.2584,5.2946,4.7620,-0.6750,0.0768,-0.5683
1623590605269,-5.0383,5.2731,4.9917,-0.6469,0.0536,-0.5732
1623590605276,-4.8971,5.5889,5.0300,-0.5711,0.0157,-0.5806
1623590605286,-4.9569,5.9048,4.9678,-0.4783,-0.0136,-0.5879
1623590605295,-5.2416,6.0962,4.8601,-0.4025,-0.0209,-0.5818
1623590605305,-5.6556,6.0197,4.8195,-0.4123,-0.0014,-0.5500
1623590605315,-6.0552,5.7493,4.8171,-0.4660,0.0401,-0.5244
1623590605326,-6.2945,5.4765,4.7405,-0.5235,0.0621,-0.5280
1623590605336,-6.3017,5.2061,4.7740,-0.5516,0.0352,-0.5512
1623590605345,-6.0097,4.9213,4.9439,-0.5394,-0.0295,-0.5793
1623590605355,-5.6580,4.9309,5.1640,-0.4868,-0.1040,-0.5977
1623590605365,-5.4738,5.0410,5.2645,-0.4453,-0.1577,-0.5977
1623590605374,-5.6843,4.7562,5.5014,-0.4538,-0.1468,-0.5696
1623590605384,-6.1509,4.2370,5.6880,-0.4844,-0.0539,-0.5134
1623590605393,-6.6678,3.7919,5.7838,-0.5125,0.0475,-0.4401
1623590605403,-6.9932,3.5072,5.8723,-0.4893,0.0866,-0.3924
1623590605412,-6.8448,3.5263,5.8771,-0.3854,0.0414,-0.3753
1623590605422,-6.1629,4.0384,5.7263,-0.2657,-0.0674,-0.3778
1623590605431,-5.4379,4.7921,5.3507,-0.1643,-0.1981,-0.3924
1623590605441,-5.2488,5.5052,4.9606,-0.1069,-0.2714,-0.3949
1623590605451,-5.8973,5.7206,4.9415,-0.1472,-0.2213,-0.3606
1623590605461,-6.8951,5.2922,5.3315,-0.2987,-0.0600,-0.2886
1623590605470,-7.4742,4.2825,5.9225,-0.5284,0.1024,-0.2079
1623590605480,-7.3904,3.0071,6.3365,-0.7263,0.1672,-0.1676
1623590605489,-6.9214,2.3682,6.6595,-0.7275,0.1147,-0.1786
1623590605499,-6.4141,2.6218,6.7433,-0.5149,-0.0014,-0.1969
1623590605509,-5.9667,3.7321,6.4466,-0.1741,-0.1370,-0.1884
1623590605518,-5.6771,4.7850,6.0446,0.1228,-0.2482,-0.1566
1623590605528,-5.7417,5.2803,5.7646,0.2560,-0.2677,-0.1114
1623590605537,-6.1509,5.2181,5.7431,0.1814,-0.1651,-0.0589
1623590605547,-6.7635,4.5313,5.8986,-0.0800,0.0108,-0.0149
1623590605557,-7.1894,3.6029,6.0589,-0.3549,0.1696,0.0010
1623590605566,-7.1846,2.9233,6.0924,-0.5235,0.2307,0.0059
1623590605576,-6.8305,2.7606,5.9728,-0.4990,0.1745,-0.0015
1623590605585,-6.2634,3.2248,5.8603,-0.2852,0.0401,-0.0186
1623590605593,-5.7393,4.0839,5.5828,0.0300,-0.1138,-0.0198
1623590605603,-5.4091,4.8376,5.2717,0.2926,-0.2372,0.0046
1623590605612,-5.4666,5.0147,5.2813,0.3562,-0.2653,0.0498
1623590605622,-6.0121,4.5696,5.5493,0.2413,-0.1541,0.0987
1623590605632,-6.7276,3.5862,5.9776,0.0067,0.0340,0.1463
1623590605643,-7.1894,2.5644,6.3652,-0.1777,0.1929,0.1891
1623590605653,-7.1679,2.2031,6.4968,-0.1814,0.2320,0.2111
1623590605662,-6.6630,2.5190,6.3652,0.0018,0.1220,0.2001
1623590605672,-5.8111,3.3564,6.0757,0.3232,-0.0625,0.1818
1623590605681,-5.0311,4.4523,5.5277,0.6029,-0.2115,0.1830
1623590605691,-4.7248,5.4023,4.9104,0.7471,-0.2494,0.1903
1623590605701,-5.0024,5.9168,4.6544,0.7190,-0.1675,0.1928
1623590605710,-5.6843,5.7469,4.7692,0.5150,0.0072,0.2123
1623590605720,-6.3734,4.9190,5.1210,0.2071,0.2100,0.2538
1623590605730,-6.8377,3.8278,5.3674,-0.0531,0.3492,0.2930
1623590605739,-6.9812,3.1770,5.6474,-0.1484,0.3761,0.3174
1623590605749,-6.7563,3.1028,5.7072,-0.0274,0.2869,0.3211
1623590605758,-6.3160,3.6196,5.5995,0.2328,0.1208,0.3247
1623590605768,-5.9212,4.3949,5.2813,0.5211,-0.0246,0.3284
1623590605777,-5.6532,5.1870,5.1353,0.7190,-0.0893,0.3247
1623590605787,-5.5384,5.7612,4.9822,0.7593,-0.0441,0.3308
1623590605796,-5.6436,6.1345,4.5586,0.7056,0.0683,0.3455
1623590605806,-6.0791,6.1010,4.3217,0.5858,0.2088,0.3467
1623590605816,-6.6749,5.7206,4.2978,0.4466,0.3749,0.3699
1623590605825,-7.1727,5.1415,4.2284,0.3855,0.5142,0.4286
1623590605835,-7.5076,4.5481,4.2524,0.4539,0.5728,0.4750
1623590605844,-7.6488,4.2801,4.2787,0.6848,0.5472,0.4933
1623590605854,-7.4024,4.4643,4.3098,1.0550,0.4397,0.5019
1623590605864,-6.6893,5.2683,4.4079,1.4618,0.2869,0.4738
1623590605873,-5.7465,6.3259,4.4414,1.8210,0.1415,0.4139
1623590605883,-4.9928,7.3309,4.2380,2.0568,0.0511,0.3614
1623590605893,-4.7463,8.1134,4.1160,2.0959,0.0499,0.3394
1623590605903,-5.2680,8.3766,3.8695,1.9053,0.1904,0.3650
1623590605910,-6.1820,8.2139,3.9437,1.6133,0.4348,0.4359
1623590605919,-6.9238,7.4338,4.2787,1.2896,0.6266,0.4970
1623590605929,-7.0793,6.7495,4.4964,1.1210,0.6632,0.5153
1623590605938,-6.5721,6.4982,4.6615,1.1332,0.4971,0.4713
1623590605950,-5.5838,6.8787,4.8099,1.3164,0.2197,0.3931
1623590605960,-4.4879,7.7114,4.7644,1.6133,-0.0527,0.3540
1623590605970,-3.7294,8.4579,4.4892,1.8760,-0.2506,0.3333
1623590605979,-3.8251,9.2213,4.2069,1.9921,-0.3105,0.3418
1623590605989,-4.4831,9.3983,4.0633,1.8503,-0.2298,0.4469
1623590605998,-5.3469,9.2954,4.1447,1.4704,-0.0796,0.5556
1623590606008,-6.0385,8.4412,4.4797,1.0159,0.0243,0.5532
1623590606018,-6.4524,7.2567,4.7788,0.6762,0.0438,0.4921
1623590606027,-6.4213,6.9361,5.2645,0.5944,-0.0075,0.4469
1623590606037,-5.5455,6.8500,5.0922,0.7410,-0.1956,0.3565
1623590606046,-4.4688,7.1132,4.5921,1.0648,-0.4815,0.2648
1623590606054,-4.0069,8.1756,4.0011,1.3910,-0.6342,0.3015
1623590606066,-4.2056,9.0968,3.4819,1.5547,-0.5964,0.2954
1623590606074,-4.6602,9.0585,3.2330,1.4337,-0.4326,0.3162
1623590606085,-5.1555,8.4962,2.9267,1.1026,-0.2042,0.4115
1623590606094,-5.6436,8.1325,2.9937,0.7410,-0.0319,0.4652
1623590606104,-5.9236,7.7377,3.0081,0.5248,-0.0222,0.4383
1623590606114,-6.0145,7.3955,2.9411,0.4991,-0.1565,0.4738
1623590606123,-6.2395,7.2783,3.0560,0.5809,-0.3483,0.5947
1623590606133,-6.3160,6.9887,2.8502,0.6677,-0.4901,0.6839
1623590606143,-5.8040,6.6801,2.1802,0.7056,-0.5182,0.7609
1623590606152,-5.2369,7.5271,1.6514,0.6616,-0.5047,0.7474
1623590606162,-4.1218,7.7712,1.5772,0.6176,-0.4766,0.5849
1623590606171,-3.6696,8.0248,1.8619,0.5174,-0.4351,0.5397
1623590606181,-4.1242,8.6015,2.5894,0.4539,-0.2885,0.5776
1623590606190,-4.4951,8.6781,3.0488,0.4820,-0.1003,0.6680
1623590606200,-4.7631,8.7331,2.9363,0.6017,-0.0527,0.7487
1623590606210,-4.8564,8.6302,2.6444,0.7508,-0.1052,0.8244
1623590606219,-4.7822,8.2187,2.4242,0.8595,-0.1687,0.8769
1623590606227,-4.8779,8.1947,2.0629,0.9621,-0.1675,0.9148
1623590606236,-4.7296,8.3670,1.5987,1.0562,-0.1248,0.9674
1623590606246,-4.3994,8.4532,1.1991,1.1087,-0.1016,0.9930
1623590606256,-4.1314,8.6063,1.0388,1.0941,-0.0551,1.0333
1623590606268,-3.9304,8.8264,1.0555,1.0012,0.0182,1.0981
1623590606277,-3.7318,8.8097,1.2613,0.8632,0.0841,1.1714
1623590606286,-3.5667,9.0418,1.3810,0.7520,0.1330,1.2117
1623590606296,-3.5403,9.5491,1.6442,0.6860,0.1513,1.2361
1623590606305,-3.5140,9.9750,1.9289,0.7056,0.1403,1.2471
1623590606315,-3.4518,10.1879,1.8978,0.8192,0.1086,1.2594
1623590606323,-3.5475,10.4153,1.2996,0.9438,0.0768,1.2862
1623590606335,-3.8562,10.8077,0.8426,1.0477,0.0560,1.2948
1623590606344,-4.0859,10.9178,0.5818,1.1075,0.0243,1.2288
1623590606354,-4.0237,10.7479,0.5243,1.0819,-0.0295,1.1873
1623590606363,-3.6743,10.4057,0.7756,0.9841,-0.0845,1.2080
1623590606373,-3.0714,10.1425,1.0125,0.9475,-0.1541,1.2068
1623590606383,-2.4205,10.3052,1.1465,1.0134,-0.2323,1.1775
1623590606392,-1.8917,10.9991,1.2015,1.1992,-0.3080,1.1457
1623590606402,-1.7242,11.6691,1.0843,1.4252,-0.3801,1.0993
1623590606412,-1.9013,11.9778,0.8617,1.5596,-0.4119,1.0516
1623590606421,-2.3607,11.9227,0.5267,1.5107,-0.3654,0.9991
1623590606431,-2.8560,11.6141,0.2468,1.3177,-0.2653,0.9270
1623590606440,-3.0833,11.2001,-0.1193,1.0733,-0.1920,0.8330
1623590606449,-3.0211,10.7048,-0.5596,0.8424,-0.1993,0.7364
1623590606459,-2.6718,10.1951,-0.8515,0.6714,-0.2763,0.6509
1623590606469,-2.2554,9.7740,-0.9975,0.5553,-0.3874,0.5947
1623590606479,-1.8367,9.5586,-1.0765,0.5064,-0.5035,0.5654
1623590606488,-1.6428,9.5874,-1.0884,0.5443,-0.6037,0.5410
1623590606498,-1.7338,9.8003,-0.9903,0.6652,-0.6770,0.5214
1623590606507,-2.0137,10.0731,-0.8132,0.8253,-0.7271,0.5300
1623590606517,-2.2769,10.2908,-0.6194,0.9682,-0.7576,0.5568
1623590606527,-2.3200,10.3243,-0.4113,1.0745,-0.7857,0.5874
1623590606536,-2.1358,10.2478,-0.3084,1.1234,-0.8273,0.6057
1623590606544,-1.7505,10.0348,-0.4184,1.1332,-0.8810,0.6008
1623590606554,-1.3366,9.8673,-0.6170,1.1381,-0.9213,0.5813
1623590606563,-1.0351,9.8434,-0.8707,1.1723,-0.9397,0.5422
1623590606573,-0.9346,9.9582,-1.0932,1.2383,-0.9372,0.5043
1623590606583,-0.9920,9.9439,-1.2009,1.3067,-0.9445,0.4945
1623590606594,-1.1978,10.0109,-1.1243,1.3604,-0.9482,0.5239
1623590606604,-1.4897,10.1090,-0.9999,1.3164,-0.9262,0.5715
1623590606613,-1.7050,9.9606,-0.8826,1.1723,-0.8786,0.6131
1623590606623,-1.7170,9.6376,-0.7439,1.0159,-0.8187,0.6314
1623590606632,-1.4275,9.1901,-0.7319,0.8681,-0.7699,0.6497
1623590606642,-1.0135,8.8671,-0.9975,0.7960,-0.7515,0.6937
1623590606652,-0.6738,8.4149,-1.4761,0.8180,-0.7674,0.7829
1623590606661,-0.4943,8.0536,-1.6460,0.8852,-0.7821,0.8904
1623590606671,-0.5900,8.0153,-1.4785,0.9438,-0.7515,0.9001
1623590606681,-0.8173,8.5560,-1.2727,1.0574,-0.6672,0.7902
1623590606690,-0.8939,9.1303,-1.4354,1.2358,-0.5719,0.6131
1623590606700,-0.7360,9.2308,-2.3040,1.5034,-0.5670,0.5165
1623590606709,-0.5613,9.2069,-3.2587,1.7990,-0.6709,0.5788
1623590606718,-0.4919,9.2236,-3.8043,1.9982,-0.7723,0.6717
1623590606728,-0.4967,9.2595,-3.7636,2.0592,-0.7735,0.6851
1623590606738,-0.5326,9.3122,-3.6463,1.9737,-0.7100,0.6350
1623590606748,-0.4704,9.3672,-3.4860,1.7673,-0.6672,0.6131
1623590606757,-0.3866,9.3026,-3.4525,1.5290,-0.6562,0.6326
1623590606767,-0.3244,9.1064,-3.5147,1.3445,-0.6501,0.6045
1623590606776,-0.2598,8.8097,-3.5554,1.2309,-0.6245,0.5129
1623590606786,-0.2454,8.3359,-3.7397,1.1637,-0.5854,0.4347
1623590606796,-0.2574,8.1062,-3.9359,1.2236,-0.5475,0.4066
1623590606804,-0.2550,8.3192,-4.2493,1.3910,-0.5463,0.3943
1623590606815,-0.2095,8.6685,-4.7279,1.5791,-0.5915,0.3553
1623590606825,-0.0755,8.7403,-4.8188,1.7392,-0.6416,0.3345
1623590606834,0.1015,8.5393,-4.7470,1.8125,-0.6526,0.3418
1623590606842,0.1829,8.3263,-4.7112,1.8027,-0.6159,0.3565
1623590606852,0.1996,8.3527,-4.8260,1.7392,-0.5658,0.3931
1623590606861,0.2164,8.5034,-5.1323,1.6414,-0.5328,0.4066
1623590606871,0.1781,8.6159,-5.3931,1.5363,-0.5170,0.3492
1623590606882,0.0872,8.5226,-5.6563,1.4178,-0.4852,0.2538
1623590606892,-0.0851,8.3503,-5.8860,1.2896,-0.4326,0.1940
1623590606901,-0.3005,8.2426,-5.9363,1.1637,-0.3777,0.1745
1623590606911,-0.5086,8.1564,-5.9315,1.1026,-0.3325,0.1745
1623590606921,-0.5972,8.0631,-5.8741,1.0696,-0.2958,0.1793
1623590606930,-0.5637,7.9794,-5.5893,1.0354,-0.2579,0.1683
1623590606940,-0.4680,7.8167,-5.3165,1.0012,-0.2384,0.1610
1623590606950,-0.2981,7.4362,-5.0055,0.9780,-0.2310,0.1732
1623590606959,-0.3005,7.2567,-5.1299,0.9414,-0.2127,0.2050
1623590606969,-0.4153,7.5104,-5.4673,0.9243,-0.1846,0.2258
1623590606978,-0.5661,7.9746,-5.8525,0.8864,-0.1504,0.2196
1623590606988,-0.5996,8.2689,-6.1014,0.8290,-0.1272,0.1353
1623590606997,-0.4799,8.3407,-6.1110,0.7227,-0.1150,0.0364
1623590607007,-0.2071,8.0583,-5.9937,0.5614,-0.1089,0.0010
1623590607017,0.0226,7.5630,-6.0248,0.4258,-0.0881,0.0217
1623590607026,0.1446,7.2520,-6.0200,0.3488,-0.0637,0.0498
1623590607034,0.1159,7.0773,-6.1851,0.3525,-0.0319,0.0682
1623590607046,-0.0660,7.1084,-6.2785,0.4343,0.0060,0.1024
1623590607054,-0.1736,7.2232,-6.3287,0.5455,0.0279,0.1329
1623590607065,-0.1665,7.2496,-6.2354,0.6262,0.0243,0.1476
1623590607074,-0.0492,7.2783,-6.1492,0.6604,-0.0014,0.1671
1623590607084,0.0489,7.3644,-6.2808,0.6262,-0.0246,0.1879
1623590607094,0.1422,7.4936,-6.4388,0.5480,-0.0368,0.2319
1623590607103,0.1231,7.5726,-6.4483,0.4563,-0.0356,0.2588
1623590607113,0.0872,7.5487,-6.3455,0.4014,-0.0148,0.2392
1623590607123,0.0393,7.4888,-6.3359,0.3562,-0.0063,0.2270
1623590607132,0.0656,7.3261,-6.4077,0.3146,-0.0234,0.2551
1623590607142,0.1063,7.2424,-6.5441,0.2987,-0.0551,0.2966
1623590607152,0.1542,7.4649,-6.5584,0.2878,-0.0783,0.3211
1623590607159,0.1757,7.7951,-6.4723,0.2780,-0.0991,0.3284
1623590607169,0.1231,8.0990,-6.4077,0.2902,-0.1211,0.3272
1623590607178,0.0656,8.2881,-6.4771,0.2890,-0.1468,0.3504
1623590607188,0.0800,8.2187,-6.5345,0.2364,-0.1810,0.3773
1623590607199,0.0609,8.0392,-6.6134,0.1656,-0.2005,0.3797
1623590607209,0.0345,7.8717,-6.6852,0.0910,-0.2127,0.3663
1623590607219,0.0226,7.7257,-6.6111,0.0312,-0.2225,0.3553
1623590607229,0.0417,7.5893,-6.5321,0.0287,-0.2335,0.3296
1623590607238,0.0704,7.5917,-6.4818,0.0483,-0.2469,0.3003
1623590607247,0.1135,7.6228,-6.5130,0.0617,-0.2653,0.2771
1623590607258,0.1637,7.5439,-6.4388,0.0813,-0.2763,0.2648
1623590607267,0.1949,7.3955,-6.4172,0.1118,-0.2787,0.2612
1623590607277,0.1805,7.3740,-6.4627,0.1411,-0.2738,0.2563
1623590607286,0.1255,7.5200,-6.5177,0.1937,-0.2689,0.2465
1623590607296,0.0058,7.6946,-6.4507,0.2450,-0.2653,0.2551
1623590607305,0.0082,7.7856,-6.3885,0.2963,-0.2653,0.2868
1623590607315,0.1135,7.9411,-6.4124,0.3268,-0.2824,0.3174
1623590607325,0.2236,7.9243,-6.3359,0.3219,-0.3068,0.3027
1623590607334,0.2738,7.6827,-6.3861,0.2767,-0.2995,0.2734
1623590607344,0.2571,7.5391,-6.4507,0.2303,-0.2641,0.2612
1623590607353,0.1901,7.5989,-6.3957,0.1827,-0.2225,0.2380
1623590607363,0.1661,7.7832,-6.3191,0.1546,-0.2005,0.1952
1623590607373,0.1709,8.0296,-6.2904,0.1521,-0.1956,0.1622
1623590607382,0.1853,8.1086,-6.3239,0.1472,-0.2091,0.1586
1623590607392,0.2355,7.9172,-6.2497,0.1045,-0.2152,0.1598
1623590607401,0.2714,7.6085,-6.2497,0.0471,-0.1932,0.1549
1623590607411,0.2427,7.3046,-6.2306,-0.0213,-0.1553,0.1525
1623590607421,0.1781,7.1108,-6.2952,-0.0568,-0.1162,0.1427
1623590607430,0.0728,7.1754,-6.3933,-0.0360,-0.0845,0.1146
1623590607440,-0.0205,7.5463,-6.3885,0.0141,-0.0661,0.0755
1623590607450,-0.0660,7.8502,-6.3622,0.0385,-0.0612,0.0486
1623590607459,-0.0038,8.0272,-6.3622,0.0617,-0.0661,0.0401
1623590607469,0.1015,7.9291,-6.3646,0.0214,-0.0735,0.0388
1623590607476,0.1757,7.5606,-6.4101,-0.0494,-0.0649,0.0291
1623590607486,0.1685,7.1610,-6.3239,-0.0947,-0.0331,0.0229
1623590607495,0.0800,6.9218,-6.2426,-0.1105,0.0120,0.0217
1623590607505,-0.0253,6.9552,-6.1995,-0.0678,0.0401,0.0193
1623590607514,-0.0444,7.2400,-6.1684,-0.0030,0.0426,0.0059
1623590607526,0.4772,7.4506,-7.2164,0.0507,0.0316,-0.0051
1623590607534,0.1015,7.3477,-5.7975,0.0910,0.0096,-0.0015
1623590607543,-0.6091,8.0823,-6.1947,0.2205,0.0707,0.0169
1623590607555,-0.3268,8.2785,-6.3813,0.1546,0.0585,-0.0039
1623590607562,0.0369,7.7329,-6.3215,0.0312,-0.0209,-0.0186
1623590607576,0.1781,7.4147,-6.3837,-0.0592,-0.0466,0.0083
1623590607581,0.2475,7.1778,-6.4316,-0.1924,-0.0148,0.0181
1623590607593,0.5131,6.8619,-6.5201,-0.2070,0.0243,-0.0064
1623590607601,0.2523,6.9600,-6.4483,-0.1423,0.0585,-0.0161
1623590607612,-0.0516,7.4960,-6.2952,-0.0519,0.1098,0.0205
