1624366503665,-0.6953,5.6942,8.0833,-0.0574,0.2781,-0.0595
1624366503666,-0.4727,5.6488,7.9086,-0.0245,0.1730,-0.0803
1624366503669,-0.2957,6.0197,7.8129,0.1038,0.0912,-0.1255
1624366503698,-0.3220,6.3068,7.8105,0.1893,0.0948,-0.1536
1624366503699,-0.5134,6.4073,7.8081,0.2125,0.1266,-0.0986
1624366503700,-0.6977,6.4001,7.8248,0.1637,0.1266,-0.0217
1624366503739,-0.7025,6.3905,7.8536,0.0818,0.0838,0.0125
1624366503740,-0.5685,6.3355,7.8392,0.0183,0.0264,-0.0045
1624366503741,-0.4656,6.2685,7.8512,-0.0184,-0.0188,-0.0375
1624366503742,-0.4560,6.2015,7.8799,-0.0440,-0.0285,-0.0510
1624366503754,-0.5278,6.1225,7.8895,-0.0562,-0.0114,-0.0375
1624366503757,-0.6355,6.0579,7.8871,-0.0477,0.0093,-0.0155
1624366503768,-0.6307,6.1249,7.8416,-0.0098,0.0179,0.0003
1624366503777,-0.5756,6.1656,7.7746,0.0244,0.0106,0.0187
1624366503786,-0.5397,6.1680,7.7459,0.0439,-0.0053,0.0309
1624366503799,-0.5350,6.1632,7.7004,0.0415,-0.0212,0.0296
1624366503805,-0.5828,6.1537,7.7004,0.0219,-0.0322,0.0443
1624366503815,-0.5756,6.1082,7.7339,0.0024,-0.0432,0.0639
1624366503824,-0.5493,6.1034,7.7961,-0.0049,-0.0530,0.0748
1624366503835,-0.4967,6.0843,7.7842,-0.0196,-0.0566,0.0602
1624366503843,-0.4991,6.0627,7.7794,-0.0306,-0.0468,0.0321
1624366503853,-0.5541,5.9933,7.7459,-0.0404,-0.0224,0.0138
1624366503863,-0.6211,5.9814,7.7004,-0.0477,0.0008,0.0101
1624366503872,-0.6929,5.9550,7.6837,-0.0587,0.0118,0.0113
1624366503883,-0.6570,6.0101,7.6334,-0.0562,0.0118,0.0089
1624366503891,-0.6091,6.0723,7.6717,-0.0538,-0.0017,0.0089
1624366503901,-0.6068,6.0843,7.6980,-0.0452,-0.0102,0.0089
1624366503911,-0.6211,6.0843,7.7052,-0.0428,-0.0114,0.0162
1624366503920,-0.6642,6.0938,7.7315,-0.0538,-0.0053,0.0309
1624366503930,-0.6833,6.0914,7.7387,-0.0672,0.0008,0.0321
1624366503940,-0.6546,6.0843,7.7483,-0.0770,-0.0029,0.0296
1624366503951,-0.6785,6.1225,7.7650,-0.0880,-0.0139,0.0321
1624366503959,-0.6977,6.1441,7.7890,-0.0929,-0.0188,0.0345
1624366503971,-0.7001,6.1345,7.8153,-0.0941,-0.0114,0.0431
1624366503978,-0.7216,6.1201,7.8081,-0.0953,-0.0029,0.0431
1624366503988,-0.7192,6.1369,7.7890,-0.1014,0.0032,0.0272
1624366503997,-0.7144,6.1632,7.7602,-0.0990,0.0081,0.0174
1624366504007,-0.7168,6.1680,7.7028,-0.1014,0.0142,0.0284
1624366504020,-0.7407,6.0986,7.6693,-0.1136,0.0276,0.0321
1624366504026,-0.7144,6.0843,7.6597,-0.1271,0.0423,0.0162
1624366504037,-0.7144,6.1082,7.5760,-0.1308,0.0472,0.0028
1624366504045,-0.7407,6.0938,7.5377,-0.1344,0.0497,0.0065
1624366504056,-0.7934,6.1058,7.5353,-0.1320,0.0643,0.0150
1624366504066,-0.8365,6.1465,7.5856,-0.1308,0.0826,0.0235
1624366504076,-0.8771,6.1106,7.6143,-0.1454,0.0961,0.0272
1624366504084,-0.8197,6.0603,7.5927,-0.1625,0.0973,0.0284
1624366504095,-0.7695,6.0436,7.5592,-0.2028,0.0924,0.0272
1624366504103,-0.7862,6.0388,7.5640,-0.2212,0.0936,0.0138
1624366504112,-0.7695,5.9957,7.5281,-0.2248,0.1059,0.0150
1624366504124,-0.8197,5.9503,7.4827,-0.2542,0.1107,0.0431
1624366504134,-0.9130,5.8880,7.4252,-0.2823,0.1156,0.0577
1624366504141,-1.0016,5.8426,7.4013,-0.3116,0.1242,0.0699
1624366504151,-1.0662,5.7588,7.4205,-0.3385,0.1278,0.0846
1624366504160,-1.1667,5.7086,7.3391,-0.3702,0.1315,0.1066
1624366504170,-1.5065,6.0699,7.4803,-0.4044,0.1168,0.1335
1624366504180,-1.2983,5.4837,7.4181,-0.4753,0.0973,0.2056
1624366504189,-1.1906,5.2372,7.2936,-0.5938,0.0130,0.3558
1624366504201,-1.1427,5.4095,7.2386,-0.6366,-0.0603,0.2715
1624366504210,-1.0733,5.3162,7.2554,-0.6671,-0.0408,0.1726
1624366504220,-1.1571,5.1798,7.2171,-0.6805,0.0289,0.2153
1624366504229,-1.2983,5.1367,7.1836,-0.7025,0.0863,0.2752
1624366504238,-1.3485,5.0051,7.1046,-0.7355,0.1168,0.2923
1624366504249,-1.4323,4.8926,7.0304,-0.7832,0.1401,0.2996
1624366504258,-1.5519,4.7586,6.7816,-0.8430,0.1523,0.3167
1624366504268,-2.2769,5.0601,6.4274,-0.9139,0.1572,0.3583
1624366504277,-1.9850,5.7684,5.9632,-1.0593,0.1633,0.4536
1624366504287,-2.0018,5.0697,5.9010,-1.3256,0.1352,0.7407
1624366504297,-2.1166,4.3854,5.8316,-1.5455,0.0399,0.8848
1624366504306,-2.1429,4.0719,5.6330,-1.7263,-0.0004,0.7517
1624366504316,-2.2004,3.6173,5.5038,-2.0073,0.0435,0.6686
1624366504326,-2.4373,2.9545,5.6546,-2.2150,0.0753,0.7615
1624366504336,-2.6502,2.6314,5.7287,-2.3482,0.0533,0.9349
1624366504345,-2.1764,2.4089,5.7431,-2.4410,-0.0151,1.0571
1624366504355,-2.0712,2.3108,5.6570,-2.5669,-0.1189,1.0925
1624366504364,-2.1669,2.1241,5.2861,-2.7281,-0.1458,1.1671
1624366504374,-2.3152,1.6862,5.1449,-2.8955,-0.0750,1.2941
1624366504384,-2.5234,1.4565,5.0707,-2.9969,0.0289,1.4114
1624366504393,-2.6909,1.2723,4.9917,-3.0824,0.1107,1.5006
1624366504403,-2.6813,0.9852,4.9439,-3.1496,0.1401,1.5861
1624366504412,-2.5928,0.7363,4.9223,-3.1667,0.1364,1.6900
1624366504422,-2.4684,0.5832,4.8865,-3.2132,0.1376,1.8170
1624366504431,-2.4301,0.3630,4.9439,-3.3024,0.1584,1.9600
1624366504441,-2.4947,0.0902,5.0228,-3.3830,0.2109,2.1310
1624366504451,-2.7196,-0.3740,5.0874,-3.4355,0.2964,2.3216
1624366504460,-2.9565,-0.7281,5.0564,-3.4758,0.4100,2.5268
1624366504470,-3.0761,-0.8334,4.9582,-3.4893,0.5432,2.7211
1624366504480,-3.1168,-0.6994,4.6615,-3.5003,0.6825,2.9154
1624366504489,-3.0857,-0.3548,4.2045,-3.5296,0.8279,3.1328
1624366504499,-3.0761,-0.0701,3.7427,-3.5809,0.9965,3.3662
1624366504507,-3.1647,-0.0366,3.2593,-3.6957,1.2017,3.6008
1624366504516,-3.6791,-0.4410,3.5824,-3.9181,1.4424,3.8121
1624366504526,-4.3300,-1.1899,3.4340,-4.2773,1.6904,3.9783
1624366504535,-5.1723,-1.8695,3.7905,-4.6512,1.8957,4.1065
1624366504545,-6.1581,-2.9032,4.4677,-5.0116,2.0374,4.2299
1624366504555,-6.8903,-4.0613,4.2117,-5.2156,2.1144,4.3961
1624366504566,-7.4670,-4.8462,3.7929,-5.2046,2.1608,4.5928
1624366504576,-7.8355,-5.2242,3.3718,-5.1814,2.2329,4.7822
1624366504585,-8.1681,-5.2577,3.4938,-5.1716,2.3587,4.9324
1624366504595,-8.6323,-5.6525,3.8193,-5.1288,2.4845,5.0326
1624366504604,-9.2066,-6.1885,4.1782,-5.0311,2.5578,5.1267
1624366504614,-10.1254,-7.4711,5.3124,-4.8759,2.6177,5.2207
1624366504624,-11.0036,-8.7704,5.6522,-4.7257,2.6837,5.3258
1624366504633,-11.7717,-9.4308,5.7024,-4.4630,2.7533,5.4101
1624366504643,-12.2670,-9.0503,5.4368,-4.0940,2.8168,5.4590
1624366504652,-12.6163,-7.8970,4.9463,-3.6848,2.9610,5.4993
1624366504662,-12.8221,-6.8154,5.4081,-3.2950,3.1980,5.4822
1624366504672,-13.3318,-5.9253,5.0803,-3.0336,3.4766,5.3820
1624366504681,-14.0113,-5.7219,4.8984,-3.0018,3.5988,5.1865
1624366504690,-14.5162,-6.1885,4.1327,-3.2181,3.6244,4.9996
1624366504700,-14.9039,-6.8346,3.6063,-3.5101,3.5780,4.8799
1624366504710,-15.2747,-7.3897,3.6996,-3.7617,3.5206,4.8029
1624366504719,-15.5284,-7.6673,3.6470,-3.9303,3.4839,4.7284
1624366504729,-15.7748,-7.6912,3.6470,-3.9792,3.4192,4.6294
1624366504739,-15.9663,-7.5477,3.7116,-4.0049,3.3226,4.5158
1624366504748,-16.1409,-7.4663,3.6661,-4.0940,3.2139,4.4193
1624366504758,-16.1529,-7.7415,3.6518,-4.2003,3.0734,4.3301
1624366504768,-16.3515,-8.1865,3.5321,-4.2541,2.8999,4.2470
1624366504777,-16.4975,-8.7201,3.4340,-4.1869,2.7008,4.1420
1624366504787,-16.5190,-9.3207,3.4197,-4.0488,2.4735,4.0528
1624366504796,-16.3635,-9.9620,3.3909,-3.8399,2.1779,3.9795
1624366504806,-15.9543,-10.5818,3.2737,-3.5455,1.8297,3.8915
1624366504816,-15.2724,-11.1417,3.0560,-3.1936,1.4632,3.7718
1624366504825,-14.4444,-11.6202,2.7616,-2.7941,1.1015,3.6325
1624366504835,-13.4873,-12.0198,2.4051,-2.3604,0.7583,3.4737
1624366504843,-12.5350,-12.3022,2.1897,-1.9304,0.4406,3.2904
1624366504852,-11.5683,-12.4075,2.1539,-1.5137,0.1828,3.0534
1624366504861,-10.6686,-12.2328,1.9744,-1.1362,-0.0004,2.7626
1624366504871,-9.8981,-11.8811,1.6107,-0.7722,-0.1055,2.4254
1624366504880,-9.1539,-11.4767,1.5987,-0.4118,-0.1544,2.0504
1624366504890,-8.6012,-10.8833,1.4982,-0.0904,-0.1483,1.6545
1624366504902,-8.1776,-10.2157,1.4695,0.2113,-0.1519,1.2098
1624366504912,-7.8857,-9.6414,1.6274,0.4960,-0.0933,0.7725
1624366504921,-7.7565,-9.1915,1.9648,0.7990,-0.0285,0.3717
1624366504931,-7.7182,-8.6986,2.1921,1.1166,0.0276,-0.0021
1624366504941,-7.8307,-8.2057,2.3070,1.4306,0.0765,-0.3491
1624366504950,-8.1106,-7.7822,2.4027,1.6884,0.1352,-0.6679
1624366504960,-8.5796,-7.2486,2.4362,1.8313,0.2011,-0.9599
1624366504969,-9.1850,-6.7556,2.3405,1.8264,0.2451,-1.2275
1624366504979,-9.8239,-6.4733,2.2424,1.7128,0.2415,-1.4572
1624366504989,-10.4508,-6.3871,2.1610,1.5283,0.1889,-1.6356
1624366504998,-10.9366,-6.3967,2.1802,1.3109,0.0948,-1.7822
1624366505007,-11.2907,-6.4422,2.2065,1.1105,-0.0298,-1.9153
1624366505017,-11.5252,-6.4158,2.2831,0.9505,-0.1776,-2.0387
1624366505027,-11.7334,-6.3225,2.4290,0.8735,-0.3254,-2.1548
1624366505037,-12.0085,-6.0856,2.5056,0.8564,-0.4512,-2.2721
1624366505046,-12.3268,-5.6262,2.3237,0.9138,-0.5429,-2.3930
1624366505056,-12.5948,-5.1429,2.0916,0.9822,-0.5979,-2.5176
1624366505065,-12.8412,-4.7050,1.8548,1.0372,-0.6345,-2.6422
1624366505075,-13.0111,-4.2623,1.6897,1.0665,-0.6993,-2.7754
1624366505085,-13.1308,-3.9608,1.6490,1.0494,-0.8031,-2.9147
1624366505095,-13.2289,-3.8388,1.6322,1.0274,-0.9216,-3.0491
1624366505104,-13.3844,-3.7742,1.7327,1.0164,-1.0206,-3.1688
1624366505114,-13.6644,-3.6976,1.6681,1.0189,-1.0816,-3.2800
1624366505123,-14.0233,-3.6115,1.5963,1.0690,-1.0927,-3.3765
1624366505133,-14.4564,-3.4607,1.4982,1.1655,-1.0731,-3.4596
1624366505142,-14.8392,-3.1951,1.4097,1.2974,-1.0572,-3.5304
1624366505152,-15.1503,-2.8338,1.3140,1.4367,-1.0902,-3.5805
1624366505162,-15.3226,-2.5155,1.3523,1.5491,-1.1806,-3.6013
1624366505171,-15.3657,-2.3241,1.3212,1.6554,-1.2991,-3.5879
1624366505181,-15.3465,-2.1423,1.2542,1.7568,-1.4201,-3.5647
1624366505191,-15.2460,-1.9748,1.1895,1.8350,-1.5276,-3.5292
1624366505200,-15.0211,-1.8097,1.1752,1.8936,-1.6168,-3.4755
1624366505210,-14.6741,-1.6063,1.1513,1.9315,-1.6986,-3.4107
1624366505217,-14.2578,-1.4148,1.0986,1.9425,-1.7939,-3.3386
1624366505227,-13.7625,-1.2402,1.1058,1.9449,-1.8868,-3.2470
1624366505236,-13.3366,-1.0416,0.9335,1.9168,-1.9528,-3.1346
1624366505246,-13.0638,-0.7999,0.6559,1.8582,-1.9821,-3.0161
1624366505256,-12.8795,-0.5534,0.5459,1.7641,-1.9613,-2.8854
1624366505266,-12.5350,-0.3357,0.5148,1.6334,-1.9039,-2.7424
1624366505277,-11.9296,-0.0916,0.4191,1.4880,-1.8819,-2.6044
1624366505287,-11.1232,0.1883,0.3114,1.3231,-1.9405,-2.4639
1624366505296,-10.2785,0.4468,0.2157,1.1374,-2.0370,-2.3075
1624366505306,-9.4961,0.6143,0.1678,0.9468,-2.0945,-2.1230
1624366505315,-8.7711,0.6765,0.1917,0.7452,-2.0713,-1.9055
1624366505325,-8.0915,0.6406,0.2444,0.5351,-1.9735,-1.6661
1624366505335,-7.4885,0.5568,0.3138,0.3115,-1.8391,-1.4132
1624366505344,-6.9238,0.3415,0.4334,0.0757,-1.6901,-1.1481
1624366505352,-6.3352,0.0448,0.5842,-0.1662,-1.5496,-0.8720
1624366505363,-5.7657,-0.2400,0.7564,-0.4105,-1.4262,-0.6020
1624366505373,-5.1794,-0.4553,0.9168,-0.6366,-1.3113,-0.3503
1624366505382,-4.6793,-0.6252,0.9838,-0.8442,-1.2014,-0.1145
1624366505392,-4.2438,-0.7855,0.9431,-1.0079,-1.0755,0.1005
1624366505402,-3.9232,-0.9339,0.9598,-1.1155,-0.9265,0.2850
1624366505411,-3.7318,-1.0128,0.9192,-1.1851,-0.7677,0.4304
1624366505421,-3.6528,-1.0703,0.8019,-1.2266,-0.6125,0.5391
1624366505431,-3.7102,-1.0368,0.7014,-1.2315,-0.4806,0.6234
1624366505440,-3.8921,-0.9459,0.5411,-1.1985,-0.3633,0.7065
1624366505448,-4.1601,-0.8095,0.3544,-1.1204,-0.2631,0.7957
1624366505458,-4.5358,-0.7257,0.1846,-1.0177,-0.1763,0.9081
1624366505468,-4.9473,-0.6874,0.1176,-0.9334,-0.0896,1.0473
1624366505479,-5.3804,-0.6755,0.1199,-0.8870,-0.0126,1.2147
1624366505488,-5.7609,-0.6180,0.1511,-0.8943,0.0411,1.3980
1624366505497,-6.0313,-0.5295,0.1774,-0.9261,0.0582,1.6032
1624366505507,-6.2658,-0.5008,0.1630,-0.9860,0.0497,1.8488
1624366505517,-6.5721,-0.5486,0.1439,-1.0849,0.0472,2.1493
1624366505526,-6.9549,-0.6874,0.0817,-1.2181,0.0863,2.4792
1624366505536,-7.4430,-0.9028,0.0410,-1.4075,0.1926,2.8017
1624366505546,-8.1035,-1.1684,0.0147,-1.6445,0.3575,3.0937
1624366505553,-8.7663,-1.4890,-0.0428,-1.9291,0.5408,3.3527
1624366505563,-9.4769,-1.8503,-0.0763,-2.2199,0.7008,3.5910
1624366505573,-10.0536,-2.1997,-0.1265,-2.5131,0.8010,3.8084
1624366505582,-10.6231,-2.5203,-0.1768,-2.7733,0.8377,3.9966
1624366505592,-11.1878,-2.8457,-0.1361,-2.9823,0.8352,4.1493
1624366505602,-11.6377,-3.1305,-0.1624,-3.1496,0.8242,4.2666
1624366505613,-12.0755,-3.3865,-0.1672,-3.2767,0.8230,4.3497
1624366505623,-12.4464,-3.6545,-0.1050,-3.3537,0.8291,4.4059
1624366505632,-12.8317,-3.9082,-0.0691,-3.3854,0.8291,4.4413
1624366505642,-13.1715,-4.1498,-0.0260,-3.3647,0.8218,4.4572
1624366505651,-13.5304,-4.4825,0.0482,-3.2816,0.8108,4.4657
1624366505659,-13.8247,-4.8557,0.0889,-3.1423,0.8083,4.4657
1624366505690,-14.0951,-5.2529,0.1056,-2.9615,0.8108,4.4511
1624366505691,-14.3128,-5.7171,0.2013,-2.7196,0.8096,4.4205
1624366505692,-14.4229,-6.1670,0.4382,-2.4276,0.8010,4.3741
1624366505698,-14.3822,-6.6408,0.8785,-2.0904,0.7778,4.3057
1624366505708,-14.1741,-7.0858,1.4336,-1.7068,0.7387,4.2238
1624366505718,-13.7601,-7.4926,1.9983,-1.2816,0.6935,4.1273
1624366505727,-13.1499,-7.7965,2.4099,-0.8271,0.6471,4.0088
1624366505737,-12.4034,-7.9784,2.6228,-0.3617,0.6141,3.8585
1624366505746,-11.6400,-8.0908,2.8645,0.0928,0.6019,3.6814
1624366505755,-10.9557,-8.0334,2.9913,0.5082,0.6153,3.4713
1624366505766,-10.3766,-7.8300,2.9507,0.8661,0.6556,3.2257
1624366505776,-9.9364,-7.5165,2.9411,1.1423,0.7106,2.9349
1624366505784,-9.5990,-7.0930,2.9220,1.3439,0.7705,2.6050
1624366505795,-9.3405,-6.6384,3.2019,1.4685,0.8218,2.2397
1624366505804,-9.0893,-6.0641,3.4053,1.5393,0.8425,1.8622
1624366505813,-8.8093,-5.3845,3.5369,1.5552,0.8254,1.4908
1624366505823,-8.5390,-4.7624,3.6039,1.5112,0.7729,1.1292
1624366505832,-8.3762,-4.3150,3.6733,1.4245,0.7130,0.7871
1624366505842,-8.3571,-3.9919,3.6039,1.2840,0.6605,0.4560
1624366505852,-8.5150,-3.8627,3.4914,1.0873,0.6239,0.1335
1624366505863,-8.8428,-3.8555,3.3622,0.8319,0.6116,-0.1671
1624366505871,-9.2855,-3.8723,3.1397,0.5302,0.5958,-0.4395
1624366505882,-9.7425,-3.9177,2.8262,0.2272,0.5530,-0.6741
1624366505891,-10.2809,-4.0733,2.5702,-0.0318,0.4736,-0.8524
1624366505901,-10.9677,-4.3580,2.4745,-0.2138,0.3807,-0.9722
1624366505912,-11.7453,-4.6308,2.4601,-0.3311,0.3038,-1.0479
1624366505919,-12.3507,-4.8414,2.4769,-0.3971,0.2415,-1.0968
1624366505929,-12.7647,-5.0448,2.5965,-0.4252,0.1608,-1.1224
1624366505938,-12.9106,-5.3534,2.7114,-0.4215,0.0240,-1.1151
1624366505948,-12.7001,-5.6430,2.8239,-0.4093,-0.1727,-1.0845
1624366505958,-12.0947,-5.8057,2.8119,-0.4081,-0.4036,-1.0504
1624366505968,-11.1376,-5.8176,2.7162,-0.4130,-0.6320,-1.0345
1624366505978,-9.9675,-5.6119,2.5487,-0.4093,-0.8385,-1.0540
1624366505986,-8.8500,-5.3534,2.2974,-0.3861,-1.0022,-1.1017
1624366505997,-7.7852,-5.0639,1.9959,-0.3556,-1.1085,-1.1786
1624366506005,-6.9453,-4.7576,1.6801,-0.3336,-1.1501,-1.2996
1624366506015,-6.4285,-4.5447,1.3642,-0.3238,-1.1232,-1.4706
1624366506026,-6.3041,-4.4131,1.0747,-0.2920,-1.0242,-1.6673
1624366506034,-6.5960,-4.4298,0.8282,-0.2407,-0.8520,-1.8640
1624366506045,-7.2851,-4.4944,0.5889,-0.1479,-0.6406,-2.0473
1624366506055,-8.2135,-4.5662,0.3401,-0.0098,-0.4207,-2.2049
1624366506064,-9.2879,-4.6332,0.1463,0.1490,-0.2423,-2.3368
1624366506074,-10.3025,-4.6906,-0.0930,0.3225,-0.1299,-2.4321
1624366506084,-11.2955,-4.7552,-0.3562,0.5033,-0.0860,-2.4871
1624366506094,-12.3196,-4.8438,-0.6122,0.6719,-0.0921,-2.4981
1624366506101,-13.3629,-4.9682,-0.8396,0.8429,-0.1092,-2.4724
1624366506113,-14.3894,-5.0830,-0.9975,1.0311,-0.1165,-2.4248
1624366506123,-15.1312,-5.1237,-1.1124,1.2095,-0.1311,-2.3710
1624366506132,-15.6600,-5.0974,-1.1171,1.3744,-0.1983,-2.3136
1624366506142,-15.7725,-4.9323,-1.0190,1.5125,-0.3242,-2.2464
1624366506151,-15.4614,-4.7385,-0.8946,1.6053,-0.5025,-2.1670
1624366506161,-14.9422,-4.5064,-0.7750,1.6407,-0.6956,-2.0937
1624366506169,-14.2147,-4.2910,-0.8802,1.6407,-0.8483,-2.0448
1624366506180,-13.4107,-4.1618,-1.0621,1.6016,-0.9155,-2.0326
1624366506190,-12.6331,-3.9895,-1.2200,1.5699,-0.9228,-2.0632
1624366506199,-12.0085,-3.7383,-1.3110,1.5405,-0.8960,-2.1316
1624366506209,-11.4725,-3.4966,-1.3445,1.5027,-0.8483,-2.2085
1624366506219,-11.0897,-3.2980,-1.3325,1.4770,-0.7713,-2.2794
1624366506228,-10.7858,-3.1042,-1.2487,1.4318,-0.6883,-2.3588
1624366506238,-10.5394,-2.9869,-1.1794,1.3609,-0.6247,-2.4456
1624366506248,-10.3073,-2.9391,-1.1291,1.2632,-0.5783,-2.5262
1624366506257,-10.0249,-2.8984,-1.0477,1.1814,-0.5478,-2.5983
1624366506267,-9.7689,-2.8864,-0.9760,1.1117,-0.5368,-2.6581
1624366506276,-9.5655,-2.8553,-0.8898,1.0726,-0.5319,-2.7046
1624366506284,-9.3334,-2.8218,-0.8204,1.0738,-0.5184,-2.7314
1624366506293,-9.1707,-2.7189,-0.7965,1.1032,-0.4903,-2.7437
1624366506303,-9.0295,-2.5897,-0.6984,1.1618,-0.4512,-2.7412
1624366506313,-8.9362,-2.4581,-0.6553,1.2388,-0.4048,-2.7229
1624366506326,-8.8620,-2.3433,-0.4974,1.3158,-0.3596,-2.6875
1624366506334,-8.8165,-2.1997,-0.3275,1.3829,-0.3205,-2.6325
1624366506344,-8.7065,-2.1016,-0.1792,1.4282,-0.2912,-2.5592
1624366506353,-8.5198,-1.9963,-0.0045,1.4587,-0.2704,-2.4749
1624366506363,-8.2901,-1.9245,0.1463,1.4807,-0.2631,-2.3845
1624366506372,-7.9455,-1.8360,0.2994,1.4831,-0.2643,-2.2879
1624366506382,-7.6010,-1.7522,0.4358,1.4770,-0.2668,-2.1853
1624366506392,-7.3330,-1.6781,0.6248,1.4563,-0.2668,-2.0827
1624366506401,-7.1248,-1.5536,0.8402,1.4306,-0.2558,-1.9764
1624366506411,-7.0147,-1.4818,0.8665,1.4000,-0.2167,-1.8689
1624366506420,-6.9549,-1.4460,0.7923,1.3793,-0.1275,-1.7504
1624366506430,-7.0339,-1.3311,0.6440,1.3842,0.0106,-1.6136
1624366506440,-7.1798,-1.2115,0.4573,1.3805,0.1425,-1.4511
1624366506449,-7.3282,-1.2450,0.3880,1.3781,0.2390,-1.2556
1624366506458,-7.4670,-1.3191,0.4526,1.4172,0.3087,-1.0369
1624366506468,-7.4909,-1.3143,0.5985,1.4746,0.3624,-0.8109
1624366506478,-7.4311,-1.2402,0.8091,1.5063,0.3990,-0.5763
1624366506488,-7.2899,-1.0655,0.9455,1.4953,0.4235,-0.3283
1624366506497,-7.2373,-0.8095,0.8569,1.4526,0.4516,-0.0779
1624366506507,-7.3713,-0.5534,0.7301,1.3719,0.5066,0.1689
1624366506516,-7.8474,-0.4434,0.6440,1.2339,0.6177,0.4230
1624366506526,-8.4863,-0.2735,0.4932,1.0787,0.7790,0.6942
1624366506536,-9.2185,-0.0414,0.2851,0.8808,0.9476,0.9777
1624366506545,-10.0560,0.1477,0.1582,0.6597,1.0783,1.2685
1624366506555,-10.9318,0.2266,0.1319,0.4288,1.1785,1.5934
1624366506565,-11.7047,0.2147,0.2970,0.1624,1.2750,1.9551
1624366506574,-12.2143,0.0424,0.6225,-0.1540,1.3618,2.3192
1624366506584,-12.3388,-0.2854,1.0651,-0.5474,1.4009,2.6539
1624366506593,-12.0157,-0.7568,1.4863,-1.0214,1.3569,2.9288
1624366506603,-11.2524,-1.3479,1.8021,-1.5199,1.2469,3.1365
1624366506613,-10.3049,-1.9413,2.1132,-1.9890,1.1040,3.2855
1624366506620,-9.4674,-2.5060,2.3979,-2.3885,0.9757,3.3882
1624366506630,-8.7399,-2.9630,2.6827,-2.6866,0.8878,3.4492
1624366506639,-8.1537,-3.2597,2.8956,-2.8393,0.8377,3.4603
1624366506649,-7.7661,-3.3171,2.8549,-2.8466,0.8083,3.4224
1624366506659,-7.5770,-3.1664,2.8119,-2.7330,0.7986,3.3637
1624366506668,-7.6608,-2.9151,2.6109,-2.5351,0.8169,3.3002
1624366506680,-8.0101,-2.6184,2.3405,-2.3103,0.8645,3.2367
1624366506690,-8.6418,-2.4127,2.0151,-2.1063,0.9330,3.1646
1624366506699,-9.4243,-2.4079,1.6155,-1.9340,1.0050,3.0791
1624366506709,-10.2091,-2.6041,1.2470,-1.8143,1.0453,2.9862
1624366506718,-11.0730,-2.9295,0.9287,-1.7337,1.0380,2.9105
1624366506728,-11.9104,-3.2836,0.6177,-1.6958,0.9806,2.8567
1624366506738,-12.6953,-3.6019,0.3401,-1.6750,0.8804,2.8262
1624366506747,-13.5399,-3.8125,0.2276,-1.6457,0.7680,2.8091
1624366506757,-14.3727,-3.8196,0.1487,-1.6420,0.6581,2.7834
1624366506766,-15.0714,-3.8364,0.2252,-1.6836,0.5469,2.7529
1624366506776,-15.4853,-3.8292,0.1750,-1.7703,0.4088,2.7077
1624366506786,-15.5116,-3.9034,0.0841,-1.9487,0.2390,2.6283
1624366506795,-14.9924,-3.9082,0.0314,-2.2309,0.0338,2.5171
1624366506805,-14.0353,-4.0541,-0.0021,-2.6170,-0.2045,2.3631
1624366506814,-12.8389,-4.3006,-0.0643,-3.0873,-0.4500,2.1835
1624366506824,-11.6400,-4.4848,-0.1480,-3.5785,-0.6516,1.9722
1624366506834,-10.5130,-4.6954,-0.2366,-4.0464,-0.7787,1.7413
1624366506843,-9.5487,-4.8988,-0.2079,-4.4373,-0.8300,1.5067
1624366506852,-8.8381,-4.9778,-0.1122,-4.7073,-0.8275,1.2709
1624366506862,-8.3571,-4.9060,0.0003,-4.8381,-0.7885,1.0229
1624366506871,-8.0604,-4.8677,0.1152,-4.8332,-0.7115,0.7847
1624366506882,-7.9527,-4.9371,0.1750,-4.6719,-0.6003,0.5819
1624366506891,-7.9312,-5.1524,0.2037,-4.3934,-0.4659,0.4181
1624366506901,-7.9623,-5.4420,0.1582,-4.0513,-0.3217,0.2862
1624366506910,-8.0580,-5.7363,0.1008,-3.6725,-0.1922,0.1787
1624366506920,-8.1657,-5.9325,0.0219,-3.2596,-0.0969,0.1091
1624366506930,-8.2351,-6.0856,0.0697,-2.8076,-0.0456,0.0858
1624366506939,-8.3045,-6.1981,0.1582,-2.3005,-0.0163,0.1115
1624366506949,-8.3380,-6.1455,0.2922,-1.7618,0.0142,0.1628
1624366506956,-8.3069,-6.0402,0.5148,-1.2291,0.0594,0.2239
1624366506966,-8.2638,-5.8440,0.8546,-0.7184,0.1095,0.2935
1624366506976,-8.1633,-5.5831,1.1584,-0.2419,0.1498,0.3717
1624366506985,-7.9958,-5.2912,1.5054,0.1624,0.1792,0.4499
1624366506995,-7.7924,-4.9873,1.8165,0.4813,0.2060,0.5147
1624366507005,-7.5890,-4.6930,2.0677,0.7220,0.2366,0.5623
1624366507016,-7.4406,-4.5518,2.3549,0.8869,0.2805,0.5843
1624366507026,-7.3569,-4.4226,2.5367,1.0030,0.3331,0.5806
1624366507035,-7.3186,-4.3389,2.6157,1.0604,0.3905,0.5477
1624366507045,-7.2564,-4.2695,2.7377,1.0714,0.4516,0.4939
1624366507055,-7.1296,-4.1762,2.8478,1.0787,0.5041,0.4267
1624366507064,-6.9716,-4.0015,2.9028,1.0665,0.5176,0.3534
1624366507074,-6.8377,-3.8866,2.9722,1.0176,0.4992,0.2850
1624366507083,-6.8377,-3.8388,3.0607,0.9651,0.4809,0.2215
1624366507093,-6.9573,-3.8651,3.1253,0.8979,0.4895,0.1579
1624366507102,-7.2085,-3.9919,3.1756,0.8356,0.5286,0.0895
1624366507112,-7.5914,-4.1498,3.2450,0.7977,0.5909,0.0223
1624366507122,-8.0269,-4.2719,3.2234,0.7831,0.6373,-0.0351
1624366507131,-8.5892,-4.3796,2.9890,0.7867,0.6507,-0.0717
1624366507141,-9.2831,-4.4322,2.5989,0.8136,0.6410,-0.0876
1624366507151,-10.2450,-4.5901,2.3931,0.8588,0.6532,-0.0803
1624366507160,-11.5037,-4.8414,2.3094,0.9224,0.7008,-0.0498
1624366507170,-12.7982,-5.1309,2.1634,1.0054,0.7656,-0.0009
1624366507180,-13.8773,-5.4491,2.0199,1.1129,0.7961,0.0626
1624366507189,-14.4397,-5.6119,2.0103,1.2241,0.7265,0.1274
1624366507196,-14.0592,-5.5664,1.8906,1.3145,0.4980,0.1909
1624366507206,-12.6618,-5.2625,1.5269,1.3597,0.1181,0.2422
1624366507217,-10.8050,-4.9778,1.0173,1.3353,-0.3388,0.2495
1624366507226,-9.0893,-4.8246,0.5889,1.2473,-0.7396,0.1897
1624366507237,-7.7541,-4.7457,0.3568,1.0653,-0.9607,0.0651
1624366507247,-6.9070,-4.7504,0.3114,0.8014,-0.9827,-0.1316
1624366507256,-6.5433,-4.8749,0.3305,0.5326,-0.8764,-0.3967
1624366507265,-6.6199,-4.9730,0.3186,0.3188,-0.7090,-0.7070
1624366507275,-7.0602,-5.0065,0.2587,0.2370,-0.5270,-1.0235
1624366507285,-7.7733,-4.9945,0.2252,0.2577,-0.3376,-1.3167
1624366507293,-8.6203,-4.9371,0.2109,0.3934,-0.1617,-1.5720
1624366507302,-9.4961,-4.9155,0.1511,0.5913,-0.0139,-1.7956
1624366507312,-10.3120,-4.9514,0.0530,0.7941,0.0765,-1.9935
1624366507321,-11.1208,-5.0759,-0.0882,0.9566,0.1168,-2.1548
1624366507331,-11.8554,-5.2003,-0.2342,1.0690,0.1229,-2.2782
1624366507344,-12.5613,-5.3271,-0.4065,1.1643,0.1107,-2.3710
1624366507353,-13.1140,-5.4587,-0.6098,1.2889,0.0814,-2.4309
1624366507362,-13.5041,-5.4228,-0.8420,1.4648,0.0313,-2.4639
1624366507372,-13.7649,-5.2769,-1.0477,1.6652,-0.0346,-2.4773
1624366507381,-13.8989,-5.0424,-1.1219,1.8826,-0.1116,-2.4663
1624366507391,-13.9467,-4.7241,-1.2511,2.0806,-0.1959,-2.4456
1624366507400,-13.8797,-4.3987,-1.3516,2.2479,-0.2827,-2.4297
1624366507410,-13.7481,-4.0541,-1.3732,2.3713,-0.3657,-2.4150
1624366507420,-13.5495,-3.7311,-1.3181,2.4336,-0.4366,-2.3979
1624366507429,-13.2528,-3.4440,-1.2918,2.4214,-0.5050,-2.3857
1624366507439,-12.8508,-3.1999,-1.3086,2.3457,-0.5759,-2.3845
1624366507448,-12.4417,-2.9917,-1.3301,2.2150,-0.6418,-2.3881
1624366507457,-12.0253,-2.8075,-1.3086,2.0500,-0.6993,-2.3991
1624366507468,-11.5802,-2.6783,-1.3205,1.8325,-0.7396,-2.4187
1624366507477,-11.1519,-2.5778,-1.2775,1.5992,-0.7640,-2.4444
1624366507487,-10.7188,-2.4797,-1.2966,1.3439,-0.7726,-2.4712
1624366507497,-10.2905,-2.6591,-1.3779,1.0971,-0.7775,-2.5018
1624366507506,-9.9388,-3.0946,-1.2918,0.9260,-0.7689,-2.5213
1624366507516,-9.6708,-3.4799,-1.2057,0.8759,-0.7469,-2.5189
1624366507525,-9.4052,-3.5851,-1.0980,0.8894,-0.7298,-2.5005
1624366507535,-9.1683,-3.4727,-1.0669,0.9773,-0.7212,-2.4883
1624366507545,-8.9744,-3.2621,-0.9760,1.1386,-0.7029,-2.4798
1624366507554,-8.8979,-2.9104,-0.8420,1.3219,-0.6614,-2.4639
1624366507564,-8.8859,-2.6352,-0.6649,1.4587,-0.5942,-2.4370
1624366507573,-8.8189,-2.3983,-0.5022,1.5442,-0.5135,-2.3991
1624366507583,-8.6490,-2.2045,-0.4184,1.5821,-0.4390,-2.3564
1624366507593,-8.3427,-2.0250,-0.3754,1.5674,-0.4036,-2.3087
1624366507602,-8.0317,-1.8671,-0.3921,1.4990,-0.3975,-2.2538
1624366507612,-7.7637,-1.7690,-0.3299,1.4062,-0.3840,-2.1927
1624366507621,-7.5818,-1.7427,-0.2007,1.2974,-0.3425,-2.1255
1624366507631,-7.4981,-1.7331,-0.0404,1.1948,-0.2594,-2.0509
1624366507639,-7.4813,-1.7618,0.2133,1.1105,-0.1446,-1.9691
1624366507648,-7.4335,-1.8240,0.4765,1.0409,-0.0249,-1.8836
1624366507658,-7.3593,-1.8623,0.6631,1.0091,0.0790,-1.7919
1624366507667,-7.2827,-1.8719,0.7708,1.0103,0.1596,-1.6905
1624366507677,-7.2995,-1.9317,0.9574,1.0421,0.2353,-1.5769
1624366507688,-7.3784,-1.9389,1.0843,1.1007,0.3294,-1.4596
1624366507699,-7.5938,-1.8958,1.2015,1.1899,0.4504,-1.3497
1624366507708,-7.8977,-1.8145,1.3810,1.3035,0.5872,-1.2336
1624366507718,-8.1609,-1.6972,1.5389,1.4391,0.7179,-1.1029
1624366507727,-8.3236,-1.5488,1.6657,1.6016,0.8145,-0.9526
1624366507737,-8.3715,-1.3311,1.7519,1.7507,0.8609,-0.7865
1624366507746,-8.2781,-1.1445,1.8524,1.8704,0.8731,-0.6081
1624366507756,-8.1657,-0.8765,1.8763,1.9535,0.8670,-0.4273
1624366507766,-8.0700,-0.4721,1.6920,1.9669,0.8694,-0.2428
1624366507775,-8.1992,-0.0605,1.3714,1.9180,0.9036,-0.0498
1624366507785,-8.5940,0.1812,1.1201,1.8142,0.9928,0.1848
1624366507794,-9.1826,0.3032,1.0125,1.6395,1.1370,0.4633
1624366507804,-9.8119,0.4707,0.9838,1.4049,1.3007,0.7749
1624366507813,-10.4365,0.5808,0.9670,1.0995,1.4400,1.1121
1624366507823,-11.0203,0.5999,1.0053,0.7293,1.5340,1.4774
1624366507832,-11.4725,0.4037,1.2661,0.3152,1.5988,1.8696
1624366507842,-11.7908,0.0544,1.6992,-0.1332,1.6525,2.2727
1624366507852,-11.7549,-0.4816,2.2496,-0.6121,1.6929,2.6453
1624366507859,-11.3098,-1.0798,2.8286,-1.0910,1.6953,2.9606
1624366507871,-10.6207,-1.7092,3.3168,-1.5467,1.6391,3.2037
1624366507881,-9.8502,-2.3576,3.7044,-1.9377,1.5157,3.3759
1624366507890,-9.0845,-2.9008,3.9796,-2.1979,1.3605,3.4822
1624366507900,-8.4026,-3.2406,4.0274,-2.3213,1.1981,3.5164
1624366507910,-7.8044,-3.2621,3.8217,-2.3164,1.0478,3.4847
1624366507919,-7.4215,-2.9223,3.4149,-2.2040,0.9354,3.4053
1624366507929,-7.3330,-2.3600,2.8286,-2.0440,0.8633,3.2990
1624366507938,-7.5579,-1.7283,2.2256,-1.9169,0.8328,3.1841
1624366507948,-8.1561,-1.2043,1.6107,-1.8656,0.8450,3.0522
1624366507958,-9.0247,-0.9602,0.9455,-1.8949,0.8816,2.9117
1624366507967,-10.0273,-0.9937,0.3281,-1.9817,0.9171,2.7724
1624366507977,-11.0682,-1.3143,-0.1074,-2.1063,0.9330,2.6576
1624366507987,-12.1210,-1.8360,-0.3012,-2.2431,0.9158,2.5721
1624366507996,-13.1212,-2.3289,-0.3395,-2.3848,0.8487,2.5110
1624366508005,-14.0807,-2.6735,-0.2294,-2.5510,0.7338,2.4670
1624366508013,-15.0546,-3.1449,0.2133,-2.7489,0.5994,2.4499
1624366508023,-15.7964,-3.5995,0.4262,-2.9810,0.4650,2.4853
1624366508033,-16.1194,-4.1714,0.8282,-3.2193,0.3087,2.5268
1624366508042,-15.7964,-4.5877,1.1249,-3.4844,0.0936,2.5146
1624366508052,-14.7555,-4.8629,0.9670,-3.8082,-0.2020,2.4511
1624366508063,-13.3174,-5.1716,0.6679,-4.1820,-0.5343,2.3900
1624366508071,-11.8243,-5.4635,0.3090,-4.5253,-0.8153,2.3399
1624366508080,-10.5274,-5.7171,0.0314,-4.8051,-0.9644,2.2544
1624366508092,-9.5104,-5.8655,-0.0715,-5.0128,-0.9986,2.1090
1624366508101,-8.7376,-5.9325,0.0386,-5.1044,-0.9778,1.9050
1624366508111,-8.1848,-5.8870,0.2372,-5.0482,-0.9399,1.6765
1624366508121,-7.8426,-5.8200,0.3688,-4.8124,-0.8813,1.4566
1624366508130,-7.6153,-5.8129,0.4621,-4.4300,-0.7799,1.2673
1624366508140,-7.5268,-5.8105,0.5196,-3.9230,-0.6443,1.1011
1624366508150,-7.5603,-5.8727,0.5100,-3.3573,-0.4830,0.9386
1624366508159,-7.6751,-6.0115,0.4238,-2.7733,-0.3242,0.7896
1624366508169,-7.7469,-6.1000,0.2324,-2.2053,-0.1922,0.6613
1624366508176,-7.8067,-6.0569,0.0936,-1.6799,-0.1018,0.5660
1624366508188,-7.8139,-5.9038,0.0434,-1.2315,-0.0517,0.5073
1624366508198,-7.7852,-5.6573,0.0745,-0.8296,-0.0371,0.4866
1624366508207,-7.7134,-5.4109,0.1822,-0.4973,-0.0408,0.4914
1624366508217,-7.6871,-5.0902,0.3808,-0.2285,-0.0408,0.4988
1624366508226,-7.7063,-4.8222,0.6607,-0.0440,-0.0273,0.4988
1624366508236,-7.7015,-4.5710,0.8904,0.0513,-0.0041,0.4951
1624366508246,-7.6584,-4.3963,1.1489,0.0671,0.0264,0.4878
1624366508255,-7.6416,-4.3317,1.4384,0.0390,0.0533,0.4792
1624366508265,-7.6273,-4.3772,1.6897,-0.0281,0.0765,0.4609
1624366508275,-7.6034,-4.4729,1.9194,-0.1222,0.1010,0.4279
1624366508284,-7.5196,-4.5782,2.0462,-0.2187,0.1266,0.3717
1624366508294,-7.4622,-4.6906,2.0773,-0.3006,0.1449,0.3033
1624366508304,-7.3593,-4.7122,2.0605,-0.3494,0.1620,0.2288
1624366508313,-7.3378,-4.7337,2.0270,-0.3592,0.1730,0.1543
1624366508322,-7.5292,-4.7839,2.0797,-0.3617,0.1962,0.0822
1624366508332,-7.8211,-4.8438,2.1610,-0.3458,0.2390,0.0138
1624366508342,-8.2207,-4.9778,2.3644,-0.3128,0.2952,-0.0510
1624366508350,-8.6682,-5.1405,2.5678,-0.2554,0.3477,-0.1133
1624366508359,-9.0438,-5.2386,2.5989,-0.1784,0.3771,-0.1671
1624366508369,-9.2353,-5.2242,2.4434,-0.0917,0.3795,-0.2110
1624366508378,-9.4219,-5.1476,2.1491,0.0170,0.3649,-0.2501
1624366508388,-9.6875,-5.0878,1.9265,0.1258,0.3477,-0.2868
1624366508398,-10.0847,-5.0783,1.8595,0.2138,0.3575,-0.3173
1624366508409,-10.4987,-5.0711,1.8045,0.2785,0.3905,-0.3515
1624366508419,-10.8409,-5.0376,1.6681,0.3188,0.4064,-0.3943
1624366508428,-11.2213,-5.0328,1.3929,0.3494,0.3905,-0.4346
1624366508438,-11.6257,-5.0902,1.1561,0.3958,0.3649,-0.4554
1624366508448,-12.0133,-5.1620,1.0292,0.4544,0.3697,-0.4603
1624366508457,-12.1138,-5.2146,1.0508,0.5094,0.3930,-0.4627
1624366508467,-11.6783,-5.1979,1.1369,0.5583,0.3587,-0.4627
1624366508477,-10.6446,-5.1764,1.0986,0.5900,0.2170,-0.4541
1624366508486,-9.3094,-5.1046,0.9527,0.5986,-0.0102,-0.4480
1624366508496,-8.0293,-5.0639,0.7277,0.5998,-0.2094,-0.4651
1624366508506,-7.0363,-5.0328,0.4358,0.5998,-0.2863,-0.5360
1624366508515,-6.5170,-5.0854,0.1487,0.6035,-0.2277,-0.6643
1624366508525,-6.4596,-5.2075,-0.1217,0.6243,-0.0725,-0.8292
1624366508534,-6.9094,-5.3367,-0.3036,0.6829,0.1327,-1.0125
1624366508544,-7.7182,-5.3845,-0.4328,0.7990,0.3477,-1.2006
1624366508553,-8.6060,-5.3654,-0.5357,0.9725,0.5237,-1.3778
1624366508563,-9.3597,-5.2529,-0.6410,1.1997,0.6287,-1.5341
1624366508573,-9.9579,-5.1094,-0.7486,1.4465,0.6544,-1.6575
1624366508582,-10.5489,-5.0113,-0.8109,1.6798,0.6263,-1.7431
1624366508592,-11.1663,-4.9419,-0.8683,1.8838,0.5994,-1.7993
1624366508601,-11.8315,-5.0161,-0.8802,2.0244,0.6055,-1.8420
1624366508611,-12.4632,-5.0759,-0.8826,2.1465,0.6263,-1.8823
1624366508621,-12.9800,-5.1070,-0.9185,2.2736,0.6263,-1.9165
1624366508630,-13.3701,-5.0902,-0.9401,2.4129,0.5872,-1.9300
1624366508640,-13.5543,-5.0041,-1.0382,2.5631,0.5176,-1.9141
1624366508650,-13.5998,-4.8174,-1.1578,2.7183,0.4284,-1.8897
1624366508659,-13.5495,-4.5758,-1.2679,2.8429,0.3319,-1.8726
1624366508669,-13.4418,-4.2719,-1.3349,2.9309,0.2439,-1.8726
1624366508679,-13.2002,-3.9704,-1.3564,2.9736,0.1608,-1.8811
1624366508688,-12.8269,-3.6593,-1.3492,2.9541,0.0667,-1.8945
1624366508698,-12.3435,-3.4081,-1.3229,2.8771,-0.0444,-1.9178
1624366508707,-11.8076,-3.1640,-1.2966,2.7623,-0.1605,-1.9508
1624366508717,-11.2859,-2.9510,-1.2392,2.5973,-0.2619,-1.9984
1624366508724,-10.8600,-2.8099,-1.1482,2.4068,-0.3279,-2.0546
1624366508734,-10.5178,-2.6830,-1.0430,2.2015,-0.3657,-2.1194
1624366508744,-10.2307,-2.6208,-0.9664,1.9791,-0.3828,-2.1866
1624366508753,-9.9723,-2.5347,-0.8994,1.7543,-0.3938,-2.2574
1624366508763,-9.7043,-2.4605,-0.8994,1.5283,-0.4048,-2.3283
1624366508773,-9.4722,-2.4246,-0.9233,1.3109,-0.4122,-2.3918
1624366508784,-9.3071,-2.4485,-0.9257,1.1190,-0.4097,-2.4480
1624366508794,-9.2089,-2.5084,-0.8276,0.9505,-0.3938,-2.4944
1624366508804,-9.1970,-2.5562,-0.6912,0.8136,-0.3608,-2.5274
1624366508813,-9.0893,-2.6567,-0.5955,0.7098,-0.3193,-2.5494
1624366508823,-8.9673,-2.6878,-0.5285,0.6572,-0.2863,-2.5580
1624366508832,-8.7854,-2.6830,-0.5022,0.6609,-0.2704,-2.5531
1624366508842,-8.5772,-2.6232,-0.4663,0.6902,-0.2521,-2.5286
1624366508851,-8.3786,-2.5347,-0.4663,0.7489,-0.2118,-2.4834
1624366508860,-8.2303,-2.4198,-0.4160,0.8295,-0.1617,-2.4285
1624366508871,-8.1465,-2.3337,-0.3586,0.9016,-0.1018,-2.3637
1624366508880,-8.0915,-2.2308,-0.2605,0.9834,-0.0346,-2.2818
1624366508890,-8.0125,-2.1710,-0.1193,1.0567,0.0387,-2.1841
1624366508899,-7.8522,-2.1016,-0.0236,1.1374,0.0997,-2.0741
1624366508909,-7.6871,-2.0178,0.1223,1.2192,0.1486,-1.9459
1624366508919,-7.4789,-1.9437,0.2228,1.2864,0.1962,-1.8029
1624366508928,-7.3019,-1.8815,0.3784,1.3695,0.2476,-1.6502
1624366508938,-7.1918,-1.8456,0.6033,1.4526,0.3184,-1.4877
1624366508947,-7.2133,-1.8575,0.8713,1.5271,0.4052,-1.3167
1624366508957,-7.2875,-1.8527,1.1297,1.6187,0.5041,-1.1346
1624366508967,-7.4335,-1.8432,1.4480,1.7201,0.6153,-0.9428
1624366508976,-7.5699,-1.8145,1.7231,1.8350,0.7265,-0.7437
1624366508986,-7.7063,-1.7546,1.9457,1.9608,0.8181,-0.5409
1624366508996,-7.8044,-1.6111,2.1299,2.0976,0.8792,-0.3320
1624366509005,-7.9192,-1.3479,2.0845,2.2150,0.9183,-0.1279
1624366509013,-8.1657,-1.0224,1.8571,2.2882,0.9476,0.0797
1624366509025,-8.5270,-0.8190,1.6920,2.3127,0.9965,0.3009
1624366509034,-8.9314,-0.5774,1.5891,2.2650,1.0759,0.5342
1624366509044,-9.3382,-0.2448,1.3523,2.1343,1.1590,0.7663
1624366509053,-9.8478,0.0161,1.1058,1.9193,1.2127,1.0058
1624366509061,-10.5274,0.1261,1.0125,1.6236,1.2543,1.2721
1624366509070,-11.2572,0.0950,1.1967,1.2742,1.3215,1.5739
1624366509080,-11.9033,-0.1036,1.7495,0.9016,1.4216,1.8940
1624366509089,-12.1067,-0.4482,2.5558,0.5192,1.5060,2.2019
1624366509099,-11.7429,-0.8095,3.1923,0.1246,1.4949,2.4597
1624366509113,-10.7619,-1.1325,3.5369,-0.2737,1.3435,2.6417
1624366509118,-9.6301,-1.5943,3.7977,-0.6585,1.1101,2.7602
1624366509129,-8.5988,-2.0848,3.9724,-0.9799,0.8951,2.8421
1624366509139,-7.7948,-2.4462,3.9939,-1.2095,0.7607,2.8750
1624366509147,-7.3067,-2.4892,3.7953,-1.3525,0.7057,2.8384
1624366509157,-7.1128,-2.3481,3.5393,-1.4258,0.7045,2.7504
1624366509166,-7.1727,-2.0537,3.0655,-1.4832,0.7143,2.6441
1624366509176,-7.4454,-1.6805,2.4386,-1.5406,0.6996,2.5268
1624366509185,-7.8953,-1.3837,1.7878,-1.6506,0.6629,2.3974
1624366509197,-8.4480,-1.1971,1.0819,-1.7838,0.6153,2.2593
1624366509206,-9.1419,-1.1636,0.4597,-1.9194,0.5530,2.1151
1624366509216,-9.8502,-1.3526,-0.0069,-2.0599,0.4931,1.9868
1624366509226,-10.6542,-1.7187,-0.2773,-2.1735,0.4381,1.8879
1624366509235,-11.3888,-2.0896,-0.3634,-2.2908,0.3734,1.8024
1624366509245,-12.0468,-2.3576,-0.4208,-2.4252,0.2805,1.7144
1624366509255,-12.6977,-2.5060,-0.3682,-2.5962,0.1657,1.6350
1624366509264,-13.2337,-2.7644,-0.1792,-2.8247,0.0497,1.5947
1624366509274,-13.5304,-2.9798,-0.0093,-3.1044,-0.0701,1.6008
1624366509283,-13.4945,-3.1951,0.0290,-3.4099,-0.2240,1.5873
1624366509293,-13.1284,-3.4129,0.0912,-3.7544,-0.4170,1.5360
1624366509303,-12.4536,-3.6282,0.0625,-4.1368,-0.6272,1.4835
1624366509312,-11.5132,-3.8962,-0.1600,-4.5265,-0.8043,1.4554
1624366509322,-10.5848,-4.2192,-0.4089,-4.8918,-0.9204,1.4517
1624366509331,-9.7928,-4.4801,-0.5811,-5.1850,-0.9778,1.4359
1624366509341,-9.1204,-4.6404,-0.6840,-5.3646,-0.9851,1.3845
1624366509351,-8.5796,-4.7552,-0.7295,-5.4428,-0.9583,1.3125
1624366509360,-8.2040,-4.8629,-0.6721,-5.4147,-0.9057,1.2391
1624366509370,-7.9192,-4.9754,-0.5931,-5.2522,-0.8336,1.1707
1624366509379,-7.7996,-5.0878,-0.5237,-4.9639,-0.7481,1.1170
1624366509388,-7.7254,-5.2577,-0.4424,-4.5668,-0.6455,1.0815
1624366509397,-7.7350,-5.4683,-0.4663,-4.0623,-0.5331,1.0718
1624366509407,-7.7733,-5.7219,-0.5955,-3.4929,-0.4195,1.0840
1624366509416,-7.9072,-5.9421,-0.6984,-2.8809,-0.3059,1.1158
1624366509426,-8.1035,-6.0593,-0.8180,-2.2456,-0.2057,1.1671
1624366509435,-8.3045,-5.9827,-0.8755,-1.6103,-0.1116,1.2391
1624366509445,-8.5270,-5.8464,-0.8037,-1.0055,-0.0236,1.3271
1624366509455,-8.6682,-5.5616,-0.6362,-0.4447,0.0484,1.4322
1624366509466,-8.6801,-5.2745,-0.4304,0.0427,0.1022,1.5397
1624366509476,-8.5844,-4.9419,-0.1504,0.4190,0.1437,1.6362
1624366509485,-8.5437,-4.7480,0.2898,0.6646,0.1804,1.7120
1624366509495,-8.5174,-4.7600,0.8928,0.8148,0.2280,1.7559
1624366509505,-8.5102,-4.9275,1.4791,0.8576,0.2964,1.7669
1624366509515,-8.5748,-5.2458,2.0725,0.8405,0.3758,1.7278
1624366509524,-8.5701,-5.5185,2.4625,0.8112,0.4479,1.6472
1624366509534,-8.4073,-5.6478,2.7329,0.7770,0.5127,1.5470
1624366509543,-8.0987,-5.6454,2.9531,0.7721,0.5469,1.4371
1624366509553,-7.7445,-5.4994,2.9913,0.8173,0.5286,1.3186
1624366509563,-7.4622,-5.2793,2.9124,0.8381,0.4809,1.1903
1624366509572,-7.4167,-5.0926,2.8980,0.8454,0.4553,1.0424
1624366509582,-7.7230,-4.9825,2.8526,0.8258,0.4907,0.8641
1624366509591,-8.2925,-4.9419,2.7760,0.7867,0.5750,0.6649
1624366509601,-9.0079,-4.9419,2.7353,0.7635,0.6813,0.4682
1624366509610,-9.6875,-4.9610,2.6635,0.7599,0.7534,0.2923
1624366509620,-10.3216,-4.9897,2.4410,0.7550,0.7534,0.1579
1624366509630,-10.9102,-5.0328,2.1395,0.7538,0.6740,0.0614
1624366509639,-11.5707,-5.1692,1.9050,0.7428,0.5701,-0.0119
1624366509649,-12.1402,-5.3463,1.7160,0.7281,0.4882,-0.0705
1624366509659,-12.6115,-5.5042,1.5174,0.7183,0.4247,-0.1206
1624366509667,-13.0183,-5.5951,1.3594,0.7134,0.3404,-0.1621
1624366509678,-13.3246,-5.6669,1.2350,0.7134,0.2011,-0.1890
1624366509687,-13.4753,-5.6717,1.2709,0.7134,0.0582,-0.2013
1624366509697,-13.2361,-5.5353,1.4240,0.6829,-0.0664,-0.2196
1624366509707,-12.3603,-5.2912,1.4504,0.6145,-0.2045,-0.2599
1624366509716,-10.9198,-5.1046,1.3953,0.4825,-0.4085,-0.3124
1624366509726,-9.2951,-4.9586,1.2422,0.2944,-0.6711,-0.4028
1624366509735,-7.6919,-4.7911,1.0460,0.0684,-0.8960,-0.5531
1624366509743,-6.3591,-4.6571,0.8306,-0.1662,-1.0108,-0.7681
1624366509752,-5.3972,-4.5351,0.5961,-0.3898,-1.0035,-1.0369
1624366509762,-4.9066,-4.4513,0.3473,-0.5461,-0.8886,-1.3289
1624366509772,-4.8947,-4.4035,0.0721,-0.6304,-0.6895,-1.6099
1624366509782,-5.3230,-4.4083,-0.0954,-0.6402,-0.4292,-1.8640
1624366509791,-6.0696,-4.4609,-0.1648,-0.5681,-0.1483,-2.0913
1624366509803,-6.9812,-4.5447,-0.2342,-0.4252,0.1059,-2.2855
1624366509812,-7.8905,-4.6595,-0.3155,-0.2444,0.2977,-2.4382
1624366509822,-8.8141,-4.8150,-0.4065,-0.0281,0.4113,-2.5360
1624366509832,-9.6755,-4.9658,-0.5764,0.2260,0.4675,-2.5714
1624366509841,-10.6327,-5.1596,-0.7008,0.5131,0.5041,-2.5470
1624366509851,-11.6257,-5.3965,-0.7774,0.8442,0.5408,-2.4773
1624366509860,-12.5948,-5.5377,-0.8898,1.2119,0.5787,-2.3833
1624366509870,-13.4777,-5.5879,-0.9520,1.6028,0.5921,-2.2806
1624366509879,-14.1477,-5.6023,-0.9592,1.9950,0.5628,-2.1462
1624366509889,-14.4397,-5.4133,-1.0645,2.3811,0.4834,-1.9679
1624366509898,-14.4086,-5.0759,-1.1722,2.7073,0.3587,-1.7846
1624366509908,-14.1334,-4.7337,-1.3253,2.9541,0.2085,-1.6136
1624366509917,-13.7051,-4.4537,-1.3899,3.1337,0.0729,-1.4633
1624366509928,-13.2480,-4.1714,-1.4952,3.2180,-0.0371,-1.3484
1624366509937,-12.7001,-3.9201,-1.5909,3.2131,-0.1348,-1.2874
1624366509947,-12.2000,-3.6880,-1.6483,3.1557,-0.2277,-1.2642
1624366509956,-11.7573,-3.4631,-1.6292,3.0384,-0.3059,-1.2629
1624366509966,-11.3697,-3.2262,-1.5646,2.8759,-0.3743,-1.2996
1624366509976,-10.9772,-2.9558,-1.4737,2.6853,-0.4305,-1.3680
1624366509985,-10.5824,-2.7022,-1.3564,2.4422,-0.4891,-1.4547
1624366509994,-10.2044,-2.4318,-1.2368,2.1539,-0.5526,-1.5500
1624366510005,-9.8143,-2.2547,-1.1171,1.8448,-0.6174,-1.6575
1624366510013,-9.4554,-2.1136,-1.0573,1.4990,-0.6699,-1.7822
1624366510024,-9.1276,-2.0944,-0.9831,1.1203,-0.7029,-1.9129
1624366510033,-8.8237,-2.1231,-0.9401,0.7611,-0.7102,-2.0461
1624366510043,-8.5964,-2.2093,-0.9353,0.4141,-0.6956,-2.1768
1624366510052,-8.4576,-2.3265,-0.9329,0.1160,-0.6541,-2.2953
1624366510062,-8.3715,-2.4749,-0.9113,-0.1210,-0.5930,-2.3930
1624366510071,-8.2853,-2.6089,-0.8994,-0.2884,-0.5233,-2.4700
1624366510079,-8.2470,-2.6830,-0.9018,-0.3922,-0.4537,-2.5213
1624366510089,-8.2279,-2.7118,-0.8802,-0.4191,-0.3853,-2.5445
1624366510098,-8.1920,-2.7692,-0.8180,-0.3885,-0.3120,-2.5433
1624366510108,-8.1872,-2.7668,-0.7774,-0.3091,-0.2387,-2.5115
1624366510118,-8.2183,-2.8147,-0.6410,-0.1833,-0.1593,-2.4529
1624366510128,-8.2231,-2.8362,-0.5405,-0.0184,-0.0798,-2.3637
1624366510139,-8.1920,-2.8457,-0.4304,0.1869,-0.0078,-2.2501
1624366510149,-8.1537,-2.7955,-0.3060,0.4251,0.0533,-2.1120
1624366510158,-8.0054,-2.7333,-0.2294,0.6804,0.1034,-1.9520
1624366510168,-7.7661,-2.5490,-0.1313,0.9297,0.1461,-1.7797
1624366510178,-7.4478,-2.2906,-0.0834,1.1630,0.1669,-1.6075
1624366510187,-7.1679,-2.0657,-0.0691,1.3475,0.1718,-1.4364
1624366510197,-7.0554,-1.9030,0.0219,1.4782,0.1816,-1.2605
1624366510206,-7.1248,-1.8264,0.1487,1.5638,0.2244,-1.0784
1624366510216,-7.2492,-1.8910,0.4789,1.6065,0.3160,-0.8964
1624366510226,-7.4143,-1.8168,0.7732,1.6310,0.4308,-0.7229
1624366510235,-7.5746,-1.7283,1.0149,1.6517,0.5127,-0.5714
1624366510244,-7.7302,-1.6757,1.1369,1.6908,0.5554,-0.4090
1624366510254,-7.9384,-1.5130,1.0651,1.7507,0.5982,-0.2245
1624366510264,-8.3021,-1.1564,0.9072,1.8081,0.6715,-0.0388
1624366510274,-8.9003,-0.8693,0.8306,1.8130,0.7827,0.1579
1624366510283,-9.5870,-0.6372,0.7469,1.7812,0.9207,0.3888
1624366510293,-10.2929,-0.4242,0.6535,1.6908,1.0612,0.6564
1624366510302,-11.0514,-0.2495,0.6416,1.5308,1.1724,0.9435
1624366510312,-11.7382,-0.1945,0.7277,1.3109,1.2555,1.2648
1624366510322,-12.2263,-0.2878,0.9431,1.0445,1.3410,1.6264
1624366510331,-12.5134,-0.5750,1.3427,0.7208,1.4216,1.9966
1624366510341,-12.4393,-0.9937,1.9457,0.3640,1.4754,2.3363
1624366510350,-11.9248,-1.4029,2.5750,-0.0172,1.4876,2.6331
1624366510359,-11.0658,-1.8503,3.1206,-0.4142,1.4497,2.8775
1624366510367,-10.1756,-2.3720,3.6613,-0.7758,1.3667,3.0717
1624366510379,-9.3621,-2.8936,4.0585,-1.0312,1.2665,3.2122
1624366510389,-8.5653,-3.2908,4.2787,-1.1607,1.1822,3.2770
1624366510398,-7.8187,-3.4464,4.3098,-1.1631,1.1174,3.2525
1624366510407,-7.1750,-3.3291,4.1758,-1.0837,1.0564,3.1585
1624366510416,-6.6414,-2.9774,3.8336,-0.9664,1.0002,3.0436
1624366510425,-6.3136,-2.5060,3.2809,-0.8613,0.9391,2.9178
1624366510435,-6.2371,-2.1447,2.6252,-0.7758,0.8914,2.7810
1624366510444,-6.4859,-1.8934,1.9648,-0.7294,0.8853,2.6405
1624366510454,-7.0817,-1.7953,1.3140,-0.7233,0.9281,2.5012
1624366510464,-7.9910,-1.8456,0.7253,-0.7502,1.0014,2.3851
1624366510475,-9.0534,-2.0609,0.3066,-0.7941,1.0710,2.3020
1624366510484,-10.2570,-2.3337,-0.2031,-0.8333,1.1101,2.2434
1624366510493,-11.3912,-2.6448,-0.1768,-0.8565,1.1052,2.2055
1624366510504,-12.8006,-2.3169,0.5626,-0.9322,1.0844,2.1774
1624366510514,-14.3894,-2.5754,1.1943,-1.1460,0.9549,2.0882
1624366510523,-15.3561,-3.8890,1.4599,-1.4148,0.7460,2.0809
1624366510533,-15.5571,-4.7074,1.4839,-1.5235,0.4345,2.1200
1624366510542,-15.2006,-4.5782,1.8906,-1.6689,0.1022,2.0650
1624366510552,-14.4133,-4.3173,1.8811,-2.0696,-0.1763,2.0320
1624366510561,-13.0757,-4.6045,1.3762,-2.5840,-0.3498,2.0259
1624366510571,-11.7334,-5.1142,0.8665,-3.0495,-0.4525,1.9661
1624366510580,-10.5346,-5.4779,0.4980,-3.5528,-0.5001,1.8598
1624366510590,-9.5057,-5.6693,0.3473,-4.0146,-0.5160,1.7095
1624366510600,-8.5677,-5.8224,0.4884,-4.2895,-0.5111,1.5177
1624366510609,-7.7948,-5.8751,0.7923,-4.2919,-0.4879,1.3088
1624366510619,-7.2014,-5.7171,1.0914,-4.0855,-0.4476,1.0828
1624366510629,-6.7635,-5.5114,1.2278,-3.7129,-0.3645,0.8457
1624366510638,-6.5146,-5.4539,1.2948,-3.2107,-0.2277,0.6246
1624366510648,-6.4763,-5.5855,1.2494,-2.6121,-0.0322,0.4230
1624366510657,-6.6725,-5.7818,1.1680,-1.9670,0.1902,0.2337
1624366510667,-6.9908,-5.8464,0.9335,-1.3158,0.3930,0.0529
1624366510677,-7.3760,-5.7650,0.7134,-0.7050,0.5408,-0.1035
1624366510686,-7.7804,-5.5855,0.5076,-0.1479,0.6214,-0.2110
1624366510696,-8.1417,-5.2912,0.4143,0.3481,0.6434,-0.2660
1624366510706,-8.4480,-4.8749,0.3880,0.7477,0.6190,-0.2941
1624366510716,-8.6538,-4.4226,0.4191,1.0616,0.5677,-0.3210
1624366510725,-8.7830,-3.9465,0.5172,1.2681,0.5054,-0.3479
1624366510735,-8.8644,-3.4823,0.6871,1.3781,0.4345,-0.3674
1624366510744,-8.8428,-3.0587,0.8737,1.3890,0.3551,-0.3796
1624366510754,-8.7399,-2.6950,1.0962,1.3047,0.2744,-0.3833
1624366510761,-8.6155,-2.4079,1.2542,1.1361,0.2048,-0.3894
1624366510771,-8.4552,-2.2595,1.3905,0.8991,0.1474,-0.4102
1624366510781,-8.2710,-2.2093,1.5413,0.5974,0.1083,-0.4480
1624366510790,-8.0891,-2.2499,1.6753,0.2602,0.0973,-0.5018
1624366510800,-7.9001,-2.3385,1.8284,-0.0758,0.0997,-0.5665
1624366510809,-7.7350,-2.5538,1.8835,-0.3849,0.1120,-0.6276
1624366510821,-7.5579,-2.8099,1.9218,-0.6488,0.1303,-0.6802
1624366510831,-7.4718,-3.1018,2.0103,-0.8333,0.1584,-0.7193
1624366510840,-7.4718,-3.3028,2.0534,-0.9322,0.1914,-0.7461
1624366510850,-7.5531,-3.5038,2.1084,-0.9554,0.2280,-0.7669
1624366510860,-7.7445,-3.6306,2.2161,-0.9029,0.2708,-0.7779
1624366510868,-8.0388,-3.7622,2.3118,-0.7758,0.3087,-0.7828
1624366510879,-8.3308,-3.8244,2.4075,-0.5938,0.3355,-0.7816
1624366510888,-8.6562,-3.8316,2.5511,-0.3922,0.3441,-0.7730
1624366510898,-9.0079,-3.7407,2.6300,-0.1882,0.3343,-0.7693
1624366510908,-9.2257,-3.5875,2.5391,0.0024,0.2964,-0.7767
1624366510917,-9.3047,-3.3865,2.4099,0.1649,0.2427,-0.7926
1624366510927,-9.3094,-3.1281,2.1993,0.2980,0.1706,-0.8182
1624366510936,-9.2592,-2.8051,1.8165,0.3738,0.0826,-0.8573
1624366510946,-9.3764,-2.4294,1.3786,0.3921,-0.0029,-0.9025
1624366510956,-9.8430,-2.1710,1.1537,0.3518,-0.0554,-0.9490
1624366510965,-10.7021,-2.0800,1.1369,0.2406,-0.0383,-0.9734
1624366510975,-11.7118,-2.1829,1.1871,0.0916,0.0374,-0.9685
1624366510984,-12.7790,-2.2930,1.2948,-0.0697,0.1132,-0.9428
1624366510994,-13.7194,-2.5084,1.4863,-0.2383,0.1339,-0.9062
1624366511004,-14.2985,-2.7165,1.6801,-0.3946,0.0790,-0.8463
1624366511013,-14.2076,-2.9415,1.8452,-0.5278,-0.0578,-0.7620
1624366511023,-13.2384,-3.0539,1.9289,-0.6524,-0.2851,-0.6753
1624366511032,-11.7884,-3.0133,1.7519,-0.7734,-0.5930,-0.6008
1624366511042,-10.2977,-3.0156,1.4599,-0.9163,-0.9070,-0.5470
1624366511052,-9.1898,-3.1449,1.1154,-1.0703,-1.1036,-0.4945
1624366511061,-8.5581,-3.3339,0.8689,-1.2425,-1.1281,-0.4566
1624366511071,-8.3212,-3.4775,0.7349,-1.3830,-1.0303,-0.4896
1624366511080,-8.2542,-3.5421,0.6871,-1.4514,-0.9008,-0.6044
1624366511090,-8.2351,-3.5445,0.6799,-1.4319,-0.8165,-0.7510
1624366511098,-8.2087,-3.5492,0.6775,-1.3329,-0.7933,-0.8756
1624366511107,-8.1776,-3.5708,0.5913,-1.1888,-0.8129,-0.9758
1624366511116,-8.2422,-3.6234,0.6081,-1.0409,-0.8263,-1.0845
1624366511126,-8.4648,-3.7263,0.5842,-0.9029,-0.7909,-1.2128
1624366511136,-8.8261,-3.8938,0.5507,-0.7795,-0.7188,-1.3497
1624366511147,-9.2927,-4.0541,0.6344,-0.6561,-0.6284,-1.4682
1624366511157,-9.7330,-4.2097,0.6368,-0.5083,-0.5539,-1.5610
1624366511167,-10.1302,-4.3628,0.5531,-0.3042,-0.5160,-1.6270
1624366511176,-10.5370,-4.4825,0.6344,-0.0697,-0.5001,-1.6624
1624366511186,-10.8672,-4.5782,0.5483,0.2003,-0.5025,-1.6734
1624366511196,-11.2333,-4.6045,0.3784,0.4667,-0.5087,-1.6698
1624366511205,-11.5372,-4.5806,0.3162,0.7012,-0.5025,-1.6551
1624366511215,-11.6879,-4.5159,0.2324,0.9224,-0.4965,-1.6307
1624366511225,-11.6568,-4.4131,0.0865,1.1044,-0.5294,-1.5977
1624366511234,-11.5156,-4.2408,0.0003,1.2253,-0.6101,-1.5598
1624366511244,-11.3146,-4.2025,0.0601,1.2754,-0.6931,-1.5170
1624366511254,-11.1400,-4.5590,0.2013,1.2767,-0.7444,-1.4572
1624366511263,-10.9916,-4.9371,0.3449,1.3109,-0.7713,-1.3863
1624366511273,-10.8026,-5.1165,0.6248,1.3707,-0.7823,-1.3142
1624366511282,-10.5609,-5.1883,0.8641,1.4440,-0.7909,-1.2434
1624366511292,-10.1948,-5.2099,1.0795,1.5332,-0.8129,-1.1701
1624366511302,-9.7617,-5.2840,1.3666,1.6126,-0.8483,-1.1114
1624366511311,-9.3549,-5.5329,1.5102,1.6297,-0.8935,-1.0760
1624366511320,-9.0103,-5.8607,1.6992,1.6175,-0.9387,-1.0650
1624366511330,-8.6538,-5.9947,2.0605,1.6334,-0.9693,-1.0723
1624366511340,-8.3260,-5.9301,2.3237,1.6884,-0.9888,-1.0956
1624366511350,-7.9814,-5.8870,2.5032,1.7922,-1.0169,-1.1310
1624366511359,-7.7374,-5.9588,2.6252,1.9498,-1.0597,-1.1762
1624366511368,-7.6560,-5.9086,2.7257,2.0903,-1.1171,-1.2593
1624366511379,-7.7039,-5.9253,2.9363,2.1917,-1.1599,-1.3765
1624366511388,-7.9025,-6.0091,3.3215,2.2308,-1.1562,-1.4743
1624366511398,-8.1537,-6.1024,3.5393,2.1881,-1.1293,-1.5549
1624366511407,-8.4839,-6.3752,3.6230,2.1343,-1.1122,-1.6331
1624366511417,-8.8381,-6.7245,3.8743,2.1184,-1.1000,-1.6820
1624366511427,-9.0726,-7.2988,4.0298,2.1722,-1.0927,-1.7064
1624366511436,-9.1084,-7.7893,3.5489,2.4165,-1.1134,-1.6954
1624366511446,-8.9792,-7.9449,3.5584,2.9260,-1.1941,-1.6270
1624366511455,-8.6801,-7.1983,3.9892,3.5491,-1.3553,-1.5231
1624366511465,-8.3571,-5.8296,4.8386,4.0866,-1.5056,-1.4401
1624366511472,-8.0628,-4.6021,5.8986,4.3811,-1.6021,-1.3680
1624366511482,-7.7637,-3.7359,6.7624,4.3358,-1.6620,-1.2788
1624366511492,-7.3928,-3.1042,7.5736,4.0402,-1.7450,-1.1896
1624366511501,-6.8257,-2.6328,7.9995,3.5613,-1.8758,-1.1114
1624366511511,-6.1031,-2.3911,7.8631,2.9834,-2.0138,-1.0259
1624366511522,-5.4833,-2.4988,8.0546,2.4312,-2.1128,-0.9001
1624366511532,-4.8779,-2.7429,7.9876,1.9205,-2.1653,-0.7681
1624366511542,-4.4233,-3.2047,7.5473,1.4868,-2.1800,-0.6789
1624366511551,-4.0596,-3.6282,7.3654,1.1594,-2.1751,-0.6191
1624366511561,-3.7629,-3.7957,7.3941,0.9101,-2.1910,-0.5617
1624366511570,-3.4422,-4.0828,7.5305,0.7293,-2.2398,-0.4847
1624366511580,-3.2221,-4.5973,7.5233,0.6401,-2.3095,-0.3747
1624366511590,-3.0043,-4.6021,7.3367,0.6731,-2.3400,-0.2611
1624366511599,-2.6933,-4.0254,7.1908,0.7599,-2.3339,-0.1756
1624366511609,-2.2410,-3.3865,6.8318,0.8894,-2.3034,-0.1084
1624366511619,-1.7960,-2.9941,6.7983,1.1557,-2.2496,-0.0180
1624366511628,-1.2935,-2.6089,6.5590,1.4526,-2.2203,0.0871
1624366511638,-0.8795,-2.3169,6.6811,1.6554,-2.1812,0.1909
1624366511647,-0.5900,-2.4366,7.0687,1.7482,-2.1250,0.2935
1624366511657,-0.3435,-2.5036,6.9874,1.7995,-2.0480,0.3876
1624366511666,-0.2430,-2.4509,7.1429,1.8044,-1.9540,0.4805
1624366511676,-0.1425,-2.4031,7.5569,1.7898,-1.8391,0.5733
1624366511686,-0.1258,-2.2930,7.8966,1.8203,-1.6913,0.6381
1624366511695,-0.0396,-2.1327,7.8105,1.8277,-1.5545,0.6784
1624366511705,0.0130,-1.9245,8.2149,1.7886,-1.4115,0.7138
1624366511715,0.0010,-2.1279,8.5427,1.6847,-1.2759,0.7370
1624366511724,-0.0157,-2.1494,8.3250,1.6053,-1.1977,0.7224
1624366511734,0.0465,-1.9676,8.2843,1.4856,-1.1427,0.6942
1624366511743,0.1135,-2.0011,8.4254,1.3109,-1.0816,0.6710
1624366511753,0.2164,-2.0418,8.3082,1.2144,-1.0242,0.6417
1624366511763,0.3384,-1.8815,8.0043,1.1728,-0.9961,0.6063
1624366511772,0.4341,-1.7594,7.9110,1.1386,-0.9473,0.5880
1624366511782,0.5179,-1.5728,8.0187,1.1667,-0.8544,0.5672
1624366511791,0.6591,-1.2952,8.1024,1.1997,-0.7396,0.5220
1624366511801,0.8696,-0.9937,8.1838,1.1911,-0.6467,0.4743
1624366511809,1.1496,-0.8334,8.4901,1.1386,-0.5783,0.4621
1624366511818,1.3171,-0.8549,8.7198,1.0604,-0.5282,0.5000
1624366511828,1.3290,-0.9171,8.8203,0.9602,-0.4745,0.5782
1624366511837,1.1783,-0.9243,8.8394,0.8136,-0.3767,0.7016
1624366511847,0.8289,-0.9865,9.1217,0.6475,-0.2313,0.8641
1624366511857,0.3767,-1.2545,9.1289,0.5058,-0.0945,1.0192
1624366511868,-0.0492,-1.6757,9.0308,0.4312,-0.0175,1.1329
1624366511878,-0.4010,-1.9915,9.0213,0.3970,0.0154,1.2086
1624366511888,-0.5565,-1.9796,8.8562,0.3921,0.0069,1.2306
1624366511897,-0.4967,-1.6709,8.6001,0.4263,-0.0493,1.2184
1624366511907,-0.3005,-1.2689,8.4829,0.4764,-0.1214,1.2049
1624366511916,-0.1449,-0.9482,8.4948,0.5180,-0.1739,1.1890
1624366511926,-0.0875,-0.6922,8.5762,0.5351,-0.1971,1.1414
1624366511936,-0.0899,-0.6085,8.8418,0.5033,-0.1947,1.0644
1624366511945,-0.2861,-0.9794,9.3156,0.4703,-0.1654,0.9850
1624366511955,-0.4488,-1.4938,9.5285,0.4996,-0.1397,0.9032
1624366511965,-0.5732,-1.6589,9.3706,0.5986,-0.1177,0.8116
1624366511974,-0.4727,-1.3957,9.4902,0.7513,-0.0884,0.7224
1624366511983,-0.4369,-0.6491,9.2151,0.9004,-0.0151,0.6527
1624366511993,-0.4416,0.0544,9.1098,1.0030,0.0765,0.6173
1624366512003,-0.5302,0.6669,9.0619,1.0409,0.1352,0.6039
1624366512012,-0.6690,1.2125,9.2390,0.9663,0.1682,0.5953
1624366512022,-0.7958,1.5929,9.4209,0.8124,0.1755,0.6039
1624366512031,-0.8699,1.7269,9.5525,0.6450,0.1547,0.6356
1624366512041,-0.9393,1.6719,9.6314,0.4789,0.1461,0.6772
1624366512051,-0.9633,1.6384,9.5620,0.2968,0.1461,0.7138
1624366512060,-1.0016,1.5858,9.4902,0.1172,0.1461,0.7383
1624366512070,-1.0542,1.3848,9.4520,-0.0428,0.1437,0.7725
1624366512080,-1.1451,1.0186,9.3969,-0.1540,0.1425,0.8189
1624366512089,-1.2456,0.6358,9.3850,-0.2260,0.1303,0.8592
1624366512097,-1.3126,0.2242,9.4448,-0.2456,0.1217,0.8812
1624366512107,-1.3437,-0.1036,9.5237,-0.2138,0.0997,0.8848
1624366512118,-1.2552,-0.3524,9.5931,-0.1246,0.0606,0.8763
1624366512128,-1.0494,-0.1658,9.6051,0.0195,0.0142,0.8580
1624366512137,-0.8795,0.0472,9.6003,0.1637,-0.0322,0.8042
1624366512147,-0.7360,0.2817,9.6984,0.2577,-0.0139,0.7773
1624366512155,-0.6522,0.4898,9.8324,0.3689,0.0460,0.8299
1624366512164,-0.6115,0.8631,9.9473,0.5143,0.0814,0.8274
1624366512174,-0.6211,0.9612,10.0095,0.5485,0.1120,0.7896
1624366512183,-0.5876,0.9588,9.9377,0.5192,0.1278,0.7602
1624366512193,-0.4297,0.7913,9.6577,0.4508,0.1181,0.7297
1624366512204,-0.3507,0.5425,9.4472,0.3836,0.0997,0.6869
1624366512214,-0.3005,0.3582,9.2725,0.3762,0.1144,0.6283
1624366512223,-0.4153,0.3535,9.2510,0.4605,0.1694,0.5831
1624366512233,-0.6139,0.6645,9.3347,0.5974,0.2439,0.5892
1624366512243,-0.7790,1.1526,9.4615,0.7574,0.2977,0.6173
1624366512253,-0.8245,1.7030,9.5860,0.8588,0.3038,0.6271
1624366512262,-0.8652,2.1050,9.7511,0.8637,0.2830,0.5916
1624366512272,-0.8891,2.2629,9.8731,0.7611,0.2500,0.5220
1624366512281,-0.9154,2.2581,9.9568,0.5790,0.2146,0.4511
1624366512291,-0.8125,2.2462,9.8516,0.3750,0.1694,0.3974
1624366512301,-0.7312,2.1887,9.9138,0.1979,0.1254,0.3534
1624366512310,-0.6211,2.0619,9.9688,0.0537,0.0924,0.3167
1624366512318,-0.6187,1.8083,9.9760,-0.0550,0.0680,0.2850
1624366512329,-0.6498,1.5810,9.9975,-0.1222,0.0545,0.2654
1624366512339,-0.6833,1.4900,10.0406,-0.1515,0.0460,0.2618
1624366512347,-0.6977,1.4494,10.0023,-0.1210,0.0264,0.2691
1624366512358,-0.7144,1.4302,9.9640,-0.0367,-0.0029,0.2874
1624366512367,-0.7025,1.4398,9.9449,0.0525,-0.0310,0.3021
1624366512378,-0.6857,1.3919,9.8922,0.1270,-0.0640,0.3058
1624366512387,-0.6714,1.3417,9.7200,0.1808,-0.1092,0.3058
1624366512397,-0.6044,1.4230,9.6649,0.2431,-0.1617,0.3119
1624366512406,-0.5780,1.6384,9.6482,0.3103,-0.1971,0.3228
1624366512416,-0.5302,1.9040,9.6745,0.4068,-0.2191,0.3314
1624366512426,-0.4967,2.1864,9.6793,0.4813,-0.2264,0.3387
1624366512435,-0.4751,2.3299,9.6936,0.5009,-0.2216,0.3510
1624366512445,-0.4751,2.3156,9.6793,0.4837,-0.2118,0.3632
1624366512455,-0.4943,2.2007,9.5979,0.4337,-0.2118,0.3644
1624366512464,-0.4727,2.0763,9.5979,0.3787,-0.2130,0.3644
1624366512474,-0.4656,1.9949,9.5883,0.3445,-0.2130,0.3632
1624366512483,-0.4967,1.9949,9.6171,0.3347,-0.2130,0.3583
1624366512493,-0.5397,2.0069,9.6553,0.3481,-0.2057,0.3497
1624366512501,-0.5852,2.0858,9.7080,0.3677,-0.1837,0.3363
1624366512510,-0.6378,2.0954,9.7678,0.3775,-0.1666,0.3192
1624366512519,-0.6402,2.0691,9.7391,0.3824,-0.1605,0.3045
1624366512529,-0.5948,2.1385,9.6147,0.3811,-0.1678,0.2899
1624366512539,-0.4560,2.2557,9.5142,0.3616,-0.1763,0.2703
1624366512550,-0.3268,2.3275,9.3682,0.3420,-0.1873,0.2544
1624366512560,-0.2430,2.3730,9.2318,0.3347,-0.2008,0.2410
1624366512570,-0.1784,2.4256,9.1792,0.3249,-0.2008,0.2312
1624366512579,-0.1689,2.4759,9.1744,0.3188,-0.1837,0.2263
1624366512589,-0.1976,2.5142,9.2486,0.3127,-0.1629,0.2227
1624366512599,-0.1760,2.3754,9.2916,0.3103,-0.1483,0.2166
1624366512608,-0.1162,2.2605,9.3180,0.3042,-0.1458,0.2153
1624366512618,-0.0061,2.1648,9.3156,0.2883,-0.1544,0.2068
1624366512628,0.0991,2.0356,9.2079,0.2846,-0.1703,0.2007
1624366512637,-1.1786,2.3323,8.4996,0.3066,-0.1727,0.2007
1624366512647,-0.0779,1.6862,9.0404,0.3701,-0.1776,0.2019
1624366512656,0.8672,2.4783,8.3345,0.6963,-0.4757,0.1787
1624366512663,1.1544,2.9712,8.8346,0.5448,-0.4915,0.1738
1624366512675,1.1831,2.4591,9.1337,0.3750,-0.3095,0.1909
1624366512690,1.1328,2.7152,9.4687,0.3262,-0.0627,0.1909
1624366512693,0.1781,2.2988,9.8420,0.1722,0.1559,0.1738
1624366512707,-0.4249,2.1002,9.8898,0.0549,0.3258,0.1885
