1624602474205,0.6495,-3.2525,8.6073,0.1413,0.3360,0.3705
1624602474207,1.1065,-3.0372,8.7174,0.1437,0.2798,0.3607
1624602474208,1.3697,-3.1855,8.7939,0.1193,0.1980,0.2825
1624602474212,1.3458,-3.4511,8.9279,0.0777,0.1601,0.2739
1624602474229,1.3290,-3.5540,9.0189,0.0447,0.1662,0.2849
1624602474261,1.3721,-3.6593,9.0883,0.0044,0.1687,0.2739
1624602474262,1.4176,-3.8699,9.0452,-0.0408,0.1552,0.2581
1624602474263,1.5133,-4.1331,8.9830,-0.0750,0.1430,0.2532
1624602474291,1.4918,-4.2982,8.9375,-0.1006,0.1369,0.2569
1624602474292,1.4678,-4.3461,8.8681,-0.1177,0.1345,0.2666
1624602474292,1.4296,-4.4131,8.8729,-0.1190,0.1296,0.2825
1624602474294,1.3936,-4.4561,8.9064,-0.1104,0.1296,0.2971
1624602474297,1.3195,-4.4394,8.8203,-0.1043,0.1357,0.3167
1624602474310,1.1328,-4.2025,8.7676,-0.0945,0.1442,0.3350
1624602474317,1.0515,-4.1690,8.7126,-0.0811,0.1552,0.3448
1624602474325,0.9893,-4.0565,8.7556,-0.0579,0.1650,0.3533
1624602474334,0.9390,-3.8316,8.7844,-0.0249,0.1650,0.3582
1624602474344,0.8648,-3.5564,8.7820,0.0081,0.1662,0.3509
1624602474355,0.7859,-3.4176,8.7198,0.0252,0.1589,0.3424
1624602474363,0.7308,-3.3985,8.7341,0.0313,0.1430,0.3338
1624602474374,0.6902,-3.3650,8.7676,0.0276,0.1174,0.3338
1624602474385,0.6399,-3.2908,8.7915,0.0289,0.0880,0.3289
1624602474392,0.5801,-3.4200,8.8083,0.0191,0.0648,0.3204
1624602474402,0.5849,-3.5971,8.7652,-0.0005,0.0404,0.3143
1624602474411,0.5705,-3.7742,8.8131,-0.0261,0.0123,0.3057
1624602474421,0.5322,-3.8795,8.9136,-0.0396,-0.0085,0.3033
1624602474431,0.5155,-3.9512,8.9136,-0.0469,-0.0195,0.3057
1624602474440,0.5657,-4.1307,8.8753,-0.0603,-0.0280,0.3057
1624602474450,0.5849,-4.2503,8.8825,-0.0786,-0.0329,0.3033
1624602474459,0.5777,-4.2695,8.8920,-0.0847,-0.0292,0.3020
1624602474469,0.5251,-4.2886,8.9758,-0.0835,-0.0158,0.3069
1624602474479,0.4557,-4.2360,8.9112,-0.0762,-0.0011,0.3094
1624602474489,0.4222,-4.1594,8.8179,-0.0640,0.0086,0.3143
1624602474498,0.3767,-4.1379,8.7796,-0.0542,0.0172,0.3179
1624602474508,0.3743,-4.1092,8.7556,-0.0444,0.0245,0.3253
1624602474517,0.3288,-4.0230,8.7293,-0.0371,0.0245,0.3326
1624602474527,0.2858,-3.9273,8.7365,-0.0273,0.0233,0.3362
1624602474538,0.2188,-3.8531,8.8226,-0.0139,0.0159,0.3436
1624602474546,0.1972,-3.8364,8.8633,-0.0078,0.0062,0.3448
1624602474556,0.1877,-3.8220,8.9734,-0.0054,-0.0109,0.3411
1624602474565,0.1757,-3.8483,8.9878,-0.0078,-0.0292,0.3338
1624602474578,0.1470,-3.9201,9.0763,-0.0175,-0.0488,0.3277
1624602474584,0.1135,-3.9560,9.0308,-0.0249,-0.0634,0.3289
1624602474594,0.0585,-4.0230,9.0380,-0.0285,-0.0732,0.3314
1624602474603,0.0489,-4.1020,9.0356,-0.0322,-0.0806,0.3411
1624602474615,-0.0061,-4.2168,9.0308,-0.0334,-0.0830,0.3521
1624602474625,-0.0109,-4.2719,9.0021,-0.0224,-0.0818,0.3692
1624602474634,-0.0349,-4.2144,8.9590,-0.0175,-0.0793,0.3802
1624602474643,-0.0636,-4.1905,8.9351,0.0105,-0.0683,0.3778
1624602474653,-0.0995,-4.2240,8.8657,0.0215,-0.0598,0.3815
1624602474662,-0.0732,-4.2144,8.7939,0.0374,-0.0561,0.3961
1624602474673,-0.0564,-4.1738,8.7150,0.0496,-0.0512,0.3961
1624602474682,-0.1330,-4.0446,8.6695,0.0557,-0.0341,0.3912
1624602474692,-0.1976,-3.9465,8.6863,0.0838,-0.0109,0.3998
1624602474702,-0.1473,-4.0565,8.5858,0.0851,0.0025,0.3986
1624602474709,-0.1210,-4.0709,8.5762,0.0679,-0.0024,0.3924
1624602474719,-0.1425,-4.0015,8.5905,0.0631,-0.0024,0.3863
1624602474728,-0.1210,-3.9632,8.6097,0.0643,0.0037,0.3851
1624602474738,-0.1258,-3.9417,8.6767,0.0618,0.0099,0.3815
1624602474748,-0.1449,-3.9058,8.7341,0.0557,0.0086,0.3656
1624602474759,-0.1162,-3.9823,8.8083,0.0484,0.0025,0.3607
1624602474769,-0.0875,-4.0805,8.8514,0.0386,-0.0121,0.3607
1624602474778,-0.1066,-4.0900,8.8825,0.0325,-0.0292,0.3558
1624602474788,-0.1210,-4.1666,8.8729,0.0276,-0.0427,0.3595
1624602474798,-0.1162,-4.2456,8.9303,0.0289,-0.0500,0.3607
1624602474808,-0.1066,-4.2862,8.9471,0.0350,-0.0561,0.3521
1624602474817,-0.1330,-4.3197,8.9160,0.0460,-0.0537,0.3424
1624602474827,-0.1234,-4.3197,8.8753,0.0508,-0.0549,0.3387
1624602474836,-0.1402,-4.2527,8.8394,0.0606,-0.0585,0.3289
1624602474846,-0.1449,-4.1714,8.8657,0.0728,-0.0598,0.3192
1624602474856,-0.1425,-4.1140,8.8825,0.0826,-0.0610,0.3118
1624602474865,-0.1569,-4.0254,8.9447,0.0838,-0.0647,0.2971
1624602474874,-0.1736,-4.0063,9.0691,0.0838,-0.0622,0.2813
1624602474884,-0.1234,-3.9536,9.0978,0.0826,-0.0647,0.2605
1624602474894,-0.0564,-3.9608,9.0524,0.0863,-0.0671,0.2385
1624602474904,-0.0588,-4.0230,9.0069,0.0655,-0.0708,0.2190
1624602474913,-0.0229,-4.0422,8.9854,0.0496,-0.0683,0.2092
1624602474923,-0.0229,-4.0852,8.9566,0.0447,-0.0671,0.2031
1624602474931,0.0106,-4.0828,8.9447,0.0411,-0.0695,0.1945
1624602474942,0.0513,-4.0517,8.8825,0.0399,-0.0708,0.1896
1624602474952,0.0609,-3.9943,8.8131,0.0435,-0.0757,0.1835
1624602474961,0.0130,-3.9465,8.7700,0.0533,-0.0806,0.1762
1624602474971,-0.0038,-3.9201,8.7533,0.0521,-0.0818,0.1713
1624602474981,-0.0277,-3.8460,8.7174,0.0484,-0.0867,0.1677
1624602474990,-0.0827,-3.7861,8.6887,0.0423,-0.0928,0.1640
1624602475000,-0.0732,-3.8053,8.7293,0.0252,-0.1013,0.1591
1624602475010,-0.0564,-3.8005,8.6528,0.0154,-0.1147,0.1530
1624602475019,-0.0755,-3.8005,8.6336,0.0142,-0.1331,0.1469
1624602475029,-0.1234,-3.8579,8.6384,0.0069,-0.1441,0.1469
1624602475036,-0.1641,-3.8292,8.6887,0.0044,-0.1587,0.1530
1624602475045,-0.2622,-3.6952,8.7509,0.0093,-0.1697,0.1628
1624602475055,-0.2694,-3.6785,8.7604,0.0093,-0.1819,0.1713
1624602475064,-0.1617,-3.7502,8.7700,-0.0041,-0.2125,0.1799
1624602475074,-0.0085,-3.8579,8.7222,-0.0261,-0.2443,0.1835
1624602475084,1.1735,-4.6523,7.8392,-0.0579,-0.2577,0.1872
1624602475096,0.5562,-4.0206,8.5594,-0.0872,-0.2357,0.1786
1624602475105,-0.1760,-4.0254,8.7676,-0.0469,-0.0146,0.0137
1624602475115,-0.0779,-3.8531,8.8514,-0.0689,0.0379,0.1640
1624602475125,0.3552,-3.8148,8.7341,-0.0762,-0.0427,0.1701
1624602475134,0.6399,-3.9776,8.7939,-0.1214,-0.1172,0.1225
1624602475144,0.7356,-4.1618,8.9327,-0.1324,-0.1453,0.1457
1624602475153,1.4463,-3.6808,8.5858,-0.1092,-0.1209,0.1664
1624602475163,0.4341,-4.1762,8.9303,-0.0774,-0.1001,0.1848
1624602475173,0.5657,-3.5804,8.7915,-0.0530,-0.0036,0.2422
1624602475180,0.4892,-3.4153,8.7509,-0.0041,0.0086,0.2471
1624602475192,0.4820,-3.2573,8.7150,0.0008,-0.0243,0.2739
1624602475202,0.4724,-3.3100,8.7389,0.0105,-0.0366,0.2825
1624602475209,0.3432,-3.2214,8.6719,0.0008,-0.0512,0.3033
1624602475221,0.0776,-3.4344,8.1192,-0.0249,-0.0512,0.3314
1624602475230,-0.1641,-3.3076,8.1168,-0.0066,-0.0573,0.3301
1624602475240,-0.2502,-2.4868,8.1909,0.0777,-0.0659,0.3350
1624602475249,-0.1186,-2.4366,8.2508,0.1095,-0.0671,0.2910
1624602475259,-0.0253,-2.9080,8.4446,0.1022,-0.1135,0.2715
1624602475269,-0.0277,-3.3459,8.4111,0.0179,-0.1526,0.3289
1624602475278,-0.0516,-3.2573,8.5188,-0.0603,-0.1636,0.3582
1624602475288,-0.1306,-3.1066,8.6025,-0.1361,-0.1563,0.3570
1624602475298,-0.0947,-3.3722,8.4470,-0.2301,-0.1612,0.3497
1624602475307,-0.0157,-3.6402,8.3226,-0.3352,-0.1880,0.3631
1624602475317,0.1446,-3.9441,8.1886,-0.4146,-0.2076,0.3790
1624602475326,0.2164,-4.2144,8.2556,-0.4733,-0.2052,0.4144
1624602475336,0.1111,-4.5016,8.3537,-0.5026,-0.1661,0.4535
1624602475346,-0.0923,-4.7313,8.4589,-0.5246,-0.0952,0.4853
1624602475355,-0.3172,-4.9084,8.4302,-0.5392,-0.0292,0.5281
1624602475365,-0.4297,-4.8031,8.3800,-0.5429,0.0147,0.5537
1624602475379,-0.4943,-4.7552,8.3728,-0.5624,0.0355,0.5733
1624602475382,-0.5278,-5.0519,8.2412,-0.5918,0.0367,0.5965
1624602475392,-0.5637,-5.2434,8.0881,-0.6028,0.0147,0.6295
1624602475401,-0.6259,-5.1979,8.0952,-0.6052,-0.0097,0.6612
1624602475411,-0.7096,-5.0663,8.0043,-0.5820,-0.0146,0.6808
1624602475422,-0.8077,-5.0089,7.8583,-0.5624,-0.0219,0.7113
1624602475432,-0.8269,-4.9754,7.7363,-0.5673,-0.0549,0.7455
1624602475442,-0.8460,-5.0471,7.5856,-0.5808,-0.0976,0.7797
1624602475451,-0.8771,-5.1716,7.4994,-0.5930,-0.1331,0.8213
1624602475461,-0.9059,-5.1572,7.4540,-0.6064,-0.1673,0.8665
1624602475471,-0.9896,-5.1118,7.4779,-0.5954,-0.1954,0.9129
1624602475480,-1.0901,-5.1835,7.5856,-0.5771,-0.2088,0.9483
1624602475490,-1.2265,-5.2338,7.7220,-0.5698,-0.2284,0.9862
1624602475500,-1.2384,-5.4037,7.7842,-0.5722,-0.2553,1.0241
1624602475509,-1.1380,-5.5784,7.6765,-0.5612,-0.2931,1.0485
1624602475519,-0.9705,-5.6501,7.6621,-0.5429,-0.3383,1.0742
1624602475528,-0.8580,-5.6980,7.5832,-0.4806,-0.3676,1.0974
1624602475537,-0.8149,-5.8320,7.6478,-0.4293,-0.3774,1.1316
1624602475548,-0.8197,-5.9564,7.7554,-0.4061,-0.3738,1.1878
1624602475557,-0.9465,-6.0186,7.7267,-0.4207,-0.3652,1.2501
1624602475567,-1.0470,-6.1790,7.6262,-0.4794,-0.3530,1.2770
1624602475576,-1.1667,-6.3058,7.7267,-0.5123,-0.3457,1.3002
1624602475585,-1.1810,-6.2244,7.9732,-0.4904,-0.3530,1.3210
1624602475595,-1.2074,-6.0497,8.2220,-0.4403,-0.3640,1.3063
1624602475605,-1.2002,-5.9636,8.0952,-0.3889,-0.3689,1.2721
1624602475615,-1.2145,-6.0641,8.0569,-0.3951,-0.4067,1.2697
1624602475624,-1.0303,-6.3177,7.8751,-0.4415,-0.4642,1.2403
1624602475634,-0.6522,-6.3249,7.7363,-0.4879,-0.5289,1.1902
1624602475644,-0.3340,-6.1670,7.7483,-0.5209,-0.5876,1.1426
1624602475653,-0.0492,-6.2220,7.7794,-0.5576,-0.6242,1.0778
1624602475663,0.1685,-6.2651,7.7363,-0.5771,-0.6364,1.0302
1624602475672,0.2858,-5.9492,7.9134,-0.5905,-0.6144,0.9874
1624602475682,0.5825,-5.5616,7.8272,-0.6040,-0.5717,0.9178
1624602475692,0.8098,-5.4180,7.2745,-0.6565,-0.5595,0.8384
1624602475701,0.8577,-4.9514,7.5162,-0.7652,-0.5729,0.7614
1624602475709,1.1735,-4.3054,7.9947,-0.9314,-0.5338,0.6685
1624602475718,1.7191,-3.5349,8.3776,-1.1220,-0.4862,0.5439
1624602475728,2.0589,-3.7742,8.6504,-1.2906,-0.4532,0.3167
1624602475737,2.2910,-4.6260,8.2484,-1.4262,-0.3945,0.1628
1624602475747,2.0541,-5.2864,8.1359,-1.5557,-0.3053,0.0760
1624602475758,1.2788,-5.1333,7.5090,-1.6901,-0.2345,-0.0351
1624602475768,0.3767,-4.9730,7.1525,-1.7194,-0.1758,-0.2819
1624602475778,-0.4249,-5.0878,6.9586,-1.5569,-0.0744,-0.5336
1624602475788,-0.9633,-5.4515,6.6141,-1.5276,-0.0402,-0.6216
1624602475797,-0.9274,-6.2364,5.9585,-1.7060,-0.1270,-0.6790
1624602475807,-0.5708,-7.2509,5.6306,-1.8892,-0.2614,-0.7388
1624602475817,-0.1665,-8.2535,5.3866,-2.0835,-0.3823,-0.7388
1624602475826,0.1159,-8.8757,5.4512,-2.1983,-0.4764,-0.7254
1624602475836,0.1518,-9.2872,5.6210,-2.2264,-0.5045,-0.7034
1624602475845,0.0632,-9.5911,6.0494,-2.2069,-0.4947,-0.6497
1624602475855,-0.0875,-9.4428,6.0781,-2.1372,-0.4458,-0.6057
1624602475864,-0.0708,-8.8159,5.6522,-2.0468,-0.3750,-0.5910
1624602475874,0.0800,-7.9066,5.5756,-1.9955,-0.2858,-0.5910
1624602475884,0.0920,-6.9016,5.5971,-2.1690,-0.1673,-0.5996
1624602475893,-0.0540,-6.7006,5.0946,-2.5111,-0.0366,-0.6509
1624602475903,-0.3005,-7.1265,4.8625,-2.7896,0.0477,-0.7108
1624602475912,-0.5254,-8.3804,4.3744,-2.9216,0.0734,-0.7560
1624602475922,-0.7336,-9.1819,4.5993,-2.8666,0.0966,-0.8073
1624602475932,-1.1906,-8.0645,5.4177,-2.5636,0.2591,-0.9514
1624602475941,-1.4179,-7.3371,5.2693,-2.2863,0.4790,-1.1139
1624602475951,-1.3007,-7.3347,4.7836,-2.0517,0.5584,-1.1872
1624602475961,-1.2145,-7.5524,4.1208,-1.9185,0.5437,-1.2556
1624602475970,-1.1116,-8.1626,3.6135,-2.0371,0.5254,-1.3241
1624602475979,-1.0518,-8.7034,2.6635,-2.2399,0.4863,-1.3815
1624602475989,-1.1451,-9.3973,1.9050,-2.4353,0.4032,-1.4304
1624602475999,-1.1595,-10.0170,2.0246,-2.4488,0.3495,-1.5391
1624602476008,-0.9106,-9.5241,2.0151,-2.3706,0.3141,-1.7113
1624602476018,-0.6307,-9.2394,1.9696,-2.5050,0.2579,-1.8922
1624602476028,-0.3531,-9.7897,1.7638,-2.5746,0.2530,-2.0302
1624602476037,0.1661,-10.2587,1.6083,-2.3901,0.2310,-2.0998
1624602476045,0.8624,-9.2920,1.5245,-2.2008,0.1907,-2.1084
1624602476054,1.2022,-8.1435,1.7255,-2.1324,0.2481,-2.2000
1624602476064,1.4152,-7.9209,1.6609,-2.0737,0.3446,-2.3369
1624602476074,1.6425,-8.4282,1.4934,-1.9430,0.3556,-2.3430
1624602476087,2.0182,-9.9165,1.3762,-1.7658,0.2762,-2.2452
1624602476095,2.8940,-11.2398,1.2278,-1.3981,0.1113,-2.0962
1624602476105,3.7003,-11.7806,0.6392,-0.8947,-0.1025,-1.9276
1624602476114,3.7937,-11.2254,0.0027,-0.3926,-0.2980,-1.7358
1624602476124,3.7267,-11.1824,-0.3562,0.0118,-0.4226,-1.6441
1624602476133,3.6836,-11.8380,-0.5237,0.2622,-0.5045,-1.5452
1624602476143,3.5089,-11.6561,-0.5452,0.3673,-0.5973,-1.4401
1624602476153,3.2959,-11.6920,-0.2725,0.4797,-0.6731,-1.4695
1624602476162,3.2146,-11.5772,-0.0595,0.7387,-0.7146,-1.5146
1624602476172,3.4443,-10.3568,0.2444,1.1089,-0.7855,-1.5036
1624602476181,3.6262,-9.2131,0.2587,1.3776,-0.8576,-1.4988
1624602476191,3.7530,-8.8709,0.0099,1.4632,-0.9187,-1.4841
1624602476200,4.0952,-8.5598,0.1487,1.4509,-0.9785,-1.4108
1624602476232,4.0999,-7.7128,0.8306,1.4033,-0.9199,-1.3631
1624602476233,3.7219,-7.6147,1.5915,1.2042,-0.7977,-1.3192
1624602476234,3.7362,-7.4902,1.7949,0.9195,-0.7537,-1.1945
1624602476240,4.1143,-8.5861,1.5509,0.6800,-0.8478,-1.0626
1624602476248,4.6168,-9.0360,1.5963,0.5408,-0.9761,-0.9490
1624602476258,4.4780,-8.1387,1.9744,0.5530,-1.0237,-0.9331
1624602476269,4.2914,-7.2653,2.2256,0.6104,-0.9638,-1.0137
1624602476276,4.3560,-6.6719,2.0175,0.5469,-0.9125,-1.1139
1624602476286,4.4636,-6.4733,1.6585,0.4051,-0.9492,-1.1616
1624602476295,4.6814,-6.8059,0.9718,0.2121,-1.0066,-1.1799
1624602476304,5.2102,-6.6073,0.5387,0.0692,-1.0689,-1.1555
1624602476315,5.3873,-5.7602,0.3473,0.0594,-1.0995,-1.1567
1624602476324,5.2940,-5.3798,0.5770,0.0399,-1.0372,-1.2385
1624602476335,5.6098,-5.1118,0.7014,-0.0909,-0.9553,-1.3216
1624602476343,6.0381,-5.4109,0.9120,-0.2900,-0.9602,-1.3680
1624602476354,6.5287,-6.4470,0.4071,-0.5001,-0.9895,-1.3546
1624602476366,7.0407,-6.9327,-0.2126,-0.6162,-1.0213,-1.2813
1624602476372,7.4953,-7.1552,-1.0812,-0.6614,-1.0323,-1.2532
1624602476383,7.6222,-7.8085,-1.8182,-0.5686,-0.9810,-1.2263
1624602476391,7.3350,-7.9042,-2.8136,-0.2680,-0.8405,-1.1408
1624602476401,7.6413,-7.3299,-1.9738,0.1620,-0.6462,-1.0932
1624602476410,8.8306,-6.9375,-0.2533,0.5530,-0.4727,-1.0687
1624602476420,9.8690,-7.3084,1.1417,0.7338,-0.3738,-1.1579
1624602476434,9.9935,-8.1770,3.0751,1.0038,-0.3102,-1.4108
1624602476439,8.7157,-8.6819,4.6759,1.5303,-0.1429,-1.4572
1624602476449,7.3972,-7.5381,6.6069,2.0728,0.0221,-1.2972
1624602476458,6.5550,-3.1185,7.3630,2.3391,0.0477,-1.1603
1624602476468,6.3300,2.5836,6.1068,2.1315,-0.1624,-1.1090
1624602476477,6.8804,5.9503,5.1999,1.1626,-0.5900,-0.8244
1624602476489,7.5504,4.0910,2.5702,-0.6370,-1.0787,-0.3430
1624602476497,8.0768,-0.3357,0.8928,-2.8471,-1.5723,0.0809
1624602476508,8.2419,-1.5058,-0.9233,-4.6626,-1.8081,0.5158
1624602476518,8.1534,-2.0226,-1.5048,-6.0492,-1.7580,0.6844
1624602476527,8.9191,-3.9632,-1.6340,-6.8433,-1.6333,0.7052
1624602476535,10.2782,-7.6769,-4.5939,-7.0681,-1.6150,0.8005
1624602476546,8.6989,-3.8579,-1.1171,-6.7676,-1.5124,0.8176
1624602476555,7.2489,-0.4075,-4.0914,-6.8385,-0.9895,0.4706
1624602476565,7.9500,-3.8412,-4.5963,-6.6112,-0.8221,0.0882
1624602476575,7.6748,-3.3100,-5.3835,-5.9038,-1.0897,0.8811
1624602476584,8.0696,-6.7484,-5.0581,-6.1824,-0.9406,0.4474
1624602476594,8.8784,-9.6318,-5.7712,-6.0101,-0.8747,0.1139
1624602476604,9.2373,-11.8428,-6.5943,-5.4127,-0.8405,-0.1573
1624602476613,9.4718,-13.3359,-6.8551,-4.4573,-0.5863,-0.5373
1624602476623,9.3498,-12.5463,-6.9843,-3.1769,-0.1844,-0.7413
1624602476633,8.6894,-12.2711,-7.1279,-1.9467,0.2835,-1.0663
1624602476643,7.7777,-12.1299,-6.7881,-0.9314,0.7588,-1.3790
1624602476652,6.9617,-11.2805,-6.2306,0.0460,1.0960,-1.6124
1624602476661,6.5191,-11.7016,-7.3313,1.0930,1.3171,-1.7724
1624602476669,5.9424,-11.5963,-8.0252,2.0276,1.3110,-1.8555
1624602476681,5.5763,-9.8280,-8.0372,3.0685,1.3220,-2.0644
1624602476691,5.5476,-8.0190,-7.0250,4.0752,1.3574,-2.3821
1624602476699,5.6600,-6.8872,-6.7570,5.0208,1.3892,-2.6118
1624602476710,5.4997,-5.6549,-6.9652,5.7001,1.2792,-2.5983
1624602476719,5.4734,-3.5660,-5.8119,6.2181,1.1570,-2.6936
1624602476729,6.1889,-0.9746,-4.8164,6.5541,1.1314,-2.8757
1624602476737,7.4953,1.3967,-3.8928,6.6567,0.9567,-2.8952
1624602476746,8.6631,2.1194,-3.2396,6.2670,0.8370,-2.7926
1624602476756,9.2876,1.2077,-1.5478,5.7135,0.8003,-2.4151
1624602476766,9.6489,-0.4816,0.5842,5.1406,0.8638,-1.8030
1624602476775,10.3308,-2.5275,2.5176,4.5382,0.9726,-1.2617
1624602476785,11.1013,-5.6525,3.3933,3.9628,0.9481,-1.0089
1624602476796,10.7113,-9.1604,3.1660,3.8284,0.8357,-0.9233
1624602476806,10.0317,-10.4860,1.3690,4.1632,0.7160,-0.7413
1624602476816,9.5819,-6.4541,0.3353,4.8828,0.4839,-0.5202
1624602476825,9.1560,0.3582,0.2396,5.3776,0.2615,-0.6753
1624602476835,8.8042,3.8876,0.6201,4.8180,0.1137,-0.8708
1624602476844,8.8664,2.8061,1.2302,3.6427,-0.0989,-0.8598
1624602476854,8.6319,-0.0174,1.0986,2.1938,-0.3799,-0.5079
1624602476864,8.4070,-2.1901,0.2563,0.7045,-0.7207,-0.1952
1624602476873,8.8377,-0.5606,-0.6936,-0.2534,-1.0201,-0.1145
1624602476883,9.2349,0.4755,-1.2057,-0.9204,-1.3133,-0.1500
1624602476890,9.9097,-2.0011,-0.9401,-1.3883,-1.4855,-0.1659
1624602476902,10.5534,-4.9634,-0.3801,-1.4812,-1.5332,-0.0755
1624602476912,11.2760,-6.0091,0.5746,-1.4323,-1.4623,-0.0229
1624602476919,12.0345,-4.5782,2.6205,-0.9839,-1.1911,-0.1219
1624602476931,11.4292,-2.4820,2.9004,-0.4733,-0.7647,-0.1805
1624602476941,10.6204,-2.9295,2.6396,-0.3486,-0.3053,-0.1414
1624602476950,9.9073,-3.5564,2.4147,-0.3193,0.0172,0.0357
1624602476960,9.3498,-3.2190,2.3668,-0.2876,0.2591,0.2055
1624602476969,8.9622,-3.3124,2.1873,-0.3108,0.4594,0.2336
1624602476979,8.6870,-3.3674,1.7016,-0.2790,0.5779,0.3069
1624602476989,8.6176,-3.5229,1.4097,-0.2411,0.6097,0.3436
1624602476998,8.5841,-4.1786,1.0197,-0.2240,0.6085,0.3448
1624602477008,8.5267,-5.0089,0.3377,-0.1470,0.5877,0.2984
1624602477017,8.4955,-5.1453,0.1080,0.1046,0.5474,0.2336
1624602477027,8.3616,-4.2384,-0.5955,0.5530,0.5120,0.0809
1624602477037,8.3568,-3.8340,-0.6745,1.1089,0.4912,-0.0486
1624602477049,8.3998,-3.3363,-0.6410,1.6745,0.4704,-0.0987
1624602477054,8.5051,-1.7833,-0.5117,2.1547,0.4301,-0.1854
1624602477063,8.6343,-0.6515,-0.0260,2.2451,0.4118,-0.3235
1624602477073,8.9167,-0.2902,0.3784,2.2011,0.4265,-0.4517
1624602477083,9.3235,-0.2184,0.8426,2.0019,0.3983,-0.4921
1624602477093,9.7901,-0.2041,1.1537,1.6208,0.3360,-0.5397
1624602477102,10.1825,-0.6396,1.2278,1.1406,0.2701,-0.6008
1624602477115,10.6539,-1.0535,1.0101,0.6752,0.2029,-0.6289
1624602477123,11.1420,-1.3861,0.9024,0.2646,0.1503,-0.6216
1624602477133,11.4531,-1.5488,0.5148,-0.1422,0.1235,-0.6130
1624602477142,11.6493,-1.8862,0.4861,-0.5405,0.1406,-0.6032
1624602477151,11.5249,-2.2356,0.3497,-0.8288,0.2004,-0.5544
1624602477161,11.2186,-2.5897,0.0506,-1.0597,0.2982,-0.4969
1624602477171,10.9482,-2.6041,-0.0810,-1.1440,0.3837,-0.4640
1624602477180,10.8477,-2.6783,0.1822,-1.0682,0.4497,-0.4273
1624602477189,10.6443,-2.6113,0.3975,-0.8911,0.5169,-0.3968
1624602477199,10.4864,-2.5634,0.9814,-0.7775,0.5486,-0.3784
1624602477209,10.3356,-2.4103,1.3212,-0.6761,0.5499,-0.3956
1624602477219,10.2997,-1.7953,1.3212,-0.5014,0.5047,-0.4102
1624602477229,10.4888,-0.9219,0.9598,-0.3022,0.4216,-0.4395
1624602477238,10.9099,-0.2352,0.4143,-0.1739,0.3165,-0.5104
1624602477247,11.1827,0.1333,0.5076,-0.0896,0.2579,-0.5568
1624602477257,11.1061,0.3989,0.8306,-0.0469,0.2835,-0.5959
1624602477267,10.8190,0.4396,1.1273,-0.0994,0.3678,-0.6167
1624602477277,10.6539,0.4898,1.1967,-0.1959,0.4167,-0.6216
1624602477286,10.6898,0.5951,1.1321,-0.2961,0.4142,-0.6387
1624602477295,10.6850,0.6717,1.0292,-0.4403,0.3898,-0.6753
1624602477304,10.6084,0.6310,0.9048,-0.6015,0.3715,-0.7193
1624602477315,10.5079,0.5544,0.8498,-0.7506,0.3654,-0.7486
1624602477324,10.5558,0.3917,0.9503,-0.8838,0.3544,-0.7596
1624602477335,10.6515,0.0352,1.0603,-1.0133,0.3507,-0.7694
1624602477344,10.7041,-0.3213,0.7014,-1.1061,0.3495,-0.7816
1624602477354,10.8238,-0.3524,0.4980,-1.1501,0.3495,-0.7975
1624602477362,10.7448,-0.3237,0.6631,-1.2063,0.3666,-0.8232
1624602477373,10.5271,-0.5630,1.0268,-1.2246,0.4216,-0.8390
1624602477383,10.3643,-0.8549,0.9886,-1.1696,0.4827,-0.8232
1624602477391,10.4314,-1.0392,0.8785,-1.0878,0.4704,-0.8183
1624602477401,10.5606,-1.0176,0.7469,-1.0365,0.4265,-0.8513
1624602477409,10.6491,-1.1492,0.7780,-0.9656,0.4045,-0.8781
1624602477419,10.6228,-1.3263,0.8163,-0.9131,0.4008,-0.8928
1624602477429,10.5582,-1.2545,1.0675,-0.8495,0.4130,-0.8977
1624602477438,10.4648,-1.1301,1.1632,-0.7738,0.4521,-0.9172
1624602477452,10.4170,-1.1062,1.2159,-0.7188,0.4814,-0.9356
1624602477459,10.3404,-0.9387,1.2805,-0.6858,0.5034,-0.9319
1624602477469,10.2399,-0.9243,1.3355,-0.7127,0.5279,-0.9392
1624602477478,10.1705,-1.0105,1.4073,-0.7469,0.5450,-0.9368
1624602477488,10.1394,-0.8836,1.4647,-0.7750,0.5462,-0.9209
1624602477498,10.0940,-0.7927,1.5844,-0.8276,0.5352,-0.9343
1624602477507,10.0796,-0.7401,1.6729,-0.8960,0.5242,-0.9563
1624602477517,9.9743,-0.7161,1.5676,-0.9913,0.5132,-0.9698
1624602477527,9.9576,-0.7951,1.4839,-1.0914,0.4985,-0.9685
1624602477536,10.0030,-0.8358,1.4886,-1.1819,0.4851,-0.9612
1624602477546,10.0413,-0.9530,1.5054,-1.2710,0.4827,-0.9661
1624602477555,10.0509,-0.9913,1.6753,-1.3297,0.4912,-0.9673
1624602477564,10.0078,-0.8765,1.7423,-1.3431,0.5047,-0.9710
1624602477573,9.8810,-0.7640,1.7160,-1.3358,0.5169,-0.9844
1624602477584,9.7374,-0.7281,1.7543,-1.3431,0.5266,-0.9930
1624602477594,9.6872,-0.6922,1.7064,-1.3590,0.5254,-1.0015
1624602477604,9.6728,-0.6324,1.7112,-1.3810,0.5132,-1.0089
1624602477613,9.5891,-0.7137,1.7710,-1.4274,0.4973,-1.0211
1624602477623,9.6034,-0.8501,1.8045,-1.4555,0.4839,-1.0296
1624602477632,9.7470,-0.8980,1.7782,-1.4519,0.4582,-1.0284
1624602477642,9.7518,-0.9482,1.7901,-1.4396,0.4326,-1.0272
1624602477649,9.7039,-1.0392,1.7949,-1.4115,0.4203,-1.0296
1624602477659,9.6776,-1.0703,1.8117,-1.3798,0.4167,-1.0284
1624602477669,9.5963,-1.2402,1.7973,-1.3382,0.4167,-1.0247
1624602477681,9.5915,-1.2737,1.7830,-1.2552,0.4106,-1.0125
1624602477689,9.4886,-1.1373,1.8667,-1.1696,0.4045,-1.0064
1624602477699,9.3354,-1.0128,1.9529,-1.0988,0.4008,-0.9966
1624602477709,9.2900,-0.9506,1.9337,-1.0805,0.3935,-0.9881
1624602477719,9.2756,-1.0416,2.0079,-1.0585,0.3690,-0.9698
1624602477730,9.1727,-1.0727,1.9959,-1.0499,0.3458,-0.9478
1624602477736,9.1679,-0.9028,1.8667,-1.0365,0.3128,-0.9306
1624602477746,9.2708,-0.9076,1.9792,-1.0194,0.2860,-0.9221
1624602477755,9.2756,-1.0870,2.0342,-0.9583,0.2713,-0.8977
1624602477765,9.3282,-0.9961,2.1802,-0.9045,0.2676,-0.8635
1624602477775,9.3737,-0.8119,2.1850,-0.8777,0.2603,-0.8537
1624602477786,9.3785,-0.6994,2.1539,-0.8667,0.2432,-0.8476
1624602477795,9.3857,-0.5702,2.1323,-0.8691,0.2224,-0.8354
1624602477806,9.4072,-0.4697,2.1802,-0.8972,0.2029,-0.8012
1624602477815,9.4359,-0.4027,2.0773,-0.9632,0.1785,-0.7633
1624602477825,9.5101,-0.3620,1.9864,-1.0853,0.1491,-0.7193
1624602477834,9.5867,-0.2831,2.0103,-1.2051,0.1125,-0.6777
1624602477843,9.6154,-0.0844,2.2328,-1.3272,0.0819,-0.6203
1624602477853,9.6178,0.4228,2.5343,-1.4433,0.0502,-0.5580
1624602477863,9.5915,1.0306,2.8071,-1.5924,0.0050,-0.4749
1624602477873,9.5245,1.3273,2.9267,-1.8086,-0.0512,-0.3699
1624602477882,9.5867,1.7126,2.8693,-2.1324,-0.1086,-0.2318
1624602477893,9.6872,1.7341,2.7521,-2.5636,-0.1770,-0.1182
1624602477901,9.7733,1.3034,2.5678,-3.0218,-0.2235,-0.0083
1624602477909,9.9408,1.0761,2.3884,-3.4665,-0.2638,0.1127
1624602477921,10.0724,1.1144,2.1778,-3.8758,-0.2980,0.2092
1624602477930,10.1179,0.6310,1.9481,-4.2276,-0.3212,0.2715
1624602477940,10.1490,0.1883,1.8643,-4.4585,-0.3457,0.3558
1624602477950,10.1801,-0.3189,1.6011,-4.6063,-0.3591,0.4218
1624602477959,10.3093,-1.0511,1.4216,-4.5954,-0.3603,0.4780
1624602477969,10.4864,-1.5106,1.3427,-4.4243,-0.3420,0.5427
1624602477978,10.5199,-1.6972,1.3068,-4.1519,-0.3139,0.5818
1624602477988,10.5031,-1.6661,1.3116,-3.8147,-0.2614,0.5879
1624602477998,10.4242,-1.7475,1.3786,-3.4665,-0.2113,0.5879
1624602478007,10.3117,-1.8767,1.5389,-3.1329,-0.1770,0.5904
1624602478017,10.2997,-1.8647,1.5269,-2.8300,-0.1636,0.5843
1624602478027,10.7161,-2.4557,2.3668,-2.5844,-0.1844,0.5830
1624602478036,10.0006,-2.5347,0.8880,-2.3120,-0.2125,0.5989
1624602478046,10.1849,-1.8312,0.9263,-2.0151,-0.2931,0.5965
1624602478055,10.4361,-1.9269,1.3953,-1.5203,-0.3591,0.6649
1624602478065,10.3643,-2.5419,1.4743,-1.3211,-0.3518,0.7468
1624602478073,10.2758,-2.4988,1.1824,-1.2222,-0.3945,0.7602
1624602478082,10.3428,-2.0130,1.2422,-1.0805,-0.4287,0.8249
1624602478092,10.3476,-1.7427,1.4599,-0.9326,-0.4336,0.8347
1624602478101,10.1849,-1.7857,1.6346,-0.8886,-0.4287,0.8738
1624602478115,10.0485,-1.9652,1.5676,-0.9045,-0.4324,0.8970
1624602478122,10.0557,-2.1255,1.4767,-0.9632,-0.4654,0.9227
1624602478132,10.0054,-2.2715,1.3618,-1.0059,-0.5094,0.9312
1624602478142,9.9600,-2.8457,1.2087,-1.0389,-0.5460,0.9373
1624602478151,9.8810,-3.3052,1.2015,-1.0352,-0.5839,0.9605
1624602478161,9.8068,-3.4751,1.1608,-0.9632,-0.6169,0.9642
1624602478171,9.7661,-3.3339,1.0938,-0.8068,-0.6376,0.9435
1624602478180,9.6704,-3.4009,1.0053,-0.6174,-0.6462,0.9178
1624602478190,9.5245,-3.7263,0.9814,-0.4439,-0.6389,0.9129
1624602478199,9.3761,-3.9776,0.9192,-0.3157,-0.6303,0.9166
1624602478209,9.3952,-4.2671,0.7780,-0.1886,-0.6242,0.9044
1624602478219,9.3019,-4.1163,0.7325,-0.0127,-0.6364,0.8909
1624602478228,9.1895,-4.2551,0.6727,0.1290,-0.6658,0.8494
1624602478237,9.2110,-4.4178,0.5483,0.2634,-0.7073,0.8323
1624602478247,9.2684,-4.4394,0.5650,0.4210,-0.7549,0.8249
1624602478257,9.2541,-4.4657,0.6512,0.5432,-0.7867,0.8066
1624602478267,9.1177,-4.3269,0.6607,0.6385,-0.8014,0.7907
1624602478276,9.0698,-4.3604,0.7253,0.6642,-0.8197,0.7675
1624602478286,9.0315,-4.5399,0.8426,0.7008,-0.8368,0.7602
1624602478295,9.0124,-4.6834,0.7517,0.7375,-0.8600,0.7871
1624602478305,9.0052,-4.6787,0.6225,0.7448,-0.8905,0.8127
1624602478315,8.9526,-4.7744,0.6392,0.7216,-0.9211,0.8176
1624602478324,8.8258,-4.9251,0.5219,0.6996,-0.9431,0.8274
1624602478334,8.7635,-5.0208,0.4095,0.6886,-0.9761,0.8457
1624602478343,8.7564,-5.0639,0.3640,0.6947,-1.0103,0.8567
1624602478353,8.7946,-4.8294,0.4095,0.7643,-1.0481,0.8701
1624602478363,8.6487,-4.5183,0.4573,0.8352,-1.1056,0.8543
1624602478372,8.4860,-4.6595,0.3138,0.7607,-1.1691,0.8555
1624602478382,8.3640,-4.4944,0.2587,0.7057,-1.2558,0.8689
1624602478390,8.3209,-4.1211,0.4765,0.6617,-1.3218,0.8665
1624602478399,8.1869,-3.7359,0.4095,0.5725,-1.3621,0.8286
1624602478409,8.0074,-3.6162,0.3856,0.4345,-1.4245,0.7919
1624602478418,7.9500,-3.7718,0.5913,0.2634,-1.4819,0.7932
1624602478430,7.9213,-3.7239,0.7947,0.0777,-1.5454,0.7944
1624602478440,7.8926,-3.6186,0.8282,-0.2020,-1.6285,0.7700
1624602478449,7.7586,-3.7766,0.7110,-0.4696,-1.7433,0.7101
1624602478459,7.6054,-4.1020,0.8426,-0.6822,-1.8704,0.6600
1624602478468,7.5049,-4.7433,0.0889,-0.8215,-1.9595,0.6417
1624602478478,7.8136,-5.7770,-0.3993,-0.8410,-2.0891,0.6197
1624602478488,8.2539,-6.6791,-0.7247,-0.8911,-2.2051,0.5769
1624602478497,8.7253,-7.8779,-1.1626,-0.9180,-2.1954,0.4156
1624602478507,8.8425,-8.8781,-1.9762,-0.7824,-2.0878,0.1835
1624602478516,8.1582,-9.3829,-2.6174,-0.4965,-1.8777,-0.0559
1624602478526,7.1843,-9.0408,-2.9572,0.0521,-1.5258,-0.2367
1624602478536,6.3061,-7.9784,-3.4501,0.6947,-1.1728,-0.3235
1624602478545,5.8347,-6.3465,-3.6918,1.3447,-0.9920,-0.4444
1624602478555,5.6983,-5.0280,-3.8904,1.8786,-0.9211,-0.6216
1624602478564,5.8706,-5.1237,-3.9861,2.1828,-0.9125,-0.8293
1624602478574,6.2774,-5.3319,-3.9311,2.3538,-0.9773,-0.9294
1624602478584,6.8086,-4.7863,-4.0005,2.5554,-1.0372,-0.9844
1624602478593,7.5360,-3.9728,-3.9311,2.7448,-1.0689,-1.0198
1624602478603,8.1988,-3.6306,-4.4623,2.9585,-1.0848,-1.0382
1624602478612,8.4070,-4.1953,-5.0438,3.2334,-1.0750,-1.0003
1624602478622,8.4955,-4.2910,-4.8906,3.5437,-1.0054,-0.8488
1624602478632,8.5314,-3.8292,-4.3833,3.8699,-0.8722,-0.6472
1624602478641,8.2443,-3.0396,-3.9359,4.1058,-0.7451,-0.4212
1624602478651,8.0553,-2.4270,-2.8998,4.2120,-0.6254,-0.2673
1624602478660,8.4094,-2.2117,-1.2416,4.1644,-0.4984,-0.1341
1624602478669,9.0531,-3.0563,0.4095,4.0019,-0.3982,-0.0070
1624602478680,9.4886,-5.9684,2.3477,3.6537,-0.3176,0.0320
1624602478690,9.3833,-8.7345,3.3527,3.3556,-0.1734,0.0650
1624602478699,8.8688,-9.3423,2.5511,3.2127,-0.0170,0.1628
1624602478707,7.8591,-7.5931,-0.0715,3.3752,-0.0744,0.1200
1624602478716,6.9330,-5.1931,-1.6962,3.7796,-0.2516,0.0064
1624602478726,6.6076,-3.1329,-2.7538,4.1656,-0.3518,-0.0119
1624602478735,6.8158,-3.3315,-2.0719,4.3159,-0.4727,-0.0571
1624602478749,7.2608,-3.4918,-0.9736,4.2670,-0.5619,-0.0901
1624602478757,7.2537,-2.7453,-0.2390,3.9078,-0.5778,-0.1439
1624602478766,7.2441,-2.1136,0.4932,3.4448,-0.5228,-0.2648
1624602478775,7.4547,-2.1494,0.5435,3.1443,-0.4984,-0.2233
1624602478786,7.8112,-2.6878,0.5219,2.8339,-0.6022,-0.0193
1624602478795,8.2419,-2.8529,0.5148,2.5346,-0.7183,0.1371
1624602478805,8.7372,-3.5134,0.7828,2.2108,-0.7818,0.2336
1624602478814,8.6654,-3.7048,0.7541,1.8883,-0.8307,0.2373
1624602478824,8.5003,-3.4129,0.5435,1.7759,-0.8001,0.1933
1624602478834,8.3448,-3.1449,0.2898,1.7698,-0.7855,0.2177
1624602478843,8.3568,-2.8481,0.0649,1.8566,-0.7757,0.1958
1624602478853,8.5338,-2.7046,0.1247,1.9054,-0.7867,0.1139
1624602478862,8.7109,-2.8434,0.1223,1.9128,-0.7769,0.0296
1624602478872,8.7803,-3.0348,0.0482,1.9286,-0.7513,-0.0400
1624602478882,8.7994,-3.1784,0.1941,1.9445,-0.7183,-0.0767
1624602478890,8.6654,-3.0635,0.0147,1.9787,-0.6865,-0.1170
1624602478901,8.6272,-2.8386,0.0482,2.0716,-0.6596,-0.1622
1624602478910,8.7516,-2.4557,0.0865,2.1339,-0.6425,-0.1988
1624602478920,9.0435,-2.2787,0.4741,2.1583,-0.6560,-0.2514
1624602478930,9.3761,-2.0513,0.8904,2.1803,-0.6780,-0.3039
1624602478939,9.6824,-2.0083,1.3092,2.1205,-0.6951,-0.3674
1624602478949,9.9911,-1.9389,1.6155,2.0239,-0.6902,-0.4212
1624602478958,10.1466,-1.4962,1.7160,1.9164,-0.6694,-0.4493
1624602478968,10.2160,-0.9770,2.0127,1.7442,-0.6157,-0.4823
1624602478978,10.3739,-0.3477,2.2089,1.5548,-0.5350,-0.4908
1624602478987,10.5486,0.0232,2.1419,1.2860,-0.4972,-0.4933
1624602478997,10.7065,-0.3644,1.7495,0.9219,-0.4886,-0.5360
1624602479012,10.9865,-0.8525,1.5676,0.5212,-0.4910,-0.5385
1624602479015,11.2593,-0.8597,1.4360,0.2158,-0.4642,-0.5617
1624602479026,11.3167,-1.3742,1.4767,0.0032,-0.3921,-0.6032
1624602479033,11.2641,-1.8695,1.4456,-0.1116,-0.2919,-0.6423
1624602479043,11.1947,-1.6350,1.2972,-0.1080,-0.1844,-0.6680
1624602479053,11.1947,-1.1277,1.3427,-0.0139,-0.1123,-0.7474
1624602479062,11.3693,-0.4242,1.4384,0.1229,-0.0769,-0.8513
1624602479071,11.4746,0.2841,1.4432,0.1913,-0.0659,-0.9209
1624602479082,11.4986,0.8583,1.3546,0.1217,-0.0537,-0.9490
1624602479092,11.5440,0.8631,1.3212,-0.0554,-0.0463,-0.9392
1624602479113,11.6684,0.7267,1.4001,-0.2912,-0.0561,-0.9136
1624602479114,11.7761,0.6956,1.4336,-0.5527,-0.0671,-0.8793
1624602479120,11.9053,0.5449,1.4695,-0.8031,-0.0537,-0.8830
1624602479129,12.0226,0.7148,1.5556,-0.9827,-0.0305,-0.8781
1624602479138,12.0968,0.8368,1.5676,-1.1330,0.0159,-0.8891
1624602479149,12.1207,1.2268,1.5772,-1.2564,0.0722,-0.9123
1624602479158,11.8455,2.0715,1.3858,-1.3883,0.1442,-0.9221
1624602479168,11.5512,1.9279,1.3140,-1.5972,0.2371,-0.9539
1624602479177,11.5105,1.2938,1.1058,-1.8905,0.2933,-0.9380
1624602479187,11.5201,0.7722,0.9814,-2.2045,0.3275,-0.9111
1624602479197,11.5536,-0.1036,0.8904,-2.4256,0.3556,-0.9392
1624602479207,11.5990,-0.5726,0.7828,-2.5087,0.3654,-0.9539
1624602479242,11.6828,-0.9530,0.4837,-2.5148,0.3764,-0.9881
1624602479243,11.7953,-0.9578,0.4191,-2.4231,0.4179,-1.0406
1624602479245,11.7785,-1.0655,0.7397,-2.2777,0.4912,-1.0553
1624602479246,11.5273,-1.6924,0.9335,-2.1458,0.6024,-1.0479
1624602479256,11.1348,-1.1827,1.2183,-2.0481,0.6806,-0.9759
1624602479264,10.8405,-1.3957,0.9766,-2.0468,0.7355,-0.9930
1624602479274,10.7831,-2.0824,0.7780,-2.1177,0.7245,-0.9747
1624602479283,10.8979,-2.4414,0.5913,-2.2093,0.6806,-0.9074
1624602479297,10.8597,-2.9702,0.4765,-2.2753,0.6635,-0.8904
1624602479302,10.7711,-3.4272,0.4765,-2.2496,0.6769,-0.8513
1624602479312,10.5366,-3.6091,0.3784,-2.1544,0.7282,-0.8073
1624602479322,10.2878,-3.6497,0.4573,-2.0542,0.7917,-0.7865
1624602479331,10.0557,-3.9082,0.7086,-1.9576,0.8504,-0.7694
1624602479340,9.9648,-4.0374,0.8306,-1.8550,0.8871,-0.7535
1624602479350,9.8858,-3.8771,1.0436,-1.7548,0.8846,-0.7352
1624602479360,9.6800,-3.5780,1.2422,-1.6925,0.8761,-0.7388
1624602479369,9.4718,-3.5229,1.0220,-1.7109,0.8663,-0.7413
1624602479379,9.3929,-3.3004,0.9838,-1.7573,0.8260,-0.7218
1624602479388,9.4407,-3.5277,0.9574,-1.8672,0.7893,-0.6924
1624602479398,9.5771,-3.4894,0.9120,-1.9784,0.7759,-0.6545
1624602479408,9.5747,-3.5995,1.0579,-2.0701,0.7795,-0.6093
1624602479418,9.4264,-3.9632,1.2374,-2.0981,0.8174,-0.5813
1624602479427,9.2924,-3.8244,1.2398,-2.0444,0.8492,-0.5470
1624602479437,9.1775,-3.2142,1.3020,-1.9467,0.8736,-0.5519
1624602479446,9.0555,-2.9750,1.5150,-1.8660,0.8919,-0.5886
1624602479456,8.9837,-3.0204,1.5126,-1.8550,0.8858,-0.5971
1624602479465,9.0148,-2.9582,1.4480,-1.8856,0.8589,-0.5813
1624602479475,9.0387,-2.9056,1.5054,-1.9320,0.8223,-0.5715
1624602479484,9.0483,-3.0659,1.4886,-1.9943,0.7930,-0.5641
1624602479494,9.0890,-3.1353,1.5461,-2.0224,0.7722,-0.5397
1624602479503,9.1679,-3.0396,1.5580,-2.0029,0.7490,-0.5226
1624602479514,9.2349,-2.8769,1.6011,-1.9699,0.7233,-0.5250
1624602479525,9.2589,-2.9750,1.7136,-1.9381,0.7123,-0.5177
1624602479535,9.2804,-3.0802,1.5413,-1.8831,0.7099,-0.5031
1624602479544,9.3282,-3.0779,1.6011,-1.8184,0.7013,-0.4896
1624602479554,9.2971,-3.1496,1.8548,-1.7194,0.7062,-0.4908
1624602479564,9.2325,-2.8601,1.8787,-1.5582,0.7172,-0.4908
1624602479573,9.2182,-2.4462,1.8595,-1.3859,0.7050,-0.4933
1624602479583,9.2708,-2.2787,1.9840,-1.2625,0.6684,-0.5043
1624602479592,9.3235,-2.2906,1.8165,-1.1929,0.6305,-0.5104
1624602479602,9.3665,-2.1758,1.7878,-1.1403,0.5999,-0.4969
1624602479612,9.3618,-1.9796,1.7973,-1.0780,0.5755,-0.4823
1624602479621,9.3259,-1.7451,1.7638,-1.0133,0.5608,-0.4859
1624602479631,9.3163,-1.4914,1.7279,-0.9827,0.5376,-0.4921
1624602479641,9.2924,-1.3359,1.6227,-0.9754,0.5095,-0.4969
1624602479649,9.3187,-1.3502,1.6227,-1.0011,0.4753,-0.4921
1624602479659,9.3952,-1.3981,1.6442,-1.0560,0.4374,-0.4811
1624602479669,9.5245,-1.4148,1.4743,-1.1024,0.3849,-0.4762
1624602479679,9.6369,-1.2976,1.4815,-1.0951,0.3275,-0.4713
1624602479689,9.6824,-1.1062,1.5820,-1.0853,0.2786,-0.4481
1624602479697,9.7614,-0.8358,1.6179,-1.0682,0.2359,-0.4200
1624602479708,9.9935,-0.6611,1.7399,-1.0401,0.1870,-0.3748
1624602479717,10.2591,-0.4601,1.7949,-1.0524,0.1369,-0.3015
1624602479727,10.3572,-0.2232,1.9505,-1.0975,0.1003,-0.2440
1624602479735,10.5247,-0.7042,1.9911,-1.2833,0.0844,-0.2001
1624602479744,10.7041,-1.1492,1.7806,-1.4189,0.0807,-0.1390
1624602479754,10.7137,-1.2091,1.7925,-1.4225,0.0746,-0.0742
1624602479764,10.5103,-1.0607,1.7495,-1.3480,0.0990,-0.0229
1624602479773,10.3787,-0.9147,1.7734,-1.2124,0.1381,0.0320
1624602479783,10.3476,-0.7329,1.7543,-1.0120,0.1589,0.0907
1624602479794,10.3859,-0.4458,1.7016,-0.7824,0.1564,0.1567
1624602479804,10.4242,-0.1754,1.7949,-0.6003,0.1479,0.2080
1624602479814,10.4385,-0.2232,1.8452,-0.4610,0.1332,0.2312
1624602479823,10.5294,-0.5798,1.9624,-0.3462,0.1003,0.2727
1624602479833,10.8573,-1.1516,1.9433,-0.2301,0.0587,0.3326
1624602479843,11.2186,-1.5752,1.8548,-0.0896,0.0123,0.4034
1624602479852,11.3454,-1.6134,1.9050,0.0924,-0.0097,0.4877
1624602479862,11.2784,-1.7451,1.8619,0.2891,-0.0048,0.5757
1624602479871,11.1324,-1.8025,1.7303,0.4833,0.0074,0.6698
1624602479881,11.0654,-1.9006,1.6394,0.6593,0.0025,0.7639
1624602479890,10.9745,-1.9939,1.5533,0.8657,-0.0195,0.8384
1624602479900,10.9506,-2.1638,1.5317,1.0856,-0.0512,0.8872
1624602479910,10.9602,-2.1375,1.5054,1.3263,-0.0964,0.9178
1624602479919,10.9075,-2.0130,1.5604,1.5743,-0.1441,0.9337
1624602479929,10.8094,-1.8647,1.7638,1.8236,-0.1758,0.9508
1624602479939,10.6491,-1.9006,1.9672,1.9812,-0.2101,0.9715
1624602479948,10.5725,-2.1494,2.5917,2.0728,-0.2504,0.9960
1624602479958,9.9097,-2.0705,1.4791,2.1058,-0.3066,1.0375
1624602479967,10.1633,-2.1758,2.0988,2.1351,-0.4177,1.0742
1624602479977,9.9887,-1.9078,2.7305,2.2365,-0.4642,1.1182
1624602479987,9.7303,-2.3552,2.8645,1.9848,-0.4825,1.0803
1624602479997,9.5293,-2.6830,2.8334,1.8162,-0.5167,1.0876
1624602480004,9.3187,-2.9271,3.1182,1.7503,-0.5460,1.1731
1624602480014,9.2565,-3.5564,3.1899,1.6476,-0.5668,1.1976
1624602480025,9.0004,-3.5588,3.4005,1.6257,-0.5790,1.2330
1624602480033,8.7037,-3.3674,3.5680,1.6195,-0.5827,1.2208
1624602480043,8.4477,-3.3267,3.5154,1.5707,-0.5790,1.2024
1624602480052,8.3424,-3.3506,3.4843,1.5267,-0.5888,1.1988
1624602480062,8.0122,-3.3889,3.5058,1.4656,-0.6034,1.2049
1624602480071,7.6581,-3.6234,3.4460,1.4033,-0.5998,1.2122
1624602480081,7.3542,-3.8723,3.3263,1.3483,-0.5973,1.2147
1624602480094,7.2417,-4.3628,3.5249,1.3422,-0.6010,1.2074
1624602480100,7.1173,-4.3652,3.4867,1.4375,-0.5876,1.2122
1624602480110,6.9546,-4.3030,3.5513,1.5597,-0.5851,1.1988
1624602480121,6.8038,-4.3915,3.5824,1.6525,-0.5766,1.1719
1624602480131,6.6698,-4.3963,3.5776,1.7686,-0.5704,1.1609
1624602480141,6.6052,-4.4107,3.4508,1.8981,-0.5729,1.1365
1624602480148,6.6100,-3.8938,3.3742,2.0447,-0.5704,1.1084
1624602480160,6.5478,-3.7574,3.4460,2.1021,-0.5790,1.1023
1624602480169,6.4617,-3.9177,3.4747,2.0960,-0.5729,1.0815
1624602480179,6.4641,-3.8819,3.3814,2.0667,-0.5619,1.0766
1624602480188,6.4497,-4.0350,3.3766,1.9616,-0.5741,1.0705
1624602480198,6.6004,-4.3461,3.2952,1.9091,-0.5790,1.0448
1624602480208,6.7919,-4.3484,3.1062,1.9018,-0.5839,1.0290
1624602480217,6.9713,-4.3508,2.9913,1.8798,-0.5839,0.9948
1624602480227,7.0934,-4.2432,2.9602,1.9018,-0.5619,0.9764
1624602480237,7.1364,-3.9991,2.8215,1.9384,-0.5460,0.9691
1624602480246,7.1508,-3.8196,2.8358,1.9482,-0.5375,0.9435
1624602480256,7.1939,-3.7478,2.7808,1.9482,-0.5253,0.9105
1624602480264,7.2274,-3.6713,2.6109,1.9115,-0.5265,0.8921
1624602480275,7.2202,-3.6067,2.5702,1.8688,-0.5350,0.8811
1624602480285,7.1364,-3.6330,2.5678,1.8187,-0.5472,0.8628
1624602480294,7.1340,-3.7335,2.5080,1.7674,-0.5570,0.8408
1624602480304,7.2465,-3.8077,2.3501,1.7332,-0.5851,0.8176
1624602480314,7.4738,-4.1020,2.2400,1.7283,-0.6291,0.7871
1624602480323,7.7753,-4.1594,2.1778,1.7515,-0.6718,0.7492
1624602480332,7.9213,-3.8531,2.2591,1.7943,-0.7061,0.7577
1624602480342,8.0098,-3.4775,2.2615,1.8443,-0.7183,0.7345
1624602480351,8.0505,-3.0228,2.0677,1.8712,-0.7281,0.7064
1624602480361,7.9572,-2.5012,1.8236,1.8187,-0.7451,0.6906
1624602480369,7.8064,-1.9819,1.3738,1.7002,-0.7513,0.6869
1624602480378,7.6389,-1.6637,1.2302,1.5414,-0.7537,0.6930
1624602480388,7.5623,-1.8288,1.1537,1.3679,-0.7549,0.7162
1624602480398,7.5480,-1.8767,1.1656,1.2249,-0.7782,0.7345
1624602480411,7.6078,-1.9437,1.5891,1.1003,-0.8295,0.7089
1624602480419,7.9308,-1.8767,1.7567,1.0588,-0.9028,0.6111
1624602480429,8.4955,-1.5369,2.0940,1.0918,-0.9968,0.4792
1624602480438,9.0698,-1.4388,2.5439,1.1455,-1.0921,0.3216
1624602480448,9.6154,-1.6111,2.6133,1.1919,-1.1385,0.1884
1624602480457,10.4098,-1.3502,2.6133,1.2310,-1.1227,0.0870
1624602480468,11.1659,-1.3407,2.5152,1.1602,-1.0714,-0.0376
1624602480477,11.7498,-1.4483,2.5391,1.0087,-0.9907,-0.1597
1624602480487,11.9292,-1.4914,2.5965,0.8401,-0.8637,-0.2001
1624602480496,11.9197,-1.6613,2.5200,0.6263,-0.7159,-0.2551
1624602480506,11.9891,-2.2380,2.0892,0.3648,-0.6157,-0.3296
1624602480515,11.9962,-2.7357,1.7160,0.2048,-0.5363,-0.3406
1624602480525,11.9149,-2.8147,1.5437,0.1413,-0.4556,-0.3369
1624602480534,11.7307,-2.7907,1.4982,0.1254,-0.3884,-0.3736
1624602480544,11.4339,-2.6830,1.4408,0.1877,-0.3200,-0.4126
1624602480553,11.2162,-2.4557,1.4121,0.3037,-0.2626,-0.4175
1624602480563,11.1277,-2.0705,1.4240,0.4418,-0.2271,-0.4273
1624602480573,11.0607,-1.7498,1.6442,0.5579,-0.1905,-0.4346
1624602480583,11.1564,-1.1660,1.8165,0.6189,-0.1746,-0.4432
1624602480592,11.2784,-0.5343,1.9098,0.6385,-0.1807,-0.4689
1624602480600,11.2664,-0.0390,1.9888,0.6287,-0.1819,-0.4969
1624602480611,11.2162,0.3319,2.0605,0.5640,-0.1734,-0.4908
1624602480621,11.0918,0.6382,1.9720,0.4333,-0.1526,-0.4774
1624602480630,10.9243,1.0498,1.7614,0.2561,-0.1331,-0.4786
1624602480640,10.7879,0.9564,1.6561,0.0093,-0.1221,-0.5079
1624602480649,10.6491,0.6214,1.4647,-0.2179,-0.1221,-0.5324
1624602480659,10.4290,0.4396,1.4456,-0.3841,-0.1257,-0.5373
1624602480669,10.3117,0.3558,1.4671,-0.4830,-0.1441,-0.5800
1624602480679,10.2997,0.3463,1.4839,-0.5258,-0.1758,-0.6423
1624602480686,10.3763,0.3941,1.6107,-0.5502,-0.2137,-0.7156
1624602480696,10.4242,1.0641,1.7925,-0.5417,-0.2491,-0.7963
1624602480706,10.5007,1.7820,2.0605,-0.5637,-0.2528,-0.8867
1624602480715,10.7831,1.6647,2.3572,-0.6822,-0.2296,-0.9624
1624602480727,11.1157,1.2197,2.3381,-0.9057,-0.2101,-0.9869
1624602480737,11.3861,0.7770,2.3046,-1.1428,-0.1697,-1.0247
1624602480746,11.3071,0.5329,2.2472,-1.3138,-0.0989,-1.0748
1624602480756,11.2880,0.3199,2.3070,-1.4201,-0.0146,-1.1078
1624602480765,11.3095,0.4755,2.2137,-1.4873,0.0636,-1.1713
1624602480775,11.2473,0.7531,2.1873,-1.4580,0.1479,-1.2153
1624602480784,11.1348,0.5688,2.1467,-1.4592,0.2151,-1.2288
1624602480794,11.1659,0.0639,2.1204,-1.5569,0.2628,-1.2031
1624602480804,11.1540,-0.4625,1.9433,-1.6925,0.2860,-1.1701
1624602480813,11.1109,-0.6683,1.8978,-1.7732,0.2945,-1.1371
1624602480823,10.9889,-0.8884,1.7255,-1.8037,0.3080,-1.1261
1624602480832,10.9458,-1.1134,1.6298,-1.8123,0.3202,-1.1090
1624602480842,10.6993,-0.8836,1.7207,-1.8269,0.3385,-1.0895
1624602480852,10.6850,-1.8934,1.7949,-1.8147,0.3886,-1.0895
1624602480861,10.4290,-2.3337,1.7638,-1.8062,0.4326,-1.0663
1624602480870,10.2088,-1.9293,1.6777,-1.7206,0.4521,-0.9698
1624602480880,10.2303,-2.0633,1.8524,-1.6498,0.4521,-1.0162
1624602480890,10.1562,-2.3145,1.8978,-1.6058,0.4314,-0.9930
1624602480899,10.1777,-2.0824,1.7303,-1.5838,0.4045,-0.9637
1624602480909,10.2160,-2.1542,1.6083,-1.5875,0.3825,-0.9453
1624602480919,10.1514,-2.5012,1.4240,-1.6021,0.3935,-0.9258
1624602480928,9.9600,-2.7740,1.6179,-1.5862,0.4252,-0.8647
1624602480938,9.7637,-2.8793,1.7040,-1.5191,0.4827,-0.8293
1624602480948,9.7661,-2.5203,1.7303,-1.3969,0.5193,-0.8012
1624602480957,9.7637,-2.3504,1.9768,-1.3077,0.5376,-0.8121
1624602480967,9.6010,-2.2475,2.0175,-1.2307,0.5499,-0.8109
1624602480977,9.4646,-1.8503,2.1108,-1.1941,0.5523,-0.7975
1624602480986,9.3235,-1.4914,2.2113,-1.1953,0.5535,-0.8109
1624602480996,9.1775,-1.4890,2.2998,-1.2588,0.5450,-0.8170
1624602481003,9.1368,-1.3933,2.2400,-1.3492,0.5291,-0.8085
1624602481013,9.1919,-1.3120,2.3070,-1.4568,0.5034,-0.8060
1624602481022,9.2397,-1.3024,2.4865,-1.5569,0.4827,-0.8109
1624602481032,9.2421,-1.4053,2.5558,-1.6376,0.4765,-0.8109
1624602481042,9.2828,-1.2521,2.5176,-1.6974,0.4729,-0.8060
1624602481054,9.2182,-1.2234,2.7377,-1.7671,0.4716,-0.7975
1624602481063,9.0890,-1.3933,2.7808,-1.8624,0.4790,-0.7987
1624602481072,9.1536,-1.4005,2.5870,-1.9442,0.4668,-0.7816
1624602481082,9.1943,-1.3933,2.6803,-1.9870,0.4424,-0.7731
1624602481092,9.1009,-1.4531,2.7569,-2.0322,0.4338,-0.7633
1624602481101,9.1177,-1.6661,2.7951,-2.0725,0.4252,-0.7535
1624602481111,9.1273,-1.7139,2.8310,-2.0627,0.4093,-0.7437
1624602481120,9.1584,-1.7355,2.8239,-2.0077,0.3898,-0.7315
1624602481130,9.1847,-1.7833,2.8239,-1.9540,0.3629,-0.7376
1624602481140,9.2206,-1.8097,2.9076,-1.8758,0.3495,-0.7303
1624602481149,9.2517,-1.8671,2.8956,-1.7952,0.3458,-0.7218
1624602481159,9.3594,-1.9054,2.8143,-1.7157,0.3397,-0.7193
1624602481169,9.4503,-1.8145,2.8526,-1.6278,0.3422,-0.7169
1624602481178,9.4000,-1.7235,3.0033,-1.5496,0.3556,-0.7156
1624602481188,9.3737,-1.4675,3.0918,-1.4714,0.3764,-0.7108
1624602481197,9.3761,-1.2976,3.0990,-1.4018,0.3837,-0.7034
1624602481207,9.3498,-1.3407,3.1253,-1.3504,0.3727,-0.6998
1624602481217,9.3618,-1.3694,2.9937,-1.3114,0.3483,-0.6863
1624602481227,9.3833,-1.4962,2.9172,-1.2442,0.3189,-0.6753
1624602481236,9.3665,-1.2689,2.8597,-1.1428,0.2945,-0.6655
1624602481246,9.3139,-0.8813,2.8621,-1.0426,0.2713,-0.6619
1624602481254,9.2397,-0.8501,2.7784,-0.9351,0.2444,-0.6436
1624602481264,9.3594,-0.9171,2.6707,-0.8630,0.2029,-0.5996
1624602481274,9.4742,-0.7090,2.8645,-0.8007,0.1577,-0.5580
1624602481284,9.4168,-0.3811,2.9100,-0.7420,0.1345,-0.5177
1624602481293,9.4790,0.1764,3.0224,-0.7066,0.1125,-0.4664
1624602481303,9.4958,0.4133,3.1899,-0.7640,0.0941,-0.4102
1624602481313,9.5843,0.5353,3.2450,-0.8447,0.0746,-0.3345
1624602481320,9.7207,0.6741,3.1517,-0.9546,0.0441,-0.2453
1624602481330,10.0581,0.4755,2.9507,-1.0939,0.0001,-0.1781
1624602481340,10.3117,0.1716,2.8932,-1.2149,-0.0305,-0.1170
1624602481349,10.4002,-0.1395,2.7975,-1.2772,-0.0305,-0.0681
1624602481362,10.5103,-0.0629,2.8358,-1.2710,-0.0060,-0.0217
1624602481371,10.5079,-0.0342,2.8669,-1.2173,0.0331,0.0210
1624602481380,10.5031,-0.1801,2.8382,-1.1428,0.0734,0.0980
1624602481390,10.7400,-0.4553,2.7832,-1.0695,0.0954,0.2019
1624602481399,10.9075,-0.7257,2.7736,-0.9901,0.1149,0.3216
1624602481409,10.9650,-0.8430,2.7329,-0.8691,0.1406,0.4438
1624602481418,11.0224,-0.9818,2.6348,-0.7384,0.1613,0.5574
1624602481428,11.1731,-1.2115,2.2687,-0.5856,0.1785,0.6673
1624602481438,11.1755,-1.5584,1.5461,-0.4073,0.1931,0.7724
1624602481447,11.1324,-2.1231,1.2063,-0.1788,0.1992,0.8482
1624602481457,11.0630,-2.0513,1.1321,0.1584,0.1797,0.9031
1624602481467,10.9530,-1.4388,1.3188,0.5982,0.1271,0.9459
1624602481476,10.8597,-0.9291,1.5556,1.0417,0.0404,0.9801
1624602481486,10.8597,-0.6109,1.9313,1.3923,-0.0488,1.0278
1624602481495,10.5653,-0.6348,2.3022,1.5829,-0.1111,1.0595
1624602481504,10.4170,-0.7114,2.5080,1.6990,-0.1587,1.0730
1624602481515,10.3117,-1.0990,2.5343,1.8028,-0.2064,1.0864
1624602481523,10.0605,-1.5058,2.8813,1.8908,-0.2430,1.1084
1624602481534,9.7063,-1.4555,3.1349,1.9604,-0.2601,1.1365
1624602481543,9.5221,-1.7857,3.1158,2.0068,-0.2895,1.1499
1624602481553,9.4479,-1.8073,3.2354,2.0264,-0.3493,1.1964
1624602481563,9.2421,-1.9676,3.3933,2.0227,-0.4165,1.2477
1624602481572,9.2948,-2.1518,3.5848,2.0007,-0.4959,1.3148
1624602481582,9.1320,-2.4916,3.9796,1.9616,-0.5851,1.3967
1624602481589,9.1368,-2.5897,3.2952,1.9066,-0.6511,1.4688
1624602481601,9.0459,-2.9606,3.9126,1.8956,-0.7366,1.5531
1624602481611,8.6415,-2.1901,4.6759,1.9555,-0.7073,1.6032
1624602481620,8.2347,-2.3145,4.4294,1.7637,-0.6413,1.5213
1624602481630,8.0720,-2.9391,4.1878,1.5927,-0.6389,1.5177
1624602481638,7.8471,-3.3650,4.3074,1.5010,-0.6474,1.5641
1624602481647,7.5001,-3.4511,4.1543,1.4668,-0.6352,1.5641
1624602481657,7.3446,-3.5421,4.0346,1.4839,-0.6303,1.5482
1624602481667,7.1962,-3.7215,3.8839,1.5328,-0.6401,1.5311
1624602481675,7.0838,-3.9895,3.8599,1.5902,-0.6474,1.5128
1624602481688,6.9091,-4.0709,3.8575,1.6770,-0.6413,1.4969
1624602481695,6.7847,-3.8866,3.8025,1.7723,-0.6303,1.4700
1624602481705,6.7225,-3.6665,3.9485,1.8602,-0.6169,1.4236
1624602481715,6.6746,-3.5397,4.0585,1.9372,-0.5839,1.3735
1624602481723,6.6866,-3.6378,3.9580,1.9629,-0.5595,1.3466
1624602481735,6.8828,-3.8029,3.9293,1.9641,-0.5546,1.3283
1624602481744,7.0503,-3.8579,3.9198,1.9689,-0.5497,1.3173
1624602481754,7.1101,-3.7263,3.8575,1.9824,-0.5301,1.3124
1624602481764,7.1077,-3.4511,3.7188,1.9775,-0.5033,1.2977
1624602481773,7.0383,-3.2980,3.6565,1.9555,-0.4776,1.2745
1624602481783,7.0168,-3.1688,3.5417,1.9286,-0.4507,1.2501
1624602481793,6.9665,-2.9989,3.4125,1.8627,-0.4336,1.2257
1624602481802,6.8421,-3.0180,3.2641,1.7600,-0.4177,1.2086
1624602481812,6.7679,-3.1688,3.1014,1.6562,-0.4104,1.1964
1624602481822,6.7703,-3.3004,2.9435,1.5585,-0.4239,1.1768
1624602481831,6.7679,-3.3865,2.8262,1.4497,-0.4471,1.1475
1624602481839,6.8062,-3.6713,2.7927,1.3850,-0.4776,1.1182
1624602481850,6.8397,-3.9489,2.7664,1.3593,-0.5143,1.0986
1624602481860,7.0240,-4.2264,2.7090,1.3288,-0.5643,1.0778
1624602481870,7.3326,-4.3317,2.4769,1.3239,-0.6230,1.0387
1624602481879,7.7131,-4.1857,2.3190,1.3532,-0.6865,0.9923
1624602481889,8.1797,-3.8771,2.2328,1.3801,-0.7232,0.9361
1624602481899,8.6272,-3.7072,2.1419,1.3923,-0.7378,0.8934
1624602481908,8.8640,-3.6378,2.1299,1.3691,-0.7293,0.8824
1624602481918,8.9263,-3.6402,2.1132,1.3202,-0.7012,0.8787
1624602481927,8.9119,-3.5899,1.8619,1.2408,-0.6731,0.8579
1624602481937,8.8090,-3.6808,1.7160,1.1504,-0.6658,0.8213
1624602481946,8.7013,-3.6162,1.5413,1.1089,-0.6609,0.7712
1624602481957,8.8593,-3.3506,1.4336,1.0820,-0.6694,0.7345
1624602481966,9.2301,-3.2214,1.3451,1.0966,-0.7097,0.6991
1624602481976,9.6106,-3.2406,1.3714,1.1932,-0.7525,0.6698
1624602481984,9.9073,-3.2478,1.1082,1.2371,-0.7672,0.6698
1624602481993,9.9456,-3.1042,0.4669,1.2090,-0.7745,0.6368
1624602482002,9.6058,-2.2475,-0.0093,1.2298,-0.7171,0.6062
1624602482012,9.0483,-0.8334,0.1271,1.2420,-0.6291,0.5488
1624602482022,8.5362,0.0208,0.1559,1.0368,-0.5717,0.4804
1624602482031,8.5625,-0.3835,0.3688,0.7741,-0.6144,0.3766
1624602482042,9.5986,-1.3622,0.7899,0.6080,-0.7794,0.2727
1624602482053,11.0918,-1.6900,0.9407,0.6189,-0.9810,0.1579
1624602482062,12.1757,-1.5824,1.2972,0.7985,-1.1410,-0.0193
1624602482072,12.5490,-1.5034,1.8548,1.0392,-1.1618,-0.2037
1624602482082,12.3982,-1.0464,2.0605,1.2445,-1.0591,-0.3186
1624602482091,12.2475,-0.6850,2.1299,1.3838,-0.9113,-0.4041
1624602482101,11.9723,-0.5486,2.0414,1.4424,-0.7769,-0.4627
1624602482108,11.6589,-0.1825,2.0151,1.3972,-0.6596,-0.4884
1624602482120,11.5966,-0.1443,1.7758,1.2860,-0.5521,-0.5275
1624602482130,11.7665,-0.1036,1.7375,1.1418,-0.4959,-0.5434
1624602482139,11.9532,0.3487,1.7064,1.0062,-0.4544,-0.5324
1624602482149,11.9819,0.6932,1.7710,0.8327,-0.4141,-0.5336
1624602482158,11.8718,0.8583,1.9935,0.6153,-0.3554,-0.5153
1624602482167,11.7833,1.3034,2.0988,0.4027,-0.2870,-0.4994
1624602482178,11.7570,1.7126,2.1275,0.2341,-0.2198,-0.5092
1624602482187,11.6756,1.9854,1.9983,0.0362,-0.1819,-0.5458
1624602482197,11.6038,2.3610,1.9648,-0.1825,-0.1526,-0.5776
1624602482206,11.4483,2.7032,1.9074,-0.3938,-0.1233,-0.6485
1624602482215,11.3933,2.9688,2.0294,-0.5979,-0.1099,-0.7327
1624602482226,11.2712,2.9616,2.0246,-0.8337,-0.0720,-0.8158
1624602482235,11.0918,2.5118,1.6059,-1.1257,-0.0329,-0.8977
1624602482245,11.2186,2.2318,1.6705,-1.4421,-0.0097,-0.9514
1624602482254,11.2234,1.6599,1.7088,-1.7304,0.0343,-1.0162
1624602482264,11.1923,1.2244,1.7614,-1.9516,0.0587,-1.0492
1624602482273,11.4698,0.1979,1.8165,-2.1568,0.0807,-1.0980
1624602482283,11.6732,-0.4697,1.9170,-2.3071,0.0795,-1.1384
1624602482293,11.7594,-0.4075,1.9433,-2.2936,0.1259,-1.1713
1624602482302,11.8431,-0.1371,2.1180,-2.1947,0.2127,-1.1909
1624602482312,11.6541,-0.6372,2.2615,-2.1568,0.2994,-1.1701
1624602482322,11.3598,-1.2354,2.1084,-2.2118,0.3715,-1.1200
1624602482329,11.1755,-1.7738,2.1634,-2.3058,0.4069,-1.0736
1624602482339,11.0032,-2.2906,2.0510,-2.3755,0.4191,-1.0589
1624602482349,10.7568,-2.8625,2.0438,-2.3889,0.4093,-1.0431
1624602482358,10.6826,-3.0898,1.8548,-2.3181,0.4155,-1.0162
1624602482372,10.7281,-3.0061,1.8404,-2.1873,0.4399,-1.0076
1624602482377,10.5175,-3.2286,1.9648,-2.0041,0.4924,-0.9979
1624602482387,10.1370,-3.2860,1.9792,-1.8318,0.5523,-0.9612
1624602482397,9.8786,-2.9821,2.0007,-1.6840,0.6060,-0.9478
1624602482408,9.6680,-2.9080,2.0175,-1.5728,0.6293,-0.9673
1624602482417,9.5891,-2.9056,1.9744,-1.5239,0.6232,-0.9722
1624602482427,9.5245,-2.8577,2.0701,-1.5313,0.6073,-0.9698
1624602482437,9.3761,-2.9080,2.1945,-1.5520,0.5951,-0.9747
1624602482446,9.3785,-2.9128,2.3214,-1.5862,0.5877,-0.9698
1624602482456,9.5053,-2.7931,2.3836,-1.6424,0.5816,-0.9734
1624602482465,9.4886,-2.7357,2.4075,-1.6864,0.5779,-0.9783
1624602482475,9.3929,-2.6615,2.3907,-1.7243,0.5926,-0.9747
1624602482484,9.3139,-2.6759,2.1969,-1.7952,0.6134,-0.9698
1624602482494,9.1895,-2.7261,2.0605,-1.8465,0.6280,-0.9612
1624602482504,9.1129,-2.6472,2.0270,-1.8758,0.6305,-0.9465
1624602482514,9.0961,-2.5395,2.0677,-1.8990,0.6293,-0.9368
1624602482523,9.1201,-2.4294,1.9385,-1.9063,0.6280,-0.9221
1624602482533,9.1775,-2.2452,1.9505,-1.9015,0.6280,-0.9026
1624602482542,9.1584,-2.2332,2.0246,-1.9185,0.6366,-0.8916
1624602482552,9.0698,-2.1877,2.0342,-1.9247,0.6512,-0.8683
1624602482562,9.0555,-1.8432,1.9911,-1.9137,0.6464,-0.8488
1624602482571,8.9622,-1.6134,2.1084,-1.9100,0.6244,-0.8635
1624602482580,8.9215,-1.5201,2.0773,-1.9112,0.5975,-0.8622
1624602482589,9.0603,-1.4507,2.0797,-1.9662,0.5560,-0.8573
1624602482600,9.3498,-1.6063,2.1371,-2.0261,0.5144,-0.8635
1624602482609,9.4694,-1.7905,2.2089,-2.0505,0.4924,-0.8439
1624602482620,9.5029,-2.0059,2.1323,-2.0627,0.4851,-0.8378
1624602482629,9.5029,-2.3433,2.0916,-2.0200,0.4741,-0.8378
1624602482638,9.3952,-2.2667,2.1012,-1.8599,0.4704,-0.8121
1624602482648,9.3067,-1.8886,2.1371,-1.6644,0.4582,-0.8024
1624602482658,9.2110,-1.5225,2.1826,-1.4971,0.4399,-0.8097
1624602482666,9.1320,-1.4053,2.1826,-1.4005,0.4155,-0.8024
1624602482675,9.1368,-1.3718,2.2711,-1.3737,0.3813,-0.7902
1624602482685,9.2565,-1.3574,2.4195,-1.4018,0.3446,-0.7853
1624602482695,9.3091,-1.2067,2.5008,-1.4250,0.3116,-0.7938
1624602482707,9.3522,-1.1397,2.6779,-1.4054,0.2933,-0.7999
1624602482716,9.3426,-1.1445,2.7353,-1.3553,0.2933,-0.7865
1624602482726,9.3881,-1.0631,2.6540,-1.3126,0.2860,-0.7621
1624602482735,9.4216,-0.9937,2.7018,-1.3040,0.2664,-0.7474
1624602482745,9.4288,-0.8143,2.6635,-1.3260,0.2481,-0.7291
1624602482754,9.5149,-0.8501,2.5989,-1.3688,0.2310,-0.7059
1624602482764,9.5747,-0.7042,2.5535,-1.4396,0.2078,-0.6497
1624602482773,9.6321,-0.8166,2.5558,-1.5667,0.1833,-0.6032
1624602482783,9.7350,-1.1110,2.5439,-1.6803,0.1638,-0.5507
1624602482792,9.8307,-1.1756,2.4314,-1.7475,0.1430,-0.4799
1624602482802,9.9767,-1.2737,2.3764,-1.7854,0.1381,-0.4261
1624602482812,9.9767,-1.3143,2.1634,-1.7927,0.1491,-0.3784
1624602482822,9.9958,-1.3526,2.0199,-1.8098,0.1601,-0.3406
1624602482831,10.1131,-1.8384,1.8524,-1.8000,0.1687,-0.3039
1624602482841,10.2543,-2.0154,1.8189,-1.7097,0.1528,-0.2098
1624602482850,10.4314,-1.8240,1.8619,-1.5985,0.1284,-0.1243
1624602482860,10.5127,-1.8049,1.8954,-1.5032,0.1076,-0.0547
1624602482870,10.6156,-2.0800,1.8332,-1.3969,0.0844,0.0357
1624602482879,10.7209,-2.3337,1.9744,-1.2662,0.0660,0.1469
1624602482889,10.7352,-2.2715,2.0534,-1.0707,0.0685,0.2666
1624602482898,10.8142,-1.9772,2.2807,-0.8263,0.0709,0.4022
1624602482908,11.0343,-1.9149,2.4482,-0.6248,0.0734,0.5366
1624602482917,11.1229,-1.6398,2.5415,-0.4953,0.0709,0.6881
1624602482927,11.0224,-1.3742,2.6994,-0.4183,0.0758,0.8347
1624602482936,10.7831,-1.2354,2.7138,-0.4220,0.0807,0.9801
1624602482947,10.6778,-1.3143,2.5224,-0.4928,0.0673,1.1023
1624602482956,10.6084,-1.4077,2.3931,-0.5527,0.0441,1.1976
1624602482965,10.4672,-1.7522,2.3931,-0.5270,0.0147,1.2623
1624602482975,10.2997,-1.6182,2.8502,-0.3902,-0.0243,1.3136
1624602482983,10.1633,-0.7592,3.6039,-0.1617,-0.0598,1.3332
1624602482992,10.1873,-0.2376,4.0633,0.0166,-0.0732,1.3307
1624602483002,10.0581,-0.4051,4.1973,0.0203,-0.0549,1.3466
1624602483012,9.7015,-1.3909,4.0250,-0.1629,-0.0121,1.3552
1624602483021,9.4192,-2.4174,3.5249,-0.4024,0.0318,1.3686
1624602483031,9.1129,-2.9008,3.2402,-0.5356,0.0551,1.3601
1624602483042,8.7946,-3.3602,3.0153,-0.5172,0.0563,1.3246
1624602483052,8.5434,-4.0541,2.7473,-0.3938,0.0269,1.2965
1624602483062,8.3735,-4.5590,2.5774,-0.1996,-0.0195,1.2843
1624602483071,8.2252,-4.5159,2.8095,0.0618,-0.0634,1.2538
1624602483081,7.9883,-4.3173,2.8789,0.3599,-0.1086,1.2012
1624602483091,7.9763,-4.2575,2.8310,0.5970,-0.1673,1.1646
1624602483100,8.0505,-4.6236,2.7856,0.7668,-0.2369,1.1450
1624602483110,8.0289,-4.8318,2.6994,0.9024,-0.3114,1.1536
1624602483119,7.9476,-4.8414,2.5702,1.0490,-0.3823,1.1646
1624602483129,7.8734,-4.9179,2.4530,1.2042,-0.4532,1.1670
1624602483138,7.7801,-5.0256,2.3620,1.3569,-0.5265,1.1707
1624602483148,7.7059,-5.0256,2.3166,1.4852,-0.5949,1.1719
1624602483157,7.6533,-4.9562,2.3692,1.6244,-0.6584,1.1548
1624602483167,7.6270,-4.8797,2.4577,1.7649,-0.7061,1.1365
1624602483177,7.5911,-4.8294,2.5511,1.8871,-0.7537,1.1255
1624602483187,7.6581,-4.6858,2.5917,1.9934,-0.7952,1.1194
1624602483196,7.7729,-4.6691,2.6444,2.0923,-0.8282,1.1169
1624602483205,7.7203,-4.4131,2.7257,2.1938,-0.8490,1.1304
1624602483215,7.6605,-4.0924,2.7903,2.2512,-0.8576,1.1389
1624602483225,7.5815,-3.9823,2.8334,2.2793,-0.8624,1.1316
1624602483235,7.5097,-3.9895,2.8191,2.2829,-0.8624,1.1292
1624602483244,7.4307,-3.8148,2.8286,2.2890,-0.8673,1.1218
1624602483254,7.3972,-3.7096,2.7999,2.2756,-0.8747,1.1010
1624602483263,7.4212,-3.6808,2.8478,2.2487,-0.8820,1.0901
1624602483272,7.4547,-3.6354,2.8861,2.2084,-0.8869,1.0827
1624602483283,7.5623,-3.5804,2.9435,2.1217,-0.8881,1.0693
1624602483292,7.7873,-3.4368,3.1158,1.9934,-0.8869,1.0485
1624602483300,7.9500,-3.5110,3.5872,1.8272,-0.8893,1.0180
1624602483309,7.9261,-3.5995,3.0296,1.6489,-0.8820,0.9972
1624602483319,8.3304,-4.1116,3.0942,1.4729,-0.9138,0.9850
1624602483329,8.4094,-4.2910,3.4244,1.4094,-0.9089,0.9984
1624602483340,8.2946,-4.3269,3.2833,1.2885,-0.8502,0.9838
1624602483350,8.2611,-4.5399,3.0918,1.1980,-0.8111,0.9386
1624602483360,8.2515,-4.4753,3.0201,1.2323,-0.7867,0.9581
1624602483369,8.1271,-4.3556,2.8669,1.2970,-0.7598,0.9581
1624602483379,8.0194,-4.3700,2.8358,1.2982,-0.7415,0.9276
1624602483388,7.9237,-4.3796,2.7257,1.3239,-0.7342,0.8970
1624602483398,7.8423,-4.3843,2.6635,1.3556,-0.7378,0.8811
1624602483407,7.8830,-4.3461,2.5726,1.4008,-0.7537,0.8701
1624602483417,7.9404,-4.2049,2.4960,1.4375,-0.7867,0.8530
1624602483427,7.9715,-4.1187,2.5463,1.4680,-0.8233,0.8262
1624602483436,7.9428,-4.1283,2.5463,1.4705,-0.8539,0.8054
1624602483446,7.9069,-4.1283,2.4984,1.4680,-0.8930,0.7919
1624602483455,7.8495,-4.0948,2.4817,1.4632,-0.9370,0.7724
1624602483465,7.8256,-4.0326,2.3907,1.4644,-0.9761,0.7480
1624602483475,7.8088,-4.0278,2.4027,1.4571,-1.0090,0.7235
1624602483484,7.8280,-3.9058,2.3261,1.4375,-1.0420,0.7040
1624602483494,7.8997,-3.7766,2.2567,1.4008,-1.0775,0.6820
1624602483503,7.9332,-3.6737,2.1395,1.3764,-1.1068,0.6429
1624602483513,7.8806,-3.5827,2.1060,1.3459,-1.1398,0.6050
1624602483523,7.8184,-3.5277,1.9361,1.2848,-1.1716,0.5647
1624602483532,7.7681,-3.5086,1.7686,1.2335,-1.2033,0.5036
1624602483540,7.7083,-3.4679,1.6370,1.1932,-1.2400,0.4389
1624602483551,7.6509,-3.4129,1.5341,1.1492,-1.2840,0.3717
1624602483561,7.6054,-3.2693,1.2757,1.1003,-1.3291,0.2959
1624602483569,7.6317,-3.0850,0.9790,1.0172,-1.3939,0.2092
1624602483580,7.6916,-2.8003,0.7923,0.9488,-1.4635,0.1127
1624602483590,7.7753,-2.5347,0.9144,0.8645,-1.5063,0.0284
1624602483600,7.9643,-2.7596,0.8522,0.7253,-1.5368,-0.0376
1624602483609,8.1510,-2.9630,0.6225,0.6019,-1.5808,-0.0889
1624602483617,8.4884,-2.7931,0.6225,0.5579,-1.6004,-0.1170
1624602483627,9.3354,-2.6136,0.7564,0.5542,-1.5820,-0.1683
1624602483636,10.4194,-2.8697,0.9024,0.6312,-1.5344,-0.2379
1624602483646,11.1923,-3.3339,0.9838,0.8034,-1.4183,-0.2758
1624602483657,11.5895,-3.6904,1.5269,1.0453,-1.1948,-0.2783
1624602483667,11.4220,-3.9034,1.5174,1.3752,-0.9382,-0.3393
1624602483677,11.0774,-4.0876,1.6059,1.8065,-0.7073,-0.4285
1624602483686,10.9243,-3.5421,1.3810,2.2890,-0.5607,-0.5263
1624602483696,10.8046,-2.1375,0.9479,2.7545,-0.5106,-0.6203
1624602483705,10.7663,-1.2330,0.8880,3.0710,-0.4910,-0.7169
1624602483715,10.6945,-0.7544,0.9287,3.1785,-0.4727,-0.6961
1624602483724,10.5294,-0.3285,1.2159,3.0905,-0.4617,-0.5959
1624602483734,10.4912,-0.1682,1.3020,2.8193,-0.4666,-0.5568
1624602483744,10.7448,-0.0198,1.3379,2.4662,-0.5338,-0.5348
1624602483753,11.1731,0.2673,1.2613,2.1534,-0.6169,-0.5250
1624602483762,11.7641,0.7411,1.5245,1.8773,-0.6951,-0.5079
1624602483772,12.1494,1.2101,1.9840,1.5975,-0.7256,-0.4872
1624602483782,12.3600,1.6121,2.4051,1.3508,-0.6841,-0.4811
1624602483791,12.3265,1.8083,2.6444,1.0979,-0.6034,-0.5067
1624602483801,12.0369,2.7606,2.7497,0.9207,-0.4837,-0.5263
1624602483811,11.7211,3.9451,2.7688,0.7265,-0.3786,-0.5935
1624602483821,11.4507,3.8398,2.5391,0.3551,-0.3151,-0.6912
1624602483830,11.1827,3.4139,2.1156,-0.1238,-0.2870,-0.7059
1624602483840,11.2114,3.2966,2.0940,-0.6284,-0.2809,-0.7278
1624602483849,11.1971,2.7128,2.2017,-1.0756,-0.2565,-0.8232
1624602483859,11.2258,1.5283,2.1012,-1.3810,-0.2174,-0.8671
1624602483868,11.3885,0.7459,2.1132,-1.6095,-0.1673,-0.8916
1624602483878,11.3430,0.4970,2.5822,-1.6779,-0.0903,-0.9270
1624602483888,11.2234,-0.0916,2.7233,-1.6290,0.0001,-0.9600
1624602483897,11.2090,-1.2258,2.7377,-1.6143,0.0624,-0.9356
1624602483907,11.2234,-1.8886,2.7353,-1.6058,0.1027,-0.8977
1624602483917,11.0989,-2.0226,2.4936,-1.5227,0.1479,-0.8928
1624602483926,11.0272,-1.7881,2.1563,-1.4042,0.2041,-0.8855
1624602483936,10.9051,-1.8743,1.8859,-1.3175,0.2640,-0.8659
1624602483945,10.7592,-2.4007,1.6873,-1.2894,0.3360,-0.8195
1624602483953,10.5606,-2.9056,1.7830,-1.2515,0.4032,-0.7388
1624602483963,10.4314,-2.3696,2.1204,-1.1183,0.4704,-0.6888
1624602483973,10.3931,-1.5441,2.3357,-0.9644,0.5193,-0.7083
1624602483982,10.3739,-1.3072,2.4601,-0.9253,0.5413,-0.7413
1624602483996,10.2686,-1.1492,2.5200,-1.0035,0.5633,-0.7425
1624602484003,10.0054,-1.0798,2.5056,-1.1452,0.6012,-0.7278
1624602484013,9.8092,-1.1851,2.3357,-1.3468,0.6317,-0.7437
1624602484022,9.7135,-1.2569,2.1012,-1.5545,0.6525,-0.7572
1624602484032,9.5723,-1.4555,2.1299,-1.7292,0.6574,-0.7804
1624602484042,9.5651,-1.7546,2.1108,-1.8721,0.6427,-0.8012
1624602484051,9.5245,-1.9580,1.9529,-1.9980,0.6134,-0.8134
1624602484061,9.5077,-2.2906,1.8380,-2.0933,0.5877,-0.8329
1624602484070,9.4503,-2.3193,1.6825,-2.0884,0.5779,-0.8256
1624602484080,9.4622,-2.2188,1.6322,-2.0762,0.5767,-0.8293
1624602484090,9.3091,-2.3959,1.7160,-2.0493,0.5987,-0.8464
1624602484099,9.2684,-2.6089,1.9744,-1.9980,0.6317,-0.8427
1624602484109,9.2780,-2.5371,2.1706,-1.9222,0.6586,-0.8403
1624602484118,9.2636,-2.1016,2.4434,-1.8318,0.6512,-0.8586
1624602484128,9.3211,-1.8025,2.4482,-1.7463,0.6366,-0.8964
1624602484138,9.4599,-1.8073,2.4171,-1.7439,0.5963,-0.9038
1624602484147,9.4838,-1.9461,2.3884,-1.8465,0.5535,-0.8769
1624602484157,9.4312,-2.0442,2.4171,-1.9650,0.5364,-0.8500
1624602484167,9.3689,-2.0537,2.3070,-2.0310,0.5291,-0.8280
1624602484176,9.3761,-2.1231,2.2017,-2.0688,0.5291,-0.8109
1624602484186,9.2110,-2.1040,2.3285,-2.0591,0.5254,-0.7999
1624602484195,9.0555,-1.8312,2.3740,-1.9601,0.5327,-0.7975
1624602484205,9.1655,-1.6900,2.3620,-1.9075,0.5144,-0.7963
1624602484215,9.3426,-1.7259,2.4362,-1.8941,0.4863,-0.8134
1624602484224,9.4670,-1.6709,2.4649,-1.9051,0.4643,-0.8048
1624602484234,9.5340,-1.6446,2.4410,-1.9308,0.4570,-0.8036
1624602484243,9.4910,-1.7786,2.4242,-1.9406,0.4509,-0.7889
1624602484253,9.5149,-1.6948,2.3477,-1.9430,0.4411,-0.7608
1624602484263,9.5053,-1.4771,2.3046,-1.9467,0.4374,-0.7425
1624602484271,9.4312,-1.4890,2.3214,-1.9381,0.4350,-0.7462
1624602484280,9.3426,-1.3670,2.2543,-1.9161,0.4338,-0.7327
1624602484290,9.3019,-1.4125,2.2472,-1.8990,0.4240,-0.7254
1624602484299,9.3067,-1.3885,2.2903,-1.8795,0.4081,-0.7291
1624602484311,9.3019,-1.3311,2.2137,-1.8465,0.3861,-0.7242
1624602484321,9.3594,-1.4364,2.2065,-1.8208,0.3580,-0.7181
1624602484330,9.4288,-1.5824,2.1993,-1.8306,0.3226,-0.7046
1624602484340,9.5723,-1.7522,2.1873,-1.8269,0.2970,-0.6998
1624602484349,9.6513,-1.8049,2.2352,-1.7610,0.2847,-0.6765
1624602484359,9.7279,-1.8336,2.1706,-1.6547,0.2652,-0.6545
1624602484368,9.8499,-2.1853,2.2448,-1.5239,0.2518,-0.6533
1624602484378,9.8355,-2.0154,2.2831,-1.3615,0.2456,-0.6399
1624602484388,9.6752,-1.4603,2.3429,-1.1831,0.2469,-0.6436
1624602484397,9.5891,-1.1684,2.3620,-1.0206,0.2579,-0.6558
1624602484407,9.5795,-1.0009,2.1634,-0.9302,0.2395,-0.6179
1624602484416,9.5819,-1.0248,2.1850,-0.9277,0.2090,-0.5666
1624602484426,9.6321,-1.1875,2.0581,-0.9632,0.1895,-0.5202
1624602484436,9.7303,-1.6637,2.1873,-0.9546,0.1613,-0.4676
1624602484445,9.7637,-1.5393,2.2017,-0.8947,0.1467,-0.4224
1624602484455,9.8595,-1.3694,2.3261,-0.8043,0.1369,-0.3956
1624602484464,9.9528,-1.6757,2.5152,-0.6907,0.1308,-0.3784
1624602484474,9.9025,-1.6278,2.5654,-0.5893,0.1210,-0.3357
1624602484484,9.9265,-1.4053,2.7138,-0.4818,0.1174,-0.3125
1624602484493,10.0963,-1.5369,3.0009,-0.3548,0.1100,-0.2648
1624602484503,10.1777,-1.5967,3.0727,-0.3010,0.0954,-0.1891
1624602484512,10.1801,-1.3742,2.9818,-0.2961,0.0917,-0.1133
1624602484522,10.3069,-1.2880,3.0631,-0.2839,0.1039,-0.0400
1624602484531,10.3596,-1.4148,3.1397,-0.2717,0.1284,0.0553
1624602484541,10.2567,-1.2689,3.2641,-0.3010,0.1674,0.1469
1624602484551,10.2615,-1.3359,3.4053,-0.3438,0.2151,0.2141
1624602484560,10.4290,-1.4579,3.5273,-0.3499,0.2591,0.2984
1624602484570,10.7472,-1.6972,3.6422,-0.3474,0.2737,0.3729
1624602484580,11.1588,-2.3026,3.8049,-0.3486,0.2750,0.4547
1624602484588,11.5655,-2.7811,3.9509,-0.2863,0.2945,0.5696
1624602484597,11.8886,-2.8123,4.1136,-0.1910,0.3397,0.7248
1624602484607,12.0226,-2.9606,4.4103,-0.1190,0.4057,0.8885
1624602484616,12.0130,-2.8673,4.6855,-0.0432,0.4949,1.0742
1624602484630,11.8718,-2.6184,4.7214,0.0325,0.5889,1.2587
1624602484637,11.7929,-2.5132,4.6591,0.0789,0.6586,1.4028
1624602484647,11.6541,-2.6400,4.6208,0.1217,0.7160,1.5226
1624602484657,11.4555,-2.8769,4.7022,0.1889,0.7746,1.6142
1624602484666,11.1731,-3.1114,4.4390,0.3037,0.8308,1.6740
1624602484676,11.1875,-3.3746,4.7740,0.4565,0.8736,1.6960
1624602484686,11.0032,-4.0111,4.8745,0.7032,0.9200,1.6863
1624602484695,11.0152,-4.5997,4.8338,1.0453,0.9701,1.6887
1624602484705,11.0248,-4.9132,4.6759,1.5804,1.0263,1.6887
1624602484714,10.6922,-5.1979,5.3866,2.3062,1.0837,1.7718
1624602484724,10.4266,-4.9036,6.0877,3.0306,1.2010,1.8414
1624602484734,10.0940,-3.6258,6.4681,3.6476,1.2963,1.8585
1624602484743,9.7303,-2.8386,6.5016,3.9982,1.3256,1.8622
1624602484753,9.6273,-2.6759,6.4418,4.0398,1.3342,1.8854
1624602484762,9.5627,-2.7788,6.3461,3.8443,1.3293,1.9477
1624602484771,9.2469,-3.3124,6.2982,3.5144,1.3537,1.9428
1624602484782,8.7970,-3.9106,6.4035,3.2420,1.4295,1.9184
1624602484791,8.3352,-3.4057,6.5567,3.1394,1.5089,1.9416
1624602484801,7.8926,-2.9774,6.8438,3.1186,1.5773,1.9269
1624602484810,7.7873,-3.0898,6.8940,3.0441,1.6079,1.9147
1624602484820,7.8423,-3.2765,7.1214,2.9463,1.6054,1.9514
1624602484830,7.7131,-2.9893,6.9993,2.8486,1.6127,2.0271
1624602484839,7.2393,-2.9510,6.9060,2.7594,1.6408,2.0858
1624602484849,6.8493,-3.2956,6.4801,2.5725,1.6799,2.1187
1624602484859,6.6722,-3.3100,6.1116,2.3343,1.7093,2.1248
1624602484868,6.4569,-3.3554,6.3293,2.1119,1.7594,2.0992
1624602484876,6.2822,-3.2980,6.7194,2.0117,1.8485,2.0955
1624602484885,6.3612,-2.9702,7.0304,2.0203,1.9182,2.1261
1624602484896,6.2894,-3.2741,7.2362,2.0264,1.9610,2.1432
1624602484905,6.0908,-3.2334,7.1692,2.0252,1.9866,2.1823
1624602484914,5.7988,-2.3720,6.7409,1.9812,2.0074,2.2128
1624602484924,5.2102,-1.8456,6.7074,1.8663,2.0367,2.1933
1624602484933,4.7340,-2.0705,6.6165,1.7209,2.0782,2.1933
1624602484945,4.6838,-2.2787,6.5949,1.5768,2.0733,2.2336
1624602484954,4.8082,-2.2882,6.5590,1.4864,2.0220,2.2544
1624602484964,4.7364,-2.0394,6.5758,1.4668,1.9842,2.2434
1624602484974,4.4708,-1.7714,6.7218,1.4302,1.9732,2.2153
1624602484983,4.2698,-1.5177,6.6284,1.3801,1.9597,2.1774
1624602484993,3.9564,-1.3000,6.7768,1.3214,1.9206,2.1774
1624602485002,3.6740,-1.6948,7.3678,1.2371,1.8827,2.1603
1624602485012,3.7410,-2.3169,7.3941,1.1724,1.8143,2.1688
1624602485022,3.7578,-2.8266,7.2960,1.1858,1.6995,2.1921
1624602485031,3.5137,-2.6615,6.8103,1.3275,1.6042,2.1994
1624602485041,3.2577,-1.9245,6.6882,1.5132,1.5309,2.1872
1624602485050,3.1356,-0.7640,6.6906,1.6085,1.4796,2.1334
1624602485060,3.1500,0.4516,6.6236,1.6000,1.3916,2.0919
1624602485070,3.2266,0.4420,6.9227,1.4265,1.2878,2.0613
1624602485079,3.3629,-0.5750,7.2051,1.1638,1.1742,2.0833
1624602485089,3.4682,-1.1325,7.4611,0.9341,1.0630,2.1420
1624602485098,3.4060,-1.1732,7.7148,0.7912,0.9933,2.1114
1624602485108,3.2672,-0.9028,7.9325,0.7692,0.9640,2.0516
1624602485117,3.1978,-0.7018,7.9923,0.7961,0.9335,1.9819
1624602485127,3.1308,-0.7807,8.0976,0.7729,0.9005,1.9404
1624602485137,3.0375,-0.8860,8.2890,0.7423,0.8736,1.9477
1624602485147,3.0088,-1.1540,8.6336,0.7008,0.8553,1.9465
1624602485156,2.9155,-1.1229,8.9064,0.6703,0.8443,1.9379
1624602485166,2.7121,-1.2234,9.2390,0.6202,0.8418,1.9416
1624602485175,2.6188,-1.4555,9.2653,0.6153,0.8418,1.9611
1624602485185,2.5398,-1.1827,9.4568,0.6715,0.8272,1.9880
1624602485194,2.2934,-0.4721,10.0909,0.7594,0.8394,2.0137
1624602485204,2.0517,-0.3453,10.5766,0.8046,0.8797,2.0210
1624602485214,1.8220,-0.3620,10.4904,0.7949,0.8846,2.0882
1624602485222,1.5923,-0.2471,10.2990,0.7277,0.8431,2.1566
1624602485231,1.4870,-0.0725,9.9497,0.6776,0.7917,2.1896
1624602485241,1.5468,-0.1586,9.7152,0.6409,0.7185,2.2275
1624602485250,1.5755,-0.5582,9.3826,0.6776,0.6476,2.2544
1624602485263,1.4846,-0.8334,9.2462,0.7411,0.5938,2.2812
1624602485271,1.3290,-0.7616,9.1696,0.7655,0.5633,2.2837
1624602485281,1.2453,-0.5032,9.0859,0.7766,0.5352,2.2336
1624602485291,1.2094,-0.2376,9.1744,0.7998,0.5022,2.1713
1624602485300,1.1544,-0.1610,9.1265,0.8144,0.4692,2.1444
1624602485310,1.2333,-0.0533,9.0643,0.8144,0.4142,2.1139
1624602485320,1.2908,-0.2639,9.0524,0.7888,0.3397,2.0711
1624602485329,1.3506,-0.3548,8.7796,0.7888,0.2676,2.0503
1624602485337,1.3195,-0.3596,8.6982,0.7900,0.2017,2.0296
1624602485347,1.1759,-0.3070,8.6480,0.8046,0.1577,1.9831
1624602485358,1.1089,-0.1801,8.3584,0.8425,0.1308,1.9367
1624602485367,1.0347,0.1381,8.5882,0.8682,0.1015,1.8854
1624602485377,0.9294,0.3247,8.9925,0.8792,0.0660,1.8206
1624602485387,0.9797,0.3582,8.8873,0.8877,0.0025,1.7498
1624602485396,0.9940,0.2721,8.5140,0.8266,-0.0989,1.7095
1624602485405,0.8624,0.0591,8.4230,0.7485,-0.2259,1.6704
1624602485415,0.8768,-0.0581,7.8440,0.7130,-0.3188,1.6569
1624602485425,1.0180,0.2218,7.3128,0.7106,-0.4092,1.6288
1624602485434,1.1424,0.9875,7.3152,0.7497,-0.4690,1.6007
1624602485444,1.0587,1.7748,7.9517,0.8046,-0.4434,1.5788
1624602485454,0.9630,1.4135,8.3943,0.7876,-0.3786,1.5641
1624602485463,0.9175,0.4539,8.6887,0.6605,-0.3603,1.6142
1624602485473,1.1472,-0.0533,8.7365,0.4943,-0.3909,1.6667
1624602485483,1.4248,0.0974,8.8538,0.4100,-0.4263,1.6386
1624602485492,1.6617,0.3965,9.2988,0.4027,-0.4324,1.5641
1624602485502,1.9057,0.6095,9.3586,0.4235,-0.4239,1.5079
1624602485511,2.1522,0.9014,9.1720,0.4003,-0.4165,1.4773
1624602485521,2.2455,1.1479,9.1481,0.3428,-0.3994,1.4590
1624602485531,2.3053,1.0378,9.1074,0.2720,-0.3628,1.4529
1624602485539,2.3891,0.8368,9.2845,0.2036,-0.3261,1.4431
1624602485548,2.3939,0.7937,9.4639,0.1535,-0.2785,1.4272
1624602485558,2.3723,0.9493,9.5237,0.1413,-0.2174,1.3894
1624602485568,2.3077,1.2220,9.5596,0.1315,-0.1587,1.3344
1624602485577,2.2694,1.3345,9.5333,0.1083,-0.1123,1.2843
1624602485589,2.2407,1.2579,9.4615,0.0777,-0.0867,1.2330
1624602485598,2.2814,1.3034,9.4376,0.0435,-0.0830,1.1792
1624602485608,2.3532,1.5188,9.4759,0.0142,-0.0769,1.1145
1624602485617,2.4106,1.6480,9.6075,-0.0090,-0.0585,1.0400
1624602485627,2.4800,1.4422,9.6434,-0.0273,-0.0475,0.9887
1624602485636,3.7195,2.7965,9.2055,-0.0615,-0.0427,0.9508
1624602485646,3.9372,1.0593,9.4711,-0.0945,-0.0488,0.9263
1624602485656,2.3508,0.4468,9.6960,0.0081,0.0636,1.0632
1624602485665,1.6449,1.6934,9.3419,-0.1141,0.2823,1.1169
1624602485675,1.2860,1.4876,9.5070,-0.2912,0.1968,0.8775
1624602485685,2.3460,1.8250,8.2914,-0.2851,0.1174,0.6930
1624602485694,3.3653,1.6384,7.9373,-0.3401,-0.1697,0.5268
1624602485704,2.5518,1.2484,8.6839,-0.3743,-0.2540,0.4572
1624602485713,1.9799,1.3824,9.6386,-0.1654,-0.1648,0.5989
1624602485723,2.5422,1.1048,10.1913,-0.0676,-0.1673,0.3973
1624602485733,2.7576,0.7698,10.6173,-0.1116,-0.3237,0.2837
1624602485742,2.7121,0.4276,10.7130,-0.1507,-0.3860,0.2422
1624602485752,2.6858,0.3582,10.5263,-0.1312,-0.3933,0.2617
1624602485762,2.7145,0.3822,10.1818,-0.1678,-0.4031,0.2801
1624602485771,2.7312,0.4635,9.8875,-0.2350,-0.3945,0.2703
1624602485779,2.5087,0.5066,9.7822,-0.2876,-0.3591,0.2642
1624602485789,2.2981,0.3678,9.6745,-0.3181,-0.2919,0.2837
1624602485803,2.2551,0.2745,9.6625,-0.3120,-0.2430,0.3192
1624602485809,2.3891,0.3223,9.5955,-0.2888,-0.2247,0.3350
1624602485819,2.4561,0.3726,9.5716,-0.2594,-0.2174,0.3326
1624602485829,2.4513,0.4539,9.5357,-0.2167,-0.1991,0.3240
1624602485839,2.4752,0.6286,9.6290,-0.1483,-0.1612,0.3094
1624602485848,2.3747,0.8488,9.7104,-0.0994,-0.1074,0.2947
1624602485856,2.2503,0.9469,9.8468,-0.0847,-0.0549,0.2825
1624602485865,2.1474,0.9923,10.1100,-0.0835,-0.0207,0.2764
1624602485875,2.0469,0.9014,10.0526,-0.1031,0.0062,0.2678
1624602485885,1.9727,0.7435,10.0047,-0.1251,0.0184,0.2544
1624602485898,2.0684,0.5401,9.9927,-0.1544,0.0086,0.2495
1624602485904,2.1737,0.3893,9.8396,-0.1837,-0.0158,0.2422
1624602485914,2.1857,0.3941,9.8085,-0.1947,-0.0366,0.2128
1624602485923,2.1881,0.2960,9.8300,-0.1788,-0.0402,0.1848
1624602485933,2.7169,-0.1897,9.1911,-0.1556,-0.0390,0.1701
1624602485942,1.9057,0.1477,9.6625,-0.1067,-0.0720,0.1579
1624602485953,2.3915,0.2577,9.6936,-0.0115,-0.0219,0.1432
1624602485963,2.4226,-0.2137,9.7702,0.0118,-0.0317,0.1909
1624602485972,2.4608,-0.2759,9.7367,0.0350,-0.0048,0.1896
1624602485987,2.3819,-0.1179,9.8037,0.0313,0.0025,0.1628
1624602485991,2.3915,-0.1227,9.7630,0.0692,0.0282,0.1396
1624602486002,2.3077,-0.0820,9.7032,0.0973,0.0379,0.1237
1624602486012,2.3053,-0.0198,9.5955,0.1327,0.0587,0.1053
1624602486019,2.2910,0.1644,9.5860,0.1767,0.0709,0.0870
1624602486029,2.2096,0.3271,9.6482,0.2243,0.0770,0.0736
1624602486040,2.1498,0.2051,9.5740,0.2390,0.0880,0.0577
1624602486052,1.9919,0.1118,9.3371,0.2292,0.0893,0.0345
