1635584847699,-1.5059,3.6914,8.8828,-0.0650,-0.0731,-0.1576
1635584847700,-1.6230,3.8438,8.9453,-0.0373,-0.0380,-0.1565
1635584847701,-1.4980,4.0000,8.9531,-0.0256,-0.0104,-0.1628
1635584847703,-1.4453,4.0820,8.9375,-0.0554,0.0588,-0.1809
1635584847704,-1.4268,3.9824,8.9453,-0.0884,0.1279,-0.1926
1635584847706,-1.6660,3.9512,9.1172,-0.1033,0.1503,-0.1820
1635584847724,-1.7324,4.0625,9.3047,-0.1129,0.1226,-0.1809
1635584847801,-1.5225,4.0898,9.0313,-0.1140,0.1481,-0.1746
1635584847804,-1.6846,3.8809,9.4688,-0.0416,0.3301,-0.1725
1635584847805,-2.0371,4.0000,9.5234,-0.0862,0.1598,-0.2129
1635584847807,-1.6182,3.8926,9.3750,-0.0671,-0.1083,-0.2172
1635584847808,-1.3379,3.7598,9.3438,-0.0437,-0.1338,-0.2140
1635584847809,-1.4795,3.8652,9.4922,-0.0437,-0.0412,-0.2406
1635584847811,-1.5244,3.7480,9.5547,-0.0522,-0.0444,-0.2532
1635584847812,-1.4268,3.5977,9.5000,-0.0320,-0.0731,-0.2693
1635584847813,-1.4551,3.4785,9.3750,0.0137,-0.0583,-0.2820
1635584847815,-1.5293,3.5020,9.3594,0.0765,-0.0349,-0.3013
1635584847900,-1.5488,3.4785,9.3438,0.1467,-0.0380,-0.3171
1635584847905,-1.6396,3.4824,9.3359,0.2126,-0.0380,-0.3406
1635584847906,-1.6973,3.6875,9.4063,0.2542,-0.0306,-0.3735
1635584847910,-1.7324,3.8965,9.4375,0.2583,-0.0327,-0.4001
1635584847912,-1.7285,3.9707,9.3516,0.2361,-0.0465,-0.4128
1635584847913,-1.7715,4.0430,9.3125,0.2084,-0.0561,-0.4224
1635584847914,-1.7588,3.9766,9.3125,0.1563,-0.0753,-0.4363
1635584847915,-1.8027,3.8633,9.2422,0.1553,-0.0838,-0.4438
1635584847917,-1.7998,3.8340,9.1719,0.1754,-0.0912,-0.4607
1635584847927,-1.8408,3.9668,9.1250,0.2212,-0.0891,-0.4832
1635584847949,-1.8477,4.1641,9.0547,0.2786,-0.0848,-0.5044
1635584847951,-1.8379,4.3008,9.0156,0.3232,-0.0721,-0.5088
1635584847953,-1.8145,4.3828,8.9688,0.3594,-0.0583,-0.5117
1635584847954,-1.8740,4.3594,8.8516,0.4160,-0.0497,-0.5215
1635584847966,-1.9219,4.4023,8.7188,0.4946,-0.0508,-0.5342
1635584847979,-1.9463,4.5547,8.6094,0.5913,-0.0519,-0.5479
1635584847981,-2.0410,4.6367,8.5469,0.6860,-0.0540,-0.5596
1635584847987,-2.0605,4.7305,8.5313,0.7744,-0.0710,-0.5649
1635584847993,-2.0117,4.8008,8.6328,0.8555,-0.0976,-0.5732
1635584848000,-2.0254,4.7852,8.7656,0.9126,-0.1295,-0.5864
1635584848007,-1.8594,4.7969,8.8047,0.9487,-0.1753,-0.5874
1635584848030,-1.8311,4.7695,8.8203,0.9854,-0.1987,-0.5850
1635584848035,-1.8262,4.6563,8.8203,1.0244,-0.2242,-0.5850
1635584848043,-1.7549,4.6055,8.7578,1.0732,-0.2520,-0.5669
1635584848054,-1.7256,4.6875,8.7266,1.1367,-0.2764,-0.5542
1635584848063,-1.6416,4.8789,8.7266,1.1895,-0.3008,-0.5425
1635584848070,-1.5625,5.2695,8.6797,1.2031,-0.3125,-0.5308
1635584848077,-1.5010,5.5195,8.6641,1.1885,-0.3083,-0.5254
1635584848093,-1.4551,5.6563,8.5625,1.1611,-0.3030,-0.5137
1635584848099,-1.4316,5.6172,8.3672,1.1553,-0.2881,-0.4980
1635584848111,-1.4912,5.4570,8.1094,1.1943,-0.2646,-0.4822
1635584848115,-1.6465,5.4258,7.9219,1.2734,-0.2466,-0.4778
1635584848145,-1.6943,5.6328,7.6484,1.3828,-0.2615,-0.4885
1635584848148,-1.6445,5.7578,7.3594,1.5146,-0.2817,-0.4990
1635584848159,-1.7373,5.7109,6.9961,1.6611,-0.2849,-0.4971
1635584848164,-1.9033,5.6406,6.7773,1.8018,-0.2954,-0.5137
1635584848169,-1.9463,5.7070,6.7031,1.9414,-0.3359,-0.5396
1635584848180,-1.8906,5.8555,6.6602,2.0879,-0.3955,-0.5576
1635584848184,-1.7568,5.8008,6.3945,2.2363,-0.4731,-0.5767
1635584848210,-1.5967,5.6172,6.0039,2.4023,-0.5444,-0.5801
1635584848224,-1.5293,5.4219,5.5508,2.6328,-0.5933,-0.5693
1635584848228,-1.5938,5.2969,4.9961,2.9121,-0.6401,-0.5488
1635584848233,-1.5752,5.2930,4.5352,3.2344,-0.6890,-0.5254
1635584848237,-1.4648,5.3203,4.1367,3.5957,-0.7539,-0.4841
1635584848261,-1.3525,5.4531,3.7539,3.9805,-0.8379,-0.4182
1635584848264,-1.2852,5.6445,3.3340,4.3945,-0.9287,-0.3394
1635584848273,-1.1084,5.8789,3.0605,4.7305,-1.0313,-0.2927
1635584848279,-0.7275,6.3516,3.4395,5.0156,-1.1182,-0.2576
1635584848283,-0.4045,6.5352,3.5840,5.3398,-1.1982,-0.1608
1635584848310,-0.3518,6.5430,3.3652,5.6328,-1.2754,-0.0192
1635584848314,-0.3350,6.7773,3.1426,5.8281,-1.3848,0.1191
1635584848326,-0.2297,7.0664,2.6035,5.9453,-1.5273,0.2489
1635584848331,0.0311,7.1484,1.6152,6.0352,-1.6689,0.3809
1635584848340,0.4548,7.1484,0.7397,6.1250,-1.7627,0.5479
1635584848359,0.6748,7.0938,0.1652,6.3086,-1.7764,0.7529
1635584848363,0.5693,7.1992,0.0239,6.6563,-1.7363,0.9438
1635584848369,0.9360,7.0781,0.6270,7.0430,-1.7061,1.0859
1635584848380,1.8594,7.2148,1.3311,7.2734,-1.6367,1.2295
1635584848385,2.4961,7.7266,1.1367,7.4766,-1.4600,1.4170
1635584848409,2.4199,8.1875,0.5215,7.6445,-1.2344,1.5938
1635584848413,2.2344,8.7656,0.0694,7.6367,-1.0645,1.7412
1635584848421,2.1641,9.1797,-0.3279,7.5078,-0.9668,1.9004
1635584848438,2.3184,9.2422,-0.7944,7.3438,-0.9180,2.0781
1635584848441,2.6836,9.1797,-1.1914,7.1680,-0.8477,2.2305
1635584848450,3.1914,9.0938,-1.4072,7.0703,-0.6836,2.2793
1635584848455,3.6641,8.9219,-1.7305,7.0000,-0.4275,2.2148
1635584848480,3.8848,8.8203,-2.3281,6.8867,-0.1604,2.1133
1635584848492,4.2148,8.8047,-2.9805,6.7383,0.0364,1.9893
1635584848503,4.8398,9.2344,-3.4629,6.5156,0.2227,1.7949
1635584848507,5.4688,10.1094,-3.8926,6.1523,0.4663,1.5664
1635584848511,5.9297,11.1953,-4.4570,5.6836,0.7832,1.4014
1635584848524,6.0898,12.1563,-5.0938,5.1758,1.1084,1.4033
1635584848532,5.8555,12.7031,-5.5938,4.6133,1.4111,1.4844
1635584848540,5.1914,12.4375,-5.8633,3.9648,1.6836,1.5791
1635584848545,4.3516,11.6641,-6.0469,3.2520,1.8428,1.6592
1635584848574,3.6836,10.7109,-6.7109,2.6465,1.8838,1.5977
1635584848576,3.2871,10.1563,-7.8594,2.2461,1.8857,1.3662
1635584848577,3.1289,9.4609,-8.6797,2.0918,1.8721,1.0713
1635584848600,3.0938,8.4922,-8.8750,2.0488,1.7803,0.8618
1635584848601,3.1758,7.8945,-8.9609,1.9912,1.6387,0.7466
1635584848602,3.2383,7.7344,-9.2891,1.9658,1.5244,0.6318
1635584848630,3.2285,7.8047,-9.7891,1.9893,1.4414,0.5029
1635584848631,3.1328,8.1016,-9.9375,1.9814,1.3486,0.3777
1635584848632,3.0605,8.3516,-9.9609,1.8955,1.2139,0.2615
1635584848659,2.9531,8.2109,-9.9297,1.7246,1.0605,0.1871
1635584848680,2.8535,7.8086,-9.8281,1.4414,0.9399,0.0754
1635584848681,2.8672,6.9336,-10.0938,1.0400,0.8228,-0.0161
1635584848691,2.9902,6.0117,-10.5547,0.6465,0.7236,-0.0224
1635584848696,3.0938,4.9727,-10.9375,0.4702,0.6641,-0.0022
1635584848699,3.0781,3.8770,-11.3203,0.5244,0.6235,-0.0150
1635584848709,3.0605,2.8594,-11.4531,0.7583,0.5674,-0.0469
1635584848714,3.1680,2.0625,-11.1797,1.0391,0.4854,-0.0469
1635584848740,3.3027,1.8311,-10.9141,1.2402,0.4153,-0.0203
1635584848745,3.2402,2.4570,-10.9922,1.4395,0.3716,0.0127
1635584848749,2.8984,2.9512,-10.9766,1.7129,0.2822,0.0169
1635584848760,2.5566,3.0684,-11.1875,1.7930,0.0588,-0.0001
1635584848764,2.7148,3.6055,-11.8281,1.2871,-0.2935,-0.0565
1635584848790,3.8105,4.3594,-11.4688,0.4724,-0.5229,-0.1628
1635584848794,4.8242,3.4004,-10.6094,-0.1384,-0.5156,-0.0618
1635584848798,4.8398,2.0508,-10.4688,-0.4822,-0.3765,0.1925
1635584848810,4.3008,1.5439,-10.2578,-0.5586,-0.2477,0.2798
1635584848814,4.0430,1.6328,-9.7031,-0.4768,-0.2402,0.2318
1635584848839,4.2422,2.0215,-9.3203,-0.3416,-0.2986,0.1882
1635584848844,4.6016,2.5254,-9.1797,-0.2661,-0.3030,0.1776
1635584848848,4.8008,2.7695,-9.1406,-0.2766,-0.2072,0.1711
1635584848859,4.6875,2.5078,-9.2969,-0.2915,-0.0880,0.1743
1635584848864,4.5273,2.2598,-9.3828,-0.2086,0.0066,0.1307
1635584848890,4.3984,1.3740,-9.3750,0.0010,0.0684,0.0489
1635584848894,4.2969,0.6055,-9.3516,0.2435,0.0588,0.0861
1635584848898,4.2930,0.9404,-9.2344,0.5093,0.0173,0.1414
1635584848910,4.3789,1.8457,-9.2578,0.7871,-0.0338,0.0850
1635584848914,4.4766,2.4180,-9.2188,0.9116,-0.0710,0.0329
1635584848939,4.5313,2.8281,-9.0156,0.8159,-0.0668,0.0435
1635584848944,4.5508,2.9219,-8.6953,0.5986,-0.0327,0.0850
1635584848948,4.4766,2.6445,-8.6250,0.3755,-0.0157,0.1244
1635584848960,4.4453,2.3262,-8.5547,0.2137,-0.0093,0.1318
1635584848965,4.4609,2.3027,-8.3125,0.1212,-0.0157,0.1223
1635584848991,4.4023,2.4453,-8.3516,0.0999,-0.0402,0.1116
1635584848993,4.3477,2.5820,-8.6953,0.1191,-0.0753,0.0680
1635584848997,4.4375,2.5586,-8.9922,0.1234,-0.0901,0.0031
1635584849021,4.4961,2.3691,-9.2422,0.1169,-0.0827,0.0063
1635584849026,4.4453,2.1250,-9.3984,0.1765,-0.0561,0.0329
1635584849031,4.3906,2.0820,-9.5391,0.3159,-0.0678,-0.0118
1635584849040,4.2344,2.4180,-9.2969,0.2786,-0.1008,-0.0309
1635584849050,4.2344,2.4180,-9.2969,0.2786,-0.1008,-0.0309
1635584849064,4.0820,2.4355,-8.9063,0.0723,-0.0891,0.0212
1635584849069,3.9766,2.3223,-8.8516,-0.0299,-0.0764,0.0542
1635584849080,3.9336,2.3301,-8.8438,-0.1193,-0.0699,0.0605
1635584849085,3.9941,2.2910,-8.8281,-0.1809,-0.0806,0.0712
1635584849110,4.1094,2.2656,-8.7969,-0.2278,-0.0987,0.0850
1635584849114,4.1836,2.2539,-8.7344,-0.2649,-0.0838,0.0786
1635584849119,4.1602,2.1855,-8.6094,-0.2693,-0.0668,0.0935
1635584849130,4.0938,2.1699,-8.3438,-0.2585,-0.0540,0.1116
1635584849134,3.9805,2.2324,-8.3672,-0.2416,-0.0519,0.0935
1635584849160,3.9414,2.2188,-8.7109,-0.2203,-0.0561,0.0616
1635584849164,4.0742,2.1738,-8.8906,-0.1714,-0.0764,0.0424
1635584849169,4.2148,2.1289,-8.8203,-0.0916,-0.0891,0.0350
1635584849180,4.2852,2.2637,-8.7813,-0.0448,-0.0753,0.0233
1635584849184,4.1563,2.3359,-8.7109,-0.0171,-0.0476,0.0212
1635584849210,4.0781,2.3750,-8.6172,-0.0161,-0.0391,0.0308
1635584849214,4.0039,2.3789,-8.5313,-0.0384,-0.0455,0.0329
1635584849219,3.9844,2.3066,-8.5703,-0.0682,-0.0561,0.0254
1635584849230,4.0078,2.2422,-8.6484,-0.0533,-0.0646,0.0361
1635584849234,3.9707,2.1914,-8.6875,-0.0192,-0.0827,0.0393
1635584849260,4.0195,2.2168,-8.5469,-0.0139,-0.0923,0.0010
1635584849265,4.2031,2.2969,-8.4609,-0.0267,-0.0753,-0.0448
1635584849269,4.1953,2.1660,-8.2813,-0.0171,-0.0359,-0.0363
1635584849280,3.9922,2.0918,-8.2656,-0.0012,-0.0136,0.0084
1635584849284,3.7969,2.2813,-8.3125,0.0308,-0.0327,0.0339
1635584849310,3.7441,2.4551,-8.4063,0.0690,-0.0753,0.0254
1635584849314,3.7324,2.4219,-8.6016,0.0489,-0.1157,0.0052
1635584849318,3.8242,2.3613,-8.5234,-0.0139,-0.1338,-0.0331
1635584849330,3.9629,2.4785,-8.4688,-0.1033,-0.1252,-0.0862
1635584849334,3.9551,2.5371,-8.4922,-0.1799,-0.0934,-0.0884
1635584849360,3.8359,2.3301,-8.2813,-0.2140,-0.0551,-0.0448
1635584849365,3.8770,2.2129,-8.0391,-0.2310,-0.0359,-0.0182
1635584849370,4.0000,2.2168,-8.0000,-0.1948,0.0354,0.0159
1635584849380,3.8730,2.3984,-7.4492,-0.1267,0.1279,0.0520
1635584849385,3.8594,3.1309,-7.0977,-0.1682,0.1481,0.0201
1635584849410,3.9355,3.3457,-7.2422,-0.3203,0.1694,0.0743
1635584849415,3.4746,1.9531,-5.9219,-0.4172,0.2822,0.2383
1635584849419,2.9004,0.2297,-4.6445,-0.4106,0.3323,0.3308
1635584849430,2.1895,0.9312,-7.3477,-0.4214,0.3130,0.2467
1635584849434,2.3086,2.3027,-9.4844,-0.1150,0.2981,0.0499
1635584849461,3.3477,2.7168,-8.5703,0.4585,0.2046,0.0797
1635584849466,3.3574,2.8125,-8.7969,0.8311,0.4609,0.0935
1635584849470,2.6797,3.2207,-9.2422,0.6670,0.7778,-0.0427
1635584849481,2.2832,3.6914,-9.3594,0.2020,0.7778,-0.0682
1635584849486,2.9082,3.1602,-9.6484,0.2744,0.4983,-0.0299
1635584849520,4.3594,2.7695,-11.1094,0.5181,0.1439,0.0893
1635584849521,5.7383,2.6309,-12.3203,0.6235,-0.0082,0.0127
1635584849522,6.3203,2.9199,-12.5938,0.7979,0.0843,-0.2299
1635584849529,5.5664,3.3652,-12.1094,0.8882,0.1663,-0.2235
1635584849531,4.5859,3.7754,-11.5000,0.6011,0.0779,-0.1501
1635584849559,4.5039,3.4570,-10.7891,0.2722,-0.1232,-0.1416
1635584849565,4.8477,2.4199,-10.2734,0.0701,-0.2944,-0.0395
1635584849573,5.0508,1.8291,-9.8828,-0.0895,-0.3369,0.0137
1635584849592,5.0273,1.6758,-9.4375,-0.1033,-0.3049,-0.0267
1635584849599,4.8477,1.4766,-9.1953,0.0052,-0.2795,-0.0097
1635584849610,4.7617,1.6250,-9.0547,0.0818,-0.2732,0.0244
1635584849616,4.8594,1.9990,-8.6250,0.1031,-0.2583,-0.0118
1635584849620,4.8281,2.0547,-8.2969,0.0627,-0.2349,-0.0618
1635584849630,4.6758,2.0293,-7.8906,-0.0299,-0.1956,-0.0873
1635584849634,4.4648,2.0781,-7.5391,-0.1246,-0.1710,-0.0714
1635584849660,4.2852,1.9844,-7.0781,-0.1533,-0.1476,-0.0746
1635584849664,4.0234,1.9248,-7.1055,-0.1597,-0.1444,-0.0842
1635584849668,3.8359,1.9219,-7.6016,-0.1479,-0.1731,-0.0809
1635584849680,3.9414,1.9033,-7.9805,-0.0831,-0.2072,-0.1086
1635584849685,4.1484,1.9150,-8.0391,-0.0384,-0.1945,-0.1246
1635584849721,4.1797,1.8838,-7.9609,-0.0405,-0.1316,-0.1203
1635584849722,4.0664,1.8574,-8.0078,-0.1022,-0.0465,-0.1373
1635584849723,4.0195,1.8906,-7.9492,-0.1650,-0.0051,-0.1416
1635584849740,4.0547,2.1172,-7.7070,-0.2192,0.0130,-0.1140
1635584849750,3.9980,2.4043,-7.9141,-0.2798,-0.0146,-0.0607
1635584849755,3.9609,2.5723,-8.4063,-0.3564,-0.0551,-0.0214
1635584849765,4.1719,2.7188,-9.2578,-0.4565,-0.1019,-0.0065
1635584849771,4.6602,2.1582,-9.2891,-0.4607,-0.0880,0.0350
1635584849786,4.5586,1.7090,-8.5313,-0.3447,-0.0295,0.1010
1635584849790,4.5508,1.4287,-8.1172,-0.2257,-0.0529,0.1488
1635584849804,4.3320,2.1035,-7.5742,-0.2395,-0.0583,0.1946
1635584849815,3.5957,3.0566,-7.7539,-0.2810,-0.0966,0.2159
1635584849831,3.3613,3.0996,-8.5391,-0.3777,-0.2402,0.2415
1635584849839,4.0000,2.6094,-9.2422,-0.4268,-0.3765,0.2234
1635584849855,4.7227,2.0527,-9.1328,-0.3342,-0.3657,0.2404
1635584849864,4.6992,1.9170,-8.6719,-0.2012,-0.2146,0.2583
1635584849871,4.0703,2.3125,-8.4531,-0.1107,-0.0625,0.2744
1635584849888,3.5273,2.7754,-8.0391,-0.0895,-0.0285,0.2732
1635584849897,3.3906,3.1563,-7.8203,-0.1543,-0.0785,0.2340
1635584849903,3.5449,3.2559,-7.7617,-0.2820,-0.1157,0.2329
1635584849913,3.6914,3.0566,-7.9414,-0.4490,-0.1072,0.2383
1635584849921,3.7129,2.6836,-8.1250,-0.5542,-0.0806,0.2255
1635584849929,3.6719,2.3066,-8.3984,-0.5542,-0.0604,0.2042
1635584849934,3.7070,2.1758,-8.5781,-0.5044,-0.0370,0.1702
1635584849945,3.7617,2.2188,-8.6797,-0.4331,-0.0157,0.1265
1635584849951,3.7441,2.3027,-8.5625,-0.3704,-0.0019,0.1223
1635584849965,3.5781,2.4648,-8.6094,-0.3342,-0.0072,0.1467
1635584849969,3.5254,2.5586,-8.8438,-0.2842,-0.0402,0.1478
1635584849987,3.6426,2.6055,-8.8516,-0.2181,-0.0838,0.1382
1635584849993,3.7227,2.7734,-8.8203,-0.1884,-0.1157,0.1296
1635584850001,3.7363,2.8750,-8.9844,-0.2012,-0.1252,0.0946
1635584850005,3.7988,2.9492,-8.9297,-0.2299,-0.1263,0.0701
1635584850033,3.8281,2.9648,-8.7188,-0.2937,-0.1179,0.0690
1635584850038,3.8203,2.9551,-8.6797,-0.3862,-0.1061,0.0297
1635584850068,3.8027,2.9629,-8.6953,-0.3938,-0.0838,0.0361
1635584850084,3.6914,2.9824,-8.7109,-0.3000,-0.0497,0.1021
1635584850094,3.7168,3.1328,-8.9688,-0.2554,-0.0391,0.0967
1635584850100,3.8496,3.1406,-8.7813,-0.1777,-0.0274,0.0967
1635584850115,3.8027,3.0449,-8.7969,-0.1394,-0.0093,0.1052
1635584850121,3.6504,2.9023,-8.8594,-0.1044,0.0173,0.0648
1635584850132,3.4648,2.8496,-9.0000,-0.0458,0.0311,0.0169
1635584850137,3.6270,3.0430,-9.1172,0.0478,0.0162,-0.0427
1635584850144,3.8223,3.3613,-9.0313,0.1520,0.0524,-0.0820
1635584850148,3.7852,3.4004,-8.7891,0.1499,0.1066,-0.1351
1635584850153,3.5684,3.5156,-8.8516,0.0574,0.0928,-0.1809
1635584850161,3.4004,3.6406,-8.9844,-0.1554,-0.0699,-0.2373
1635584850165,2.9863,3.1758,-8.5469,-0.2480,-0.1433,-0.2140
1635584850171,2.6348,3.2949,-8.2734,-0.2321,-0.1805,-0.2458
1635584850177,3.7246,2.8477,-7.8555,-0.3342,-0.2976,-0.2097
1635584850201,4.3828,2.9902,-7.6055,-0.6055,-0.0699,-0.0905
1635584850209,3.8730,2.4297,-6.2383,-0.7095,0.3811,0.0095
1635584850214,2.0898,1.6367,-4.7734,-0.7446,0.7065,0.1584
1635584850222,0.3757,1.4434,-4.8398,-0.6978,0.6982,0.2478
1635584850228,0.4692,1.3018,-6.1641,-0.5200,0.5195,0.0669
1635584850243,2.4551,1.0000,-8.4766,-0.2150,0.2322,-0.0235
1635584850249,4.6602,0.9932,-10.1641,0.0159,0.0896,0.2042
1635584850262,6.5078,1.8643,-11.0469,0.0978,0.1183,0.2340
1635584850267,7.0898,3.5176,-12.1875,0.2286,0.2439,-0.0363
1635584850291,6.8281,5.1875,-12.3516,0.3562,0.3523,-0.2278
1635584850295,5.9141,5.8047,-11.3438,0.2732,0.3706,-0.2395
1635584850299,5.0703,5.5117,-10.7813,-0.0214,0.1981,-0.0916
1635584850311,5.1484,4.9492,-10.4922,-0.2896,0.0183,-0.0086
1635584850315,5.7344,4.2148,-9.6172,-0.4395,-0.0646,-0.0373
1635584850341,5.7148,3.8301,-8.9531,-0.5317,-0.0508,-0.0788
1635584850345,5.2852,4.2695,-8.6172,-0.6318,-0.0221,-0.1342
1635584850350,5.1797,5.1875,-8.5391,-0.7031,-0.0668,-0.1586
1635584850361,5.3125,5.4336,-8.1875,-0.7109,-0.1179,-0.1065
1635584850366,5.0586,5.0625,-7.9688,-0.7681,-0.1519,-0.0842
1635584850391,4.5742,4.4648,-7.8711,-0.8301,-0.1764,-0.1809
1635584850395,4.0234,3.8887,-7.8281,-0.8257,-0.2189,-0.3225
1635584850399,3.4922,3.7891,-7.9219,-0.7642,-0.2477,-0.4331
1635584850411,3.0547,3.8281,-7.8750,-0.6265,-0.2881,-0.4490
1635584850416,2.8594,3.5039,-7.7070,-0.4565,-0.3423,-0.3789
1635584850441,2.8691,3.0645,-7.6055,-0.3225,-0.3625,-0.2937
1635584850445,2.9922,2.8789,-7.5820,-0.1917,-0.3284,-0.2278
1635584850449,2.9980,2.9805,-7.2969,-0.0320,-0.2539,-0.1660
1635584850461,2.8594,3.2676,-7.1563,0.0946,-0.2008,-0.1033
1635584850465,2.8594,3.5742,-7.0547,0.1776,-0.1699,-0.0480
1635584850491,2.9551,3.8770,-6.7969,0.1935,-0.1423,0.0063
1635584850495,2.9277,3.9668,-6.8203,0.1350,-0.1284,0.0712
1635584850500,3.0234,3.9336,-7.0742,0.0542,-0.1146,0.1328
1635584850514,3.3027,3.9238,-7.2695,0.0020,-0.0923,0.1637
1635584850519,3.4688,3.9590,-7.4375,-0.0086,-0.0615,0.1754
1635584850532,3.4785,3.9473,-7.6523,0.0265,-0.0444,0.1914
1635584850535,3.5430,3.8828,-7.8398,0.0935,-0.0327,0.2020
1635584850562,3.6387,3.9160,-7.8711,0.1659,-0.0168,0.1871
1635584850563,3.6309,4.1016,-7.9570,0.2148,-0.0093,0.1637
1635584850567,3.5469,4.2109,-8.1250,0.2478,-0.0402,0.1542
1635584850590,3.5859,4.2344,-8.4531,0.2489,-0.1072,0.1520
1635584850592,3.7988,4.3164,-8.6875,0.2201,-0.1539,0.1382
1635584850593,3.8887,4.2461,-8.7266,0.1829,-0.1647,0.1382
1635584850620,3.8008,4.1406,-8.6328,0.1425,-0.1710,0.1542
1635584850621,3.7266,4.1836,-8.5547,0.0903,-0.1923,0.1637
1635584850622,3.7246,4.1484,-8.5625,0.0361,-0.2179,0.1627
1635584850651,3.7910,4.0039,-8.7188,-0.0352,-0.2179,0.1520
1635584850652,3.8828,3.9258,-8.7500,-0.1182,-0.1774,0.1361
1635584850653,3.7539,3.8105,-8.4297,-0.1757,-0.1232,0.1265
1635584850681,3.4727,3.6758,-8.2188,-0.2023,-0.1200,0.1371
1635584850682,3.3516,3.3828,-8.2266,-0.1831,-0.1615,0.1584
1635584850683,3.5273,3.2305,-8.4609,-0.1394,-0.1965,0.1702
1635584850711,3.7480,3.3105,-8.5938,-0.0991,-0.1742,0.1254
1635584850712,3.8633,3.2773,-8.4297,-0.0597,-0.0859,0.0861
1635584850713,3.8809,3.2578,-8.3828,0.0020,0.0450,0.0956
1635584850742,3.7891,3.2070,-8.3594,0.0393,0.1896,0.1021
1635584850746,3.5879,3.2715,-8.1641,-0.0458,0.2651,0.0786
1635584850747,3.5332,3.7129,-8.0781,-0.1895,0.2279,0.0169
1635584850770,3.7363,3.7285,-7.8828,-0.3108,0.1620,0.0010
1635584850771,3.7246,3.1426,-7.8203,-0.3948,0.1609,0.1148
1635584850773,3.4902,2.0332,-8.2813,-0.4363,0.1886,0.2457
1635584850800,3.5234,1.1514,-9.2891,-0.3203,0.1737,0.2649
1635584850801,3.7793,1.6758,-9.4844,-0.0309,0.1715,-0.0267
1635584850802,3.7227,3.8301,-9.1719,0.1467,0.1929,-0.4011
1635584850831,3.1504,5.3984,-9.0078,0.1851,0.1216,-0.3704
1635584850833,2.7207,5.2461,-8.7344,-0.0214,-0.0072,-0.0852
1635584850835,3.0020,4.8359,-8.2188,-0.5469,-0.0848,-0.0129
1635584850861,3.1738,4.3867,-7.6133,-1.1172,-0.0434,-0.1331
1635584850863,3.0059,4.0742,-6.8828,-1.5283,0.0439,-0.2161
1635584850865,3.1133,3.7988,-7.0195,-1.6953,0.0822,-0.2352
1635584850891,3.8301,3.5664,-8.7422,-1.5625,0.1183,-0.2086
1635584850893,4.5508,3.5977,-10.0234,-1.1934,0.2354,-0.2012
1635584850897,4.4414,3.9941,-10.5781,-0.7822,0.2876,-0.2172
1635584850921,4.1992,5.0898,-10.5156,-0.4363,0.2205,-0.2778
1635584850924,4.3242,6.2031,-10.1797,-0.2192,0.1257,-0.3149
1635584850926,4.3438,6.6484,-9.6172,-0.2373,0.0843,-0.3330
1635584850951,4.0664,6.8125,-8.8047,-0.5044,0.0566,-0.3384
1635584850953,3.8945,6.9453,-8.6094,-0.8564,-0.0487,-0.3298
1635584850955,4.1094,6.6406,-8.4844,-1.1494,-0.1487,-0.3311
1635584850981,4.0000,6.1953,-7.8594,-1.4932,-0.1764,-0.3735
1635584850983,3.9043,6.0273,-7.8711,-1.7871,-0.2242,-0.3809
1635584850985,4.0859,5.2734,-7.8203,-1.8271,-0.2520,-0.3044
1635584851011,4.1680,4.8086,-7.4102,-1.7480,-0.1965,-0.2639
1635584851013,3.9609,4.6914,-6.7148,-1.5928,-0.1061,-0.2257
1635584851015,3.6719,4.4883,-6.2344,-1.3184,-0.0519,-0.1746
1635584851044,3.6602,4.7109,-6.3945,-0.9067,-0.0029,-0.1373
1635584851049,3.5703,5.0820,-6.7695,-0.4204,0.1056,-0.1044
1635584851050,3.1309,5.9414,-6.5469,-0.0756,0.2205,-0.1288
1635584851063,2.9316,6.4844,-6.5547,0.1339,0.2247,-0.1608
1635584851069,3.0020,6.3359,-6.5430,0.2893,0.2173,-0.1384
1635584851083,2.8594,6.5352,-6.4453,0.4436,0.2333,-0.1405
1635584851090,2.7402,6.7891,-6.5859,0.6084,0.2078,-0.1501
1635584851103,2.8984,6.8164,-6.6602,0.7231,0.1726,-0.1246
1635584851109,2.9492,6.5820,-6.6484,0.7544,0.1523,-0.0948
1635584851133,3.2051,6.0977,-6.7109,0.7583,0.1396,-0.0884
1635584851139,3.3105,5.8867,-6.5781,0.8105,0.1588,-0.1129
1635584851145,3.2617,5.7852,-6.4805,0.8540,0.1503,-0.1373
1635584851153,3.4199,5.6641,-6.5859,0.8838,0.1077,-0.1362
1635584851159,3.6367,5.5078,-6.7461,0.9893,0.0641,-0.1129
1635584851183,3.7969,5.4375,-6.7148,1.0859,0.0577,-0.1054
1635584851189,3.9043,5.3281,-6.6406,1.1357,0.0896,-0.0533
1635584851195,3.7695,5.6094,-7.0508,1.2002,0.0886,0.0116
1635584851203,3.7891,5.4023,-7.0625,1.1094,0.0684,0.0201
1635584851209,3.7930,5.4648,-7.3789,1.0117,0.0407,-0.0001
1635584851233,3.7910,5.5039,-7.5703,0.9595,0.0013,-0.0331
1635584851250,3.8555,5.3711,-7.6055,0.8564,-0.0327,-0.0416
1635584851256,3.9375,5.2930,-7.6133,0.7275,-0.0370,-0.0480
1635584851264,3.8867,5.1953,-7.4063,0.6235,-0.0189,-0.0352
1635584851271,3.7793,4.7148,-7.2461,0.4968,-0.0093,0.0169
1635584851281,3.8145,4.1836,-7.5000,0.4478,-0.0338,0.0457
1635584851289,3.9941,3.7656,-7.5977,0.4829,-0.0263,0.0020
1635584851291,4.0820,3.8340,-7.4922,0.4956,0.0152,-0.0565
1635584851304,3.8672,3.8086,-7.5820,0.5444,0.0279,-0.0597
1635584851305,3.7617,3.8672,-7.6875,0.5435,0.0152,-0.0820
1635584851332,3.8594,4.1289,-7.7109,0.4978,0.0088,-0.1129
1635584851333,3.9141,4.0273,-7.7266,0.3958,0.0279,-0.1054
1635584851335,4.0000,3.5801,-7.4883,0.2573,0.0684,-0.1193
1635584851362,3.8555,3.0156,-7.2617,0.0999,0.1354,-0.1565
1635584851364,3.7578,3.0723,-7.5000,-0.0511,0.1555,-0.2861
1635584851366,4.0117,4.1172,-7.3281,-0.2874,0.0513,-0.3640
1635584851392,2.8047,4.2227,-7.8789,-0.3342,0.0226,-0.2820
1635584851394,2.7090,2.0840,-10.6641,0.4585,-0.2349,-0.1746
1635584851396,4.7930,-0.1364,-11.6016,1.5508,-0.5879,-0.1459
1635584851422,5.4336,5.1055,-10.2109,1.5996,-0.2732,-0.4192
1635584851424,2.6797,8.0234,-7.2891,1.0107,0.1705,-0.4417
1635584851426,0.9121,6.9766,-6.5547,-0.0384,-0.0412,-0.2032
1635584851452,1.1895,6.0859,-7.0625,-0.8086,-0.4583,-0.1703
1635584851454,1.4844,5.8867,-6.9023,-1.3154,-0.7148,-0.2563
1635584851456,1.6709,5.6992,-6.6875,-1.9648,-0.8511,-0.2490
1635584851483,2.0723,4.7656,-7.0938,-2.6270,-0.9668,-0.1416
1635584851485,2.5723,3.9160,-7.5273,-3.0801,-1.0000,-0.0373
1635584851487,2.9648,3.9102,-7.8164,-3.2266,-0.9531,0.0690
1635584851512,3.3828,4.1914,-8.2656,-3.1582,-0.8926,0.1563
1635584851515,3.6504,4.3594,-8.3125,-2.9336,-0.7900,0.2350
1635584851517,3.6270,5.1016,-8.5000,-2.6094,-0.7637,0.2542
1635584851543,3.9883,6.7344,-9.2109,-2.3496,-0.8286,0.1680
1635584851545,4.0781,7.8086,-9.2344,-2.2871,-0.8550,0.1488
1635584851547,3.6230,8.3438,-8.8281,-2.4590,-0.8828,0.1691
1635584851572,3.2051,8.4453,-8.9766,-2.6953,-1.0156,0.1829
1635584851574,3.1641,8.5000,-9.6328,-2.8945,-1.1855,0.1786
1635584851577,2.9746,8.7422,-10.0625,-3.0000,-1.3018,0.1882
1635584851604,2.7090,8.6484,-9.5781,-3.0293,-1.3613,0.2244
1635584851610,2.2637,8.6563,-8.7734,-2.9844,-1.3652,0.2637
1635584851616,1.9775,8.2031,-8.2109,-2.8809,-1.3721,0.3286
1635584851623,2.2031,7.2344,-8.0313,-2.7520,-1.3750,0.3074
1635584851628,2.3125,6.9414,-7.5195,-2.5625,-1.2520,0.2020
1635584851653,2.1289,7.2578,-6.9023,-2.3164,-1.0986,0.1021
1635584851658,2.2617,7.3633,-6.4297,-2.0176,-0.9829,0.0467
1635584851663,2.2402,7.3906,-5.6953,-1.6514,-0.8115,0.0403
1635584851673,1.9990,7.4102,-4.8594,-1.2725,-0.6455,0.0542
1635584851678,1.9365,7.4648,-4.2031,-0.9702,-0.5308,0.0435
1635584851704,2.0176,7.6953,-3.8242,-0.7759,-0.4126,0.0297
1635584851710,2.0918,7.8711,-3.4395,-0.6108,-0.2764,0.0424
1635584851715,1.9863,7.9180,-3.3867,-0.4800,-0.1572,0.0542
1635584851724,2.0723,7.9023,-3.5586,-0.3586,-0.0646,0.0712
1635584851729,2.1113,7.7344,-3.5996,-0.2490,0.0439,0.0978
1635584851754,2.1211,7.8945,-3.6367,-0.1639,0.1514,0.0999
1635584851760,1.9893,7.8555,-3.6445,-0.0511,0.2439,0.1191
1635584851767,1.8623,7.8711,-3.8887,0.1158,0.3003,0.1223
1635584851775,1.9961,8.1016,-4.1367,0.3074,0.3323,0.1084
1635584851781,2.1055,8.2422,-4.3203,0.4702,0.3621,0.1138
1635584851795,2.1016,8.2031,-4.5352,0.5894,0.3970,0.1116
1635584851802,2.0508,8.1484,-4.7578,0.7373,0.4014,0.0967
1635584851823,2.1445,8.3281,-4.8359,0.8838,0.3896,0.0584
1635584851827,2.1387,8.4609,-4.8828,0.9468,0.3833,0.0308
1635584851831,2.0273,8.5156,-5.1914,0.9233,0.3608,0.0191
1635584851843,2.1445,8.6172,-5.2930,0.8926,0.3237,-0.0001
1635584851847,2.1250,8.4922,-5.2773,0.8540,0.2842,0.0318
1635584851873,2.0781,8.3047,-5.2734,0.7778,0.2428,0.0563
1635584851878,2.1445,8.1328,-5.3164,0.6978,0.1960,0.0616
1635584851883,2.2813,8.1328,-5.4180,0.6436,0.1588,0.0807
1635584851894,2.5078,8.2578,-5.4844,0.6074,0.1290,0.1265
1635584851900,2.2715,7.4453,-5.6211,0.5498,0.1311,0.1957
1635584851924,2.1875,7.0000,-5.9727,0.5137,0.1173,0.1584
1635584851930,2.6211,7.4453,-6.0469,0.6553,0.1257,0.0765
1635584851936,2.6230,7.4961,-6.0117,0.8125,0.1652,0.1138
1635584851944,2.5078,7.4375,-6.0195,0.9307,0.2013,0.1584
1635584851950,2.5527,7.3711,-6.1133,1.0332,0.2152,0.1488
1635584851977,2.7148,7.4063,-6.1953,1.1406,0.2290,0.1478
1635584851983,2.7422,7.3477,-6.2422,1.2031,0.2822,0.1445
1635584851989,2.8203,7.4688,-6.2031,1.1992,0.3396,0.0850
1635584851996,2.6660,7.2930,-6.1211,1.1563,0.3833,0.0669
1635584852002,2.5723,7.4063,-6.1836,1.1318,0.4077,0.0489
1635584852013,2.5176,7.3438,-6.3125,1.1670,0.3950,0.0595
1635584852017,2.4219,6.9180,-6.4375,1.1787,0.3672,0.0914
1635584852043,2.5840,6.7773,-6.6133,1.1787,0.3545,0.0723
1635584852047,2.7539,7.0898,-6.6406,1.1943,0.3833,0.0105
1635584852051,2.6133,7.2148,-6.6289,1.1592,0.4004,-0.0107
1635584852062,2.5684,7.0000,-6.7070,1.0596,0.3706,-0.0150
1635584852063,2.6367,6.9570,-6.8945,0.9883,0.3333,-0.0203
1635584852092,2.6250,6.8750,-7.0586,0.9839,0.2991,-0.0086
1635584852099,2.6367,6.8320,-7.1445,0.9502,0.2705,0.0084
1635584852101,2.7422,6.7773,-7.1797,0.8726,0.2524,0.0371
1635584852125,2.7168,6.5664,-7.1602,0.7754,0.2482,0.0861
1635584852131,2.6523,6.2617,-7.2266,0.6948,0.2365,0.1318
1635584852137,2.6973,6.0156,-7.3164,0.6553,0.2195,0.1467
1635584852148,2.8418,5.8672,-7.2344,0.6597,0.2078,0.1339
1635584852154,2.8906,5.7695,-7.2500,0.6636,0.1981,0.1254
1635584852165,2.8281,5.7656,-7.3633,0.6318,0.1907,0.1063
1635584852172,2.9160,5.8555,-7.3750,0.6118,0.1832,0.0797
1635584852186,2.8867,5.9453,-7.4219,0.5273,0.1588,0.0510
1635584852192,2.7637,6.0000,-7.5273,0.5273,0.1588,0.0510
1635584852205,2.9844,5.8672,-7.7227,0.4807,0.1024,0.0733
1635584852212,3.0176,5.8672,-7.6875,0.4595,0.1046,0.0754
1635584852226,2.9902,5.8750,-7.6406,0.4148,0.1024,0.0701
1635584852232,3.0195,5.8711,-7.6875,0.3647,0.0907,0.0616
1635584852246,3.1504,5.9414,-7.8359,0.3137,0.0811,0.0520
1635584852252,3.2129,5.8359,-7.8047,0.2786,0.0896,0.0637
1635584852266,3.1504,5.7188,-7.7109,0.2776,0.1013,0.0743
1635584852272,3.0391,5.8047,-7.7031,0.3169,0.1024,0.0627
1635584852286,2.9824,5.8672,-7.6211,0.3669,0.0928,0.0467
1635584852300,2.9980,5.7891,-7.4531,0.3945,0.0864,0.0499
1635584852308,2.9551,5.7617,-7.4141,0.4063,0.0886,0.0478
1635584852314,2.9375,5.8555,-7.4648,0.3999,0.0758,0.0233
1635584852326,3.0195,5.9609,-7.5313,0.3530,0.0609,0.0063
1635584852332,3.1172,5.9922,-7.5781,0.2881,0.0598,0.0105
1635584852346,3.1094,5.9023,-7.5586,0.2255,0.0715,0.0095
1635584852350,3.0469,5.8789,-7.4219,0.1436,0.0886,0.0095
1635584852374,2.9004,5.8320,-7.3711,0.0584,0.0907,0.0201
1635584852379,2.9453,5.7266,-7.2734,0.0414,0.0726,0.0339
1635584852384,3.0059,5.5469,-7.2891,0.0648,0.0492,0.0382
1635584852394,3.1133,5.5391,-7.5742,0.0637,0.0152,0.0031
1635584852399,3.2734,5.5352,-7.8477,0.0414,0.0003,-0.0352
1635584852424,3.1289,5.3359,-7.8828,-0.0022,0.0215,-0.0416
1635584852429,3.1445,5.3984,-7.8711,-0.0352,0.0364,-0.0511
1635584852434,3.2988,5.2617,-7.7500,0.0127,0.0407,-0.0384
1635584852444,3.2949,5.0703,-7.7930,0.0914,0.0513,-0.0150
1635584852449,3.2676,5.0117,-7.6836,0.1840,0.0747,-0.0139
1635584852475,3.2188,5.0625,-7.3867,0.2722,0.0992,-0.0043
1635584852477,3.1836,5.2539,-7.3164,0.3435,0.1035,0.0020
1635584852478,3.0645,5.1875,-7.3477,0.3809,0.1024,0.0074
1635584852505,3.0645,5.2070,-7.4883,0.3989,0.0886,0.0233
1635584852509,3.3848,5.3203,-7.6484,0.4382,0.0705,-0.0065
1635584852514,3.5156,5.3438,-7.6055,0.4702,0.1024,-0.0192
1635584852525,3.3613,5.4570,-7.5977,0.4607,0.1503,-0.0267
1635584852529,3.2188,5.4453,-7.7383,0.4531,0.1620,-0.0214
1635584852557,3.3574,5.2891,-7.7773,0.4734,0.1598,-0.0065
1635584852561,3.4473,5.2148,-7.7422,0.4956,0.1790,-0.0075
1635584852569,3.2422,5.1328,-7.6914,0.5234,0.2173,0.0074
1635584852574,3.1934,5.1875,-7.7109,0.5776,0.2046,0.0318
1635584852580,3.1953,5.1484,-7.7539,0.5947,0.1949,0.0350
1635584852605,3.3047,5.2813,-7.8711,0.5518,0.1864,0.0339
1635584852609,3.3652,5.3008,-7.8164,0.4968,0.2078,0.0254
1635584852614,3.3906,5.3984,-7.8789,0.4490,0.2035,0.0212
1635584852625,3.3672,5.2070,-8.1328,0.4446,0.1854,0.0222
1635584852629,3.2246,5.0313,-8.4219,0.5039,0.1672,0.0563
1635584852655,3.2715,4.9258,-8.6563,0.6191,0.1237,0.0829
1635584852659,3.4316,4.6602,-8.8984,0.8105,0.0737,0.1776
1635584852664,3.6074,4.5820,-8.8828,1.0732,0.0790,0.2615
1635584852675,3.7383,4.5273,-8.6172,1.3711,0.1428,0.2947
1635584852680,3.7695,4.3594,-8.2031,1.6143,0.2375,0.3296
1635584852705,3.8887,4.3867,-7.9023,1.8320,0.3513,0.3574
1635584852709,3.5547,4.3320,-8.0000,2.2871,0.4695,0.4053
1635584852714,3.1836,5.2617,-7.9219,2.6211,0.5054,0.1520
1635584852725,3.4492,6.1094,-9.0000,2.2090,0.4131,-0.1926
1635584852729,3.5391,6.3203,-9.6250,1.6270,0.3076,-0.1277
1635584852755,3.2129,5.3242,-10.2031,1.3076,0.1938,0.0627
1635584852759,3.2051,3.2988,-11.5703,1.1084,0.0609,0.0893
1635584852778,3.6133,1.3975,-12.3047,1.0771,-0.0923,0.0903
1635584852784,3.8496,1.5322,-12.2266,1.2637,-0.1221,-0.0373
1635584852789,3.7324,2.3340,-11.2734,1.7168,-0.0295,-0.2712
1635584852793,3.3145,2.2441,-10.6328,2.0156,0.0290,-0.3013
1635584852799,3.0664,2.0156,-10.6016,1.9531,0.0726,-0.2598
1635584852825,3.1602,2.2031,-10.8828,1.7764,0.1152,-0.3533
1635584852830,3.5625,2.6484,-10.6797,1.6221,0.1609,-0.5054
1635584852834,3.7266,2.6367,-9.6719,1.5010,0.1896,-0.4895
1635584852845,3.4512,2.1855,-9.3828,1.2969,0.1970,-0.3992
1635584852850,3.4531,1.8457,-9.3516,1.0869,0.2098,-0.4309
1635584852875,3.7031,1.8145,-9.4609,1.0186,0.1970,-0.4958
1635584852880,4.3594,2.2832,-9.7266,1.1318,0.1555,-0.5415
1635584852891,4.7227,2.5039,-9.4766,1.3555,0.2067,-0.5776
1635584852897,4.4805,2.5313,-8.6016,1.4688,0.2810,-0.6245
1635584852902,4.1875,2.6133,-7.5313,1.4561,0.3076,-0.6724
1635584852916,3.5273,2.2227,-7.2422,1.3477,0.2705,-0.6787
1635584852920,3.4824,1.8623,-7.1523,1.2246,0.1896,-0.6841
1635584852946,4.2109,1.7783,-6.7852,1.1611,0.1406,-0.6533
1635584852958,4.2070,1.5918,-6.6172,1.1250,0.1864,-0.5767
1635584852963,3.9023,1.4844,-6.7852,0.9424,0.1737,-0.5073
1635584852968,4.3594,1.6465,-6.5547,0.6582,0.1322,-0.4407
1635584852973,4.4023,1.5342,-6.4844,0.3733,0.1056,-0.2830
1635584852985,4.0820,1.1748,-6.5977,0.1318,0.0939,-0.1214
1635584852990,4.0078,1.0166,-6.7148,-0.1107,0.0513,-0.0150
1635584853015,4.1680,0.9336,-7.0547,-0.3193,0.0045,0.0829
1635584853020,4.0000,0.8115,-7.6289,-0.4661,-0.0487,0.1935
1635584853024,4.1484,0.6606,-7.8672,-0.5605,-0.1040,0.2808
1635584853035,3.9355,0.6221,-7.7148,-0.6362,-0.1263,0.3425
1635584853040,3.6621,0.9165,-7.2734,-0.7109,-0.1689,0.3679
1635584853065,3.2656,1.0723,-7.0547,-0.7949,-0.2529,0.3958
1635584853070,3.4746,1.1006,-7.7695,-0.8735,-0.3572,0.4360
1635584853077,4.0664,1.0957,-8.4688,-0.8789,-0.3667,0.4436
1635584853087,4.2148,1.2832,-8.5781,-0.8076,-0.2732,0.4160
1635584853097,3.8652,1.5225,-8.4219,-0.6670,-0.1731,0.4084
1635584853106,3.6191,1.7520,-8.2344,-0.5308,-0.1252,0.4126
1635584853110,3.6738,1.9385,-8.2891,-0.4736,-0.1072,0.4043
1635584853135,3.6797,1.9746,-8.4922,-0.5020,-0.0891,0.3840
1635584853140,3.7363,1.8457,-8.5703,-0.5522,-0.0806,0.3584
1635584853145,3.8828,1.6494,-8.6094,-0.5479,-0.0742,0.3479
1635584853155,3.8516,1.4219,-8.5313,-0.5161,-0.0370,0.3276
1635584853172,3.7539,1.2949,-8.3359,-0.4714,-0.0019,0.3010
1635584853178,3.6973,1.3262,-8.1016,-0.3926,0.0088,0.2830
1635584853182,3.6445,1.4238,-7.9766,-0.2861,0.0088,0.2712
1635584853195,3.5918,1.4453,-8.1406,-0.1608,0.0045,0.2573
1635584853200,3.6816,1.5342,-8.2266,-0.0384,0.0237,0.2275
1635584853225,3.7188,1.8955,-8.3438,0.0531,0.0694,0.1520
1635584853230,3.7168,2.3906,-8.5156,0.0797,0.1077,0.0616
1635584853235,4.0430,2.6250,-8.2891,0.0457,0.1620,0.0254
1635584853245,3.7930,2.1445,-7.4375,-0.1757,0.4600,0.1276
1635584853250,3.7930,2.1445,-7.4375,-0.1757,0.4600,0.1276
1635584853275,2.7070,1.2129,-9.7109,-0.3000,0.1428,-0.1118
1635584853280,4.2852,1.2207,-9.6016,0.1318,-0.0253,-0.0799
1635584853284,4.2422,1.7422,-9.9531,0.4724,0.0886,0.0222
1635584853295,3.2402,2.4746,-9.8203,0.4160,0.3044,-0.0107
1635584853300,2.4004,2.8203,-9.3516,0.2148,0.3440,0.0297
1635584853327,2.0508,2.3984,-9.1875,-0.0171,0.2035,0.1605
1635584853332,2.2344,1.3838,-9.1328,-0.3660,0.0162,0.2563
1635584853336,3.1035,1.0791,-9.0781,-0.7759,-0.0657,0.1754
1635584853347,4.0273,1.5723,-9.5313,-1.0400,-0.0019,0.0765
1635584853352,4.2031,1.8887,-10.3281,-1.1201,0.1534,0.1616
1635584853382,3.9473,1.7979,-10.6250,-1.0596,0.2876,0.3223
1635584853406,3.8516,1.8262,-10.9688,-0.8438,0.2661,0.3765
1635584853418,4.3828,2.3379,-11.0859,-0.4971,0.1566,0.3147
1635584853437,4.9023,3.1660,-11.1797,-0.1065,0.0800,0.1860
1635584853442,5.1133,3.9883,-11.1563,0.1968,0.0694,0.0276
1635584853447,5.0313,4.3125,-10.8750,0.3521,0.0864,-0.0480
1635584853451,4.9609,4.0859,-10.4922,0.3030,0.0843,-0.0735
1635584853457,5.0078,3.3887,-10.1250,0.1659,0.0726,-0.0884
1635584853461,4.9023,2.4570,-9.9844,0.1254,0.0492,-0.0958
1635584853467,4.8555,2.2285,-9.8906,0.1393,0.0332,-0.1459
1635584853479,4.7422,2.3047,-9.6797,0.1382,0.0109,-0.1799
1635584853484,4.5195,2.2188,-9.5234,0.0552,-0.0146,-0.1660
1635584853490,4.2852,2.2227,-9.5781,-0.1171,-0.0370,-0.1608
1635584853495,4.2109,2.2617,-9.4297,-0.2852,-0.0635,-0.1586
1635584853506,3.9824,1.9531,-9.2813,-0.3511,-0.1030,-0.1277
1635584853511,3.7129,1.5273,-9.1797,-0.3064,-0.1423,-0.1203
1635584853540,3.6367,1.4053,-8.9453,-0.1895,-0.1753,-0.1459
1635584853550,3.5488,1.4336,-8.4609,-0.0267,-0.1987,-0.1362
1635584853556,3.3984,1.6367,-7.9766,0.1637,-0.2200,-0.0884
1635584853568,3.3535,2.0918,-7.6055,0.3594,-0.2520,-0.0437
1635584853576,3.4219,2.2637,-7.4883,0.5444,-0.2837,-0.0235
1635584853590,3.5840,2.3828,-7.5625,0.6997,-0.3040,-0.0086
1635584853598,3.7500,2.5469,-7.5391,0.8052,-0.2805,-0.0214
1635584853602,3.8184,2.5352,-7.4141,0.8530,-0.2008,-0.0256
1635584853608,3.7539,2.4922,-7.2734,0.8574,-0.1125,-0.0012
1635584853613,3.6445,2.3223,-7.1211,0.8457,-0.0402,0.0403
1635584853629,3.6719,2.1680,-7.1367,0.8267,0.0013,0.0776
1635584853633,3.6836,2.0918,-7.3008,0.7842,0.0385,0.0765
1635584853646,3.5898,2.1426,-7.5625,0.6968,0.0407,0.0435
1635584853651,3.7539,2.2500,-7.8711,0.5820,0.0077,0.0180
1635584853676,4.0820,2.3164,-8.0391,0.4648,0.0109,0.0127
1635584853694,4.1250,2.2227,-8.1641,0.3511,0.0588,0.0286
1635584853713,4.0234,2.1035,-8.3984,0.2340,0.0864,0.0424
1635584853719,4.1641,2.0000,-8.6406,0.1478,0.0747,0.0595
1635584853723,4.3320,1.8193,-8.7578,0.1105,0.0673,0.0818
1635584853730,4.3359,1.7715,-8.7578,0.0903,0.0673,0.1042
1635584853735,4.2969,1.8096,-8.7188,0.0552,0.0673,0.1169
1635584853741,4.2891,1.8066,-8.8047,0.0063,0.0694,0.1445
1635584853746,4.2148,1.6152,-8.8828,-0.0395,0.0630,0.1722
1635584853756,4.1758,1.3740,-8.6875,-0.1107,0.0694,0.1467
1635584853761,4.0508,1.3760,-8.3438,-0.1926,0.0811,0.0978
1635584853786,3.8301,1.2969,-7.9961,-0.2427,0.0768,0.0754
1635584853790,3.7813,1.1152,-7.8711,-0.2671,0.0609,0.0903
1635584853795,3.8809,1.0430,-7.8828,-0.2810,0.0705,0.1223
1635584853806,3.8145,0.8257,-8.0547,-0.2734,0.0705,0.1563
1635584853811,3.8555,0.7227,-8.0469,-0.2544,0.0513,0.1276
1635584853836,4.1406,1.1084,-7.9102,-0.2500,0.0566,0.0286
1635584853840,4.5273,1.8359,-7.3516,-0.2681,0.1620,-0.0150
1635584853845,3.7285,1.2471,-7.4492,-0.3992,0.3035,0.1010
1635584853856,2.9219,0.1388,-9.4219,-0.4756,0.1375,0.4063
1635584853861,3.8145,0.6699,-9.3438,-0.0129,-0.0434,0.3530
1635584853886,4.6133,1.7881,-8.1875,0.1989,-0.0008,-0.0139
1635584853891,4.0195,2.5137,-8.2109,-0.1054,0.1279,0.0052
1635584853909,3.3887,1.7832,-8.0391,-0.3511,0.1875,0.2148
1635584853915,3.3672,0.6963,-8.1016,-0.3704,0.1747,0.2266
1635584853920,3.5176,0.7993,-8.9688,-0.2352,0.1279,0.0201
1635584853926,3.8027,1.4189,-9.2734,-0.0831,0.0822,-0.1958
1635584853942,4.0000,2.0605,-9.6797,-0.0852,0.0992,-0.2649
1635584853948,4.0430,2.3066,-9.9531,-0.1576,0.2173,-0.2075
1635584853952,3.9160,1.9990,-10.3281,-0.2001,0.3567,-0.1256
1635584853977,3.6543,1.6582,-10.8672,-0.2341,0.4141,-0.1193
1635584853991,3.4004,1.7188,-11.2969,-0.2416,0.2927,-0.1692
1635584854007,3.5000,1.7207,-11.1875,-0.2278,0.0705,-0.1639
1635584854013,4.0391,1.8594,-11.0000,-0.2500,-0.0997,-0.1608
1635584854018,4.5508,2.3086,-10.9531,-0.2874,-0.1412,-0.1703
1635584854022,4.6094,2.4980,-10.5938,-0.3000,-0.0987,-0.0980
1635584854028,4.3359,2.2520,-9.9844,-0.2979,-0.0721,0.0191
1635584854032,4.2031,2.2637,-9.8359,-0.3523,-0.1146,0.0191
1635584854063,4.5938,2.6211,-10.0859,-0.4204,-0.1753,-0.0480
1635584854068,5.0078,3.0293,-10.2422,-0.4692,-0.1838,-0.0618
1635584854075,5.0547,3.3516,-10.1328,-0.5386,-0.1508,-0.0448
1635584854081,4.9414,3.5254,-10.0000,-0.6821,-0.1433,-0.0448
1635584854085,4.7930,3.3652,-9.7344,-0.8672,-0.1859,-0.0437
1635584854097,4.6016,2.9160,-9.7578,-1.0029,-0.2764,-0.0256
1635584854102,4.5547,2.5977,-9.8359,-1.0186,-0.3647,-0.0203
1635584854126,4.5430,2.5742,-9.4531,-0.9395,-0.4019,-0.0299
1635584854131,4.2969,2.7402,-8.8203,-0.8726,-0.4009,-0.0427
1635584854135,3.8398,2.7090,-8.1484,-0.9043,-0.3945,-0.0427
1635584854146,3.4473,2.8945,-7.8516,-0.9834,-0.4497,-0.0395
1635584854151,3.3789,3.2148,-7.8516,-0.9629,-0.5688,-0.0395
1635584854177,3.4180,3.2676,-7.6680,-0.8940,-0.6538,-0.0309
1635584854182,3.4570,3.1816,-7.4258,-0.8472,-0.6753,-0.0097
1635584854187,3.3984,3.0469,-7.2461,-0.7627,-0.6626,0.0382
1635584854197,3.3945,2.8770,-7.2422,-0.6099,-0.6592,0.0946
1635584854201,3.3027,2.8848,-7.1367,-0.4521,-0.6392,0.1212
1635584854226,3.4277,3.2070,-7.0703,-0.3459,-0.6040,0.0914
1635584854231,3.4141,3.2422,-7.0430,-0.2384,-0.5527,0.1669
1635584854235,3.3125,3.3125,-7.0234,-0.2075,-0.4722,0.1925
1635584854246,3.2949,3.3672,-7.1914,-0.2522,-0.3987,0.1616
1635584854251,3.3691,2.9375,-7.4453,-0.2661,-0.3157,0.1659
1635584854276,3.5352,2.5156,-7.4961,-0.1639,-0.1976,0.2117
1635584854281,3.5000,2.4727,-7.4492,0.0031,-0.0635,0.2042
1635584854285,3.4141,2.7480,-7.3203,0.1563,0.0332,0.1499
1635584854296,3.3203,3.1094,-7.3438,0.2786,0.0747,0.1573
1635584854301,3.3613,3.1074,-7.4297,0.3254,0.1013,0.1563
1635584854327,3.4082,2.8594,-7.6563,0.3127,0.1300,0.1456
1635584854331,3.3105,2.7832,-7.9648,0.2849,0.1523,0.0999
1635584854336,3.4512,3.1074,-8.2266,0.2988,0.1311,-0.0469
1635584854346,3.6719,3.3555,-8.4141,0.2478,0.1268,-0.0756
1635584854351,3.6719,3.3555,-8.4141,0.2478,0.1268,-0.0756
1635584854376,3.3750,3.0352,-8.4141,0.1946,0.1194,-0.0618
1635584854381,3.0059,2.6953,-8.1016,0.2297,0.1024,-0.0682
1635584854386,2.7500,2.8105,-8.0547,0.2957,0.0141,-0.1044
1635584854396,2.6445,2.8145,-8.4844,0.3530,-0.1444,-0.0969
1635584854401,2.9414,2.7109,-8.4219,0.2191,-0.2231,-0.1342
1635584854426,3.2090,2.4785,-7.9102,-0.2500,-0.1880,-0.1362
1635584854431,3.0918,3.2559,-7.5859,-0.7290,-0.0764,-0.1011
1635584854435,2.8027,3.2305,-7.9141,-0.9321,-0.0476,0.0542
1635584854446,3.0371,3.4375,-8.7266,-0.8193,-0.0561,0.1169
1635584854451,3.5703,1.8262,-9.0781,-0.7363,-0.0508,0.1084
1635584854476,4.0273,2.1855,-10.5234,-1.1094,-0.0349,0.1371
1635584854480,4.1914,4.9102,-11.2344,-1.3662,0.0779,0.0052
1635584854485,3.7070,5.5313,-11.5469,-1.8105,0.0045,-0.0012
1635584854496,3.6855,4.8594,-12.8750,-2.4492,-0.2571,0.1627
1635584854500,3.7578,3.5625,-13.5234,-2.7168,-0.4678,0.3223
1635584854526,3.4570,3.4590,-13.5938,-2.7617,-0.5986,0.3030
1635584854530,3.2598,4.3672,-12.7109,-2.8730,-0.6563,0.2489
1635584854534,2.9746,4.9492,-11.8047,-3.0898,-0.6851,0.3179
1635584854546,2.7793,5.1133,-11.0078,-3.2324,-0.6997,0.4500
1635584854551,3.0605,5.5469,-9.6953,-3.2285,-0.6934,0.5571
1635584854577,2.9063,5.7578,-8.8828,-3.1680,-0.6899,0.6616
1635584854583,2.9512,6.3125,-8.3984,-3.0313,-0.7222,0.6689
1635584854588,3.2734,6.8242,-7.6563,-2.7969,-0.7529,0.6699
1635584854598,3.4941,7.1094,-7.0313,-2.5371,-0.7466,0.6724
1635584854602,3.5469,7.2539,-6.5977,-2.2344,-0.7305,0.6436
1635584854626,3.6133,7.2695,-6.2578,-1.9131,-0.7241,0.5732
1635584854631,3.8496,7.2344,-6.0117,-1.6221,-0.7134,0.4819
1635584854651,4.0703,7.0430,-5.8008,-1.3242,-0.6626,0.3945
1635584854660,4.1602,6.5898,-5.3711,-0.9897,-0.5581,0.3213
1635584854664,4.0078,5.9961,-5.0195,-0.6128,-0.4529,0.2563
1635584854669,3.6270,5.3477,-5.0586,-0.1788,-0.3860,0.1553
1635584854679,3.3750,5.0703,-5.3164,0.2966,-0.3635,-0.0033
1635584854684,3.4375,5.3164,-5.3125,0.7402,-0.3499,-0.1895
1635584854697,3.6328,5.9141,-5.3281,1.0352,-0.3315,-0.3394
1635584854702,3.5859,6.3438,-5.4609,1.1748,-0.2954,-0.3394
1635584854727,3.3789,6.5781,-5.5820,1.2383,-0.2520,-0.2905
1635584854731,3.1250,6.5391,-5.6445,1.2188,-0.2242,-0.2607
1635584854744,2.8809,6.5508,-5.6641,1.0967,-0.1965,-0.2522
1635584854749,2.6836,6.3945,-5.6758,0.9424,-0.1678,-0.2671
1635584854754,2.4980,5.7148,-5.7148,0.7710,-0.1401,-0.2161
1635584854766,2.3516,5.2070,-5.9883,0.6680,-0.1221,-0.1342
1635584854771,2.3398,4.8984,-6.2344,0.7295,-0.1040,-0.1033
1635584854796,2.5234,4.7188,-6.2813,0.9224,-0.0923,-0.1075
1635584854801,2.6152,4.6250,-6.3633,1.0977,-0.0635,-0.0703
1635584854805,2.5918,4.5664,-6.5234,1.1641,0.0024,-0.0320
1635584854817,2.6016,4.6680,-6.5586,1.1494,0.0886,-0.0118
1635584854821,2.6133,4.8125,-6.5547,1.1123,0.1534,-0.0065
1635584854846,2.6113,4.9063,-6.5781,1.0811,0.1854,0.0233
1635584854851,2.6152,4.8242,-6.8320,1.0957,0.1938,0.0829
1635584854855,2.6855,4.4375,-7.1406,1.1631,0.1981,0.1201
1635584854866,2.7402,4.1289,-7.1914,1.2227,0.2375,0.1425
1635584854871,2.7637,4.0313,-7.5977,1.2764,0.2556,0.1659
1635584854896,2.7813,3.9023,-7.9805,1.3779,0.2908,0.1594
1635584854901,2.7891,3.8184,-8.2734,1.5127,0.3323,0.1445
1635584854909,2.8281,3.8594,-8.5078,1.6670,0.3630,0.1169
1635584854916,2.9160,3.9629,-8.2969,1.8018,0.4077,0.0850
1635584854921,2.9219,4.1484,-7.9570,1.8643,0.4556,0.0584
1635584854946,2.8242,4.4844,-8.0391,1.8174,0.4736,0.0308
1635584854951,2.8418,4.7461,-8.8906,1.7266,0.4353,-0.0001
1635584854955,3.0977,4.6133,-9.7188,1.6611,0.4131,0.0063
1635584854967,3.5273,4.4648,-10.0234,1.5684,0.4226,0.0191
1635584854972,3.7246,4.5352,-9.9609,1.3838,0.5054,-0.0373
1635584854996,3.5664,4.6055,-9.3594,1.1670,0.6279,-0.0809
1635584855001,3.0879,4.4492,-8.5703,0.9980,0.6909,-0.0395
1635584855005,2.6465,4.1992,-8.2188,0.8594,0.6406,0.0042
1635584855016,2.6270,4.0820,-8.8828,0.7031,0.4844,-0.0469
1635584855021,3.0859,3.8457,-9.7891,0.5444,0.3333,-0.1459
1635584855046,3.7109,3.5762,-10.1484,0.4341,0.2737,-0.1917
1635584855051,3.9180,3.4277,-10.1484,0.3809,0.3193,-0.2001
1635584855071,3.5684,3.3340,-9.7109,0.3945,0.4004,-0.2097
1635584855083,3.0586,3.2949,-9.1797,0.4287,0.3982,-0.2054
1635584855090,2.7930,3.3086,-8.9297,0.4658,0.3108,-0.1788
1635584855096,2.7813,3.1230,-8.8594,0.5117,0.2035,-0.1299
1635584855101,2.9023,2.7676,-8.8203,0.5190,0.1279,-0.1011
1635584855107,3.0371,2.7090,-9.1953,0.4436,0.0630,-0.1193
1635584855116,3.3750,2.7520,-9.8281,0.3232,0.0343,-0.1682
1635584855122,3.7461,2.4570,-9.6484,0.2798,0.0833,-0.1256
1635584855146,3.6172,2.3066,-9.2031,0.3115,0.1641,-0.0363
1635584855151,3.1973,2.4785,-8.7578,0.3745,0.2247,-0.0246
1635584855155,2.9551,2.6445,-8.1641,0.4382,0.2173,-0.0097
1635584855167,2.7734,2.8281,-8.1797,0.4063,0.1279,0.0276
1635584855172,2.6758,2.9980,-9.0234,0.2042,0.0385,0.0095
1635584855206,3.0977,2.9395,-9.6016,-0.0511,0.0056,-0.0427
1635584855213,3.6719,3.0352,-9.6875,-0.1586,-0.0125,-0.0501
1635584855224,3.8281,3.2402,-9.8672,-0.1533,0.0300,-0.0427
1635584855233,3.4434,3.1875,-9.7500,-0.1001,0.1460,0.0212
1635584855239,2.6992,2.8008,-9.4219,0.0127,0.2141,0.1254
1635584855252,2.2910,2.1465,-8.9609,0.1542,0.2013,0.1254
1635584855261,2.5898,2.2715,-9.2422,0.1743,0.1290,-0.0097
1635584855266,3.1758,2.8945,-10.3828,0.1404,0.1620,-0.1342
1635584855271,3.7070,3.0352,-11.5391,0.2148,0.2651,-0.1001
1635584855280,3.9180,2.5684,-11.9688,0.3318,0.4023,-0.0820
1635584855301,3.8418,2.4883,-11.9063,0.4192,0.4673,-0.1384
1635584855314,3.6113,2.5703,-12.2813,0.5093,0.4141,-0.1660
1635584855324,3.5527,2.6016,-12.8984,0.6348,0.2842,-0.1490
1635584855329,3.8770,2.6426,-12.7891,0.7437,0.1492,-0.1671
1635584855339,4.4805,2.8145,-12.5234,0.8032,0.0226,-0.2161
1635584855341,4.9375,2.4004,-11.3281,0.9575,0.0109,-0.2734
1635584855348,4.5391,2.0430,-9.8203,1.0605,0.1013,-0.3127
1635584855352,3.6055,2.2402,-8.6328,1.1113,0.1555,-0.3906
1635584855377,3.2070,2.4648,-7.8828,1.2109,0.1088,-0.4768
1635584855381,3.6523,2.7070,-7.6055,1.2246,0.0332,-0.5278
1635584855386,4.3438,2.6875,-7.2188,1.0967,0.0503,-0.5649
1635584855397,4.5391,2.0898,-6.6914,0.9385,0.1375,-0.5225
1635584855401,4.2773,1.4316,-6.1758,0.8350,0.2013,-0.4521
1635584855426,4.0664,1.0625,-6.0781,0.7827,0.1896,-0.4438
1635584855431,4.2539,1.1582,-6.0859,0.7148,0.1237,-0.4705
1635584855436,4.4023,1.2090,-5.8828,0.6284,0.0715,-0.4373
1635584855446,3.9668,0.9502,-5.4531,0.5103,0.0322,-0.3523
1635584855451,3.5781,0.8018,-5.2969,0.3882,-0.0710,-0.2810
1635584855477,3.8496,0.8066,-5.8008,0.2893,-0.2114,-0.2458
1635584855482,4.2422,0.8975,-6.4180,0.2126,-0.2615,-0.2278
1635584855496,4.3906,1.0771,-6.7813,0.1819,-0.2371,-0.1948
1635584855502,4.3047,1.2373,-6.9844,0.2117,-0.1934,-0.1086
1635584855507,4.1172,1.4053,-7.1523,0.2573,-0.1636,-0.0107
1635584855516,4.0430,1.7109,-7.2227,0.2659,-0.1210,0.0616
1635584855521,3.9707,2.0547,-7.3164,0.2201,-0.0795,0.1350
1635584855546,3.9492,2.2598,-7.3828,0.1148,-0.0316,0.2223
1635584855551,3.8965,2.2383,-7.3867,-0.0384,0.0354,0.3074
1635584855555,3.7793,2.1543,-7.4727,-0.3745,0.0928,0.4180
1635584855573,3.6484,1.9033,-7.6992,-0.5117,0.0705,0.4224
1635584855578,3.6484,1.9033,-7.6992,-0.5117,0.0705,0.4224
1635584855586,3.7813,2.0313,-8.3594,-0.6641,-0.0040,0.3574
1635584855591,3.8926,2.0605,-8.8438,-0.6265,-0.0019,0.3381
1635584855617,3.8848,1.9531,-9.2422,-0.4917,0.0056,0.3127
1635584855621,3.8652,1.8984,-9.4375,-0.2842,-0.0178,0.2893
1635584855631,3.9043,1.8428,-9.7344,-0.0905,-0.0497,0.2637
1635584855637,4.0039,1.7930,-9.7422,0.0361,-0.0253,0.2266
1635584855641,3.8965,1.6631,-9.3594,0.0989,0.0375,0.2159
1635584855667,3.6328,1.6016,-9.1250,0.0935,0.0790,0.2020
1635584855671,3.4473,1.5674,-8.9922,0.0382,0.0928,0.1765
1635584855676,3.4316,1.7021,-8.9922,-0.0490,0.0864,0.1584
1635584855687,3.6641,1.8555,-9.1719,-0.1522,0.0928,0.1180
1635584855692,3.8203,1.7764,-9.4219,-0.1852,0.1460,0.0989
1635584855716,3.7363,1.6133,-9.5703,-0.1714,0.2173,0.0829
1635584855721,3.6133,1.5820,-9.0859,-0.1777,0.2673,0.0435
1635584855726,3.4941,1.9648,-8.5625,-0.2522,0.2482,0.0010
1635584855736,3.3340,2.4883,-8.3750,-0.3362,0.1949,-0.0597
1635584855741,3.1914,2.9121,-8.7656,-0.4438,0.1216,-0.1107
1635584855766,3.1953,3.0762,-9.3516,-0.5938,0.0651,-0.1182
1635584855771,3.4824,2.6621,-9.5938,-0.6904,0.0396,-0.0565
1635584855776,3.6758,2.0000,-9.2969,-0.7393,0.1130,0.0446
1635584855786,3.5859,1.6992,-8.9531,-0.7959,0.2173,0.1254
1635584855791,3.0605,1.6611,-8.9453,-0.8354,0.2896,0.1318
1635584855816,2.7852,1.5078,-9.2031,-0.7905,0.2610,0.0914
1635584855821,3.4824,1.3477,-9.2500,-0.6406,0.2152,0.0574
1635584855826,3.9473,1.4961,-9.4531,-0.4917,0.2769,0.0265
1635584855836,3.8535,2.0254,-9.7188,-0.3777,0.3545,0.0052
1635584855841,3.8555,2.5410,-9.9766,-0.3352,0.3811,-0.0139
1635584855867,3.9199,2.5469,-10.2969,-0.3809,0.3821,0.0233
1635584855871,4.2461,2.2852,-10.6953,-0.4521,0.3523,0.0669
1635584855876,4.7109,2.0684,-11.1250,-0.4692,0.3323,0.0807
1635584855886,4.9844,2.1699,-11.4453,-0.3894,0.2959,0.0776
1635584855891,5.0938,2.5723,-11.5156,-0.2438,0.2333,0.0595
1635584855917,5.0000,3.0605,-11.5313,-0.1459,0.1588,0.0265
1635584855922,4.7969,3.5840,-11.5781,-0.1511,0.0620,-0.0405
1635584855927,4.7500,3.9883,-11.5156,-0.2203,-0.0455,-0.0980
1635584855937,4.7109,3.9844,-11.2109,-0.3108,-0.1390,-0.1086
1635584855941,4.4883,3.9043,-10.6172,-0.4587,-0.2072,-0.1288
1635584855967,4.2266,4.1055,-10.2656,-0.6978,-0.2913,-0.1842
1635584855972,4.1211,4.1914,-10.1094,-0.9790,-0.3977,-0.2289
1635584855991,4.1992,3.9258,-9.8047,-1.2568,-0.4966,-0.2257
1635584855997,4.3203,3.5117,-9.4063,-1.4707,-0.5635,-0.2043
1635584856001,4.3398,3.1621,-8.6641,-1.5137,-0.6030,-0.1671
1635584856006,4.1797,2.7266,-7.6914,-1.3604,-0.6509,-0.1331
1635584856016,4.0234,2.3438,-6.7344,-1.0605,-0.7124,-0.1044
1635584856021,3.8125,2.2539,-5.7461,-0.6416,-0.7754,-0.0852
1635584856046,3.5996,2.3301,-4.9336,-0.1831,-0.8413,-0.0809
1635584856051,3.6387,2.5801,-4.7539,0.2627,-0.9209,-0.0554
1635584856056,3.5684,2.7539,-5.1250,0.5986,-1.0039,-0.0267
1635584856066,3.6094,2.8281,-5.7813,0.7466,-1.0547,-0.0660
1635584856071,3.7852,2.9512,-6.4063,0.7466,-1.0508,-0.1214
1635584856097,3.9023,3.1094,-6.8047,0.6895,-0.9883,-0.1608
1635584856102,4.0391,3.1816,-7.2852,0.6299,-0.8730,-0.1714
1635584856107,4.1563,3.0879,-7.4688,0.5967,-0.6763,-0.1193
1635584856117,3.8594,3.0684,-7.4648,0.5923,-0.4626,-0.0341
1635584856122,3.4141,3.0430,-7.3906,0.6182,-0.2751,0.0297
1635584856147,3.0977,2.9414,-7.3320,0.6582,-0.1327,0.1052
1635584856151,2.9297,2.9121,-7.3359,0.6987,-0.0168,0.1840
1635584856156,2.7637,2.8789,-7.3984,0.7031,0.0886,0.2350
1635584856166,2.7695,2.9004,-7.5859,0.6636,0.1758,0.2668
1635584856171,2.8262,2.8555,-7.7656,0.6030,0.2610,0.2913
1635584856197,2.8438,2.6973,-7.8828,0.4946,0.3535,0.2881
1635584856201,2.8164,2.5254,-7.9805,0.3584,0.4280,0.2764
1635584856221,2.8633,2.4102,-8.0625,0.2457,0.4961,0.2542
1635584856227,2.9609,2.1914,-8.0703,0.2000,0.5640,0.2286
1635584856231,3.1016,2.2598,-8.1797,0.2137,0.6055,0.2126
1635584856236,3.2832,2.5078,-8.2344,0.2998,0.6162,0.1711
1635584856247,3.1875,2.6328,-8.6016,0.3840,0.5845,0.1488
1635584856251,2.7637,2.0039,-9.3984,0.4265,0.5171,0.1648
1635584856277,2.6211,0.9238,-10.6641,0.5073,0.3130,0.1553
1635584856282,3.6406,1.6758,-11.1250,0.8125,0.0950,-0.0842
1635584856286,4.0508,2.7598,-10.0313,1.0254,0.1588,-0.2905
1635584856297,3.2480,3.6328,-9.0859,0.8052,0.3206,-0.2161
1635584856301,2.6855,4.1797,-9.0938,0.4075,0.3193,0.0042
1635584856327,2.6309,3.4609,-8.8516,0.0467,0.2651,0.1404
1635584856331,2.5469,2.3027,-8.7969,-0.2883,0.1938,0.1436
1635584856336,2.6641,1.6709,-9.2578,-0.5503,0.1056,0.1063
1635584856347,3.1816,1.1729,-9.3906,-0.6191,0.1056,0.0839
1635584856351,3.7773,0.7803,-9.2969,-0.4832,0.2322,0.0839
1635584856377,3.4141,0.4380,-8.9063,-0.2522,0.4375,0.0659
1635584856381,2.8027,0.5913,-9.1641,-0.0075,0.5054,-0.0692
1635584856386,2.4746,0.7876,-10.2422,0.1436,0.4099,-0.0352
1635584856397,3.5703,2.9063,-12.6484,0.2542,0.1970,-0.0405
1635584856401,5.2148,4.2188,-13.4297,0.3296,0.2120,-0.2299
1635584856427,4.8477,3.6133,-13.0000,0.0861,0.3450,-0.0884
1635584856431,3.6387,2.7480,-12.9375,-0.1735,0.3130,0.0616
1635584856449,3.7539,2.3398,-12.8359,-0.1107,0.0992,-0.0618
1635584856455,4.4141,2.9414,-12.4766,0.0414,-0.0689,-0.2617
1635584856460,4.4063,3.7910,-11.5078,0.0031,-0.1104,-0.3533
1635584856467,3.9629,4.0703,-11.0313,-0.3013,-0.1381,-0.3257
1635584856473,3.7969,3.5977,-10.6563,-0.7183,-0.1805,-0.2778
1635584856497,3.9277,3.3145,-10.2500,-1.1396,-0.2211,-0.3032
1635584856502,4.0586,3.2168,-10.3281,-1.4883,-0.2773,-0.3406
1635584856506,4.2227,2.5156,-10.2344,-1.6787,-0.3296,-0.3149
1635584856517,4.3125,1.9336,-9.6094,-1.7520,-0.3582,-0.2585
1635584856521,4.2734,2.1250,-9.1250,-1.7324,-0.3667,-0.2289
1635584856547,4.0820,2.4961,-8.4297,-1.5957,-0.3784,-0.1948
1635584856551,3.9570,2.5098,-7.5078,-1.4141,-0.4082,-0.1331
1635584856556,3.8770,2.5586,-6.7773,-1.2725,-0.4487,-0.0799
1635584856573,3.8301,2.9961,-6.3594,-1.1143,-0.4988,-0.0320
1635584856578,3.9297,3.3652,-5.8516,-0.8574,-0.5654,0.0393
1635584856587,4.0391,3.1523,-5.3555,-0.5000,-0.6230,0.1542
1635584856591,4.0625,2.6777,-4.8633,-0.1299,-0.6465,0.2903
1635584856617,3.9941,2.3359,-4.3281,0.2532,-0.6772,0.3989
1635584856621,3.7910,2.5234,-4.2227,0.4829,-0.7432,0.3711
1635584856626,3.8301,3.3262,-4.9141,0.4819,-0.8530,0.2627
1635584856637,4.1602,4.0313,-6.2031,0.3765,-0.9341,0.2095
1635584856641,4.6172,4.0547,-6.9805,0.2031,-0.8667,0.1445
1635584856667,4.8867,3.7656,-7.0547,-0.0012,-0.6509,0.0935
1635584856671,4.6758,3.7227,-6.9805,-0.0724,-0.4019,0.1095
1635584856676,4.1094,3.8359,-6.5352,0.0010,-0.1913,0.1318
1635584856687,3.4414,3.8711,-6.2148,0.0797,-0.0987,0.2052
1635584856691,2.9414,3.9082,-6.5313,0.1371,-0.1040,0.3213
1635584856717,2.8379,3.5469,-7.0234,0.2776,-0.1104,0.3840
1635584856721,2.9277,3.1875,-7.4258,0.4243,-0.0870,0.4053
1635584856726,3.3164,3.6641,-8.0703,0.3828,0.0694,0.2275
1635584856738,3.2930,3.7344,-7.9531,0.2031,0.1949,0.2244
1635584856743,3.0020,3.4688,-7.8867,0.0584,0.2971,0.2615
1635584856767,2.7422,3.1719,-7.8203,0.0254,0.3491,0.2435
1635584856771,2.6035,3.0234,-7.7539,0.0318,0.3555,0.1871
1635584856776,2.5977,3.0371,-7.9141,0.0191,0.3291,0.1382
1635584856787,2.6035,2.7832,-8.2109,0.0435,0.2896,0.1478
1635584856792,2.7148,2.6523,-8.7031,0.0807,0.2620,0.1328
1635584856817,3.0117,2.2637,-9.3750,0.1702,0.2461,0.0946
1635584856821,3.0391,1.2900,-9.3203,0.3914,0.2832,0.1553
1635584856826,2.7266,1.3906,-8.9375,0.6987,0.2876,0.1786
1635584856837,2.5313,2.2090,-9.0234,0.9980,0.1981,0.0403
1635584856842,2.5840,2.5918,-9.2813,1.1641,0.0460,0.0137
1635584856867,2.9824,3.0273,-9.5156,0.9990,-0.0455,0.0116
1635584856872,3.4609,3.3223,-9.4531,0.6191,-0.0082,-0.0118
1635584856876,3.5059,3.3691,-8.7891,0.2180,0.1237,0.0531
1635584856887,3.1074,3.5156,-8.6719,-0.1394,0.2003,0.1456
1635584856892,3.0879,4.1719,-8.7656,-0.3501,0.2141,0.0605
1635584856917,3.1211,3.3770,-9.0391,-0.6055,0.1843,0.0552
1635584856922,3.1758,2.4648,-9.9531,-0.9023,0.0620,0.2649
1635584856926,3.4688,2.0781,-10.4766,-1.0801,-0.0061,0.3115
1635584856937,3.7891,2.1914,-10.8906,-1.2246,-0.0529,0.2297
1635584856942,3.8223,2.5078,-11.4844,-1.3115,-0.0966,0.1851
1635584856968,3.6426,2.6445,-11.8047,-1.2539,-0.1465,0.1669
1635584856973,3.3398,3.0469,-11.7188,-1.3076,-0.2146,0.1860
1635584856977,3.3867,4.4766,-11.7500,-1.5244,-0.2913,0.1414
1635584856987,3.2695,5.1914,-11.6875,-1.8584,-0.3220,0.1234
1635584857007,2.9727,5.6445,-11.6953,-2.3770,-0.3477,0.1563
1635584857016,2.6484,5.8398,-11.6797,-2.8359,-0.4126,0.2234
1635584857021,2.5996,5.5352,-11.4844,-3.0820,-0.5103,0.2881
1635584857028,2.8887,5.3711,-11.4766,-3.2207,-0.5859,0.2913
1635584857032,3.1133,5.2539,-11.2500,-3.2617,-0.5879,0.2830
1635584857058,3.0781,5.3047,-10.6484,-3.2168,-0.5425,0.2649
1635584857063,3.0352,5.6523,-9.7500,-3.1172,-0.5010,0.2318
1635584857068,3.0449,6.0117,-8.9531,-2.9668,-0.5083,0.2095
1635584857081,3.1875,6.2695,-8.5078,-2.7461,-0.5688,0.2223
1635584857085,3.3887,6.5977,-7.9648,-2.4395,-0.6147,0.2383
1635584857097,3.5918,7.0508,-7.3906,-2.0820,-0.6221,0.2478
1635584857103,3.7129,7.4688,-6.8203,-1.6367,-0.6069,0.3254
1635584857127,3.5898,7.1016,-6.3203,-1.1406,-0.5815,0.4116
1635584857132,3.6016,6.5625,-6.0352,-0.6660,-0.5806,0.4255
1635584857137,3.8008,6.0234,-5.7891,-0.1692,-0.5698,0.3977
1635584857147,4.0352,5.4648,-5.3789,0.3372,-0.5029,0.3296
1635584857152,4.0938,5.0547,-4.8789,0.7764,-0.3933,0.1776
1635584857177,4.0234,4.9727,-4.5938,1.1094,-0.2720,-0.0692
1635584857182,3.8027,5.2930,-4.6406,1.3545,-0.1721,-0.3022
1635584857187,3.5957,5.6875,-4.7891,1.5127,-0.1274,-0.4385
1635584857197,3.4785,5.3633,-5.1250,1.5518,-0.1316,-0.4629
1635584857202,3.3789,5.5352,-5.5586,1.4385,-0.1083,-0.4023
1635584857227,3.3730,6.6875,-5.8555,1.4912,-0.0082,-0.5215
1635584857232,3.3203,6.7148,-5.7852,1.6982,0.0790,-0.6650
1635584857237,3.1230,5.3984,-5.6523,1.7354,0.1173,-0.5659
1635584857247,2.9023,4.8359,-5.9492,1.5811,0.1780,-0.4448
1635584857252,2.7637,4.6445,-6.1953,1.5391,0.2822,-0.4651
1635584857277,2.6152,4.4219,-6.3203,1.6064,0.3481,-0.4629
1635584857282,2.4844,4.4023,-6.7656,1.6563,0.3577,-0.4214
1635584857287,2.4746,4.2617,-7.1406,1.6846,0.3716,-0.3831
1635584857297,2.5605,3.9785,-7.3203,1.6914,0.4055,-0.3127
1635584857302,2.6191,3.8242,-7.5430,1.6924,0.4536,-0.2406
1635584857328,2.5918,3.8086,-7.5703,1.7148,0.5151,-0.2150
1635584857332,2.4941,3.8672,-7.3320,1.6934,0.5664,-0.1948
1635584857337,2.2441,3.9941,-7.2617,1.5684,0.5620,-0.1490
1635584857347,2.1699,3.9512,-7.2773,1.3965,0.5322,-0.0980
1635584857352,2.2910,3.8652,-7.4727,1.2119,0.4907,-0.0639
1635584857378,2.4941,3.7988,-7.8320,1.0264,0.4492,-0.0522
1635584857382,2.7168,3.7773,-8.2578,0.8521,0.4087,-0.0682
1635584857387,3.0273,3.9414,-8.4844,0.6851,0.4036,-0.0980
1635584857398,3.1348,4.1172,-8.3984,0.5210,0.4280,-0.0991
1635584857417,2.9805,4.1680,-8.5313,0.3562,0.4429,-0.0607
1635584857423,2.9199,4.0039,-8.8594,0.2435,0.4290,-0.0267
1635584857427,3.0605,3.7773,-9.0234,0.2009,0.4036,-0.0118
1635584857438,3.1973,3.4883,-9.1406,0.1871,0.3928,-0.0118
1635584857450,3.2480,3.3223,-9.0703,0.1840,0.4099,-0.0182
1635584857458,3.1328,3.5254,-8.9063,0.1893,0.4141,-0.0373
1635584857462,3.0254,3.7969,-8.6641,0.2042,0.3875,-0.0480
1635584857497,2.9961,3.8184,-8.7813,0.1968,0.3174,-0.0246
1635584857501,3.1914,3.6816,-8.8359,0.1531,0.2651,-0.0161
1635584857506,3.3906,3.5098,-8.6875,0.1244,0.2737,-0.0054
1635584857511,3.2715,3.2480,-8.7734,0.1510,0.3003,0.0329
1635584857516,3.1758,3.2305,-9.0234,0.2212,0.2908,0.0659
1635584857528,3.3203,3.2480,-9.3828,0.3479,0.2800,0.0690
1635584857532,3.5566,2.9434,-9.3672,0.4680,0.3130,0.0872
1635584857558,3.6582,3.1094,-9.0313,0.5508,0.3589,0.1478
1635584857579,3.0234,3.8613,-9.0078,0.5146,0.3748,0.1743
1635584857590,2.2969,4.5117,-9.5469,0.2499,0.2981,0.1063
1635584857598,2.3672,4.9648,-10.0781,0.0159,0.0928,0.0712
1635584857609,3.0684,4.1172,-10.8438,-0.1533,-0.0487,0.1307
1635584857614,3.3848,2.9727,-11.8281,-0.3596,0.0471,0.2446
1635584857620,3.0137,1.5537,-11.4141,-0.1991,0.2534,0.2947
1635584857625,2.5449,0.1221,-10.8047,0.1829,0.2864,0.2551
1635584857631,2.6582,0.8784,-10.7891,0.5615,0.2344,0.0467
1635584857638,3.2070,2.6328,-10.7578,1.0176,0.2046,-0.1586
1635584857643,3.5352,3.4063,-10.9375,1.2891,0.2195,-0.1586
1635584857668,3.7148,4.0313,-10.8047,1.3037,0.2344,-0.0597
1635584857680,3.9883,4.3789,-10.6563,1.1934,0.2227,-0.1022
1635584857685,4.3789,3.7988,-10.7344,1.0225,0.1929,-0.2554
1635584857690,4.4258,3.0156,-10.8125,0.8970,0.1832,-0.3416
1635584857695,4.2852,2.9004,-10.7500,0.8608,0.1918,-0.3992
1635584857708,4.1797,2.8164,-10.4219,0.9053,0.2056,-0.4756
1635584857712,4.1680,2.4648,-9.6641,0.9224,0.2087,-0.4873
1635584857738,4.0547,2.1387,-9.1094,0.8140,0.2258,-0.4651
1635584857743,3.9180,1.9033,-9.1563,0.6699,0.2311,-0.4683
1635584857747,4.1445,1.8242,-9.4453,0.6235,0.1854,-0.4575
1635584857758,4.7734,1.9600,-9.3516,0.6328,0.1385,-0.4277
1635584857763,5.0742,2.2754,-9.1719,0.5859,0.1492,-0.4277
1635584857788,4.8203,2.5156,-9.0313,0.4639,0.1854,-0.4651
1635584857793,4.7656,2.9336,-8.2422,0.2499,0.1534,-0.4705
1635584857797,5.1016,2.5781,-6.4609,-0.2576,0.0258,-0.4055
1635584857808,4.5625,1.6250,-6.1641,-0.5215,0.0045,-0.2915
1635584857813,4.2109,1.1133,-6.2852,-0.5884,-0.0710,-0.2118
1635584857838,4.3789,0.9790,-5.9922,-0.3843,-0.1636,-0.1917
1635584857843,4.2969,0.8760,-5.6250,-0.0799,-0.2274,-0.1746
1635584857847,3.7578,0.7563,-5.3242,0.1691,-0.2881,-0.1777
1635584857858,3.4746,0.9263,-5.3438,0.3394,-0.4199,-0.1714
1635584857863,3.5352,1.3379,-5.8555,0.4724,-0.5571,-0.1703
1635584857888,3.7441,1.6201,-6.3086,0.6050,-0.6328,-0.1714
1635584857893,3.7266,1.8066,-6.6250,0.7402,-0.6743,-0.1044
1635584857897,3.5371,2.0820,-7.0664,0.7944,-0.7031,-0.0267
1635584857912,3.3828,2.4082,-7.5469,0.7607,-0.7134,0.0318
1635584857923,3.3555,2.6875,-8.1094,0.6636,-0.7051,0.1031
1635584857932,3.4609,2.8008,-8.5078,0.5181,-0.6592,0.1893
1635584857937,3.5645,2.9121,-8.8438,0.3147,-0.5732,0.2467
1635584857951,3.6387,3.1230,-9.0234,0.0520,-0.4180,0.2266
1635584857958,3.9043,3.6758,-8.7656,-0.1926,-0.2083,0.1925
1635584857971,3.7344,3.5918,-8.5156,-0.2959,0.0098,0.3647
1635584857978,3.0605,2.6738,-8.4922,-0.3447,0.1907,0.5723
1635584857990,2.5703,2.0684,-8.5000,-0.4055,0.2981,0.5884
1635584857997,2.5176,2.0508,-8.5000,-0.4075,0.3108,0.5103
1635584858010,2.8535,2.1250,-8.6406,-0.3267,0.2683,0.4436
1635584858017,3.1953,2.2754,-8.7188,-0.2576,0.2832,0.3809
1635584858028,3.2070,2.4941,-8.9063,-0.2712,0.3364,0.3232
1635584858033,3.0703,2.5703,-8.9531,-0.3162,0.3694,0.2817
1635584858058,3.0879,2.5449,-8.9531,-0.3140,0.3513,0.2681
1635584858063,3.2285,2.2949,-9.0703,-0.2203,0.3206,0.2595
1635584858085,3.3047,2.0742,-8.9766,-0.0852,0.3066,0.2372
1635584858096,3.3203,2.1523,-8.9609,0.0159,0.2939,0.1914
1635584858100,3.2988,2.2207,-9.2266,0.0850,0.2896,0.1339
1635584858106,2.8984,2.2129,-9.8203,0.1840,0.2651,0.0776
1635584858112,2.7090,2.6543,-10.0938,0.2732,0.1652,-0.0331
1635584858117,3.0332,3.0820,-9.7969,0.2776,0.0332,-0.1086
1635584858128,3.1465,2.9395,-9.6406,0.1765,-0.0380,-0.0607
1635584858133,3.1406,2.7305,-9.8047,0.0318,-0.0455,-0.0022
1635584858159,3.3730,2.7090,-10.0703,-0.1044,-0.0189,0.0254
1635584858170,3.5254,2.6270,-10.0313,-0.2341,0.0662,0.0616
1635584858175,3.5488,2.3242,-9.5859,-0.3320,0.1631,0.1148
1635584858181,3.3477,1.9297,-9.4297,-0.3862,0.2683,0.1702
1635584858186,2.8066,1.6035,-9.4766,-0.3691,0.3396,0.1659
1635584858199,2.3594,1.3184,-9.4922,-0.2969,0.3088,0.1159
1635584858204,2.5586,1.5752,-10.0625,-0.2246,0.1705,0.0286
1635584858229,3.2305,1.9912,-10.5000,-0.1576,0.0917,-0.0724
1635584858233,3.3848,2.0820,-10.6094,-0.1246,0.1226,-0.0746
1635584858238,3.3145,2.1172,-11.1875,-0.1193,0.1354,-0.0363
1635584858250,3.5098,2.0313,-11.4297,-0.0703,0.1130,-0.0097
1635584858254,3.8223,2.1797,-11.0859,-0.0022,0.0694,-0.0097
1635584858284,3.9375,2.2168,-11.0547,0.0648,0.0439,-0.0958
1635584858290,3.6855,1.9219,-11.0703,0.1287,0.0513,-0.1777
1635584858294,3.3301,1.7305,-10.6641,0.1296,0.0471,-0.2214
1635584858301,3.2051,1.9961,-10.5859,0.0552,0.0109,-0.2629
1635584858306,3.3340,2.3047,-10.6250,-0.0384,-0.0285,-0.2532
1635584858320,3.5469,2.2813,-10.4375,-0.1682,-0.0551,-0.1777
1635584858324,3.7363,2.1543,-10.0938,-0.3320,-0.0529,-0.0991
1635584858349,3.8320,2.1348,-9.8125,-0.4246,-0.0583,-0.0639
1635584858354,3.8887,2.3281,-9.5000,-0.4204,-0.1008,-0.0448
1635584858358,4.0547,2.6777,-9.0078,-0.3992,-0.1678,-0.0341
1635584858369,4.2734,2.8789,-8.6797,-0.3958,-0.2360,-0.0235
1635584858376,4.4727,2.9902,-8.4141,-0.3745,-0.2571,-0.0097
1635584858389,4.6133,3.0137,-7.8711,-0.3257,-0.2487,-0.0086
1635584858400,4.6250,3.0762,-7.1094,-0.2861,-0.2529,-0.0224
1635584858409,4.6133,3.1934,-6.5195,-0.2585,-0.3115,-0.0373
1635584858414,4.5586,3.0801,-6.1875,-0.1884,-0.4104,-0.0288
1635584858457,4.4883,2.8965,-5.9414,-0.0511,-0.5283,-0.0065
1635584858462,4.5156,2.8379,-5.9922,0.1339,-0.6436,0.0084
1635584858466,4.6797,2.7754,-6.1133,0.3083,-0.7231,0.0159
1635584858471,4.7461,2.7266,-5.8477,0.4053,-0.7422,-0.0214
1635584858478,4.5273,2.5703,-6.0469,0.4468,-0.7339,-0.0778
1635584858482,4.3359,2.5410,-6.5430,0.5518,-0.7617,-0.0820
1635584858489,4.2383,2.4648,-7.0352,0.6416,-0.7773,-0.0895
1635584858493,4.1367,2.4121,-7.9141,0.6401,-0.7720,-0.1214
1635584858519,4.1992,2.4648,-8.0781,0.6401,-0.6699,-0.1384
1635584858527,4.0859,2.2930,-7.7930,0.6543,-0.5029,-0.1033
1635584858532,3.8086,2.3652,-7.6289,0.6245,-0.3381,-0.1171
1635584858539,3.7266,2.9199,-7.5742,0.6138,-0.2466,-0.1342
1635584858545,3.6660,3.0117,-7.5664,0.5732,-0.1742,-0.0299
1635584858570,3.3359,2.6270,-7.7813,0.4170,-0.0604,0.0850
1635584858575,2.9648,2.2754,-7.9766,0.2489,0.0439,0.1180
1635584858586,2.8555,2.0391,-8.0234,0.1445,0.1099,0.1095
1635584858592,2.8711,1.6895,-7.9453,0.0850,0.1705,0.1138
1635584858599,2.8145,1.3789,-8.1563,0.0510,0.2354,0.1436
1635584858610,2.8066,1.1133,-8.2734,0.0531,0.3269,0.1371
1635584858615,2.6992,0.8496,-8.3125,0.0733,0.4248,0.1296
1635584858639,2.4844,0.8330,-8.5000,0.0935,0.4834,0.1488
1635584858644,2.6953,1.2422,-8.4219,0.1234,0.5034,0.1499
1635584858649,2.9375,1.6133,-8.5156,0.0882,0.5503,0.1520
1635584858659,2.9297,1.6973,-8.7266,0.0031,0.6216,0.2074
1635584858664,2.7969,1.5967,-8.7969,-0.0416,0.6792,0.2988
1635584858689,2.4395,1.1436,-9.9766,-0.1065,0.6460,0.3245
1635584858694,2.4922,1.0625,-10.9297,0.1361,0.4736,0.3223
1635584858698,2.2930,1.1299,-10.3203,0.3977,0.3257,0.2573
1635584858709,2.6133,2.7480,-10.5078,0.2052,0.2003,-0.0639
1635584858714,3.2031,3.9375,-10.4609,-0.0320,0.1875,-0.2278
1635584858739,3.1973,3.8965,-10.1875,-0.2054,0.2152,0.0127
1635584858746,2.8340,2.9160,-10.2578,-0.4192,0.2673,0.1765
1635584858751,2.5938,1.8145,-10.1016,-0.5503,0.2737,0.1691
1635584858765,2.5273,1.3496,-10.3594,-0.5225,0.1918,0.1276
1635584858770,2.8555,1.1846,-10.4844,-0.3479,0.1109,0.0424
1635584858779,3.3125,1.0000,-10.0313,-0.2043,0.1183,-0.0139
1635584858784,3.3535,1.1514,-9.6797,-0.2332,0.1981,-0.0139
1635584858809,3.1777,1.5059,-9.5859,-0.2969,0.2598,0.0010
1635584858814,3.0605,1.8047,-10.0859,-0.3394,0.2227,0.0318
1635584858819,3.3672,2.5527,-11.0469,-0.4299,0.1183,-0.0075
1635584858829,3.7578,2.4395,-11.6406,-0.6265,0.0577,-0.0873
1635584858834,3.6270,1.4434,-11.7969,-0.9790,0.0322,0.0946
1635584858862,3.4688,1.2656,-11.8516,-1.2568,0.0035,0.2871
1635584858867,3.6816,1.6416,-12.0391,-1.3047,-0.0391,0.2095
1635584858872,4.0352,2.1855,-12.0859,-1.3828,-0.0699,0.0978
1635584858879,4.2734,3.0449,-11.9688,-1.7959,-0.0721,0.1691
1635584858884,4.1250,3.4922,-11.7813,-1.7959,-0.0721,0.1691
1635584858952,4.0391,2.9512,-11.4375,-1.9678,-0.1848,0.2700
1635584858953,4.3945,2.5469,-11.5234,-1.8418,-0.2498,0.2297
1635584858955,4.8047,2.7266,-11.5000,-1.4990,-0.2668,0.1691
1635584858956,5.0039,3.4414,-10.1016,-1.0205,-0.2371,0.0616
1635584858957,4.8477,4.2344,-8.2734,-0.6265,-0.2349,-0.0756
1635584858967,4.3398,4.9414,-6.8438,-0.4277,-0.2732,-0.1884
1635584858972,3.9199,5.4688,-6.0625,-0.3691,-0.3604,-0.2861
1635584858976,3.8438,5.5273,-5.8320,-0.2448,-0.5073,-0.3064
1635584858981,4.0234,4.9336,-5.8867,0.0297,-0.6719,-0.2332
1635584858984,4.2422,4.1133,-4.9063,0.2998,-0.6953,-0.2384
1635584859009,4.0234,3.7383,-4.3164,0.3989,-0.6499,-0.2861
1635584859011,3.5469,3.3359,-4.7109,0.8140,-0.7095,-0.0927
1635584859012,3.2402,2.7070,-4.7617,1.3936,-0.7729,-0.0288
1635584859039,3.1309,2.9434,-5.9219,1.6377,-0.8721,-0.0724
1635584859041,3.3633,3.7656,-6.6211,1.6240,-0.8975,-0.1097
1635584859042,3.8496,4.1680,-7.1133,1.4004,-0.8477,-0.1608
1635584859070,4.2695,3.6582,-7.5820,1.0693,-0.6626,-0.1703
1635584859072,4.2031,2.6250,-7.5273,0.8169,-0.3796,-0.1427
1635584859073,3.5215,2.2070,-7.2148,0.7202,-0.1295,-0.1320
1635584859099,2.6895,2.5508,-7.1016,0.8105,-0.0242,-0.1617
1635584859100,2.3691,2.9551,-7.3516,1.0283,-0.0519,-0.1469
1635584859101,2.5059,3.1523,-7.4727,1.1807,-0.0774,-0.0703
1635584859131,2.7930,3.2578,-7.4219,1.1094,-0.0104,-0.0150
1635584859133,2.8047,3.1875,-7.3477,0.8765,0.1290,0.0371
1635584859134,2.4434,2.7949,-7.2969,0.6030,0.2544,0.0914
1635584859161,2.2422,2.2266,-7.2461,0.3860,0.3333,0.1191
1635584859162,2.2344,1.8408,-7.5078,0.2095,0.3726,0.1234
1635584859163,2.3574,1.5439,-7.8516,0.0967,0.4194,0.1084
1635584859190,2.3984,1.3594,-8.0469,0.0542,0.4663,0.1169
1635584859191,2.4727,1.4287,-8.5078,0.1042,0.4875,0.1318
1635584859192,2.6680,1.5225,-8.7578,0.2052,0.5088,0.1584
1635584859219,2.8105,1.6807,-8.7109,0.2361,0.5479,0.1711
1635584859220,2.8359,1.8428,-8.8594,0.1829,0.5791,0.1563
1635584859221,2.7969,2.0156,-8.7031,0.1127,0.5991,0.1510
1635584859251,2.7500,2.5508,-8.6875,0.0020,0.5693,0.1169
1635584859252,2.8906,2.9023,-8.8750,-0.1617,0.4844,0.0776
1635584859254,2.9590,2.4629,-9.2109,-0.3181,0.4004,0.1052
1635584859281,2.9863,1.5010,-9.9922,-0.3564,0.3076,0.1819
1635584859282,2.9902,1.1348,-10.4063,-0.1001,0.1854,0.2020
1635584859284,3.3301,1.7109,-10.6250,0.1797,0.0300,-0.0288
1635584859311,3.6484,2.5781,-10.7891,0.2499,-0.0859,-0.2299
1635584859312,3.4824,3.3945,-10.3047,0.0723,-0.0710,-0.2969
1635584859314,3.0352,3.4941,-9.6484,-0.2607,-0.0583,-0.2097
1635584859341,2.6973,3.4629,-9.6094,-0.6523,-0.0891,-0.0767
1635584859342,2.7227,3.5488,-9.5859,-0.9683,-0.1252,-0.0692
1635584859344,2.9316,3.3555,-9.5938,-1.2334,-0.1678,-0.1065
1635584859371,3.0469,3.3457,-9.5391,-1.5342,-0.1636,-0.0458
1635584859373,3.0879,3.2461,-9.4531,-1.7813,-0.1401,0.0457
1635584859374,2.8340,2.5566,-9.3516,-1.8936,-0.1221,0.1594
1635584859401,2.7227,2.7109,-9.6641,-1.7959,-0.1401,0.1860
1635584859403,2.9551,2.0371,-9.8203,-1.4072,-0.1519,0.0807
1635584859404,3.0176,0.5601,-10.4375,-1.1143,-0.2274,0.1819
1635584859431,3.0879,-0.4524,-10.8594,-0.8872,-0.2539,0.2744
1635584859433,3.4102,0.5913,-11.0781,-0.7959,-0.2646,0.2201
1635584859435,3.8770,3.9922,-11.6484,-0.6172,-0.1945,0.0159
1635584859460,3.2090,4.7773,-11.0469,-0.5991,-0.0668,0.1084
1635584859461,2.5352,5.1133,-11.0469,-0.9756,-0.0699,0.2722
1635584859462,2.5391,5.3594,-11.2188,-1.3340,-0.1987,0.3372
1635584859490,2.6836,5.1875,-10.8750,-1.5947,-0.3071,0.3628
1635584859491,2.6836,5.3203,-10.8672,-1.8809,-0.3730,0.3276
1635584859492,2.6035,5.5391,-11.1797,-2.1172,-0.4180,0.2957
1635584859520,2.5879,5.4961,-11.5859,-2.2363,-0.4731,0.3105
1635584859521,2.8633,5.4063,-11.8047,-2.2285,-0.5127,0.3308
1635584859522,3.1504,5.2188,-11.6094,-2.1133,-0.4775,0.3511
1635584859551,3.1602,5.2852,-10.8594,-1.9531,-0.3667,0.3223
1635584859553,2.9102,5.6445,-9.6563,-1.7920,-0.2603,0.2615
1635584859554,2.6113,6.0000,-8.4453,-1.6494,-0.2211,0.2180
1635584859582,2.4121,6.2578,-7.7305,-1.5508,-0.2764,0.2340
1635584859584,2.4180,5.9375,-7.0313,-1.4648,-0.3689,0.2925
1635584859586,2.7363,5.9414,-6.2852,-1.3701,-0.4370,0.3245
1635584859611,3.3262,6.4258,-6.0234,-1.0957,-0.4573,0.2551
1635584859614,3.6016,6.3516,-5.7148,-0.7246,-0.3806,0.2457
1635584859616,3.3613,5.6016,-5.5313,-0.5386,-0.2625,0.2744
1635584859641,3.1934,5.2461,-5.3438,-0.3862,-0.1902,0.2744
1635584859643,3.3555,4.9727,-4.9688,-0.1394,-0.1636,0.1765
1635584859645,3.5801,4.7500,-4.7969,0.0882,-0.1636,0.0829
1635584859671,3.5449,4.6133,-4.8711,0.2830,-0.1796,0.0552
1635584859673,3.3828,4.0898,-5.3008,0.4404,-0.2603,0.0648
1635584859675,3.3398,4.5195,-5.9297,0.5957,-0.3582,0.1223
1635584859700,3.5117,5.3711,-6.5703,0.9658,-0.3721,-0.0171
1635584859708,3.6211,5.6875,-6.9375,1.3945,-0.3030,-0.2469
1635584859710,3.5156,5.3359,-6.8594,1.6074,-0.2466,-0.3276
1635584859731,3.2930,5.1914,-6.8438,1.5127,-0.2328,-0.2681
1635584859733,2.9531,4.8945,-7.1719,1.3115,-0.2200,-0.2554
1635584859735,2.5879,5.1133,-7.1719,1.1416,-0.1891,-0.3384
1635584859761,2.3066,5.5039,-7.3398,1.0166,-0.2211,-0.5181
1635584859763,2.3086,5.9844,-7.7734,0.8799,-0.3264,-0.6831
1635584859765,2.4609,6.4102,-7.8125,0.8320,-0.3860,-0.7778
1635584859791,2.6211,6.5352,-7.8906,0.6987,-0.4658,-0.7554
1635584859793,2.6934,6.5234,-7.7578,0.4595,-0.4924,-0.7109
1635584859795,2.5996,6.4063,-8.0703,0.1276,-0.5112,-0.6958
1635584859821,2.5156,6.4570,-8.9375,-0.1863,-0.5200,-0.7212
1635584859823,2.3867,6.6719,-9.4219,-0.3289,-0.5127,-0.7266
1635584859825,2.2344,6.9141,-9.7656,-0.3809,-0.5444,-0.6777
1635584859851,2.1680,7.2422,-10.0234,-0.5288,-0.5850,-0.6724
1635584859853,2.1133,7.6445,-9.9453,-0.8311,-0.5913,-0.7437
1635584859855,1.9844,8.1172,-9.8984,-1.2178,-0.5977,-0.8130
1635584859881,1.7783,8.4766,-10.0938,-1.5615,-0.6255,-0.8418
1635584859883,1.5508,8.7969,-10.2578,-1.8496,-0.6753,-0.8779
1635584859885,1.4023,9.1563,-10.3594,-2.1367,-0.7446,-0.9492
1635584859911,1.2871,9.5313,-10.4453,-2.4180,-0.7988,-1.0352
1635584859913,1.3018,9.8281,-10.5703,-2.6211,-0.8457,-1.1074
1635584859915,1.2158,9.7578,-10.3672,-2.7480,-0.8496,-1.1729
1635584859942,0.8662,9.2734,-9.9063,-2.8379,-0.8359,-1.2090
1635584859943,0.6484,8.9609,-9.8281,-3.0605,-0.8496,-1.2832
1635584859945,0.5742,9.4531,-9.7031,-3.5684,-0.9307,-1.4980
1635584859972,0.3254,11.1563,-9.0313,-3.6289,-1.0391,-1.5859
1635584859973,0.1915,11.4688,-8.2656,-3.7031,-1.1328,-1.6660
1635584859975,0.0431,11.5547,-7.7109,-3.9121,-1.1797,-1.7324
1635584860003,-0.0455,11.6406,-7.2148,-4.2148,-1.1777,-1.7773
1635584860006,-0.1077,11.8359,-6.6250,-4.5000,-1.1689,-1.7930
1635584860008,-0.1197,12.0547,-5.9922,-4.7461,-1.1738,-1.8213
1635584860032,-0.1388,12.3359,-5.3047,-5.0352,-1.1689,-1.9063
1635584860034,-0.0790,12.8125,-4.4375,-5.3867,-1.1143,-2.0313
1635584860036,0.4429,13.5781,-3.1172,-5.6719,-0.9126,-2.1426
1635584860061,1.0195,13.4844,-1.7979,-6.0859,-0.4976,-2.2070
1635584860062,0.7944,11.9766,-1.3379,-7.0000,-0.1742,-1.9990
1635584860063,0.2466,10.7031,-1.2090,-7.8594,0.0354,-1.6250
1635584860096,0.1005,9.6172,-0.5552,-8.0703,0.1981,-1.3994
1635584860097,0.1747,8.4844,0.6870,-7.9141,0.5181,-1.4180
1635584860098,0.2322,7.8906,2.1113,-7.8047,0.9580,-1.5684
1635584860122,0.3518,7.7070,2.9863,-7.6992,1.3076,-1.6494
1635584860123,0.2969,7.3203,3.2266,-7.6797,1.5439,-1.4873
1635584860124,0.2681,7.0000,3.3867,-7.7813,1.7285,-1.1797
1635584860152,0.2920,6.2656,3.2188,-7.7930,1.8916,-0.8057
1635584860154,0.2106,5.2617,3.2383,-7.5391,2.1250,-0.3979
1635584860155,-0.3040,4.8594,3.9297,-7.1445,2.4082,-0.0916
1635584860182,-0.4189,5.0156,4.6367,-6.6680,2.5508,0.0989
1635584860184,-0.6318,5.0273,5.0469,-6.1484,2.5781,0.3733
1635584860185,-1.1611,4.8047,4.9805,-5.7383,2.4883,0.7788
1635584860219,-1.7686,4.6758,4.8398,-5.4297,2.3750,1.1436
1635584860221,-1.9629,4.7852,4.8047,-5.1484,2.2402,1.3750
1635584860222,-1.8506,4.8711,4.6523,-4.8008,2.0996,1.5605
1635584860231,-1.8379,5.1992,4.5742,-4.4844,1.9902,1.7520
1635584860233,-2.1074,5.9219,4.6914,-4.2344,1.9463,1.8682
1635584860261,-2.1543,6.0664,5.0234,-4.0117,1.8652,1.9219
1635584860269,-1.9482,5.8906,5.2656,-3.8789,1.7227,1.9893
1635584860271,-2.0527,6.0391,5.1406,-3.7500,1.5918,2.0371
1635584860292,-2.3027,5.6250,4.9570,-3.4844,1.4814,2.0059
1635584860294,-2.5527,5.5469,4.8477,-3.2188,1.3809,1.9639
1635584860296,-2.6680,5.7656,5.1133,-2.9102,1.2959,1.8691
1635584860322,-2.3711,5.6563,5.5195,-2.5859,1.2002,1.7529
1635584860324,-2.1445,5.7383,5.5977,-2.2793,1.1396,1.6475
1635584860326,-2.1641,5.4648,5.6133,-1.9463,1.1045,1.5439
1635584860345,-2.1445,5.2188,5.6250,-1.6504,1.0645,1.4307
1635584860347,-2.2754,5.3359,5.7656,-1.3418,1.0547,1.2998
1635584860372,-2.1758,5.4453,5.7695,-1.0195,1.0195,1.1777
1635584860374,-2.4453,5.7578,5.8008,-0.7275,1.0176,1.1133
1635584860376,-2.8438,6.0781,6.0664,-0.4768,1.0049,1.0088
1635584860402,-2.6191,6.3359,6.3320,-0.3298,0.9268,0.9072
1635584860404,-2.4766,6.6719,6.6211,-0.3140,0.8823,0.8638
1635584860406,-2.7402,6.9023,6.9141,-0.4182,0.8599,0.8394
1635584860432,-3.0508,6.7266,7.1719,-0.5596,0.7778,0.8149
1635584860434,-2.8691,6.7188,7.4219,-0.7319,0.6387,0.8140
1635584860436,-2.9375,6.9648,7.5586,-0.9004,0.5674,0.8125
1635584860463,-3.0938,7.0508,7.5898,-1.0869,0.4812,0.8232
1635584860464,-3.0273,6.7109,7.5977,-1.2295,0.3779,0.8276
1635584860466,-2.6895,6.1641,7.3320,-1.3369,0.2832,0.8735
1635584860491,-2.7910,5.6367,7.0313,-1.3418,0.2832,0.9297
1635584860492,-3.3145,4.9492,7.0039,-1.2510,0.3672,0.8657
1635584860493,-3.1074,4.7500,7.1484,-1.1035,0.3098,0.7808
1635584860521,-2.8340,4.6602,7.2422,-0.9131,0.2778,0.7744
1635584860522,-2.8203,4.9453,7.6602,-0.7651,0.3066,0.7231
1635584860524,-2.7930,5.0742,7.6016,-0.7056,0.2876,0.7095
1635584860551,-2.9160,5.0508,7.6836,-0.6758,0.3013,0.6807
1635584860552,-3.0781,5.0508,7.7188,-0.6382,0.2524,0.6445
1635584860553,-2.9922,5.0742,7.6641,-0.5820,0.2385,0.6138
1635584860589,-3.2207,4.8945,7.6289,-0.5088,0.2971,0.5552
1635584860590,-3.2930,4.5664,7.6250,-0.4224,0.3672,0.4724
1635584860591,-3.4902,4.5820,7.8945,-0.3064,0.3215,0.4138
1635584860602,-3.2793,4.8516,8.1719,-0.2384,0.1726,0.4287
1635584860603,-3.0059,5.1445,8.4219,-0.2629,0.1141,0.4329
1635584860633,-3.0430,5.0664,8.5313,-0.3276,0.1248,0.4319
1635584860634,-3.0039,4.9023,8.4688,-0.3660,0.1194,0.4373
1635584860635,-2.9180,4.8281,8.3516,-0.3542,0.1194,0.4468
1635584860663,-3.0234,4.7539,8.2422,-0.3245,0.1003,0.4617
1635584860664,-2.8906,4.8125,8.1484,-0.2979,0.0598,0.4734
1635584860665,-2.9805,4.8398,8.0469,-0.2661,0.0460,0.4893
1635584860691,-3.0352,4.9141,8.2031,-0.2500,0.0385,0.5029
1635584860695,-2.9844,5.0977,8.3047,-0.2576,0.0385,0.4968
1635584860697,-3.0039,5.0586,8.3906,-0.2661,0.0513,0.4648
1635584860721,-2.8672,4.9805,8.4063,-0.2734,0.0747,0.4138
1635584860726,-2.9023,4.8984,8.3203,-0.2438,0.1257,0.3787
1635584860729,-2.9629,4.7656,8.1875,-0.1917,0.1620,0.3552
1635584860742,-3.0156,4.6953,8.0469,-0.1214,0.1694,0.3308
1635584860745,-3.0684,4.6680,7.9844,-0.0384,0.1417,0.3127
1635584860771,-3.0781,4.7383,7.9805,0.0435,0.0875,0.3020
1635584860775,-3.0469,4.7891,8.0781,0.1138,0.0343,0.2903
1635584860782,-2.9609,4.9297,8.1172,0.1605,0.0035,0.2627
1635584860800,-3.0039,5.0391,8.2109,0.1765,0.0162,0.2266
1635584860803,-2.9961,4.9688,8.0781,0.1573,0.0237,0.1754
1635584860819,-2.8574,5.0742,8.0000,0.1860,0.0503,0.1478
1635584860823,-3.2188,4.7617,8.0859,0.1765,0.0503,0.1371
1635584860837,-3.1309,4.9063,8.0938,0.1733,-0.0444,0.1445
1635584860842,-2.9961,4.9023,8.1875,0.1467,-0.0880,0.1404
1635584860852,-3.0352,4.7930,8.2891,0.1234,-0.0806,0.1467
1635584860853,-3.0703,4.7852,8.4531,0.0999,-0.0678,0.1510
