1636292198241,2.0215,4.5742,9.2344,0.5352,-0.0307,0.4373
1636292198243,1.7617,4.4688,8.9141,0.4280,0.0639,0.4978
1636292198244,1.7451,3.8633,8.5781,0.3567,0.0927,0.4521
1636292198245,1.9600,4.2461,8.5078,0.3174,0.1224,0.3489
1636292198246,1.8066,4.0977,8.5313,0.1992,0.1703,0.3149
1636292198252,1.5195,3.7656,8.5781,0.0248,0.2172,0.2510
1636292198254,1.3281,3.5566,8.6719,-0.1560,0.2500,0.1467
1636292198258,1.1270,3.4160,8.8516,-0.2498,0.2310,0.0521
1636292198309,1.1270,3.4688,9.0547,-0.2837,0.1725,-0.0756
1636292198311,1.2656,3.8438,9.2891,-0.3252,0.1182,-0.2150
1636292198313,1.4912,4.0781,9.4688,-0.3943,0.0778,-0.2820
1636292198318,1.6064,3.9238,9.6172,-0.4795,0.0533,-0.2766
1636292198320,1.6465,3.4004,9.5938,-0.5303,0.0341,-0.2395
1636292198321,1.5439,2.7734,9.4922,-0.4827,0.0086,-0.2107
1636292198344,1.3545,2.4395,9.3672,-0.3657,-0.0276,-0.1958
1636292198355,1.2520,2.3770,9.2969,-0.2358,-0.0616,-0.1703
1636292198370,1.2852,2.4570,9.2891,-0.1178,-0.0765,-0.1532
1636292198375,1.3857,2.9375,9.3594,-0.0348,-0.0510,-0.2012
1636292198380,1.4404,3.9941,9.5625,-0.0220,-0.0073,-0.1564
1636292198394,1.6133,5.3789,9.7578,-0.0816,0.0554,-0.1469
1636292198397,1.5293,6.4141,9.8672,-0.2167,0.1639,-0.1129
1636292198406,1.1650,6.7461,9.7656,-0.4167,0.2267,0.0021
1636292198419,1.1299,6.6406,9.5781,-0.7412,0.1490,-0.1724
1636292198425,4.8711,8.1328,8.5469,-1.2061,0.2086,-0.7715
1636292198438,5.4844,12.2266,9.7188,-2.8594,1.7900,-2.7754
1636292198444,1.5605,8.3750,9.0625,-4.7188,2.3418,-1.6396
1636292198457,1.8594,5.2188,9.2813,-5.1289,1.9082,-0.7266
1636292198463,2.3438,6.2383,9.4063,-4.5742,1.8027,-2.4102
1636292198469,3.2500,6.6797,10.5000,-4.4102,1.9961,-3.2031
1636292198482,4.5039,4.9141,10.2422,-4.6680,2.3223,-2.5898
1636292198489,5.6016,2.3691,9.6797,-5.0352,2.7402,-2.4102
1636292198514,6.1523,0.5098,9.2266,-5.7539,3.2910,-2.7363
1636292198521,5.9297,-1.2441,7.9336,-6.4297,3.8965,-2.8711
1636292198525,5.3281,-3.6172,6.6094,-6.6953,4.4102,-2.7539
1636292198532,4.1289,-5.7031,5.6211,-6.8203,4.8125,-2.6504
1636292198536,2.6426,-7.0859,4.5234,-6.7344,5.0078,-2.6172
1636292198562,1.5654,-7.7148,3.3770,-6.4297,4.9805,-2.6055
1636292198565,1.1250,-7.5664,2.4141,-6.1953,4.8672,-2.6621
1636292198570,0.5938,-7.6992,1.7305,-6.0508,4.9219,-2.6797
1636292198581,-0.1173,-8.6406,0.9189,-6.1016,5.0703,-2.4609
1636292198585,-0.7466,-9.0000,1.2637,-6.5156,5.2070,-2.2793
1636292198611,-1.7471,-8.8203,1.0049,-7.2539,5.4102,-1.8154
1636292198614,-2.8438,-9.3672,0.2274,-7.2539,5.4102,-1.8154
1636292198620,-5.0195,-10.8984,-0.4978,-7.2148,5.2070,-0.8354
1636292198631,-6.8398,-11.4766,-1.1436,-6.6094,5.0742,-0.3682
1636292198632,-8.5625,-11.0156,-1.0195,-6.0664,4.8047,-0.0256
1636292198666,-9.5234,-8.5625,-0.7466,-5.9453,4.4492,0.3447
1636292198668,-9.6641,-5.9648,-1.4238,-5.9844,4.1289,0.7949
1636292198673,-9.3750,-4.9844,-2.9766,-6.0742,3.8848,1.0947
1636292198684,-9.1250,-5.9297,-4.8125,-6.1797,3.6895,1.1729
1636292198686,-9.4453,-8.0391,-5.8906,-5.9766,3.4375,1.2178
1636292198713,-10.5469,-10.2969,-5.3047,-5.0664,2.9902,1.3193
1636292198716,-11.0703,-11.0078,-4.3633,-3.4434,2.3477,1.4180
1636292198718,-10.5234,-11.0469,-3.9453,-1.4346,1.8633,1.3857
1636292198748,-9.7188,-10.4844,-2.6973,0.3801,1.5928,1.2393
1636292198750,-8.7266,-8.3672,-1.1221,1.7920,1.3184,1.1953
1636292198752,-7.5430,-5.1875,0.1293,2.7617,1.0811,1.1982
1636292198772,-6.6914,-2.2168,-0.7373,3.0313,1.1191,0.9629
1636292198774,-6.8359,-0.6680,-2.5410,2.3828,1.3223,0.5947
1636292198781,-7.8203,-0.4812,-4.7305,0.8545,1.3691,0.4436
1636292198802,-8.7188,-1.0605,-6.1328,-0.9722,1.1611,0.4778
1636292198810,-8.8125,-1.7881,-6.6406,-2.5176,0.8438,0.4106
1636292198811,-8.4141,-2.7168,-6.3555,-3.5391,0.5552,0.2915
1636292198821,-8.0000,-3.2207,-4.7383,-4.1367,0.3162,0.2468
1636292198828,-7.5625,-3.5176,-3.7070,-4.3789,0.2235,0.1979
1636292198850,-7.4766,-5.1680,-4.2617,-4.3594,0.3162,0.1255
1636292198852,-7.8828,-7.6875,-5.0820,-4.2422,0.3809,0.1851
1636292198857,-8.3125,-9.0234,-5.2969,-3.9063,0.2991,0.4053
1636292198880,-8.5000,-7.9141,-4.8711,-3.2246,0.1608,0.6733
1636292198886,-8.3359,-4.9531,-4.5000,-2.4961,0.0416,0.8267
1636292198887,-7.8516,-3.3789,-4.5000,-2.1055,0.0012,0.8086
1636292198910,-7.6523,-4.3477,-4.6406,-2.3105,0.0863,0.7861
1636292198912,-8.2188,-5.7383,-5.0000,-2.9258,0.1980,0.9126
1636292198914,-9.1328,-6.6836,-5.4531,-3.3301,0.2140,1.0801
1636292198941,-9.5625,-6.9727,-5.7031,-3.2402,0.0969,1.1553
1636292198944,-8.9922,-6.3945,-5.2930,-2.8164,-0.1542,1.2041
1636292198946,-7.4492,-6.2617,-5.3359,-2.3281,-0.4053,1.2041
1636292198973,-6.1094,-6.4531,-5.3398,-2.0020,-0.4829,1.1807
1636292198975,-5.3281,-6.7031,-5.4336,-1.9717,-0.5029,1.2617
1636292198976,-5.0703,-7.5547,-5.5117,-2.0352,-0.5010,1.3291
1636292199003,-5.2656,-7.6992,-4.8906,-2.0723,-0.5000,1.3789
1636292199005,-5.5781,-6.9883,-4.4766,-1.9023,-0.5518,1.4355
1636292199006,-5.7734,-6.5938,-4.4375,-1.3633,-0.5815,1.4316
1636292199033,-5.8320,-6.0313,-4.5195,-0.7446,-0.6245,1.4063
1636292199035,-5.5313,-5.1992,-4.5625,-0.1528,-0.7476,1.4004
1636292199037,-4.7188,-4.6133,-4.8242,0.3184,-0.8618,1.3457
1636292199067,-3.9023,-4.4961,-4.5859,0.5439,-0.9385,1.3018
1636292199069,-3.6211,-4.1484,-4.3281,0.4685,-0.9937,1.3232
1636292199078,-4.1094,-3.4414,-4.9023,0.3928,-0.9370,1.2939
1636292199094,-4.8359,-2.8027,-4.5547,0.5874,-0.8203,1.1563
1636292199096,-3.5430,-2.9863,-3.4902,0.9546,-0.8511,0.9907
1636292199098,4.0977,-8.3750,-8.2813,-0.7925,-1.2500,-0.2649
1636292199123,-3.2930,1.9697,-1.5938,-3.7070,-0.5156,-0.4788
1636292199125,-6.1641,1.4912,-7.4961,-3.5020,-1.5176,1.5635
1636292199127,-7.9844,-2.2031,-7.4336,-1.6084,-2.6641,2.1406
1636292199154,-8.1484,-1.7422,-6.7305,0.0876,-2.2617,0.8691
1636292199155,-8.6484,-1.2783,-6.1445,0.6812,-1.2520,0.4553
1636292199157,-9.5234,-1.4717,-5.2539,0.9219,-0.8213,0.7480
1636292199184,-10.7500,-1.6250,-3.8926,0.7012,-0.3660,0.7832
1636292199185,-12.0781,-3.0137,-3.4043,-0.0795,-0.5381,1.0156
1636292199187,-9.5313,-2.6328,-2.8027,-0.6338,-0.9756,0.7637
1636292199214,-8.7578,-1.7207,-2.2168,-1.0625,-1.1465,0.2085
1636292199216,-9.2891,-1.5244,-2.6680,-1.6162,-1.3682,0.0797
1636292199217,-11.2969,-0.9717,-3.2598,-1.9883,-1.5225,-0.2096
1636292199244,-8.2969,-0.0239,-5.6367,-2.2246,-1.9619,-1.1230
1636292199246,-7.0430,0.5024,-7.3906,-1.1406,-2.1406,-0.5513
1636292199247,-11.7188,-0.5122,-4.9883,-0.4573,-1.1494,0.2871
1636292199274,-9.8203,0.2130,-3.1387,-0.5317,-1.2051,-0.0309
1636292199276,-7.2031,-0.7539,-2.2754,-0.8857,-1.5518,0.3052
1636292199278,-7.5508,-1.9297,-1.8193,-1.0313,-1.5078,0.6787
1636292199304,-8.2266,-1.4141,-2.1875,-1.0898,-1.5156,0.7808
1636292199306,-8.7734,-1.3164,-3.1777,-1.1064,-1.4678,0.9170
1636292199308,-9.6875,-1.3330,-4.3477,-0.9219,-1.2314,0.8726
1636292199336,-10.6328,-0.7300,-4.4570,-0.5625,-0.8647,0.5869
1636292199338,-10.3672,-0.2537,-3.2617,-0.2274,-0.5054,0.2286
1636292199345,-9.5938,-0.2585,-2.6055,-0.1039,-0.3562,0.0510
1636292199364,-9.3438,-0.2035,-2.7676,-0.1667,-0.3945,0.0946
1636292199365,-9.6484,-0.5049,-3.0684,-0.2209,-0.3669,0.2361
1636292199366,-9.5547,-0.8833,-2.9961,-0.1560,-0.2329,0.2074
1636292199394,-9.5078,-0.3135,-2.7012,-0.0210,-0.0925,0.0914
1636292199395,-8.5703,-0.3350,-2.7383,0.0748,-0.0478,0.1149
1636292199396,-8.7266,-0.6797,-2.8672,0.2152,-0.0339,0.2595
1636292199424,-9.4531,-0.5674,-2.7363,0.3779,0.0118,0.2830
1636292199426,-9.6172,-0.1915,-2.7754,0.5054,0.0863,0.2329
1636292199428,-9.3906,-0.3806,-3.0293,0.5664,0.1543,0.2245
1636292199454,-9.5391,-0.0598,-3.1855,0.6279,0.2203,0.2340
1636292199456,-9.5156,0.1245,-2.7969,0.7695,0.2703,0.2446
1636292199458,-9.4063,0.1125,-2.3652,0.7959,0.2693,0.2542
1636292199485,-9.2344,-0.3662,-2.0586,0.6558,0.2576,0.2234
1636292199487,-9.3281,-0.9336,-2.2539,0.2781,0.4258,0.1404
1636292199488,-10.2969,0.6558,-4.1719,0.4216,0.6138,0.0329
1636292199515,-10.3359,0.9023,-4.0898,0.7227,0.7319,-0.0841
1636292199517,-9.8594,0.6558,-3.4199,0.8364,0.6660,-0.1628
1636292199519,-8.8594,0.3518,-2.5918,0.7876,0.5371,-0.2905
1636292199545,-7.9102,-0.6128,-1.6924,0.6665,0.4224,-0.3267
1636292199547,-7.7227,-1.8096,-1.2803,0.3577,0.4458,-0.2576
1636292199549,-8.1484,-2.3457,-2.0957,-0.0082,0.6748,-0.1554
1636292199581,-8.7031,-2.9121,-4.2500,-0.2634,0.9077,-0.0862
1636292199584,-9.6797,-1.9551,-6.1836,-0.3145,0.8989,0.0521
1636292199587,-10.4766,-0.4692,-6.1680,0.0227,0.6470,0.1063
1636292199600,-10.1875,0.0503,-5.1055,0.2610,0.4490,-0.1000
1636292199602,-9.1953,-0.6680,-4.3516,0.0557,0.4661,-0.2905
1636292199627,-8.6250,-2.1699,-3.5371,-0.3369,0.6201,-0.3149
1636292199629,-8.6250,-3.1816,-3.1465,-0.4912,0.8086,-0.3257
1636292199631,-9.0156,-3.3652,-2.8691,-0.2847,0.9619,-0.3523
1636292199656,-9.1094,-2.9766,-2.9121,0.1025,1.0156,-0.3606
1636292199658,-8.5547,-2.1348,-3.3086,0.4216,0.9727,-0.4236
1636292199659,-7.9883,-1.2158,-3.3613,0.5801,0.9448,-0.5137
1636292199685,-8.1953,-0.4453,-2.7188,0.4919,1.0098,-0.5342
1636292199687,-8.8672,0.2561,-2.8652,0.2556,1.1416,-0.5225
1636292199688,-9.3047,-0.0239,-3.7598,0.1769,1.2559,-0.5757
1636292199715,-9.1250,-1.1943,-4.4570,0.1918,1.2832,-0.7427
1636292199720,-8.5469,-1.8262,-5.2539,0.1951,1.2656,-0.8887
1636292199722,-8.3438,-1.8311,-5.0977,0.2472,1.3037,-0.8979
1636292199744,-8.3984,-1.0908,-2.7324,0.2461,1.2803,-0.9458
1636292199745,-8.1641,0.6606,-0.5601,0.1716,1.1865,-1.0645
1636292199747,-7.6875,1.3184,-2.2930,0.2854,1.3389,-1.0938
1636292199774,-7.9414,-1.6016,-5.4844,0.5884,1.8105,-1.1025
1636292199776,-9.4375,-4.5742,-7.7930,0.4058,2.1113,-1.2275
1636292199778,-9.8438,-3.9199,-11.0313,-0.1837,1.8672,-1.2744
1636292199806,-8.7031,-3.8027,-10.0703,-0.3455,1.2715,-1.0762
1636292199808,-7.4609,-3.2773,-8.8359,-0.3103,0.8770,-0.9287
1636292199811,-7.5742,-1.3232,-4.1563,-0.2092,0.8438,-0.8745
1636292199837,-7.8789,0.5313,-1.0693,-0.0359,0.9287,-0.7925
1636292199838,-7.4844,0.3542,-1.7451,0.2046,1.2158,-0.7607
1636292199840,-6.8281,-1.2178,-4.6875,0.4099,1.6426,-0.8491
1636292199865,-6.8203,-2.1152,-8.0625,0.3865,1.9404,-0.9023
1636292199867,-7.6289,-2.2090,-10.1250,0.3047,1.9111,-0.8438
1636292199868,-8.3906,-2.6328,-9.8984,0.1514,1.5674,-0.7734
1636292199896,-8.5391,-2.4844,-6.5039,-0.2954,1.0645,-0.7598
1636292199897,-7.8750,-1.7402,-3.6133,-0.6772,0.6812,-0.7329
1636292199898,-7.3008,-2.1113,-2.6055,-0.5264,0.7002,-0.6787
1636292199927,-7.4688,-3.0234,-3.0508,-0.1146,0.9663,-0.6460
1636292199929,-8.1016,-3.4746,-3.6758,0.2440,1.0488,-0.6396
1636292199930,-7.8945,-3.3867,-4.3828,0.4622,0.7896,-0.6396
1636292199957,-6.5117,-3.1426,-6.0273,0.6484,0.4128,-0.6255
1636292199959,-5.4414,-3.1289,-7.6992,0.8218,0.2427,-0.5767
1636292199961,-5.5352,-2.9688,-7.4648,0.7612,0.2532,-0.5244
1636292199987,-6.1445,-1.9365,-5.1992,0.3716,0.1565,-0.4885
1636292199989,-6.2266,-1.1797,-4.1992,-0.0135,0.0022,-0.4214
1636292199991,-6.2461,-2.1289,-5.0625,-0.0465,0.1054,-0.3564
1636292200017,-6.9258,-3.5156,-6.0977,0.0620,0.3213,-0.3723
1636292200019,-7.5547,-4.1719,-7.0000,0.1599,0.2979,-0.3755
1636292200021,-7.1406,-4.1445,-6.5430,0.3323,-0.0531,-0.3276
1636292200047,-5.7266,-2.9727,-6.4844,0.5151,-0.4490,-0.2820
1636292200049,-4.8164,-2.1602,-6.8906,0.7524,-0.4585,-0.1969
1636292200051,-5.2266,-2.1445,-6.4023,0.7524,-0.1233,-0.1511
1636292200078,-6.1250,-2.0098,-5.6953,0.2876,0.1097,-0.1511
1636292200079,-6.5547,-2.2617,-5.4844,-0.1869,0.0703,-0.1192
1636292200081,-6.6289,-3.2070,-6.0000,-0.3528,0.0044,-0.0628
1636292200108,-6.8789,-3.7813,-7.3242,-0.2498,0.0469,-0.0245
1636292200109,-7.2148,-3.8926,-7.3477,0.0652,-0.0201,-0.0128
1636292200111,-6.7148,-3.5215,-5.9961,0.3206,-0.3445,-0.0256
1636292200138,-5.4375,-3.2266,-5.5078,0.4280,-0.5635,-0.0001
1636292200140,-4.9336,-3.2168,-5.4609,0.4121,-0.3787,0.0510
1636292200141,-5.6758,-2.8379,-5.4023,0.1960,-0.0286,0.0765
1636292200168,-6.8359,-2.9121,-5.7617,-0.0390,0.1362,0.1096
1636292200170,-7.4492,-3.6484,-6.0234,-0.1252,0.0554,0.0808
1636292200171,-7.2891,-3.9570,-7.0664,-0.1071,-0.1244,0.0244
1636292200198,-7.1797,-4.1289,-7.6992,0.0897,-0.2583,0.0414
1636292200200,-7.3008,-3.6484,-5.9336,0.2769,-0.4490,0.0191
1636292200201,-6.7891,-3.0254,-4.9531,0.3567,-0.6509,-0.0203
1636292200240,-6.1133,-3.5156,-5.2734,0.4492,-0.6118,-0.0171
1636292200242,-5.8164,-3.7500,-5.6523,0.3611,-0.4424,-0.0256
1636292200244,-5.8086,-3.4844,-5.7266,0.2291,-0.4063,-0.0001
1636292200248,-5.6016,-3.5313,-5.4297,0.1620,-0.5039,0.0446
1636292200249,-5.1680,-3.7852,-5.8789,0.0876,-0.5171,0.0606
1636292200279,-5.5508,-3.6738,-7.0977,0.0088,-0.3425,0.1329
1636292200280,-7.1094,-2.9980,-7.0313,-0.0061,-0.1989,0.2551
1636292200281,-8.5703,-2.0078,-5.6328,-0.0082,-0.3328,0.2925
1636292200308,-8.8047,-1.7090,-4.2852,0.1290,-0.7427,0.1787
1636292200309,-7.0234,-3.5098,-4.8008,0.1685,-0.6895,0.1307
1636292200310,-6.5078,-4.0625,-5.3711,0.1290,-0.6509,0.1722
1636292200339,-6.2383,-3.7852,-5.8164,0.0876,-0.7383,0.3127
1636292200340,-6.1172,-3.1250,-6.9063,0.1322,-0.8203,0.4617
1636292200347,-6.5625,-2.7520,-7.3984,0.1992,-0.7690,0.5498
1636292200371,-7.2461,-2.3086,-6.3672,0.1131,-0.7168,0.5562
1636292200373,-7.3203,-2.1211,-5.1523,-0.0135,-0.7363,0.5146
1636292200378,-6.7891,-2.8574,-5.3281,-0.1082,-0.6299,0.4712
1636292200401,-6.5156,-3.7930,-6.0352,-0.2476,-0.3542,0.4851
1636292200402,-6.8555,-3.8086,-6.5313,-0.3860,-0.1691,0.5615
1636292200408,-7.3828,-3.4199,-7.1992,-0.3284,-0.1882,0.6401
1636292200430,-7.9063,-3.1875,-7.4766,-0.1901,-0.3147,0.6787
1636292200432,-8.2266,-2.8066,-6.9727,-0.1508,-0.4924,0.6499
1636292200438,-8.1719,-2.3008,-5.4688,-0.1709,-0.7114,0.6030
1636292200459,-7.5742,-1.9580,-4.0313,-0.2103,-0.8501,0.5552
1636292200461,-6.7227,-2.6328,-4.4609,-0.1476,-0.7139,0.4797
1636292200462,-6.5430,-3.9238,-5.8672,-0.1135,-0.3679,0.4648
1636292200490,-7.1641,-4.0508,-6.6523,-0.2306,-0.1967,0.5444
1636292200492,-7.6719,-3.1719,-6.5938,-0.2698,-0.3499,0.5986
1636292200493,-7.6875,-2.6758,-5.9180,-0.1316,-0.5806,0.5469
1636292200518,-7.5547,-2.6465,-5.0703,-0.0443,-0.6807,0.4543
1636292200520,-7.6406,-2.6953,-3.2266,-0.2103,-0.7446,0.4512
1636292200524,-7.7188,-2.3750,-1.9121,-0.5742,-0.8105,0.5381
1636292200548,-7.6484,-2.1563,-1.0957,-0.7095,-0.7827,0.5723
1636292200552,-7.7383,-2.4453,-2.1914,-0.5112,-0.5957,0.4797
1636292200554,-8.4688,-3.5566,-4.5391,-0.2944,-0.3362,0.5254
1636292200578,-9.3359,-3.8613,-5.4414,-0.2103,-0.3628,0.5977
1636292200582,-9.3516,-2.4336,-6.3320,-0.0401,-0.6636,0.5986
1636292200584,-8.7188,-1.5869,-6.3359,0.2896,-0.8862,0.5615
1636292200610,-7.9258,-1.4600,-5.4375,0.3643,-0.9458,0.4341
1636292200612,-7.1016,-1.4795,-4.2656,0.1099,-0.9692,0.3318
1636292200614,-6.4922,-1.9463,-3.5859,-0.1582,-0.8999,0.2808
1636292200640,-6.4492,-2.6250,-3.3574,-0.3230,-0.6895,0.2722
1636292200641,-6.8555,-3.2266,-2.7422,-0.3774,-0.5146,0.2415
1636292200643,-7.2891,-3.8203,-2.6758,-0.2805,-0.4224,0.2212
1636292200669,-7.8125,-4.2656,-2.5488,-0.1539,-0.3584,0.2852
1636292200670,-8.5859,-3.3320,-2.9375,-0.0709,-0.3159,0.4116
1636292200676,-9.4609,-1.9150,-3.5449,0.0376,-0.2913,0.5342
1636292200699,-9.9063,-1.0674,-3.7168,0.0620,-0.3425,0.4724
1636292200705,-9.8047,-0.5313,-3.7773,-0.0018,-0.4180,0.2817
1636292200707,-9.2969,-0.5674,-4.4063,0.0344,-0.4563,0.1404
1636292200730,-9.1016,-1.6992,-5.5430,0.1685,-0.3977,0.0829
1636292200731,-9.7578,-3.0605,-5.9336,0.2057,-0.3264,0.0946
1636292200737,-10.5781,-2.9805,-5.7305,0.1290,-0.3850,0.1573
1636292200760,-10.7344,-1.6992,-5.1445,-0.0092,-0.5815,0.2489
1636292200762,-10.1719,-0.6938,-3.5762,-0.1943,-0.7646,0.1564
1636292200765,-9.3906,-0.4978,-2.3223,-0.3018,-0.7935,0.0148
1636292200789,-8.4844,-0.8569,-1.5410,-0.3071,-0.7510,-0.1011
1636292200790,-7.5391,-1.0215,-1.4121,-0.1763,-0.6924,-0.1904
1636292200791,-6.7461,-0.8257,-1.6924,0.0418,-0.6489,-0.1830
1636292200819,-6.5664,-0.7705,-2.7891,0.2291,-0.5361,-0.1469
1636292200821,-7.4844,-1.1348,-3.6797,0.2407,-0.3096,-0.1373
1636292200823,-8.9219,-1.3574,-4.4141,0.0737,-0.1563,-0.1437
1636292200850,-9.8125,-1.9434,-4.9219,-0.1368,-0.1467,-0.1351
1636292200853,-9.8906,-2.5000,-4.8047,-0.3464,-0.2467,-0.1182
1636292200860,-9.5156,-2.7070,-4.3086,-0.4136,-0.3477,-0.0447
1636292200879,-9.4063,-2.3184,-3.4512,-0.3870,-0.3223,0.0616
1636292200880,-9.4766,-1.5195,-2.8008,-0.2764,-0.3083,0.1340
1636292200881,-9.1406,-1.0869,-2.5391,-0.1593,-0.3914,0.1542
1636292200909,-8.5625,-1.1563,-2.7754,-0.0656,-0.4490,0.1393
1636292200910,-8.2656,-1.1514,-2.6992,0.0706,-0.4690,0.1329
1636292200911,-8.0781,-0.7637,-2.7070,0.2705,-0.4702,0.1425
1636292200941,-7.8906,-0.6870,-2.9707,0.4749,-0.4478,0.1425
1636292200943,-7.9883,-1.5059,-3.6230,0.5420,-0.3530,0.1361
1636292200944,-8.9063,-2.4648,-4.0820,0.3472,-0.1989,0.2128
1636292200975,-10.2891,-2.7188,-4.3945,0.0333,-0.1265,0.3511
1636292200976,-10.9609,-2.2852,-4.3281,-0.2072,-0.2307,0.4233
1636292200978,-10.2422,-1.5459,-3.1914,-0.2900,-0.4404,0.3745
1636292201000,-8.8672,-0.8999,-2.0508,-0.1763,-0.5117,0.3020
1636292201001,-7.8672,-0.7275,-2.1973,0.1025,-0.3467,0.3127
1636292201002,-7.6602,-0.8403,-3.1563,0.3843,-0.0999,0.3479
1636292201030,-8.1719,-1.0293,-4.0117,0.5034,0.0831,0.3181
1636292201031,-9.1094,-1.3857,-4.7109,0.4109,0.2001,0.2817
1636292201032,-10.1875,-1.8809,-4.9141,0.1982,0.2363,0.2500
1636292201059,-10.8438,-2.2910,-4.5547,-0.0167,0.1554,0.2159
1636292201061,-10.6172,-2.3477,-3.7578,-0.1359,0.0001,0.2255
1636292201062,-9.6563,-1.9268,-2.2910,-0.1316,-0.1552,0.2266
1636292201089,-8.5859,-1.3398,-1.4238,-0.0188,-0.1935,0.2191
1636292201091,-7.8945,-1.1914,-1.7070,0.2333,-0.0690,0.2394
1636292201092,-7.8789,-1.2705,-2.5781,0.4482,0.0980,0.2010
1636292201118,-8.6328,-1.3525,-3.1465,0.4790,0.2034,0.1510
1636292201122,-9.4453,-1.5625,-3.7988,0.3174,0.2001,0.1191
1636292201123,-9.7891,-2.0918,-4.3906,0.0865,0.1278,0.0585
1636292201151,-9.7578,-2.1387,-4.3203,-0.1231,0.0331,0.0276
1636292201152,-9.1875,-1.6465,-3.4492,-0.1699,-0.0680,-0.0001
1636292201154,-8.2969,-1.3213,-2.2539,-0.0539,-0.0956,-0.0788
1636292201181,-7.8359,-1.1533,-1.4580,0.0152,-0.0031,-0.0905
1636292201182,-8.1328,-0.8545,-1.4189,0.0056,0.1459,-0.0245
1636292201184,-8.9688,-0.7876,-2.6406,0.0716,0.3713,-0.0245
1636292201211,-9.8672,-1.6016,-4.4102,0.1971,0.5522,-0.0798
1636292201212,-10.4453,-2.6191,-5.3125,0.2131,0.4597,-0.0628
1636292201214,-10.1172,-2.6484,-5.1484,0.1865,0.2639,-0.0767
1636292201241,-9.1250,-2.0605,-4.5273,0.3801,0.2629,-0.1724
1636292201243,-8.6484,-0.8735,-3.5879,0.2578,0.4363,-0.1809
1636292201244,-9.1250,-1.0264,-3.3320,-0.0092,0.5767,-0.2659
1636292201271,-9.3203,-1.8193,-2.9102,-0.2487,0.5684,-0.3904
1636292201273,-9.1094,-2.6152,-2.6465,-0.3401,0.4905,-0.4575
1636292201274,-8.9141,-3.0703,-2.9941,-0.1943,0.4927,-0.4470
1636292201301,-9.1484,-3.1934,-3.6055,0.0726,0.5703,-0.4385
1636292201303,-9.5156,-2.7910,-4.1172,0.2664,0.6182,-0.4426
1636292201304,-9.4844,-1.9033,-4.5820,0.3440,0.5669,-0.4565
1636292201331,-8.9922,-1.4551,-4.3281,0.3662,0.4575,-0.5352
1636292201333,-8.6641,-1.4668,-3.8027,0.2759,0.4182,-0.6470
1636292201334,-8.8125,-1.8066,-3.5977,0.0514,0.5117,-0.6489
1636292201361,-9.0859,-2.2402,-3.4844,-0.2008,0.5801,-0.6245
1636292201363,-9.0156,-2.4238,-3.2422,-0.2815,0.5435,-0.6255
1636292201364,-8.8828,-2.2598,-3.6133,-0.1422,0.5522,-0.5913
1636292201391,-8.9453,-2.1758,-4.5508,0.0972,0.6533,-0.5405
1636292201393,-9.2031,-1.9482,-5.1797,0.1876,0.6797,-0.5034
1636292201394,-9.2578,-1.4932,-4.8828,0.1088,0.5713,-0.5010
1636292201421,-8.7266,-1.2129,-4.1055,0.0014,0.4375,-0.5479
1636292201423,-7.9570,-1.4531,-3.6523,-0.0635,0.3726,-0.5830
1636292201425,-7.7266,-1.9297,-3.3633,-0.1210,0.4321,-0.5308
1636292201451,-8.1719,-2.1230,-3.4648,-0.2135,0.5669,-0.4490
1636292201453,-8.8438,-2.2813,-3.8613,-0.2157,0.6577,-0.4075
1636292201455,-9.2109,-2.3594,-4.0938,-0.1284,0.6226,-0.3713
1636292201481,-9.0391,-1.8672,-4.2773,-0.0135,0.4854,-0.3330
1636292201483,-8.6172,-1.4102,-4.3750,0.0833,0.3650,-0.2883
1636292201485,-8.4063,-1.4648,-4.3047,0.0663,0.3416,-0.2861
1636292201511,-8.5469,-1.7354,-3.7676,-0.0475,0.3320,-0.3127
1636292201513,-8.6875,-1.8457,-3.7715,-0.1774,0.2969,-0.2734
1636292201517,-8.5156,-2.2637,-3.7988,-0.1486,0.2140,-0.2054
1636292201542,-8.0781,-2.3145,-3.8066,-0.0582,0.0884,-0.1746
1636292201544,-7.5391,-1.9648,-3.9629,0.0652,-0.0020,-0.1373
1636292201546,-7.1680,-1.8311,-3.9609,0.1482,-0.0276,-0.0947
1636292201570,-7.0352,-1.7686,-3.7285,0.1014,-0.0159,-0.1075
1636292201572,-7.3086,-2.0938,-3.5801,0.0259,0.0490,-0.1256
1636292201573,-7.9063,-2.8125,-3.8223,-0.0667,0.1671,-0.0788
1636292201601,-8.4453,-2.9121,-4.2852,-0.1422,0.1682,0.0223
1636292201602,-8.5781,-2.5469,-4.5625,-0.0454,0.0012,0.1021
1636292201603,-8.2891,-2.3984,-4.5820,0.1556,-0.1711,0.1531
1636292201634,-7.7891,-2.3281,-4.0234,0.2375,-0.3159,0.1713
1636292201635,-7.3086,-1.8096,-2.9297,0.1769,-0.4351,0.1765
1636292201637,-7.0352,-1.5176,-2.5195,0.1599,-0.3892,0.1871
1636292201662,-7.3828,-2.0918,-2.7617,0.2174,-0.1818,0.2180
1636292201664,-8.1406,-2.6250,-3.2949,0.2515,-0.0318,0.2319
1636292201667,-8.7734,-3.1992,-4.9844,0.2917,0.0022,0.2637
1636292201692,-9.2891,-4.0000,-7.1094,0.2651,-0.0063,0.3723
1636292201694,-9.6641,-3.5566,-7.5313,0.1237,-0.2020,0.4084
1636292201696,-9.3672,-2.2637,-6.0352,0.0801,-0.5532,0.3467
1636292201722,-8.4063,-1.7139,-3.9766,0.1248,-0.7427,0.2573
1636292201724,-7.3750,-1.8525,-2.4980,0.1344,-0.6968,0.1510
1636292201725,-6.8281,-2.2598,-2.3281,0.1344,-0.4924,0.0978
1636292201751,-6.9648,-2.8379,-2.5352,0.1908,-0.2446,0.1010
1636292201752,-7.3906,-3.2891,-2.5742,0.2737,-0.1116,0.0616
1636292201753,-7.4219,-4.0977,-3.0820,0.3770,-0.0350,0.0010
1636292201781,-7.2031,-4.8281,-5.2266,0.4089,0.0884,0.0287
1636292201782,-7.8750,-4.6484,-6.9375,0.3728,0.2332,0.1606
1636292201783,-9.2969,-2.6582,-6.6172,0.2556,0.2192,0.2722
1636292201815,-10.2656,-0.6582,-4.6914,0.1960,0.0065,0.2286
1636292201823,-9.9688,0.1173,-2.4180,0.1493,-0.2415,0.0563
1636292201825,-8.6406,-0.3494,-2.0742,0.1376,-0.3296,-0.1139
1636292201830,-7.3320,-2.0645,-2.9336,0.2249,-0.2052,-0.1554
1636292201839,-6.8750,-3.3301,-3.4063,0.3206,-0.0680,-0.1755
1636292201851,-7.0117,-4.1094,-4.0391,0.4673,0.1044,-0.1564
1636292201853,-7.4805,-4.6289,-5.0703,0.5630,0.3118,-0.0362
1636292201881,-8.2813,-3.9043,-6.1406,0.5576,0.3970,0.0957
1636292201883,-9.3203,-2.5371,-6.1602,0.5801,0.3298,0.1691
1636292201885,-9.9844,-1.6631,-5.0547,0.6133,0.1948,0.1478
1636292201912,-10.0469,-0.9956,-3.1016,0.6440,-0.0010,0.0170
1636292201914,-9.3594,-0.5693,-2.2324,0.6450,-0.1563,-0.0107
1636292201917,-8.2578,-1.4795,-3.3359,0.4951,-0.1691,0.1234
1636292201941,-7.4883,-2.8262,-3.8613,0.2067,-0.1680,0.0744
1636292201943,-7.0742,-3.0117,-3.5156,0.0003,-0.1765,-0.0256
1636292201945,-6.9102,-3.0684,-3.4395,0.0695,-0.0616,0.0691
1636292201971,-7.2344,-3.3945,-4.0117,0.2429,0.1660,0.1776
1636292201974,-8.1641,-3.1992,-4.7734,0.2333,0.3640,0.2415
1636292201976,-9.2969,-2.4941,-4.8281,0.0950,0.3650,0.3105
1636292202001,-9.7734,-1.5918,-4.3633,0.0003,0.1948,0.3010
1636292202003,-9.4375,-1.4482,-4.0625,0.0205,0.0320,0.2712
1636292202005,-8.6797,-2.0273,-3.6445,-0.0146,-0.0999,0.2457
1636292202031,-7.8828,-2.6660,-3.3164,-0.0826,-0.1637,0.2180
1636292202033,-7.4766,-3.0684,-3.0977,-0.0944,-0.1095,0.2637
1636292202035,-7.4023,-3.1738,-3.2559,-0.0167,-0.0201,0.3530
1636292202061,-7.6367,-3.1211,-4.1250,0.0706,0.0831,0.4490
1636292202063,-8.2500,-2.7520,-5.0742,0.0716,0.1682,0.5640
1636292202065,-9.0469,-2.0859,-5.8203,0.0131,0.1820,0.6724
1636292202091,-9.7578,-1.6465,-5.4414,-0.0518,0.0873,0.6958
1636292202093,-9.7891,-1.2852,-4.6172,-0.1188,-0.0712,0.6401
1636292202095,-9.3828,-1.2061,-3.8770,-0.1210,-0.2446,0.6416
1636292202121,-8.8750,-1.5703,-3.5371,-0.1082,-0.2532,0.6553
1636292202123,-8.5703,-2.0293,-3.3457,-0.1571,-0.1967,0.6416
1636292202125,-8.4219,-1.8740,-2.9375,-0.2827,-0.2329,0.6831
1636292202153,-8.2344,-1.5195,-2.9336,-0.2944,-0.2532,0.7139
1636292202157,-8.2344,-1.6396,-3.5313,-0.1869,-0.1754,0.6958
1636292202159,-8.5234,-1.9434,-4.1055,-0.0912,-0.1201,0.6807
1636292202181,-8.7969,-1.7979,-3.9707,-0.0359,-0.1393,0.6606
1636292202183,-8.7422,-1.5059,-3.3730,-0.0305,-0.2201,0.5732
1636292202185,-8.4844,-1.8887,-3.3008,-0.0954,-0.2457,0.4648
1636292202211,-8.5000,-2.8652,-3.1660,-0.2295,-0.1925,0.3691
1636292202213,-8.7031,-3.2871,-2.8789,-0.3081,-0.1212,0.2266
1636292202215,-8.8516,-3.0820,-2.9121,-0.2338,-0.1488,0.2117
1636292202241,-9.1016,-2.2656,-3.6328,-0.2040,-0.2117,0.1606
1636292202243,-9.4297,-2.2617,-3.6582,-0.2146,-0.2646,0.0851
1636292202245,-9.5781,-1.7998,-3.1914,-0.2220,-0.3606,-0.0011
1636292202271,-9.3047,-1.0693,-2.9434,-0.0997,-0.4744,-0.0724
1636292202273,-8.9219,-0.8760,-2.6543,0.0748,-0.5454,-0.1277
1636292202275,-8.6719,-0.9072,-2.4141,0.1674,-0.5562,-0.1841
1636292202303,-8.5469,-0.8569,-2.6465,0.1663,-0.5361,-0.1820
1636292202305,-8.5000,-0.9766,-3.0762,0.1674,-0.5298,-0.1681
1636292202306,-8.6484,-1.6973,-3.6719,0.1333,-0.5156,-0.1735
1636292202333,-8.9453,-2.7305,-4.1094,-0.0039,-0.4851,-0.1415
1636292202335,-9.2188,-2.5488,-3.9199,-0.1348,-0.5010,-0.0830
1636292202336,-9.0234,-1.4404,-3.5469,-0.0369,-0.5234,-0.0437
1636292202365,-8.5938,-0.6221,-3.2813,0.1780,-0.4797,-0.0469
1636292202367,-8.3438,-0.2607,-3.0762,0.2450,-0.4021,-0.0607
1636292202369,-8.1875,-0.1747,-3.0547,0.1812,-0.3254,-0.0607
1636292202393,-8.0469,-0.5122,-3.1660,0.2152,-0.2340,-0.1299
1636292202395,-8.3359,-1.3018,-4.0391,0.3003,-0.0722,-0.1575
1636292202396,-9.3594,-2.3789,-4.8711,0.2035,0.0576,-0.0362
1636292202423,-10.2578,-2.6309,-4.5859,-0.0497,-0.0169,0.0266
1636292202425,-10.0703,-2.0195,-3.5352,-0.1519,-0.2020,-0.0277
1636292202426,-9.0938,-1.5889,-2.4980,-0.0529,-0.2998,-0.0575
1636292202453,-8.4453,-1.5127,-1.8887,0.0088,-0.2499,-0.0309
1636292202455,-8.5078,-1.6396,-1.7451,-0.0114,-0.1296,-0.0001
1636292202456,-8.8594,-1.7979,-2.0625,-0.0156,-0.0435,0.0446
1636292202483,-9.0469,-1.7109,-2.5371,-0.0050,-0.0690,0.0904
1636292202485,-8.8984,-1.2949,-2.7266,0.0195,-0.1648,0.0808
1636292202487,-8.6328,-1.0166,-3.3398,0.0631,-0.1840,0.0701
1636292202513,-8.9297,-1.5557,-4.0195,0.0557,-0.0999,0.0989
1636292202515,-9.5234,-1.7949,-3.9785,-0.1124,-0.1021,0.0978
1636292202516,-9.6719,-1.7041,-3.4961,-0.2241,-0.1935,0.0638
1636292202543,-9.3750,-1.7832,-2.8340,-0.1901,-0.2627,0.0457
1636292202545,-9.1406,-1.6514,-2.1250,-0.1379,-0.2722,0.0659
1636292202546,-8.9453,-1.2373,-1.7686,-0.1018,-0.2393,0.1063
1636292202573,-8.7422,-1.3594,-1.9629,-0.0433,-0.1669,0.1191
1636292202575,-8.6875,-1.7021,-2.3984,0.0120,-0.0892,0.0840
1636292202577,-8.7422,-1.8115,-3.1465,0.0833,-0.0201,0.0818
1636292202602,-9.0547,-1.7402,-4.0273,0.1599,0.0458,0.1127
1636292202603,-9.6016,-1.5703,-4.5820,0.1599,0.0746,0.1287
1636292202604,-9.9766,-1.3926,-4.2383,0.0514,0.0182,0.0925
1636292202632,-9.8359,-1.3135,-3.4473,-0.0891,-0.0669,0.0170
1636292202633,-9.3438,-1.4912,-2.7070,-0.1923,-0.1021,-0.0330
1636292202634,-8.9219,-1.8623,-2.4199,-0.2124,-0.0446,-0.0384
1636292202662,-8.8281,-2.0625,-2.3281,-0.1337,0.0490,-0.0256
1636292202663,-8.7344,-1.9121,-2.2637,-0.0220,0.0948,-0.0277
1636292202664,-8.4922,-1.8066,-2.3379,0.1057,0.1054,-0.0564
1636292202693,-8.3203,-1.9990,-2.9512,0.1951,0.1660,-0.0788
1636292202695,-8.8672,-2.3477,-3.8203,0.1716,0.2842,-0.0724
1636292202696,-9.9375,-2.3867,-4.0430,0.0450,0.3447,-0.0586
1636292202723,-10.6094,-1.6826,-3.3633,-0.1104,0.2246,-0.0745
1636292202727,-10.1328,-0.8379,-2.6797,-0.1497,0.0437,-0.1235
1636292202731,-9.1328,-0.6582,-2.2109,-0.0975,-0.0627,-0.1671
1636292202745,-8.3359,-1.0098,-2.1172,-0.0188,-0.0520,-0.2075
1636292202750,-7.9688,-1.7852,-2.1582,0.0726,0.0416,-0.2341
1636292202763,-7.9219,-2.4492,-2.2852,0.1396,0.1353,-0.2595
1636292202768,-8.0547,-2.6738,-2.9414,0.1854,0.2374,-0.2617
1636292202793,-8.6719,-2.5723,-3.8340,0.1971,0.3704,-0.2373
1636292202798,-9.7109,-2.1328,-4.6367,0.0801,0.4800,-0.2054
1636292202809,-10.7109,-1.5244,-4.9492,-0.1294,0.4534,-0.1980
1636292202815,-10.9141,-1.2227,-4.2695,-0.2625,0.2937,-0.2798
1636292202828,-10.0156,-1.3164,-3.3984,-0.2487,0.1299,-0.3948
1636292202835,-8.7266,-1.7139,-2.8633,-0.1039,0.0884,-0.4363
1636292202839,-7.8750,-2.0684,-2.6836,0.0950,0.2023,-0.4426
1636292202862,-7.5078,-2.0215,-2.6113,0.2515,0.3469,-0.4661
1636292202866,-7.3398,-1.5439,-2.5781,0.3184,0.4299,-0.5332
1636292202870,-7.2734,-1.5586,-3.3848,0.3408,0.5503,-0.6201
1636292202888,-7.9961,-3.0156,-4.4648,0.1876,0.7959,-0.6362
1636292202892,-9.4297,-3.9941,-5.1758,-0.2688,0.9663,-0.5991
1636292202902,-10.5313,-3.7012,-5.2344,-0.6123,0.9331,-0.5371
1636292202906,-10.6328,-2.8848,-4.2852,-0.6357,0.7490,-0.4724
1636292202933,-9.4844,-1.7637,-3.2129,-0.4443,0.5352,-0.4768
1636292202940,-8.0391,-1.0127,-2.5918,-0.1752,0.4863,-0.5342
1636292202947,-7.1445,-0.8208,-2.4102,0.0365,0.6279,-0.5938
1636292202955,-6.8438,-0.5479,-2.0723,0.1514,0.7959,-0.6812
1636292202959,-6.7266,-0.1460,-3.1504,0.2715,0.9268,-0.8140
1636292202972,-7.2578,-2.2949,-4.9297,0.4460,1.1797,-0.9023
1636292202976,-8.8672,-5.1523,-6.1953,0.1078,1.4482,-0.8896
1636292203003,-10.5703,-5.5703,-6.8555,-0.4998,1.3711,-0.7588
1636292203008,-11.2891,-4.8789,-5.8359,-0.7104,0.9834,-0.5288
1636292203012,-10.3828,-3.3789,-3.8613,-0.5039,0.5488,-0.4033
1636292203023,-8.6641,-1.4004,-2.3516,-0.0539,0.3096,-0.4426
1636292203027,-7.4141,-0.4692,-2.2773,0.3196,0.3618,-0.4490
1636292203053,-7.0977,-0.9453,-3.0605,0.5107,0.5669,-0.4214
1636292203056,-7.7070,-1.9121,-4.1484,0.3843,0.7202,-0.4331
1636292203060,-8.6484,-2.7363,-4.7617,0.1259,0.6724,-0.4619
1636292203073,-9.1563,-3.4492,-4.5508,-0.0337,0.4001,-0.4426
1636292203076,-8.8750,-3.6094,-3.4824,-0.0752,0.0512,-0.3489
1636292203103,-8.0625,-2.8652,-2.5234,0.0173,-0.1935,-0.2352
1636292203106,-7.3789,-1.9893,-2.1074,0.2546,-0.2510,-0.1171
1636292203110,-7.1055,-1.5459,-2.2285,0.4258,-0.1957,-0.0256
1636292203124,-7.3516,-1.6250,-2.7539,0.4185,-0.1382,0.0127
1636292203127,-7.8984,-2.2070,-3.5918,0.2844,-0.1254,0.0393
1636292203170,-8.3438,-2.9375,-4.7539,0.0982,-0.1989,0.0829
1636292203173,-8.6250,-3.2246,-5.6484,-0.0316,-0.3872,0.1372
1636292203177,-8.6563,-3.2285,-5.9492,-0.0475,-0.6050,0.1914
1636292203181,-8.5469,-3.0781,-5.0234,-0.0146,-0.7627,0.2106
1636292203185,-8.1406,-2.5098,-3.4844,0.0344,-0.8809,0.1542
1636292203189,-7.5273,-2.1914,-2.7910,0.1631,-0.8657,0.1010
1636292203194,-7.2852,-2.6680,-2.8145,0.3003,-0.6499,0.1021
1636292203222,-7.5703,-3.1855,-3.3008,0.3162,-0.3818,0.0861
1636292203226,-8.0859,-3.5586,-4.2305,0.3130,-0.1882,0.0585
1636292203230,-8.2734,-4.0352,-5.4375,0.3152,-0.1105,0.0616
1636292203243,-8.1641,-4.2188,-6.8477,0.2397,-0.1339,0.0829
1636292203245,-8.1953,-3.8203,-7.2656,0.1003,-0.1851,0.1350
1636292203272,-8.3438,-2.9082,-6.2109,-0.0305,-0.2467,0.1298
1636292203275,-8.1563,-2.1055,-4.8047,-0.0369,-0.2169,-0.0458
1636292203277,-7.4063,-2.8711,-3.7500,-0.0380,-0.0531,-0.0543
1636292203302,-7.4961,-3.5215,-3.7969,-0.0720,0.1214,-0.0692
1636292203304,-7.8906,-3.8203,-3.8594,-0.0997,0.2427,-0.0575
1636292203306,-8.2969,-3.7402,-3.8828,-0.1582,0.2649,0.0106
1636292203332,-8.2813,-3.2559,-3.9902,-0.1923,0.1906,0.0127
1636292203335,-8.0000,-2.7500,-4.1563,-0.1390,0.1353,-0.0267
1636292203338,-8.0859,-2.4492,-4.3047,-0.0784,0.1511,-0.0203
1636292203363,-8.5469,-2.4414,-4.2344,-0.0656,0.1693,-0.0267
1636292203366,-8.8906,-2.6094,-3.8340,-0.1028,0.0969,-0.0767
1636292203370,-8.7969,-2.8145,-3.4746,-0.1231,-0.0510,-0.1149
1636292203393,-8.3516,-3.1504,-3.2793,-0.0859,-0.1743,-0.0926
1636292203396,-7.8281,-3.5527,-3.0547,-0.0337,-0.2467,-0.0724
1636292203400,-7.4922,-3.5879,-2.9395,0.0003,-0.2542,-0.0543
1636292203423,-7.4570,-3.3652,-3.0996,0.0354,-0.1754,0.0063
1636292203427,-7.6758,-3.1309,-3.5430,0.0748,-0.0712,0.0553
1636292203430,-7.9102,-2.8887,-4.1797,0.0929,-0.0159,0.0553
1636292203453,-8.1719,-2.6563,-4.8398,0.0812,0.0033,0.0648
1636292203456,-8.5938,-2.3281,-5.1602,0.0195,0.0065,0.0883
1636292203460,-8.9141,-2.1543,-5.0039,-0.0475,-0.0350,0.0510
1636292203483,-8.8203,-2.4121,-4.4805,-0.1061,-0.1212,-0.0128
1636292203486,-8.4141,-2.8633,-4.0000,-0.1646,-0.1851,-0.0373
1636292203490,-7.9648,-3.1855,-3.7813,-0.1677,-0.1637,-0.0288
1636292203513,-7.6914,-3.3047,-3.9160,-0.1050,-0.0722,0.0053
1636292203517,-7.7930,-3.3105,-4.1211,-0.0327,0.0256,0.0457
1636292203520,-8.1094,-3.1426,-4.2891,-0.0071,0.0831,0.0638
1636292203545,-8.3750,-2.9766,-4.3789,-0.0465,0.0895,0.0765
1636292203550,-8.3750,-2.7383,-4.2773,-0.1061,0.0437,0.0818
1636292203555,-8.1641,-2.6211,-4.2031,-0.1028,0.0001,0.0627
1636292203564,-7.9219,-2.7637,-4.1367,-0.0731,0.0139,0.0478
1636292203569,-7.8711,-2.9082,-4.0234,-0.0742,0.0522,0.0425
1636292203600,-8.0313,-2.8457,-3.9785,-0.1135,0.0809,0.0404
1636292203603,-8.2500,-2.9316,-3.9043,-0.1327,0.0873,0.0180
1636292203605,-8.3828,-3.2266,-3.8027,-0.1444,0.0586,-0.0043
1636292203612,-8.4141,-3.4648,-3.7129,-0.1603,0.0076,0.0138
1636292203615,-8.3984,-3.3164,-3.6426,-0.1284,-0.0542,0.0500
1636292203649,-8.3359,-2.9707,-3.4824,-0.0199,-0.1127,0.0787
1636292203650,-8.1875,-2.5801,-3.2715,0.0950,-0.1669,0.0925
1636292203651,-8.0000,-2.2969,-3.1523,0.1428,-0.2042,0.0893
1636292203674,-7.9102,-2.2715,-3.4746,0.1174,-0.1892,0.0797
1636292203675,-8.0781,-2.5918,-3.8887,0.0280,-0.1531,0.0787
1636292203680,-8.3281,-2.8496,-4.0508,-0.0965,-0.1786,0.0691
1636292203703,-8.4531,-2.9824,-3.9258,-0.1646,-0.2786,0.0681
1636292203704,-8.4688,-3.0273,-3.5625,-0.1571,-0.3809,0.1127
1636292203709,-8.3672,-2.8223,-3.3105,-0.1071,-0.4500,0.1733
1636292203737,-8.2500,-2.5684,-3.1855,-0.0380,-0.4893,0.2245
1636292203738,-8.2109,-2.2285,-3.0879,0.0025,-0.5063,0.2659
1636292203740,-8.2500,-1.8857,-3.1914,0.0099,-0.5039,0.2957
1636292203764,-8.3984,-1.9697,-3.5586,0.0088,-0.4658,0.2871
1636292203765,-8.5859,-2.4219,-3.9258,-0.0114,-0.4224,0.2627
1636292203766,-8.7344,-2.8008,-4.1250,-0.0699,-0.4265,0.2605
1636292203794,-8.7422,-2.9219,-4.1250,-0.0975,-0.4734,0.2883
1636292203795,-8.6328,-2.7520,-3.9668,-0.0752,-0.5073,0.3232
1636292203797,-8.5859,-2.5156,-3.8809,-0.0433,-0.5093,0.3564
1636292203824,-8.6016,-2.3594,-3.8633,-0.0465,-0.4883,0.3777
1636292203825,-8.6094,-2.1973,-3.7559,-0.0582,-0.4756,0.3840
1636292203826,-8.5156,-2.1797,-3.6523,-0.0571,-0.4744,0.3660
1636292203854,-8.4297,-2.3184,-3.5527,-0.0859,-0.4585,0.3574
1636292203856,-8.4688,-2.4531,-3.3984,-0.1368,-0.4265,0.3564
1636292203857,-8.5547,-2.5352,-3.2832,-0.1720,-0.3892,0.3511
1636292203884,-8.6797,-2.5898,-3.1953,-0.1923,-0.3628,0.3530
1636292203885,-8.8203,-2.5703,-3.1309,-0.2146,-0.3594,0.3723
1636292203886,-8.9453,-2.5156,-2.9941,-0.2040,-0.3647,0.3831
1636292203915,-8.9297,-2.3340,-3.0547,-0.1497,-0.3562,0.3840
1636292203917,-8.9375,-2.0742,-3.2129,-0.0848,-0.3511,0.3945
1636292203919,-9.0000,-1.7666,-3.3223,-0.0593,-0.3521,0.3999
1636292203945,-9.0625,-1.6758,-3.3730,-0.0486,-0.3530,0.3765
1636292203947,-9.1406,-1.8984,-3.4141,-0.0454,-0.3413,0.3403
1636292203949,-9.2578,-2.1855,-3.4922,-0.0848,-0.3296,0.3286
1636292203975,-9.1953,-2.3887,-3.3164,-0.1146,-0.3552,0.3191
1636292203977,-8.9922,-2.3770,-3.0820,-0.0922,-0.3850,0.3074
1636292203979,-8.8906,-2.3086,-2.8066,-0.0337,-0.3701,0.3083
1636292204005,-8.9141,-2.2656,-2.7813,0.0142,-0.2988,0.3127
1636292204007,-8.9766,-2.2910,-2.9316,0.0216,-0.2191,0.2947
1636292204009,-8.9688,-2.2559,-3.1250,0.0237,-0.1691,0.2426
1636292204035,-8.9063,-2.2422,-3.2305,0.0461,-0.1137,0.1957
1636292204037,-8.9219,-2.2656,-3.4219,0.0737,-0.0435,0.1595
1636292204039,-8.9688,-2.2168,-3.5488,0.0726,0.0193,0.1159
1636292204065,-9.0391,-2.0645,-3.5527,0.0344,0.0427,0.0744
1636292204067,-9.0625,-2.0059,-3.3672,-0.0135,0.0341,0.0436
1636292204069,-9.0469,-2.0684,-3.1387,-0.0720,0.0246,0.0106
1636292204096,-9.0547,-2.1875,-2.9004,-0.1348,0.0182,-0.0064
1636292204097,-9.0781,-2.2480,-2.6328,-0.1465,-0.0042,-0.0107
1636292204099,-9.1797,-2.1484,-2.2852,-0.1018,0.0033,-0.0064
1636292204126,-9.1719,-2.0898,-2.1426,-0.0273,0.0033,0.0031
1636292204128,-9.0547,-1.9844,-2.3027,0.0450,0.0033,-0.0086
1636292204129,-8.9453,-1.8428,-2.6328,0.1131,0.0118,-0.0267
1636292204156,-9.0469,-1.8193,-3.1289,0.1354,0.0363,-0.0245
1636292204158,-9.2422,-1.8311,-3.5039,0.0876,0.0373,-0.0447
1636292204159,-9.3359,-1.8330,-3.3418,0.0120,-0.0190,-0.1000
1636292204186,-9.1953,-1.9219,-3.1406,-0.0497,-0.0818,-0.1415
1636292204188,-8.9688,-2.1895,-2.8340,-0.0731,-0.1021,-0.1575
1636292204189,-8.9219,-2.1855,-2.5293,-0.0795,-0.0956,-0.1586
1636292204216,-8.9922,-2.0000,-2.2930,-0.0422,-0.0754,-0.1458
1636292204218,-8.9844,-1.9004,-2.2500,0.0205,-0.0690,-0.1489
1636292204220,-8.9063,-1.8955,-2.2637,0.0557,-0.0914,-0.1649
1636292204246,-8.8438,-1.8887,-2.2559,0.0610,-0.1180,-0.1714
1636292204248,-8.8359,-1.9268,-2.4648,0.0748,-0.1116,-0.1755
1636292204250,-8.9375,-2.0332,-2.8027,0.0695,-0.0925,-0.1628
1636292204276,-9.0625,-2.0000,-3.0020,0.0269,-0.1095,-0.1437
1636292204278,-9.0547,-1.7041,-2.9824,-0.0071,-0.1851,-0.1458
1636292204280,-9.0938,-1.7998,-2.7852,-0.0241,-0.1808,-0.1500
1636292204306,-9.2656,-1.8691,-2.7305,-0.0508,-0.1563,-0.1309
1636292204308,-9.4063,-1.9248,-2.7969,-0.0443,-0.1425,-0.1182
1636292204310,-9.3047,-1.9629,-2.7148,-0.0284,-0.1743,-0.1309
1636292204336,-9.0078,-2.0410,-2.5840,-0.0210,-0.2137,-0.1373
1636292204338,-8.7188,-2.1543,-2.5098,0.0078,-0.2052,-0.1309
1636292204340,-8.6328,-2.1543,-2.5938,0.0503,-0.1542,-0.1171
1636292204366,-8.7734,-2.1328,-2.8281,0.0790,-0.0882,-0.0969
1636292204368,-9.0547,-2.1680,-2.9922,0.0631,-0.0424,-0.0884
1636292204370,-9.2813,-2.1543,-3.0703,0.0227,-0.0350,-0.0979
1636292204396,-9.3125,-2.0586,-3.0449,0.0131,-0.0424,-0.1256
1636292204398,-9.1250,-2.1582,-3.1934,0.0227,-0.0180,-0.1426
1636292204400,-9.0078,-2.3867,-3.1172,0.0195,0.0278,-0.1681
1636292204426,-9.0156,-2.5391,-2.9629,0.0163,0.0842,-0.2054
1636292204428,-9.0547,-2.4824,-2.9824,0.0354,0.1576,-0.2118
1636292204430,-9.1250,-2.4219,-3.1113,0.0652,0.2203,-0.1980
1636292204457,-9.0391,-2.2715,-3.1074,0.0567,0.2374,-0.2235
1636292204458,-8.6953,-2.1758,-2.8848,0.0365,0.2438,-0.2810
1636292204460,-8.1641,-2.1523,-2.5664,0.0546,0.2915,-0.3735
1636292204487,-7.8398,-2.3672,-2.8477,0.1099,0.4426,-0.4480
1636292204489,-8.2031,-2.8164,-3.3906,0.1035,0.6641,-0.4683
1636292204490,-8.9766,-3.0059,-3.8711,-0.0316,0.8013,-0.4937
1636292204517,-9.5391,-3.0781,-4.2383,-0.2103,0.8032,-0.5000
1636292204519,-9.7969,-3.2148,-4.4023,-0.3708,0.7319,-0.4756
1636292204520,-9.8672,-3.0996,-3.8750,-0.4529,0.6318,-0.4724
1636292204547,-9.6797,-2.4336,-3.1738,-0.4199,0.5415,-0.4683
1636292204549,-9.2422,-1.7715,-2.5410,-0.2815,0.4873,-0.4629
1636292204550,-8.6484,-1.4697,-2.2383,-0.1157,0.4724,-0.5254
1636292204577,-8.2422,-1.9199,-2.5586,0.0312,0.5415,-0.6245
1636292204579,-8.3750,-2.9805,-3.1309,0.0493,0.6733,-0.6670
1636292204580,-8.8828,-3.7539,-3.7188,-0.0826,0.7236,-0.6489
1636292204607,-9.1953,-4.1797,-4.0078,-0.1837,0.6460,-0.5947
1636292204609,-9.0703,-4.2148,-3.9473,-0.1934,0.5073,-0.5161
1636292204610,-8.5703,-3.4902,-3.4219,-0.1560,0.3672,-0.4214
1636292204637,-7.9727,-2.1973,-2.9609,-0.1008,0.2693,-0.3564
1636292204639,-7.6094,-1.4268,-2.9297,-0.0273,0.2937,-0.3457
1636292204641,-7.7383,-1.5225,-2.9590,-0.0646,0.4141,-0.3704
1636292204667,-8.0078,-2.0059,-3.2559,-0.2507,0.4895,-0.4119
1636292204669,-8.2031,-2.6270,-3.7188,-0.3784,0.4607,-0.4268
1636292204670,-8.2188,-3.2051,-3.8555,-0.3359,0.3660,-0.4119
1636292204697,-8.1016,-3.4531,-3.9102,-0.1869,0.2681,-0.3755
1636292204699,-8.1094,-3.4180,-3.7461,-0.0571,0.2161,-0.2979
1636292204700,-8.2344,-3.1309,-3.4629,-0.0263,0.1863,-0.2256
1636292204727,-8.2578,-2.6445,-3.0645,-0.0837,0.1310,-0.1980
1636292204729,-8.1094,-2.4629,-3.0430,-0.1433,0.0746,-0.1884
1636292204731,-7.9609,-2.6777,-3.1563,-0.2083,0.0427,-0.1586
1636292204757,-7.8711,-2.8340,-3.1426,-0.2656,-0.0073,-0.1373
1636292204759,-7.8125,-2.8672,-3.0391,-0.2517,-0.0765,-0.1054
1636292204760,-7.8359,-2.7832,-3.0352,-0.1965,-0.1223,-0.0362
1636292204786,-8.0391,-2.6875,-3.2402,-0.1273,-0.1445,0.0276
1636292204788,-8.3125,-2.6484,-3.4102,-0.0891,-0.1584,0.0553
1636292204789,-8.5156,-2.6191,-3.5742,-0.0603,-0.1860,0.0468
1636292204816,-8.6016,-2.9297,-4.1445,0.0025,-0.1851,0.0797
1636292204817,-8.6250,-3.2715,-4.6797,0.0110,-0.1871,0.1425
1636292204819,-8.5234,-3.2617,-4.6680,0.0078,-0.2605,0.1584
1636292204846,-8.2734,-2.9336,-4.2773,0.0227,-0.3457,0.1862
1636292204849,-7.9688,-2.5703,-3.9473,0.0184,-0.3562,0.2383
1636292204850,-7.7813,-2.4863,-3.7988,0.0078,-0.2935,0.2383
1636292204878,-7.8320,-2.8027,-3.7461,-0.0263,-0.1808,0.2137
1636292204880,-8.0078,-3.1309,-3.3359,-0.0709,-0.1074,0.1882
1636292204881,-8.1563,-3.0117,-2.8145,-0.0561,-0.1127,0.1755
1636292204908,-8.1328,-2.9746,-2.9551,0.0535,-0.0882,0.1946
1636292204909,-8.2266,-3.3477,-3.8652,0.1387,0.0129,0.2137
1636292204910,-8.6328,-3.4512,-4.8164,0.0950,0.0703,0.2159
1636292204936,-9.1172,-3.2617,-5.1484,0.0195,-0.0010,0.1979
1636292204939,-9.2891,-3.0703,-5.0391,-0.0029,-0.1499,0.1595
1636292204942,-8.9766,-3.0176,-4.5000,0.0407,-0.2849,0.1202
1636292204966,-8.4297,-3.0449,-3.7539,0.1205,-0.3628,0.0787
1636292204969,-7.9102,-3.0020,-2.9609,0.1971,-0.3552,0.0521
1636292204972,-7.5977,-2.8496,-2.7402,0.1886,-0.2361,0.0659
1636292204996,-7.5391,-2.7891,-2.8145,0.1439,-0.0659,0.0553
1636292204999,-7.5859,-3.0195,-3.1230,0.0822,0.0554,-0.0043
1636292205002,-7.7148,-3.5898,-3.8535,-0.0029,0.1554,-0.0171
1636292205027,-8.0469,-3.8926,-4.7344,-0.0837,0.2352,0.0170
1636292205031,-8.6094,-3.5879,-5.2266,-0.0720,0.2469,0.0755
1636292205034,-9.2109,-2.9609,-4.9180,0.0184,0.1746,0.1096
1636292205046,-9.4531,-2.2324,-4.1719,0.0876,0.0576,0.1021
1636292205050,-9.2422,-1.7813,-3.4512,0.1067,-0.0435,0.0787
1636292205076,-8.6641,-1.9199,-3.1973,0.0918,-0.0722,0.0351
1636292205080,-8.1797,-2.4023,-3.0195,0.0706,-0.0286,-0.0256
1636292205083,-7.8828,-2.8242,-3.4434,0.0748,0.0799,-0.0405
1636292205106,-7.8555,-3.4004,-3.9570,0.1248,0.1852,-0.0064
1636292205110,-7.8906,-3.8438,-4.4102,0.1396,0.1937,0.0191
1636292205113,-8.0234,-3.9512,-4.3945,0.0929,0.1554,0.0776
1636292205137,-8.1641,-3.3301,-3.9355,0.0046,0.1204,0.1531
1636292205140,-8.2109,-2.5840,-3.4941,-0.0135,0.1054,0.1819
1636292205143,-8.2500,-2.1250,-3.1602,-0.0124,0.1394,0.1702
1636292205167,-8.2891,-2.0156,-3.4883,-0.0412,0.2086,0.1393
1636292205170,-8.5469,-2.3398,-4.0820,-0.0231,0.2778,0.1085
1636292205173,-8.8750,-2.7949,-4.3945,0.0014,0.2947,0.0904
1636292205197,-9.0234,-3.0273,-4.3242,0.0152,0.2118,0.0925
1636292205200,-8.7891,-2.9844,-4.0469,0.0131,0.0724,0.1202
1636292205203,-8.3203,-2.7930,-3.5625,0.0067,-0.0212,0.1573
1636292205227,-7.9023,-2.4707,-3.1133,-0.0337,-0.0414,0.1722
1636292205230,-7.6758,-2.2813,-3.0547,-0.0486,0.0107,0.1722
1636292205233,-7.8086,-2.4355,-3.2773,-0.0146,0.1224,0.1882
1636292205257,-8.2578,-2.5039,-3.5547,0.0056,0.2118,0.2031
1636292205260,-8.6094,-2.3770,-4.0234,0.0429,0.2341,0.2329
1636292205263,-8.7031,-2.3926,-4.5742,0.0291,0.0767,0.2979
1636292205287,-8.5625,-2.3242,-4.1680,-0.1241,-0.0467,0.3074
1636292205290,-8.3828,-2.1582,-3.4004,-0.2913,-0.1339,0.3267
1636292205293,-8.2422,-2.0117,-2.7949,-0.3433,-0.1637,0.3457
1636292205317,-8.2891,-1.9268,-2.5605,-0.2666,-0.1201,0.3809
1636292205320,-8.4297,-1.9941,-3.1348,-0.0901,-0.0265,0.4233
1636292205323,-8.7266,-2.2383,-4.0000,0.0854,0.0458,0.4756
1636292205347,-9.0781,-2.3145,-4.5820,0.1344,0.0203,0.5254
1636292205350,-9.1641,-2.0254,-5.0430,0.0844,-0.0616,0.5508
1636292205353,-9.0313,-1.7500,-5.0625,-0.0156,-0.1467,0.5562
1636292205377,-8.8750,-1.5752,-4.6758,-0.1859,-0.2244,0.5405
1636292205380,-8.8047,-1.4795,-4.1875,-0.3752,-0.2499,0.5146
1636292205383,-8.8125,-1.7979,-3.8223,-0.4944,-0.2158,0.4927
1636292205407,-8.7422,-2.2383,-3.4629,-0.6060,-0.1957,0.4778
1636292205410,-8.5469,-2.4023,-3.2246,-0.6382,-0.2063,0.4778
1636292205413,-8.2578,-2.3086,-3.5352,-0.5005,-0.1914,0.5054
1636292205437,-8.2969,-1.9912,-4.2695,-0.2773,-0.1371,0.5596
1636292205440,-8.8672,-1.5771,-4.2383,-0.1550,-0.1350,0.5967
1636292205443,-9.4922,-1.2617,-3.8184,-0.2167,-0.2020,0.5640
1636292205467,-9.8438,-1.4883,-3.7012,-0.3762,-0.2415,0.5298
1636292205471,-9.7813,-1.9775,-3.1934,-0.5083,-0.2700,0.4978
1636292205474,-9.1641,-1.9893,-3.0371,-0.4614,-0.3296,0.4585
1636292205497,-8.3047,-1.9053,-3.6055,-0.1869,-0.3286,0.5127
1636292205500,-7.7617,-2.1777,-3.8105,0.0865,-0.2881,0.5742
1636292205504,-7.5859,-2.2520,-3.7813,0.1163,-0.2415,0.5776
1636292205527,-7.8789,-2.0996,-3.9043,0.0046,-0.1296,0.5640
1636292205530,-8.6719,-1.9248,-3.8105,-0.0901,0.0193,0.5703
1636292205534,-9.4063,-1.4697,-3.7285,-0.1454,0.0735,0.5977
1636292205557,-9.7188,-0.7397,-4.3711,-0.1379,0.0512,0.6255
1636292205560,-9.7500,-0.2920,-3.7402,-0.0486,-0.0956,0.6362
1636292205564,-9.2031,-0.0551,-2.9336,-0.0508,-0.2542,0.5649
1636292205588,-8.6016,-0.6079,-2.5410,-0.0635,-0.2595,0.4670
1636292205591,-8.5156,-1.4717,-2.9102,-0.1220,-0.1339,0.4512
1636292205595,-8.9609,-1.9385,-3.6641,-0.1625,-0.0297,0.4927
1636292205607,-9.3516,-1.8887,-4.5039,-0.0518,-0.0382,0.5391
1636292205611,-9.4688,-1.7139,-4.4805,0.0620,-0.1371,0.5938
1636292205637,-9.0859,-1.1611,-3.6016,0.0333,-0.2861,0.5767
1636292205641,-8.4063,-0.6895,-2.7070,-0.0475,-0.3296,0.5156
1636292205644,-7.8320,-0.8018,-2.0840,-0.0369,-0.2712,0.4436
1636292205668,-7.5938,-1.2158,-1.7998,0.0461,-0.1648,0.3882
1636292205671,-7.7109,-1.5361,-2.4922,0.1270,-0.0297,0.3958
1636292205674,-8.2422,-1.5820,-3.1992,0.2333,0.0618,0.4382
1636292205698,-9.0938,-0.8906,-4.0977,0.2418,0.1405,0.4521
1636292205701,-9.9297,-0.3159,-4.5547,0.1918,0.1022,0.4329
1636292205704,-10.2734,-0.6870,-4.5703,0.0844,0.0118,0.3308
1636292205728,-10.1172,-1.3379,-4.2031,-0.1220,-0.0605,0.1776
1636292205731,-9.5078,-1.6895,-4.0977,-0.2135,-0.1191,0.0797
1636292205734,-8.9766,-1.9268,-3.7676,-0.0986,-0.1382,0.0776
1636292205758,-8.6719,-1.7617,-3.2676,0.0759,-0.0882,0.0627
1636292205761,-8.4922,-1.3018,-3.0684,0.2269,-0.0190,0.0297
1636292205764,-8.4531,-0.8735,-3.2715,0.2908,0.0246,0.0010
1636292205788,-8.6875,-0.4619,-3.6387,0.2301,0.0767,-0.0586
1636292205791,-9.1875,-0.3687,-3.6719,0.1174,0.1129,-0.1681
1636292205794,-9.5625,-0.7876,-3.5586,0.0344,0.1097,-0.2766
1636292205818,-9.6328,-1.2734,-3.3535,0.0046,0.0639,-0.3489
1636292205821,-9.4531,-1.3955,-3.3945,0.0567,0.0129,-0.3533
1636292205824,-9.1953,-1.4551,-3.3906,0.1652,-0.0414,-0.3149
1636292205852,-8.8281,-1.1680,-3.1738,0.2258,-0.0829,-0.3225
1636292205853,-8.5391,-0.7803,-2.8242,0.2375,-0.0967,-0.3362
1636292205855,-8.3516,-0.5195,-2.8574,0.1918,-0.0892,-0.3267
1636292205884,-8.4219,-0.3398,-3.0898,0.1142,-0.0478,-0.3235
1636292205888,-8.7422,-0.2297,-3.3457,0.0557,0.0065,-0.3308
1636292205902,-9.1172,-0.4595,-3.7676,0.0301,0.0352,-0.3257
1636292205917,-9.4531,-1.0342,-3.8809,0.0439,0.0405,-0.3394
1636292205935,-9.4375,-1.2393,-3.9590,0.0439,0.0107,-0.3289
1636292205940,-9.0859,-0.9932,-3.8457,0.1174,-0.0552,-0.2893
1636292205958,-8.6094,-0.7251,-3.4746,0.1876,-0.0914,-0.2500
1636292205962,-8.3359,-0.7300,-3.3223,0.1428,-0.0361,-0.2510
1636292205966,-8.4844,-1.0625,-3.2070,0.0291,0.0746,-0.2915
1636292205971,-8.8594,-1.3613,-3.3008,-0.0731,0.1565,-0.2830
1636292205999,-9.1484,-1.4863,-3.6309,-0.0646,0.1639,-0.2395
1636292206009,-9.1094,-1.2441,-3.9180,0.0205,0.1171,-0.2075
1636292206014,-8.8750,-0.6895,-3.9277,0.1311,0.0789,-0.1884
1636292206034,-8.4922,-0.3662,-3.7441,0.2397,0.0778,-0.2161
1636292206049,-8.1094,-0.6055,-3.6230,0.2993,0.1437,-0.2915
1636292206052,-8.1953,-1.2061,-3.2461,0.2981,0.2661,-0.3723
1636292206065,-8.7891,-1.6660,-2.9590,0.1503,0.3906,-0.3704
1636292206069,-9.1953,-1.8428,-3.0078,-0.0826,0.4204,-0.3618
1636292206073,-9.1016,-2.2695,-3.3477,-0.1508,0.3906,-0.4448
1636292206076,-8.7188,-2.8574,-3.5059,-0.1294,0.3618,-0.5098
1636292206083,-8.2578,-2.6055,-3.7676,-0.0593,0.3384,-0.5552
1636292206088,-8.2188,-2.2695,-4.0625,0.1642,0.3948,-0.5679
1636292206114,-8.5703,-2.2344,-4.0195,0.3535,0.5098,-0.6211
1636292206131,-8.7891,-2.0547,-4.1484,0.3345,0.5811,-0.7310
1636292206136,-8.9453,-2.1563,-3.9063,0.2727,0.5830,-0.8193
1636292206140,-9.0547,-2.2090,-3.5586,0.2078,0.6011,-0.8438
1636292206149,-9.2422,-1.7207,-3.6523,0.1769,0.6479,-0.8447
1636292206164,-9.4375,-1.3760,-4.3164,0.2813,0.7085,-0.8374
1636292206180,-9.4375,-1.5225,-4.5859,0.3611,0.6904,-0.8584
1636292206184,-8.8984,-1.8838,-5.1250,0.3577,0.6172,-0.9727
1636292206213,-8.2500,-3.1914,-6.0625,0.3428,0.6450,-1.0488
1636292206217,-8.2031,-4.1758,-6.1133,0.1610,0.7319,-1.0244
1636292206222,-8.4922,-3.3262,-5.4336,-0.1008,0.7310,-0.9141
1636292206226,-8.5938,-2.3184,-4.2539,-0.1273,0.6396,-0.8032
1636292206246,-8.3906,-1.6846,-2.8242,-0.0231,0.5903,-0.8076
1636292206264,-8.0234,-1.0938,-2.6855,0.0790,0.6660,-0.8428
1636292206281,-7.8711,-1.2686,-3.5527,0.2493,0.8257,-0.7832
1636292206295,-8.0391,-1.6494,-4.5859,0.3567,0.9238,-0.7407
1636292206314,-8.2656,-2.0195,-5.2305,0.3621,0.8896,-0.7627
1636292206330,-8.3984,-2.6543,-5.2500,0.2355,0.7651,-0.7544
1636292206345,-8.4063,-3.1191,-4.9375,-0.0220,0.6343,-0.6860
1636292206378,-8.2422,-2.9219,-4.5195,-0.2646,0.5254,-0.5840
1636292206382,-7.8242,-2.6523,-4.2461,-0.2764,0.4182,-0.4968
1636292206394,-7.5352,-2.4219,-4.0195,0.0142,0.3809,-0.3704
1636292206411,-7.4961,-2.5195,-4.5625,0.1407,0.4160,-0.2959
1636292206414,-7.5234,-2.7715,-4.9531,0.1823,0.3523,-0.2479
1636292206427,-7.5859,-2.9277,-5.3359,0.0972,0.2224,-0.1841
1636292206444,-7.7227,-3.6016,-5.8984,-0.0422,0.1353,-0.0767
1636292206460,-8.1328,-4.3789,-5.8867,-0.2369,0.0693,-0.0001
1636292206478,-8.4453,-3.9551,-4.9141,-0.4221,-0.0712,0.0861
1636292206493,-8.2891,-2.2617,-3.4434,-0.3677,-0.2798,0.2148
1636292206497,-7.6914,-1.0166,-3.1953,0.0120,-0.3765,0.2754
1636292206501,-7.2930,-1.5508,-4.0352,0.4207,-0.2126,0.2551
1636292206506,-7.5234,-2.5488,-5.0820,0.3652,0.0065,0.2148
1636292206510,-8.0625,-2.7324,-5.5078,-0.0220,-0.0169,0.2031
1636292206513,-8.1641,-2.6758,-4.7773,-0.2498,-0.2605,0.1851
1636292206517,-7.6250,-2.5684,-3.9355,-0.2198,-0.4404,0.1670
1636292206521,-7.1289,-2.5410,-3.6973,-0.0508,-0.4075,0.2031
1636292206540,-7.1797,-2.4668,-3.4082,0.1003,-0.2798,0.2681
1636292206544,-7.3242,-2.4141,-3.8359,0.2206,-0.1573,0.2532
1636292206548,-7.4961,-3.3262,-5.0977,0.3428,-0.0286,0.2170
1636292206552,-8.0156,-4.0625,-6.0898,0.2078,0.0352,0.2255
1636292206556,-8.6016,-3.6738,-6.2891,-0.0061,-0.0584,0.2329
1636292206562,-8.7109,-3.2031,-6.0117,-0.0443,-0.2255,0.2180
1636292206566,-8.4609,-3.0820,-4.9883,-0.0082,-0.3521,0.1659
1636292206575,-7.9570,-2.5723,-4.0547,-0.0018,-0.4031,0.0851
1636292206579,-7.5391,-2.5781,-3.9688,0.1567,-0.3083,0.0319
1636292206594,-7.5625,-3.2559,-4.3828,0.3408,-0.1010,0.0053
1636292206598,-7.8828,-3.5352,-4.8242,0.3611,-0.0010,-0.0096
1636292206625,-7.8945,-3.4590,-4.7930,0.3025,-0.1137,-0.0203
1636292206639,-7.4570,-3.5234,-4.5469,0.2632,-0.2478,-0.0500
1636292206655,-7.0625,-3.6426,-4.7852,0.2344,-0.2318,-0.0671
1636292206660,-7.1836,-3.7871,-5.2227,0.2227,-0.1201,-0.0298
1636292206676,-7.7813,-3.3398,-5.0352,0.2003,-0.0563,0.0223
1636292206680,-8.3516,-2.4297,-4.2461,0.2578,-0.1148,0.0170
1636292206707,-8.3203,-2.1992,-3.8223,0.4121,-0.2158,-0.0277
1636292206725,-7.9141,-2.8008,-3.9590,0.4939,-0.2532,-0.0564
1636292206740,-7.6875,-3.3477,-4.0938,0.4473,-0.2329,-0.0947
1636292206756,-7.6719,-3.4746,-4.0977,0.4504,-0.1925,-0.1203
1636292206789,-7.8164,-3.3965,-4.1094,0.5962,-0.1371,-0.1139
1636292206806,-8.0391,-3.1719,-3.9824,0.8013,-0.0872,-0.1096
1636292206822,-8.1016,-2.8418,-3.9199,0.9897,-0.0382,-0.1213
1636292206839,-7.8633,-2.9453,-4.1523,1.1309,0.0299,-0.1437
1636292206855,-7.3633,-3.8340,-4.4766,1.1641,0.0842,-0.2075
1636292206872,-6.7578,-4.7148,-4.6367,1.0264,0.1001,-0.2585
1636292206888,-6.3359,-4.9766,-4.6406,0.8154,0.1416,-0.2341
1636292206892,-6.2070,-4.9805,-4.6406,0.6665,0.2267,-0.1926
1636292206905,-6.3359,-4.9609,-4.5625,0.5068,0.3076,-0.2054
1636292206908,-6.6406,-4.6172,-4.6484,0.2737,0.3545,-0.2256
1636292206912,-7.0352,-4.1445,-4.6914,0.0812,0.3374,-0.2181
1636292206938,-7.3398,-3.7148,-4.7148,-0.0178,0.2756,-0.2245
1636292206954,-7.6445,-3.4355,-4.8594,-0.0337,0.1937,-0.2576
1636292206960,-7.8359,-3.3672,-4.5273,-0.0103,0.0565,-0.3149
1636292206964,-7.6992,-3.5762,-4.5625,-0.0848,-0.1137,-0.4055
1636292206968,-7.4180,-3.9570,-4.8164,-0.2634,-0.2095,-0.4534
1636292206971,-7.2852,-4.2305,-5.0586,-0.4849,-0.1722,-0.4692
1636292206987,-7.3086,-4.4844,-5.6094,-0.6133,-0.0797,-0.5513
1636292206992,-7.6445,-4.7969,-5.5586,-0.6382,-0.0010,-0.6523
1636292206996,-7.8906,-5.2813,-4.8086,-0.6177,0.0076,-0.7778
1636292207000,-7.7773,-6.5352,-3.8750,-0.2274,0.0012,-0.9854
1636292207003,-6.9688,-5.9023,-1.3135,0.2089,-0.1169,-1.0117
1636292207007,-4.4844,-3.9160,-1.7734,0.6621,-0.3606,-0.9482
1636292207011,-2.7422,-4.3398,-1.6660,1.4961,-0.1786,-1.2256
1636292207014,-2.7402,-5.3906,-3.3477,2.4297,0.3596,-1.5215
1636292207018,-4.3398,-6.4023,-5.4141,3.2012,0.5820,-1.5332
1636292207021,-6.4375,-7.0039,-6.9102,3.2578,0.4980,-1.5576
1636292207025,-8.3125,-7.4063,-8.1328,2.7891,0.2043,-1.6494
1636292207029,-9.0703,-8.8750,-7.7695,2.5723,-0.3074,-1.7217
1636292207032,-8.5703,-9.8203,-6.2969,2.8027,-0.8457,-1.7881
1636292207036,-7.7344,-9.9844,-5.1992,3.4766,-1.1123,-1.7422
1636292207040,-7.7031,-9.6641,-4.5547,4.2695,-1.1592,-1.5977
1636292207043,-8.3047,-9.2188,-4.5547,5.0391,-1.1611,-1.4951
1636292207048,-9.0625,-8.5781,-4.4492,5.7109,-1.2588,-1.4316
1636292207052,-9.6016,-7.7344,-4.3008,6.2891,-1.4883,-1.3906
1636292207055,-9.7891,-6.3125,-4.4531,6.6445,-1.7500,-1.3115
1636292207059,-9.9141,-4.5625,-3.6309,6.6484,-2.0195,-1.1768
1636292207062,-9.7266,-3.4277,-2.1641,6.3555,-2.3496,-1.0283
1636292207066,-9.1094,-3.5430,-0.4954,5.9453,-2.7012,-0.8770
1636292207069,-8.3359,-4.5430,1.1914,5.5703,-2.9746,-0.6860
1636292207074,-7.5820,-5.7656,2.4570,5.3906,-3.0859,-0.4055
1636292207077,-7.0391,-6.8516,3.2090,5.4922,-3.0371,-0.0926
1636292207081,-6.8672,-7.5078,3.6797,5.7734,-2.8945,0.1350
1636292207091,-7.0547,-7.2734,3.7246,6.1719,-2.7344,0.2712
1636292207098,-7.3281,-6.4492,4.1719,6.7188,-2.6348,0.3926
1636292207121,-7.4688,-5.6211,4.9961,7.3984,-2.6094,0.5562
1636292207124,-7.5547,-4.6758,4.8516,8.0625,-2.6133,0.7534
1636292207126,-7.4570,-3.6504,4.2891,8.4219,-2.6758,0.9395
1636292207151,-6.7891,-1.9961,4.5469,8.0703,-2.7813,1.0361
1636292207154,-5.8164,0.2058,4.5703,7.1758,-2.8379,1.0439
1636292207157,-5.0469,1.8457,4.9922,5.2539,-2.6484,1.3564
1636292207181,-4.6055,2.0781,6.5000,4.3047,-2.5664,1.4316
1636292207184,-4.6055,2.0781,6.5000,3.5664,-2.5215,1.3984
1636292207187,-4.3398,0.2010,6.5078,3.1309,-2.4590,1.3408
1636292207211,-4.3438,-0.1149,6.7500,3.0098,-2.4180,1.2764
1636292207214,-4.1758,-0.0215,7.3789,3.1387,-2.4531,1.2100
1636292207218,-3.7227,0.0191,8.0625,3.3164,-2.4531,1.1582
1636292207243,-3.1719,-0.1915,8.7344,3.3691,-2.3516,1.1875
1636292207247,-2.8672,-0.3542,9.0078,3.2949,-2.2246,1.2969
1636292207251,-2.6250,-0.1149,9.3047,3.1563,-2.1328,1.3955
1636292207262,-2.3047,0.5889,9.3125,3.0156,-2.0254,1.4063
1636292207265,-2.1855,1.5820,9.4375,2.8887,-1.8730,1.3496
1636292207292,-2.0488,2.6035,9.3984,2.6797,-1.7217,1.2559
1636292207295,-1.8096,3.4063,9.4453,2.3242,-1.5527,1.1631
1636292207299,-1.6367,3.7559,9.5000,1.8857,-1.3701,1.1455
1636292207322,-1.7471,3.4902,9.3203,1.4199,-1.1943,1.2012
1636292207325,-2.0586,2.8242,9.1172,1.0264,-1.0508,1.2256
1636292207330,-2.2871,2.2383,8.9688,0.8120,-0.9800,1.1748
1636292207352,-2.2090,2.0273,9.0156,0.8281,-0.9658,1.0918
1636292207355,-1.9580,2.1602,9.1563,0.9897,-0.9448,1.0225
1636292207359,-1.6846,2.5723,9.3828,1.1309,-0.8989,0.9595
1636292207382,-1.4619,3.0781,9.4844,1.1611,-0.8403,0.9063
1636292207386,-1.3398,3.4824,9.4766,1.0723,-0.7681,0.8779
1636292207389,-1.2969,3.7969,9.4531,0.8984,-0.6997,0.8384
1636292207412,-1.2539,4.0156,9.3125,0.7100,-0.6328,0.7637
1636292207416,-1.1035,4.0000,9.1016,0.5718,-0.5605,0.6572
1636292207419,-0.8140,3.6875,9.1172,0.5161,-0.5171,0.5522
1636292207442,-0.4285,3.3008,9.1641,0.5303,-0.4861,0.4819
1636292207446,-0.1747,3.0547,9.4219,0.5728,-0.4414,0.4553
1636292207449,-0.1005,2.9160,9.5625,0.6143,-0.3958,0.4468
1636292207472,-0.1149,2.9492,9.5859,0.6367,-0.3511,0.4329
1636292207476,-0.1794,3.1309,9.5000,0.6367,-0.3096,0.4075
1636292207479,-0.1891,3.3633,9.3594,0.6270,-0.2754,0.3691
1636292207495,-0.1460,3.6211,9.1719,0.6250,-0.2551,0.3191
1636292207498,-0.0598,3.9473,8.9609,0.6235,-0.2478,0.2766
1636292207523,-0.0120,4.3945,9.0156,0.6260,-0.2551,0.2478
1636292207526,-0.0215,4.6484,9.3359,0.6099,-0.2532,0.2234
1636292207529,0.0335,4.5430,9.7188,0.5503,-0.2158,0.2000
1636292207553,0.0191,4.2305,9.8281,0.4375,-0.1594,0.2000
1636292207556,-0.1604,3.9805,9.8516,0.3237,-0.1191,0.2170
1636292207559,-0.3926,3.7480,9.6563,0.2854,-0.0914,0.2180
1636292207583,-0.6177,3.5977,9.4453,0.3215,-0.0690,0.1989
1636292207586,-0.6987,3.7070,9.2734,0.3928,-0.0722,0.1914
1636292207589,-0.6177,4.0977,9.0938,0.4707,-0.0914,0.1871
1636292207613,-0.5146,4.5820,8.9766,0.5303,-0.1137,0.1691
1636292207616,-0.4524,4.9844,8.9375,0.5405,-0.1403,0.1436
1636292207619,-0.3542,5.1875,9.0156,0.4973,-0.1520,0.1255
1636292207643,-0.3064,5.1445,9.0547,0.4302,-0.1552,0.1287
1636292207646,-0.2489,4.9023,9.0859,0.3662,-0.1711,0.1350
1636292207649,-0.1819,4.6719,9.0078,0.3215,-0.1840,0.1393
1636292207673,-0.1149,4.5820,8.5156,0.3013,-0.2126,0.1521
1636292207676,0.0431,4.7617,7.9102,0.2949,-0.2668,0.1425
1636292207679,0.1245,4.8984,8.2891,0.3386,-0.3403,0.1202
1636292207703,0.2130,5.0703,8.7266,0.3728,-0.3914,0.0851
1636292207706,0.3806,5.1328,9.0000,0.3313,-0.4106,0.0616
1636292207709,0.6699,4.7539,9.1875,0.2280,-0.4233,0.0074
1636292207733,0.7729,4.5117,9.1875,0.0227,-0.3882,-0.2107
1636292207736,0.3208,4.0000,8.9531,0.0673,-0.3542,-0.0639
1636292207740,0.0862,3.5156,8.9219,0.2908,-0.4224,0.1531
1636292207763,0.4500,4.0547,8.9141,0.4045,-0.4690,-0.0075
1636292207766,0.5049,4.8750,8.9609,0.4653,-0.4690,-0.0649
1636292207770,0.4644,5.3555,9.0391,0.3960,-0.4648,0.0244
1636292207793,0.5024,5.4336,9.2031,0.1833,-0.4307,0.0553
1636292207796,0.6006,5.0117,9.2500,-0.0188,-0.3872,0.0744
1636292207800,0.7012,4.3242,9.2109,-0.1528,-0.3542,0.1116
1636292207823,0.6392,3.8223,9.0625,-0.1912,-0.3286,0.1255
1636292207827,0.5171,3.6641,8.9063,-0.1241,-0.3264,0.1138
1636292207830,0.3687,3.7793,8.8125,-0.0178,-0.3350,0.0893
1636292207853,0.4260,3.3203,8.6406,0.0673,-0.3457,0.0914
1636292207857,0.1173,4.1445,8.4844,0.2142,-0.3669,0.1797
1636292207860,0.1508,4.7773,8.5547,0.4536,-0.4329,0.2681
1636292207883,0.6582,3.9707,8.6875,0.5386,-0.4382,0.2563
1636292207887,0.7012,4.4727,8.7344,0.5493,-0.4243,0.2563
1636292207890,0.8042,5.0742,8.7969,0.6035,-0.4404,0.2542
1636292207913,0.9263,5.1094,8.7500,0.5757,-0.4009,0.2212
1636292207917,0.9907,5.2734,8.6406,0.4578,-0.3245,0.0776
1636292207920,0.7251,5.0977,8.5625,0.3887,-0.2839,-0.0298
1636292207944,0.6748,4.7188,8.5156,0.4153,-0.2966,0.0148
1636292207947,0.7134,4.9102,8.5469,0.3918,-0.2744,-0.0586
1636292207950,0.6870,5.5430,8.5469,0.2610,-0.2435,-0.1139
1636292207974,0.7373,5.7422,8.6172,0.0684,-0.2286,-0.0213
1636292207977,0.8809,5.3086,8.6953,-0.1093,-0.1925,0.0531
1636292207980,0.9336,4.7773,8.6484,-0.1731,-0.1552,0.0393
1636292208004,0.9478,4.4258,8.5781,-0.0891,-0.1531,-0.0011
1636292208007,0.8306,4.3242,8.4609,0.0886,-0.1669,-0.0256
1636292208010,0.7515,4.5703,8.4219,0.2896,-0.1935,-0.0479
1636292208034,0.7637,4.9961,8.4297,0.4333,-0.2095,-0.1064
1636292208037,0.8140,5.2461,8.4922,0.4844,-0.2063,-0.1213
1636292208040,0.7852,5.5391,8.5234,0.4280,-0.1946,-0.0671
1636292208064,0.7515,5.8359,8.5469,0.2908,-0.1722,-0.0298
1636292208067,0.8091,5.7500,8.4688,0.1216,-0.1445,-0.0043
1636292208070,0.8662,5.2344,8.3203,0.0503,-0.1223,-0.0171
1636292208094,0.8379,4.6563,8.1875,0.1577,-0.1307,-0.0788
1636292208098,0.8784,4.5195,8.2266,0.3770,-0.1702,-0.1777
1636292208101,1.0508,5.1680,8.5078,0.6523,-0.2191,-0.2671
1636292208123,0.8569,5.3984,8.5625,0.6650,-0.2233,-0.2224
1636292208126,0.8140,5.7031,8.6484,0.6206,-0.2489,-0.0767
1636292208128,1.1152,6.1328,8.6875,0.4856,-0.2532,0.0978
1636292208158,1.1465,6.6406,8.6563,0.2791,-0.2031,0.1478
1636292208161,1.0479,6.5586,8.1563,0.0376,-0.1531,0.0946
1636292208163,1.5918,6.2070,8.1719,-0.0922,-0.0999,0.0117
1636292208179,1.1221,4.7422,8.1406,-0.2167,-0.1042,-0.0362
1636292208182,0.9429,4.4727,7.5078,-0.0337,-0.2404,-0.0320
1636292208195,1.1055,5.3555,8.1016,0.4365,-0.2861,-0.0107
1636292208197,0.7661,6.1328,8.5938,0.4749,-0.2966,0.0351
