1230800670514,0.8433,-0.5798,9.3730,0.1024,-0.0490,-0.0498
1230800670538,0.3049,-0.4601,9.7917,0.0389,0.0463,-0.0230
1230800670539,-0.0851,-0.8119,10.1100,-0.0502,0.0964,-0.0144
1230800670540,-0.0277,-1.2426,10.1483,-0.0796,0.0891,-0.0401
1230800670541,0.1518,-1.3000,9.9305,-0.0515,0.0597,-0.0572
1230800670569,0.1781,-1.1469,9.7917,0.0181,0.0463,-0.0450
1230800670570,0.0632,-1.0822,9.7415,0.0682,0.0573,-0.0193
1230800670590,-0.0038,-0.9722,9.7128,0.0670,0.0597,-0.0156
1230800670591,-0.0372,-0.8023,9.7128,0.0377,0.0549,-0.0266
1230800670597,-0.0061,-0.8765,9.7487,0.0194,0.0561,-0.0327
1230800670599,0.1374,-0.9076,9.7989,0.0084,0.0488,-0.0523
1230800670607,0.1590,-0.9961,10.0047,0.0047,0.0597,-0.0547
1230800670614,0.1925,-0.9865,9.9999,0.0121,0.0646,-0.0560
1230800670622,0.1590,-0.9937,10.1411,0.0426,0.0891,-0.0584
1230800670632,0.1374,-0.8454,10.1531,0.0621,0.1111,-0.0718
1230800670641,0.2116,-0.8573,10.1363,0.0621,0.1282,-0.0621
1230800670653,0.3743,-0.7688,9.9975,0.0377,0.1392,-0.0694
1230800670661,0.3911,-0.9100,10.0956,0.0243,0.1905,-0.0596
1230800670670,0.7428,-1.3000,9.9808,-0.0099,0.2283,-0.0560
1230800670679,0.4533,-0.6659,10.4306,-0.0564,0.3029,-0.1903
1230800670692,0.1877,-1.1540,10.4641,0.0121,0.3969,-0.0425
1230800670699,0.1853,-0.8023,10.2536,-0.0173,0.4165,-0.0853
1230800670709,0.3719,-0.7018,10.3253,-0.0026,0.4556,-0.1341
1230800670719,0.5370,-0.5606,10.1219,-0.0307,0.5338,-0.1525
1230800670728,0.6279,-0.4338,9.7941,-0.0576,0.6486,-0.1793
1230800670738,0.5490,-0.1132,9.7582,-0.0747,0.7708,-0.2355
1230800670747,0.4030,0.0567,9.6530,-0.0881,0.8661,-0.2966
1230800670758,0.4246,-0.0079,9.6530,-0.1492,0.9430,-0.3443
1230800670767,0.4246,-0.1419,9.7319,-0.2335,1.0432,-0.4103
1230800670776,0.1566,-0.3764,10.2895,-0.3239,1.1275,-0.4774
1230800670788,-0.2071,-0.4577,10.2201,-0.4058,1.1385,-0.5092
1230800670795,-0.3292,-0.8956,10.3038,-0.3984,1.1336,-0.5776
1230800670805,-0.6020,-0.9291,9.8181,-0.3923,1.1556,-0.7023
1230800670814,-1.0231,-0.2208,9.4256,-0.3532,1.1654,-0.8256
1230800670824,-0.9609,0.1788,9.1265,-0.2225,1.0444,-0.8892
1230800670834,-0.4847,0.3989,8.8250,-0.2714,0.9039,-0.8843
1230800670844,-0.2861,0.7626,8.7796,-0.4571,0.8881,-0.8953
1230800670855,-0.5924,1.0210,9.0739,-0.6306,0.9504,-0.9600
1230800670863,-1.0901,0.9612,9.7487,-0.8578,1.0237,-1.0431
1230800670878,-1.4012,0.5401,10.4211,-1.1376,1.0897,-1.1445
1230800670882,-1.7386,0.2745,10.4211,-1.4100,1.1288,-1.2691
1230800670893,-2.0448,0.1668,10.0885,-1.5982,1.1348,-1.3937
1230800670903,-2.2985,0.1094,9.2988,-1.6568,1.0542,-1.5086
1230800670912,-2.1405,-0.1993,8.6815,-1.6251,0.8795,-1.5709
1230800670921,-1.5519,-0.9650,8.3034,-1.5200,0.7097,-1.5746
1230800670932,-1.0087,-1.6134,7.9828,-1.3697,0.6327,-1.5685
1230800670939,-0.8484,-2.0107,8.2986,-1.1754,0.6523,-1.5843
1230800670948,-1.1906,-2.4988,8.8586,-0.9629,0.6999,-1.5978
1230800670958,-1.6261,-2.7620,9.0691,-0.8334,0.6901,-1.6075
1230800670968,-1.7481,-3.0755,9.4280,-0.7870,0.6841,-1.6246
1230800670977,-1.7816,-3.4942,9.6984,-0.7931,0.6804,-1.6491
1230800670990,-1.7362,-3.6856,9.4113,-0.8981,0.6547,-1.6918
1230800670999,-1.6452,-3.7622,8.6815,-1.0130,0.6156,-1.7309
1230800671009,-1.5112,-4.2503,8.1479,-1.0508,0.5900,-1.7199
1230800671018,-1.3820,-4.7887,7.9062,-1.0008,0.5973,-1.6711
1230800671028,-1.6452,-5.0137,8.0211,-0.8505,0.6400,-1.6112
1230800671037,-2.1740,-4.8198,8.1909,-0.6648,0.6620,-1.5489
1230800671047,-2.6071,-4.0852,8.6169,-0.5389,0.6388,-1.5220
1230800671057,-2.6837,-3.7024,9.2486,-0.4998,0.5912,-1.5049
1230800671066,-2.3918,-3.6713,9.1481,-0.6110,0.5472,-1.4463
1230800671076,-2.0975,-4.4298,8.6934,-0.8126,0.5301,-1.3803
1230800671086,-1.7050,-6.2651,7.8248,-0.9262,0.5154,-1.3375
1230800671095,-1.4706,-8.2057,6.6356,-0.8615,0.5167,-1.2911
1230800671105,-1.5830,-9.0216,6.2552,-0.5732,0.5179,-1.1934
1230800671115,-2.1908,-8.0310,6.6476,-0.1956,0.4812,-1.0187
1230800671124,-2.6598,-5.8296,7.3367,0.0560,0.3884,-0.8977
1230800671133,-2.6167,-3.7933,7.9995,-0.0014,0.3346,-0.9075
1230800671143,-2.2985,-3.2310,8.1670,-0.3777,0.3762,-0.9442
1230800671153,-1.9300,-4.2336,7.7435,-0.9103,0.4507,-0.9380
1230800671162,-1.7170,-5.5927,7.1716,-1.2866,0.4580,-0.8867
1230800671172,-1.5782,-6.4182,6.8677,-1.3172,0.3591,-0.7707
1230800671182,-1.2743,-6.8920,6.9108,-1.0728,0.2418,-0.6265
1230800671191,-1.0470,-7.3921,6.6835,-0.7161,0.1526,-0.4970
1230800671201,-0.9059,-7.8420,6.8725,-0.4107,0.1367,-0.3907
1230800671210,-1.0159,-7.9114,7.1046,-0.2298,0.1770,-0.3101
1230800671220,-1.3844,-7.5788,7.5066,-0.0967,0.2076,-0.2917
1230800671230,-1.5711,-7.1863,7.6502,0.0328,0.1819,-0.2649
1230800671239,-1.4801,-6.7867,7.5951,0.1281,0.1037,-0.1818
1230800671249,-1.2169,-6.2029,7.3917,0.1538,0.0280,-0.0914
1230800671258,-1.2097,-5.6932,7.0807,0.0805,-0.0075,-0.0230
1230800671268,-1.3892,-5.6286,6.7337,-0.0588,-0.0490,-0.0010
1230800671278,-1.5280,-5.7530,6.5638,-0.2421,-0.1003,-0.0010
1230800671287,-1.5830,-5.9995,6.8318,-0.3703,-0.1308,0.0137
1230800671297,-1.6428,-6.3465,7.2434,-0.3545,-0.1443,0.0344
1230800671304,-1.7864,-6.3082,7.6502,-0.2054,-0.1650,0.0442
1230800671314,-1.8127,-5.9110,8.0713,0.0084,-0.1968,0.0503
1230800671323,-1.7266,-5.3726,8.3010,0.2112,-0.2347,0.0577
1230800671333,-1.6069,-4.9179,8.2268,0.3407,-0.2542,0.0858
1230800671343,-1.4801,-4.6571,7.9588,0.3822,-0.2579,0.1004
1230800671353,-1.4323,-4.6284,7.6095,0.3517,-0.2481,0.1151
1230800671364,-1.4347,-4.8150,7.5592,0.2808,-0.2225,0.1358
1230800671374,-1.5758,-5.1812,7.7602,0.1965,-0.1870,0.1554
1230800671383,-1.7601,-5.5473,8.1981,0.1269,-0.1540,0.1603
1230800671393,-1.9419,-5.7674,8.5475,0.0890,-0.1406,0.1456
1230800671403,-1.9731,-5.7291,8.8681,0.0731,-0.1602,0.1212
1230800671412,-1.8175,-5.2840,8.7700,0.0059,-0.1858,0.0967
1230800671422,-1.6763,-4.7122,8.4207,-0.0588,-0.1895,0.0894
1230800671431,-1.5543,-4.5207,7.9660,-0.0258,-0.1870,0.0638
1230800671441,-1.4753,-4.5399,7.9062,0.0524,-0.1565,0.0198
1230800671450,-1.5328,-4.6691,7.9684,0.1586,-0.1333,-0.0181
1230800671460,-1.5639,-5.0567,8.3584,0.3272,-0.1443,-0.0608
1230800671469,-1.4706,-5.7004,9.0571,0.5313,-0.1638,-0.1109
1230800671479,-1.3509,-6.1215,9.6410,0.7182,-0.2054,-0.1525
1230800671489,-1.3078,-5.9971,9.8492,0.8856,-0.2408,-0.1891
1230800671499,-1.3725,-4.8677,9.4161,0.9320,-0.2897,-0.2490
1230800671508,-1.2983,-3.5397,8.2173,0.8831,-0.3483,-0.3101
1230800671518,-0.7360,-1.3957,5.1832,0.6950,-0.3544,-0.3577
1230800671528,-0.4416,0.4516,6.2575,0.4787,-0.2933,-0.4359
1230800671537,0.1685,-1.6781,9.7654,0.1855,-0.1846,-0.3516
1230800671547,0.0776,-3.9895,10.5694,-0.9116,0.0023,-0.1415
1230800671556,0.0561,-6.3369,11.0695,-1.7802,0.2980,-0.0914
1230800671566,-0.3938,-7.2055,9.8587,-1.8034,0.4446,-0.1940
1230800671575,-1.3342,-6.6432,8.2316,-1.4442,0.4886,-0.0682
1230800671585,-1.4849,-5.4468,6.7433,-0.9030,0.4067,0.1273
1230800671595,-1.0901,-3.9177,5.7742,-0.4326,0.2870,0.1517
1230800671605,-0.7192,-2.5921,5.7072,-0.2311,0.2467,0.0540
1230800671614,-0.8867,-2.1423,5.7742,-0.2469,0.2027,-0.0303
1230800671624,-1.1116,-3.5014,6.5064,-0.3777,0.1599,-0.0364
1230800671633,-1.3031,-5.6860,7.2649,-0.6183,0.1428,-0.0205
1230800671643,-1.5041,-7.5357,8.2125,-0.7540,0.1550,-0.0792
1230800671652,-1.8079,-8.7058,9.0763,-0.5524,0.1428,-0.2013
1230800671662,-2.1621,-8.6866,9.6051,-0.2286,0.0658,-0.2649
1230800671672,-2.3200,-7.6577,9.6649,-0.0112,-0.0038,-0.2123
1230800671679,-2.4325,-6.2388,9.2677,0.1159,-0.0551,-0.1122
1230800671688,-2.5282,-5.0615,8.7150,0.1941,-0.0478,-0.0657
1230800671699,-2.7507,-4.2958,8.2484,0.2051,0.0145,-0.0694
1230800671709,-2.9709,-4.0470,8.0569,0.1831,0.0622,-0.0755
1230800671719,-2.9972,-4.2551,8.0354,0.1525,0.0805,-0.0779
1230800671729,-2.8488,-4.6141,8.1192,0.1220,0.0805,-0.0670
1230800671739,-2.7100,-4.9825,8.2077,0.1525,0.0817,-0.0584
1230800671749,-2.6311,-4.9825,8.2890,0.2234,0.0720,-0.0621
1230800671758,-2.4899,-4.4633,8.3608,0.2918,0.0488,-0.0731
1230800671768,-2.1884,-3.6832,8.1694,0.2991,0.0182,-0.0828
1230800671777,-1.7481,-3.1927,7.9229,0.1880,0.0316,-0.1219
1230800671787,-2.4564,-3.6737,7.6956,-0.0502,0.1196,-0.1757
1230800671797,-3.0594,-4.7983,8.3584,-0.2139,0.2638,-0.0828
1230800671806,-2.0424,-5.5616,8.5451,-0.0796,0.1978,-0.0401
1230800671816,-0.7838,-5.4635,8.3010,0.1525,0.0512,-0.1818
1230800671825,-0.5637,-5.3821,8.3848,0.2869,0.0781,-0.1781
1230800671835,-0.9776,-5.3726,8.6073,0.3163,0.1941,-0.1060
1230800671845,-1.0422,-5.2601,8.5044,0.2979,0.2149,-0.1402
1230800671854,-0.9681,-5.3630,8.0426,0.3101,0.1856,-0.1769
1230800671864,-0.7479,-5.2649,7.7914,0.3737,0.1624,-0.1195
1230800671873,-0.3483,-4.7433,7.4085,0.4384,0.1013,-0.0889
1230800671883,0.1422,-4.5542,6.9060,0.4005,0.0536,-0.0816
1230800671893,0.5514,-4.9036,6.6428,0.2368,0.0732,-0.0779
1230800671902,0.7093,-5.6166,6.4011,-0.0173,0.1208,-0.0999
1230800671912,0.6543,-6.2747,6.0948,-0.2812,0.1501,-0.1268
1230800671921,0.5705,-6.7173,6.2073,-0.4864,0.1624,-0.1561
1230800671931,-0.2191,-7.0715,6.3509,-0.6660,0.1318,-0.1745
1230800671941,-0.9322,-7.3658,6.7529,-0.7931,0.0927,-0.0914
1230800671950,-0.7934,-7.2390,7.4229,-0.6831,0.0109,0.0161
1230800671959,-0.6642,-6.7102,7.8464,-0.4620,-0.1027,0.0454
1230800671969,-0.6474,-6.6121,8.2412,-0.2677,-0.1675,0.1053
1230800671979,-1.1044,-7.3706,8.8609,0.0023,-0.1272,0.1371
1230800671989,-1.3772,-7.0643,8.9375,0.1073,-0.0807,0.1187
1230800671998,-1.4729,-6.6360,8.6049,0.1867,-0.0539,0.1420
1230800672008,-1.5041,-6.1072,8.2532,0.2735,-0.0368,0.1456
1230800672017,-1.5256,-5.7530,8.7700,0.3725,-0.0526,0.1065
1230800672027,-1.3988,-6.3177,9.2246,0.4494,-0.0832,0.0161
1230800672037,-1.2791,-5.8751,9.2892,0.4958,-0.1137,-0.1464
1230800672046,-1.5399,-7.1768,9.3395,0.6840,-0.0319,-0.0706
1230800672056,-1.4753,-6.8992,8.4565,0.8379,-0.0807,-0.0767
1230800672065,-1.3031,-5.4611,7.8129,1.0627,-0.1589,-0.2025
1230800672074,-1.1092,-3.1808,5.5206,1.2606,-0.1846,-0.2771
1230800672084,-0.7527,0.0878,6.3557,1.3242,-0.2078,-0.3516
1230800672093,-0.4057,1.2220,8.3824,1.1592,-0.1614,-0.3748
1230800672103,-0.1210,-0.6826,9.7630,0.1758,-0.0026,-0.2417
1230800672115,-0.0971,-4.2862,10.2966,-0.9568,0.2650,-0.1696
1230800672123,-0.4608,-6.2723,9.5596,-1.6189,0.4678,-0.2526
1230800672133,-1.2432,-7.1026,7.6861,-1.6275,0.5399,-0.1390
1230800672142,-1.4897,-6.4685,6.4873,-1.1852,0.5472,0.0919
1230800672152,-1.3820,-4.4920,6.4179,-0.6464,0.4409,0.1383
1230800672162,-1.1858,-2.3600,6.9730,-0.3838,0.2552,0.0711
1230800672171,-0.9824,-1.7044,7.1692,-0.5670,0.1111,0.0601
1230800672181,-0.8149,-2.5634,6.9754,-1.0924,0.0915,0.0894
1230800672190,-0.9513,-4.6069,7.1931,-1.6470,0.1563,0.0381
1230800672200,-1.1044,-7.0595,7.7483,-1.9830,0.2528,-0.0914
1230800672210,-1.5567,-9.2155,7.8966,-1.9109,0.3346,-0.2099
1230800672219,-2.1142,-10.5794,8.4326,-1.3575,0.3798,-0.2539
1230800672229,-2.6048,-10.3808,8.6217,-0.5683,0.3371,-0.2600
1230800672239,-2.7651,-8.5502,8.4470,0.1440,0.2186,-0.2856
1230800672246,-2.5665,-6.5139,8.0019,0.5838,0.1062,-0.2917
1230800672258,-2.1669,-5.0376,7.7100,0.7121,0.0732,-0.2856
1230800672267,-1.9778,-4.0135,7.0974,0.5985,0.1025,-0.3260
1230800672277,-1.9108,-3.4823,6.7146,0.4030,0.1611,-0.4176
1230800672287,-1.8367,-3.7455,6.5112,0.1941,0.2125,-0.4860
1230800672296,-1.7218,-4.4681,6.5399,-0.0063,0.2271,-0.5153
1230800672306,-1.6165,-5.5137,6.6882,-0.1614,0.2234,-0.4933
1230800672315,-1.6883,-6.6432,7.0209,-0.2323,0.2210,-0.4310
1230800672325,-1.7362,-7.3586,7.3582,-0.2848,0.2112,-0.3724
1230800672335,-1.6979,-7.5788,7.6550,-0.3215,0.2015,-0.3284
1230800672344,-1.6596,-7.5644,7.8296,-0.3129,0.2039,-0.2893
1230800672354,-1.6596,-7.4400,7.8512,-0.2567,0.2027,-0.2355
1230800672364,-1.6644,-7.0667,7.6262,-0.1859,0.1880,-0.1574
1230800672373,-1.6428,-6.6503,7.2984,-0.1040,0.1624,-0.0718
1230800672383,-1.6189,-6.3536,6.9539,-0.0258,0.1269,-0.0071
1230800672392,-1.5112,-6.1431,6.7218,0.0328,0.0891,0.0283
1230800672402,-1.4682,-6.0521,6.4944,0.0634,0.0683,0.0674
1230800672411,-1.5184,-5.9875,6.3222,0.0695,0.0646,0.1016
1230800672421,-1.6046,-6.0545,6.4035,0.0707,0.0597,0.1029
1230800672431,-1.7170,-6.2651,6.4705,0.0353,0.0182,0.0980
1230800672440,-1.7027,-6.7221,6.7457,-0.0136,-0.0233,0.1273
1230800672448,-1.6644,-7.1313,6.9491,-0.0368,-0.0539,0.1700
1230800672457,-1.7242,-7.0093,7.0855,-0.0356,-0.0869,0.1847
1230800672467,-1.7601,-6.5738,7.0831,0.0023,-0.1357,0.1774
1230800672476,-1.7098,-5.9947,6.9467,0.0194,-0.1846,0.1786
1230800672486,-1.6333,-5.5137,6.8438,0.0096,-0.2078,0.1847
1230800672496,-1.6237,-5.2194,6.7720,-0.0002,-0.2249,0.1713
1230800672507,-1.5711,-5.1979,6.9156,0.0194,-0.2225,0.1468
1230800672536,-1.6548,-5.4587,7.2601,0.0695,-0.2151,0.1358
1230800672537,-1.7242,-5.8105,7.5760,0.1098,-0.2176,0.1481
1230800672538,-1.7433,-6.1000,7.7914,0.1122,-0.2273,0.1639
1230800672545,-1.6979,-6.2507,7.8512,0.1012,-0.2347,0.1676
1230800672554,-1.5974,-6.2794,7.8057,0.1086,-0.2408,0.1468
1230800672567,-1.5280,-6.1814,7.7148,0.1293,-0.2432,0.1224
1230800672573,-1.4466,-6.0354,7.6095,0.1416,-0.2432,0.1090
1230800672583,-1.4059,-5.7698,7.3989,0.1440,-0.2432,0.1004
1230800672597,-1.2959,-5.4013,7.2482,0.1330,-0.2432,0.0845
1230800672602,-1.2193,-5.1835,7.2554,0.1416,-0.2273,0.0589
1230800672612,-1.3318,-5.2697,7.4611,0.1611,-0.2078,0.0247
1230800672621,-1.4562,-5.7818,7.8775,0.1855,-0.2029,-0.0303
1230800672630,-1.3701,-6.7102,8.7987,0.2209,-0.1748,-0.0645
1230800672640,-1.3389,-7.9281,9.6434,0.3175,-0.1223,-0.0596
1230800672650,-1.4155,-8.9379,9.8444,0.5520,-0.0881,-0.0608
1230800672661,-1.5591,-8.9786,9.2892,0.9479,-0.0710,-0.0474
1230800672672,-1.8247,-7.7199,8.5738,1.4256,-0.0795,-0.0059
1230800672678,-1.9946,-5.6693,7.6693,1.8129,-0.1882,0.0003
1230800672688,-1.6333,-3.4775,6.4561,1.8935,-0.3300,-0.0584
1230800672698,-0.7072,-0.2352,4.2595,1.6308,-0.3837,-0.1635
1230800672707,0.0609,0.4085,6.2767,1.2448,-0.3153,-0.2551
1230800672717,0.4604,-0.5008,7.8607,0.4494,-0.1650,-0.1537
1230800672728,-0.1138,-2.6615,8.4302,-0.6452,0.0524,-0.0511
1230800672736,-0.5278,-4.8820,9.0787,-1.3758,0.2442,-0.0535
1230800672746,-0.8269,-6.6719,8.8514,-1.5774,0.3444,-0.0877
1230800672755,-1.0518,-7.1935,7.9708,-1.3929,0.3664,0.0051
1230800672765,-0.9370,-6.8274,7.6908,-0.9103,0.3248,0.0674
1230800672775,-0.8604,-5.9947,7.5592,-0.3887,0.2027,0.0222
1230800672784,-0.7719,-5.1381,7.6071,-0.1797,0.0988,0.0430
1230800672795,-0.7168,-5.1859,7.7770,-0.1932,0.0720,0.0870
1230800672804,-0.8197,-5.5449,7.7985,-0.3215,0.0817,0.0601
1230800672814,-0.9705,-6.2196,8.0426,-0.4901,0.1404,0.0100
1230800672823,-1.1834,-6.9494,8.2699,-0.5573,0.1929,-0.0340
1230800672832,-1.4825,-7.2151,8.3489,-0.4876,0.2100,-0.0327
1230800672842,-1.7003,-6.8346,8.3106,-0.2860,0.1819,-0.0083
1230800672851,-1.8391,-6.0450,8.2029,-0.0283,0.1208,-0.0169
1230800672861,-1.7864,-5.2003,8.0641,0.1403,0.0622,-0.0364
1230800672871,-1.6428,-4.7265,7.8272,0.1696,0.0316,-0.0217
1230800672880,-1.5088,-4.6930,7.6095,0.0939,0.0243,-0.0010
1230800672891,-1.4203,-4.9514,7.4109,-0.0234,0.0463,0.0076
1230800672902,-1.4706,-5.5042,7.2625,-0.1248,0.0817,0.0076
1230800672911,-1.6117,-6.0091,7.1429,-0.1834,0.1147,0.0125
1230800672921,-1.7314,-6.2890,7.1453,-0.1969,0.1196,0.0063
1230800672930,-1.8725,-6.4087,7.1166,-0.1504,0.0891,-0.0120
1230800672940,-1.7888,-6.4852,7.1692,-0.1113,0.0561,-0.0181
1230800672949,-1.7027,-6.3632,7.3056,-0.0820,0.0549,-0.0217
1230800672959,-1.7649,-6.0473,7.5592,-0.0588,0.0658,-0.0169
1230800672967,-1.7960,-5.8105,7.7052,-0.0735,0.0671,-0.0107
1230800672978,-1.7122,-5.7794,7.8560,-0.1003,0.0695,-0.0083
1230800672986,-1.6572,-6.0115,7.8560,-0.1028,0.0866,-0.0169
1230800672997,-1.6979,-6.0473,7.6693,-0.0539,0.0866,-0.0327
1230800673007,-1.6763,-6.0186,7.4229,0.0524,0.0720,-0.0388
1230800673016,-1.6787,-6.1407,7.3271,0.1941,0.0585,-0.0340
1230800673026,-1.6548,-6.2555,7.3965,0.3175,0.0536,-0.0315
1230800673036,-1.5591,-5.9588,7.3224,0.3798,0.0573,-0.0303
1230800673046,-1.5304,-5.4085,7.3200,0.4225,0.0634,-0.0376
1230800673055,-1.5495,-4.9036,7.3630,0.4079,0.0597,-0.0645
1230800673064,-1.4993,-4.6882,7.3774,0.2906,0.0549,-0.0840
1230800673075,-1.3677,-4.9562,7.3941,0.1196,0.0805,-0.0682
1230800673084,-1.3174,-5.2601,7.4779,-0.0405,0.1245,-0.0584
1230800673094,-1.4179,-5.5137,7.6167,-0.1419,0.1477,-0.0584
1230800673103,-1.5974,-5.7482,7.7985,-0.1700,0.1257,-0.0462
1230800673113,-1.7098,-5.9038,7.7961,-0.1834,0.0805,-0.0193
1230800673122,-1.6237,-5.9277,7.5449,-0.1932,0.0390,0.0125
1230800673132,-1.4849,-6.0713,7.3846,-0.1529,0.0267,0.0076
1230800673142,-1.4299,-6.1311,7.3894,-0.0771,0.0170,-0.0193
1230800673151,-1.4801,-6.0210,7.3176,-0.0246,-0.0026,-0.0071
1230800673161,-1.5065,-5.9540,7.4205,0.0206,-0.0148,0.0271
1230800673170,-1.5854,-5.9301,7.4731,0.0560,-0.0160,0.0393
1230800673180,-1.6357,-5.7602,7.5640,0.0560,-0.0172,0.0381
1230800673189,-1.6644,-5.6812,7.7674,0.0646,-0.0307,0.0320
1230800673197,-1.6811,-5.5544,7.6645,0.0426,-0.0514,0.0405
1230800673207,-1.6859,-5.3893,7.3798,-0.0197,-0.0759,0.0589
1230800673217,-1.6237,-5.4587,7.3271,-0.0564,-0.0930,0.0503
1230800673226,-1.6093,-5.9612,7.4779,-0.0698,-0.1015,0.0454
1230800673236,-1.5639,-6.3632,7.6717,-0.0637,-0.1101,0.0442
1230800673245,-1.6189,-6.4493,8.1144,-0.0014,-0.1284,0.0308
1230800673257,-1.6763,-6.3776,8.6169,0.0927,-0.1504,0.0271
1230800673267,-1.7433,-6.4565,8.6910,0.1733,-0.1650,0.0393
1230800673276,-1.8103,-6.6815,8.4039,0.2869,-0.1834,0.0271
1230800673286,-1.7410,-6.8681,7.8679,0.4946,-0.2029,-0.0120
1230800673295,-1.5591,-6.7772,7.3295,0.7756,-0.2041,-0.0388
1230800673305,-1.6141,-6.1263,7.2195,1.0236,-0.2029,-0.0645
1230800673315,-1.6261,-5.0663,6.7768,1.0872,-0.2432,-0.0914
1230800673324,-1.3916,-3.7909,5.0420,0.9735,-0.3178,-0.1781
1230800673334,-0.7384,-2.0011,6.8605,0.7390,-0.3459,-0.3076
1230800673344,-0.9992,-1.4531,7.5066,0.3285,-0.2457,-0.3040
1230800673353,-1.0231,-2.5538,9.3443,-0.2860,-0.1504,-0.1305
1230800673363,-0.8843,-4.9227,9.2079,-0.8175,-0.0478,-0.0047
1230800673372,-0.6570,-6.1120,8.7580,-1.1070,0.0194,-0.0242
1230800673382,-0.7599,-6.5355,7.8583,-1.0765,0.0402,0.0063
1230800673392,-0.9393,-6.2962,7.1094,-0.9311,0.0084,0.1077
1230800673401,-0.8484,-5.8751,6.9227,-0.7271,-0.0685,0.1322
1230800673411,-0.6378,-6.3297,7.0759,-0.4913,-0.0905,0.1077
1230800673421,-0.6235,-6.9925,7.3774,-0.3374,-0.0368,0.0992
1230800673430,-0.8484,-7.5835,7.8536,-0.1431,0.0536,0.1016
1230800673440,-1.2983,-7.3251,8.2962,0.0951,0.0683,0.0699
1230800673449,-1.7146,-6.4470,8.4518,0.2649,0.0280,0.0393
1230800673459,-1.7673,-5.5760,8.4015,0.2735,-0.0319,0.0430
1230800673468,-1.4562,-5.2242,8.0785,0.1562,-0.0587,0.0528
1230800673478,-1.1738,-5.2505,7.8272,-0.0209,-0.0221,0.0467
1230800673487,-1.2002,-5.4180,7.6382,-0.1578,0.0219,0.0235
1230800673497,-1.4227,-5.5161,7.5138,-0.2189,0.0414,0.0100
1230800673507,-1.6213,-5.5209,7.5592,-0.1895,0.0378,0.0063
1230800673517,-1.7386,-5.5425,7.5903,-0.1040,0.0084,-0.0059
1230800673526,-1.6740,-5.4827,7.7220,-0.0283,-0.0148,-0.0230
1230800673536,-1.6141,-5.4707,7.7626,0.0438,-0.0294,-0.0340
1230800673545,-1.6716,-5.2745,7.6215,0.1037,-0.0612,-0.0633
1230800673555,-1.6452,-5.0783,7.4229,0.1379,-0.1003,-0.1012
1230800673565,-1.4897,-5.4539,7.3176,0.1696,-0.1259,-0.1024
1230800673575,-1.3701,-5.9421,7.3200,0.1855,-0.1259,-0.0914
1230800673582,-1.4442,-6.0689,7.4922,0.1929,-0.1027,-0.0792
1230800673591,-1.6452,-6.1215,7.8296,0.2417,-0.0978,-0.0743
1230800673601,-1.8438,-6.0761,7.8966,0.2686,-0.1076,-0.0584
1230800673610,-1.7433,-5.7530,8.0258,0.2442,-0.1149,-0.0572
1230800673620,-1.5376,-5.6836,8.2077,0.2442,-0.1064,-0.0670
1230800673630,-1.3533,-5.8488,8.1527,0.2430,-0.0966,-0.0437
1230800673642,-1.2743,-5.9301,8.0354,0.2161,-0.0673,0.0112
1230800673651,-1.2241,-5.8966,7.9206,0.2332,-0.0465,0.0552
1230800673661,-1.2983,-5.7148,7.7339,0.2820,-0.0441,0.0638
1230800673670,-1.3485,-5.5449,7.4157,0.2857,-0.0526,0.0613
1230800673680,-1.3940,-5.6047,7.2841,0.2796,-0.0514,0.0662
1230800673690,-1.3605,-5.8320,7.4540,0.2857,-0.0429,0.0784
1230800673697,-1.2983,-6.1598,7.7722,0.3224,-0.0429,0.0882
1230800673709,-1.2002,-6.1167,8.1024,0.3810,-0.0404,0.1090
1230800673718,-1.1643,-5.7985,8.2962,0.4555,-0.0502,0.1444
1230800673728,-1.1380,-5.2984,8.1766,0.4922,-0.0710,0.1590
1230800673736,-1.0757,-4.9706,8.0928,0.4372,-0.0795,0.1798
1230800673747,-1.0949,-5.0161,8.0617,0.3187,-0.0575,0.2116
1230800673757,-1.2217,-5.1381,7.5832,0.1586,-0.0612,0.2263
1230800673766,-1.2815,-5.1740,7.3487,0.0426,-0.0636,0.2153
1230800673775,-1.2648,-5.3750,7.4396,0.0255,-0.0526,0.2006
1230800673786,-1.3557,-5.5927,7.5401,0.0853,-0.0490,0.1749
1230800673795,-1.3533,-5.6286,7.6765,0.2124,-0.0661,0.1261
1230800673805,-1.3102,-5.4300,7.8033,0.3981,-0.1015,0.0992
1230800673815,-1.2169,-4.9108,8.1790,0.5471,-0.1333,0.0967
1230800673824,-1.1236,-4.4609,8.4757,0.5899,-0.1443,0.1261
1230800673834,-1.0925,-4.3245,8.6121,0.5374,-0.1284,0.1530
1230800673843,-1.1451,-4.3819,8.1718,0.4091,-0.0991,0.1578
1230800673852,-1.2241,-4.5159,7.9660,0.2674,-0.0795,0.1554
1230800673862,-1.2217,-4.9371,7.9134,0.1758,-0.0661,0.1590
1230800673872,-1.0973,-5.3654,7.9086,0.1330,-0.0453,0.1652
1230800673882,-1.1164,-5.4372,8.3441,0.1550,0.0048,0.1530
1230800673891,-1.4179,-5.3893,8.3991,0.2564,0.0084,0.1334
1230800673901,-1.5017,-5.0902,8.6264,0.3382,-0.0075,0.1224
1230800673910,-1.4682,-4.7026,8.7413,0.3639,-0.0148,0.1236
1230800673920,-1.3796,-4.3413,8.5953,0.3431,-0.0233,0.1273
1230800673930,-1.2911,-4.0781,8.2388,0.3138,-0.0319,0.1248
1230800673939,-1.1475,-4.0039,7.9708,0.2833,-0.0270,0.1114
1230800673949,-1.0183,-3.8244,7.4420,0.2368,-0.0160,0.0858
1230800673958,-1.1260,-3.9823,7.7531,0.2002,0.0048,0.0467
1230800673966,-1.2815,-4.5590,7.9373,0.1880,-0.0404,0.0051
1230800673976,-1.2839,-4.8940,8.3919,0.1489,-0.0905,0.0271
1230800673986,-1.2121,-5.0065,8.8729,0.1648,-0.1247,0.0430
1230800673995,-1.0973,-4.6930,9.1768,0.2063,-0.1504,0.0210
1230800674005,-0.9968,-4.2767,9.3180,0.2002,-0.1589,0.0051
1230800674017,-0.9657,-4.2240,9.1959,0.1525,-0.1577,0.0027
1230800674026,-0.9944,-4.4465,8.8873,0.0951,-0.1540,0.0100
1230800674035,-1.0351,-4.6069,8.4470,0.0695,-0.1699,0.0027
1230800674043,-1.1068,-4.8294,8.2316,0.1330,-0.1638,-0.0437
1230800674053,-1.2002,-4.9132,8.1718,0.2662,-0.1748,-0.0938
1230800674062,-1.1643,-4.8581,8.5307,0.3749,-0.2078,-0.1146
1230800674072,-1.1092,-4.9634,9.3156,0.4665,-0.2127,-0.1341
1230800674083,-1.1380,-4.7289,10.2966,0.4983,-0.2066,-0.1476
1230800674093,-1.0231,-4.0422,10.8877,0.4531,-0.2225,-0.1683
1230800674103,-0.7216,-3.3435,10.1913,0.3077,-0.2371,-0.2025
1230800674112,-0.3938,-3.2262,8.0306,0.1049,-0.1980,-0.1940
1230800674122,0.0441,-2.4342,6.0518,0.0548,-0.0942,-0.1855
1230800674131,-0.2048,-2.6065,9.6793,0.2222,0.0829,-0.1647
1230800674141,-0.1832,-3.9106,8.7748,0.1000,0.0451,-0.0523
1230800674151,-0.3483,-4.8150,10.5527,-0.5316,0.2906,0.0381
1230800674160,-0.2406,-5.3056,9.5812,-0.7247,0.4751,-0.1036
1230800674170,-0.7934,-5.1070,7.2673,-0.5646,0.5521,-0.0682
1230800674179,-1.1882,-4.5925,6.3006,-0.1431,0.5399,0.0100
1230800674189,-1.2648,-3.3602,6.6882,0.1134,0.3749,-0.0047
1230800674197,-0.9705,-3.4535,7.3894,0.1318,0.1905,0.0003
1230800674207,-0.9274,-4.0493,8.1718,-0.1394,0.1074,0.0283
1230800674216,-1.0614,-4.7959,8.4972,-0.4815,0.0829,0.0369
1230800674228,-1.2552,-5.3032,8.0976,-0.6782,0.0463,0.0247
1230800674237,-1.4610,-5.6262,8.0163,-0.6428,0.0011,0.0381
1230800674247,-1.5423,-5.6501,7.9852,-0.4351,-0.0673,0.0760
1230800674256,-1.5041,-5.2194,8.1096,-0.1859,-0.1186,0.0870
1230800674266,-1.5041,-4.8438,8.2316,0.0279,-0.1467,0.0686
1230800674276,-1.4610,-4.8964,8.9255,0.1464,-0.1357,0.0711
1230800674285,-1.4275,-5.4946,9.5477,0.1855,-0.1003,0.0992
1230800674295,-1.4107,-5.9014,9.8013,0.1623,-0.0649,0.1285
1230800674305,-1.3964,-5.8655,9.6266,0.1147,-0.0319,0.1664
1230800674314,-1.4323,-5.5903,9.0117,0.0915,-0.0001,0.2275
1230800674324,-1.5615,-5.0854,8.4446,0.0731,0.0243,0.2800
1230800674333,-1.6309,-4.5135,7.8703,0.0328,0.0304,0.3008
1230800674343,-1.6763,-3.9560,7.4372,-0.0319,0.0255,0.2837
1230800674351,-1.6668,-3.5732,7.2578,-0.1370,0.0097,0.2507
1230800674360,-1.4969,-3.5325,7.4492,-0.2677,0.0035,0.2373
1230800674370,-1.4012,-3.9943,8.0976,-0.3777,0.0280,0.2323
1230800674379,-1.3605,-4.7720,8.7628,-0.4131,0.0658,0.2091
1230800674389,-1.4610,-5.2721,9.0284,-0.3606,0.0891,0.2116
1230800674400,-1.5615,-5.7985,9.1911,-0.1822,0.0744,0.2263
1230800674410,-1.5615,-5.9947,8.6719,0.0291,0.0206,0.2287
1230800674420,-1.4753,-5.6190,8.3704,0.1843,-0.0062,0.2531
1230800674429,-1.5184,-4.9203,7.9971,0.3053,-0.0502,0.2824
1230800674439,-1.4275,-4.2480,7.7890,0.3175,-0.0869,0.2934
1230800674449,-1.3102,-3.7622,7.7722,0.1855,-0.0722,0.2629
1230800674458,-1.2959,-3.5899,7.8296,-0.0307,-0.0404,0.2091
1230800674468,-1.3581,-3.7407,8.0617,-0.2445,-0.0160,0.1786
1230800674477,-1.4490,-4.0350,8.2795,-0.4363,-0.0062,0.1847
1230800674487,-1.3820,-4.4465,8.3632,-0.5389,-0.0172,0.1859
1230800674497,-1.3078,-4.9538,8.5427,-0.5267,-0.0160,0.1627
1230800674506,-1.4059,-5.4013,8.5499,-0.3838,-0.0282,0.1383
1230800674516,-1.4825,-5.5449,8.4589,-0.1883,-0.0575,0.1236
1230800674525,-1.5567,-5.3199,8.2149,0.0072,-0.0966,0.1016
1230800674535,-1.5782,-4.8533,8.1598,0.1367,-0.1149,0.0809
1230800674545,-1.5782,-4.2288,8.0785,0.1709,-0.1247,0.0723
1230800674554,-1.5184,-3.6904,8.1192,0.0878,-0.1272,0.0613
1230800674564,-1.3772,-3.5851,8.0569,-0.0686,-0.1272,0.0283
1230800674574,-1.3174,-3.8699,8.0306,-0.2714,-0.1113,-0.0047
1230800674583,-1.2337,-4.5447,8.2388,-0.4400,-0.0697,-0.0107
1230800674593,-1.3126,-5.0304,8.3824,-0.5096,-0.0282,-0.0095
1230800674603,-1.5017,-5.3152,8.4302,-0.4314,-0.0258,-0.0266
1230800674612,-1.6261,-5.5329,8.5379,-0.2518,-0.0478,-0.0560
1230800674622,-1.5974,-5.5425,8.7604,-0.0600,-0.0624,-0.0645
1230800674631,-1.4825,-5.1189,8.7509,0.0658,-0.0710,-0.0486
1230800674641,-1.4634,-4.6284,8.4972,0.1122,-0.0820,-0.0364
1230800674650,-1.4514,-4.3197,8.0689,0.0731,-0.0881,-0.0498
1230800674660,-1.4083,-4.1522,7.6597,-0.0466,-0.0661,-0.0584
1230800674670,-1.4466,-4.1235,7.4731,-0.1773,-0.0355,-0.0608
1230800674679,-1.5543,-4.3341,7.6813,-0.2555,-0.0270,-0.0682
1230800674689,-1.5160,-4.6882,8.0569,-0.3056,-0.0417,-0.0792
1230800674698,-1.4442,-5.1788,8.5068,-0.3313,-0.0563,-0.0828
1230800674708,-1.3629,-5.7458,8.7580,-0.3203,-0.0636,-0.0792
1230800674718,-1.3605,-5.9827,8.6743,-0.2421,-0.0697,-0.0755
1230800674727,-1.4586,-5.7650,8.5618,-0.1370,-0.0710,-0.0670
1230800674735,-1.4993,-5.2936,8.4757,-0.0234,-0.0905,-0.0596
1230800674744,-1.4849,-4.6571,8.0976,0.0206,-0.1259,-0.0621
1230800674754,-1.3677,-4.7696,7.5497,0.0011,-0.1638,-0.0902
1230800674763,-1.2002,-5.2170,7.1333,-0.0832,-0.1919,-0.1586
1230800674773,-1.1356,-5.1237,7.8224,-0.1614,-0.1724,-0.2258
1230800674783,-1.2241,-4.9108,8.7006,-0.1455,-0.1504,-0.2466
1230800674795,-1.2026,-4.7552,8.9590,-0.0625,-0.1638,-0.2539
1230800674804,-1.1404,-4.4178,8.8514,0.0255,-0.1724,-0.2734
1230800674814,-1.0733,-4.3197,8.3082,0.1293,-0.1724,-0.3162
1230800674823,-0.4847,-3.3291,7.2338,0.1367,-0.2310,-0.3614
1230800674833,-0.1306,-4.8653,7.8823,0.2820,-0.1785,-0.3809
1230800674843,0.2212,-6.6838,8.5427,0.2698,-0.0783,-0.3223
1230800674852,-0.4105,-7.9496,9.7056,0.2906,0.0549,-0.1464
1230800674862,-0.8939,-7.2270,9.0213,0.3773,0.0597,0.0149
1230800674872,-0.9489,-5.7985,8.1216,0.4152,-0.0111,0.0625
1230800674881,-0.7838,-4.5351,7.2769,0.2332,-0.0160,0.1261
1230800674891,-0.5086,-3.3722,6.4561,-0.1565,0.0035,0.1102
1230800674900,-0.3938,-3.5875,7.0926,-0.4571,0.0903,0.0405
1230800674909,-0.5804,-4.5758,7.7076,-0.6574,0.1990,-0.0327
1230800674920,-0.8699,-5.5927,8.4637,-0.6868,0.2576,-0.0657
1230800674929,-1.0135,-6.2866,8.9136,-0.4962,0.2479,-0.0718
1230800674939,-1.1786,-6.1455,9.0691,-0.2359,0.2063,-0.0755
1230800674948,-1.3342,-5.7722,8.9064,-0.0087,0.1575,-0.0450
1230800674956,-1.3701,-5.5185,8.5427,0.1281,0.1062,0.0027
1230800674967,-1.3007,-5.3056,8.1766,0.1611,0.0610,0.0295
1230800674977,-1.2815,-5.1429,7.8775,0.1464,0.0341,0.0149
1230800674987,-1.2767,-4.9801,7.7148,0.0963,0.0170,-0.0022
1230800674997,-1.2696,-5.0400,7.7483,0.0340,0.0133,-0.0010
1230800675006,-1.3437,-5.1237,7.7866,-0.0112,0.0011,-0.0071
1230800675016,-1.2887,-5.0400,7.9971,-0.0515,-0.0294,-0.0242
1230800675025,-1.2696,-5.0878,8.5044,-0.0661,-0.0380,-0.0315
1230800675035,-1.2456,-5.0352,8.6839,-0.1040,-0.0307,-0.0107
1230800675045,-1.3318,-5.0232,8.6623,-0.1162,-0.0075,0.0149
1230800675054,-1.4682,-5.0759,8.4159,-0.0820,-0.0075,0.0137
1230800675064,-1.4993,-5.0615,8.1838,-0.0283,-0.0209,0.0027
1230800675073,-1.4873,-5.0304,7.9229,0.0267,-0.0380,-0.0047
1230800675081,-1.5591,-4.8916,7.5305,0.0450,-0.0649,-0.0120
1230800675090,-1.5112,-4.6164,7.3128,0.0230,-0.1101,-0.0217
1230800675100,-1.2815,-4.6547,7.4779,-0.0307,-0.1333,-0.0266
1230800675110,-1.0135,-5.1692,7.7866,-0.1077,-0.1064,-0.0169
1230800675119,-0.9609,-5.7650,8.0665,-0.1565,-0.0404,-0.0120
1230800675129,-1.0877,-6.1215,8.3967,-0.1199,-0.0026,-0.0132
1230800675141,-1.2552,-6.1766,8.6504,-0.0124,-0.0050,-0.0083
1230800675150,-1.3150,-5.8248,8.6982,0.0756,-0.0160,0.0259
1230800675160,-1.3078,-5.2936,8.4661,0.1354,-0.0172,0.0858
1230800675169,-1.3126,-5.0519,8.2244,0.1635,-0.0062,0.1090
1230800675179,-1.3294,-4.9443,7.9612,0.1403,-0.0026,0.0870
1230800675189,-1.2432,-5.0304,7.8392,0.0744,0.0023,0.0882
1230800675198,-1.1260,-5.1070,7.7746,-0.0002,0.0084,0.1187
1230800675208,-1.0207,-5.2170,7.9038,-0.0551,0.0219,0.1371
1230800675217,-1.0398,-5.3175,7.8344,-0.0735,0.0255,0.1383
1230800675227,-1.0686,-5.3486,7.7746,-0.0820,0.0182,0.1371
1230800675237,-1.0733,-5.4252,7.7698,-0.0478,0.0109,0.1407
1230800675246,-1.1116,-5.4420,7.7148,0.0108,-0.0013,0.1481
1230800675256,-1.1260,-5.2816,7.6119,0.0682,-0.0245,0.1603
1230800675265,-1.1044,-5.0471,7.5257,0.1354,-0.0380,0.1713
1230800675275,-1.0901,-4.8964,7.6693,0.1831,-0.0355,0.1688
1230800675285,-1.1212,-4.9610,8.0569,0.1794,-0.0148,0.1664
1230800675294,-1.1810,-5.1405,8.4781,0.1183,-0.0123,0.1872
1230800675304,-1.2361,-5.3821,8.7652,0.0108,-0.0062,0.2177
1230800675314,-1.2887,-5.7339,8.8681,-0.0319,-0.0099,0.2323
1230800675323,-1.3509,-5.9636,8.6097,0.0108,-0.0343,0.2592
1230800675333,-1.3485,-5.6621,8.2603,0.0719,-0.0697,0.2727
1230800675342,-1.2815,-5.0663,7.7363,0.1208,-0.0930,0.2641
1230800675352,-1.2696,-4.7480,7.4970,0.1306,-0.0783,0.2495
1230800675362,-1.2720,-4.6236,7.5233,0.0731,-0.0465,0.2214
1230800675371,-1.3102,-4.5375,7.4516,0.0145,-0.0245,0.1884
1230800675381,-1.2839,-4.5662,7.6238,0.0304,0.0011,0.1554
1230800675390,-1.4203,-4.6188,8.1503,0.0915,0.0072,0.1322
1230800675400,-1.5399,-4.7361,8.6408,0.1403,-0.0392,0.1322
1230800675410,-1.5591,-4.8797,8.9303,0.1611,-0.0942,0.1468
1230800675419,-1.4538,-4.7361,8.7844,0.1281,-0.1357,0.1542
1230800675429,-1.3150,-4.3796,8.4518,0.0817,-0.1418,0.1444
1230800675438,-1.4490,-4.1642,7.9660,0.0462,-0.1431,0.0894
1230800675448,-1.5567,-4.7026,7.6526,0.0389,-0.1699,0.0161
1230800675456,-1.3461,-5.5879,8.0139,0.0707,-0.1968,-0.0254
1230800675466,-1.3078,-5.6454,8.5092,0.1806,-0.2249,-0.0804
1230800675475,-1.3413,-5.5042,9.0260,0.3468,-0.2567,-0.1451
1230800675484,-1.1643,-5.6573,8.9662,0.5777,-0.2616,-0.2245
1230800675494,-1.5399,-4.6547,9.3610,0.8000,-0.2432,-0.2759
1230800675504,-1.9922,-3.3195,9.5955,0.9955,-0.3459,-0.2917
1230800675514,-1.5017,-2.8625,8.6528,1.0004,-0.4937,-0.3369
1230800675570,-0.6331,-2.4605,6.7242,0.6889,-0.5084,-0.4127
1230800675571,0.0680,-0.6348,5.5445,0.3847,-0.4583,-0.4848
1230800675572,0.5945,-1.1086,8.2436,0.3541,-0.2811,-0.4750
1230800675573,0.8218,-2.5514,10.9379,-0.2323,-0.0135,-0.2673
1230800675574,0.3288,-4.2001,9.6075,-1.3367,0.2137,-0.0975
1230800675575,0.3671,-6.0713,9.1577,-1.9586,0.5472,-0.1329
1230800675581,-0.4560,-7.6793,8.0641,-1.8205,0.6034,-0.0498
1230800675592,-1.4753,-8.5072,8.2340,-1.1302,0.4849,0.1505
1230800675601,-1.6213,-8.2464,8.4398,-0.2347,0.1819,0.2067
1230800675610,-1.1116,-6.7939,8.2699,0.1586,-0.0404,0.2006
1230800675621,-0.5206,-5.2553,8.0115,-0.0221,-0.0649,0.1884
1230800675630,-0.3555,-4.6643,7.5592,-0.4436,0.0365,0.1823
1230800675640,-0.7982,-5.0950,7.2266,-0.8297,0.1501,0.1676
1230800675649,-1.4107,-6.0043,7.2721,-0.9836,0.2112,0.1505
1230800675659,-1.8989,-6.9279,7.5927,-0.8322,0.1966,0.1456
1230800675669,-2.0353,-6.9303,8.0282,-0.4436,0.1208,0.1358
1230800675678,-1.9754,-6.0473,8.2173,0.0499,0.0109,0.1077
1230800675688,-1.6237,-5.1142,8.2675,0.4225,-0.0893,0.1016
1230800675697,-1.2432,-4.8988,8.3608,0.5386,-0.1076,0.1505
1230800675707,-1.1427,-5.5473,8.4542,0.4678,-0.0526,0.2091
1230800675717,-1.3988,-6.1742,8.3560,0.3773,0.0145,0.2336
1230800675726,-1.8008,-6.3177,8.0785,0.3602,0.0267,0.2433
1230800675735,-1.8941,-5.9708,7.7411,0.4286,-0.0355,0.2556
1230800675746,-1.6763,-5.3989,7.6693,0.4494,-0.1064,0.2580
1230800675755,-1.3150,-4.9514,7.5210,0.3749,-0.1418,0.2482
1230800675765,-1.1236,-4.5973,7.4372,0.2686,-0.0856,0.2482
1230800675774,-1.4299,-4.3508,7.6143,0.2503,-0.0355,0.2263
1230800675785,-1.7122,-4.1140,7.7746,0.2283,-0.0514,0.1884
1230800675794,-1.7027,-4.2408,8.1072,0.1464,-0.1125,0.1872
1230800675804,-1.5065,-4.8246,8.4565,0.0744,-0.1724,0.2250
1230800675813,-1.3366,-5.3510,8.5714,0.0597,-0.2139,0.2482
1230800675823,-1.2217,-5.5473,8.4853,0.1354,-0.2420,0.2275
1230800675832,-1.0398,-5.4013,8.2508,0.2906,-0.2371,0.2043
1230800675840,-0.8604,-5.0208,8.0282,0.4580,-0.1882,0.1933
1230800675849,-0.9657,-4.6547,8.1096,0.6192,-0.1382,0.1725
1230800675859,-1.1021,-4.3054,8.2938,0.7304,-0.1198,0.1676
1230800675868,-1.1308,-3.8819,8.6575,0.7414,-0.1320,0.1615
1230800675878,-1.0063,-3.5636,8.9136,0.6437,-0.1455,0.1395
1230800675889,-0.8389,-3.4464,8.9710,0.4568,-0.1174,0.1358
1230800675900,-0.8628,-3.5229,8.8131,0.2368,-0.0771,0.1285
1230800675909,-0.8891,-3.7191,8.8442,0.0035,-0.0270,0.1200
1230800675919,-0.9681,-4.1474,8.8753,-0.1492,0.0280,0.0980
1230800675928,-0.9752,-4.5135,8.7772,-0.1663,0.0512,0.0650
1230800675938,-0.9752,-4.6452,8.6743,-0.0832,0.0512,0.0467
1230800675948,-0.9657,-4.5399,8.5929,0.0243,0.0280,0.0295
1230800675956,-0.8460,-4.4178,8.5547,0.0976,0.0145,0.0198
1230800675967,-0.8652,-4.3150,8.5044,0.1330,0.0206,0.0137
1230800675977,-0.9130,-4.2695,8.4542,0.1452,0.0243,0.0063
1230800675986,-0.9585,-4.1881,8.2244,0.1220,0.0109,-0.0095
1230800675996,-0.9370,-4.1187,8.1981,0.0670,0.0267,-0.0266
1230800676005,-1.1044,-4.1642,8.2819,0.0255,0.0402,-0.0327
1230800676015,-1.1284,-4.0517,8.1957,-0.0161,0.0378,-0.0388
1230800676024,-1.2097,-4.0278,8.2795,-0.0722,0.0316,-0.0535
1230800676034,-1.2074,-4.3843,8.5762,-0.1125,0.0341,-0.0462
1230800676044,-1.2600,-4.7002,8.9255,-0.1358,0.0512,-0.0205
1230800676053,-1.3246,-4.8557,8.9997,-0.1236,0.0573,-0.0120
1230800676063,-1.2384,-5.0328,9.2821,-0.0759,0.0695,-0.0120
1230800676072,-1.2361,-5.0854,9.1217,-0.0490,0.0854,0.0088
1230800676082,-1.3102,-4.9084,8.7078,-0.0478,0.1037,0.0369
1230800676092,-1.3988,-4.8390,8.4613,-0.0331,0.1172,0.0369
1230800676101,-1.4849,-4.6978,8.2125,-0.0112,0.1159,0.0247
1230800676111,-1.4442,-4.5973,8.1814,-0.0258,0.1025,0.0210
1230800676120,-1.3605,-4.5949,8.1862,-0.0515,0.0927,-0.0034
1230800676130,-1.3605,-4.4848,8.2149,-0.0967,0.0952,-0.0217
1230800676140,-1.3342,-4.4609,8.2460,-0.1113,0.0878,-0.0132
1230800676149,-1.2863,-4.5016,8.2747,-0.1223,0.0817,0.0003
1230800676159,-1.2600,-4.6547,8.4565,-0.1297,0.0939,0.0063
1230800676168,-1.3413,-4.7792,8.6408,-0.1309,0.1147,0.0173
1230800676178,-1.4418,-4.9132,8.5882,-0.1052,0.1135,0.0369
1230800676188,-1.4634,-4.8701,8.3441,-0.0539,0.1049,0.0405
1230800676197,-1.5112,-4.7026,8.1503,0.0011,0.0927,0.0308
1230800676207,-1.5304,-4.5088,8.0043,0.0230,0.0671,0.0283
1230800676215,-1.4562,-4.4729,8.0091,-0.0075,0.0536,0.0381
1230800676224,-1.4227,-4.5710,8.0665,-0.0698,0.0463,0.0369
1230800676234,-1.4466,-4.5925,8.0881,-0.1370,0.0378,0.0235
1230800676243,-1.4921,-4.6404,8.1311,-0.1675,0.0231,0.0149
1230800676253,-1.4825,-4.6810,8.2101,-0.1639,0.0035,0.0161
1230800676262,-1.4155,-4.6882,8.1431,-0.1407,-0.0135,0.0295
1230800676274,-1.3342,-4.7313,8.1024,-0.1125,-0.0148,0.0344
1230800676284,-1.3916,-4.9801,8.1646,-0.0625,-0.0123,0.0283
1230800676294,-1.5232,-5.1070,8.2890,0.0072,-0.0233,0.0308
1230800676303,-1.5352,-4.9132,8.3465,0.0695,-0.0368,0.0381
1230800676313,-1.5232,-4.6332,8.2747,0.0963,-0.0526,0.0405
1230800676322,-1.5041,-4.4944,8.2292,0.0524,-0.0600,0.0491
1230800676332,-1.5112,-4.5303,8.3058,-0.0393,-0.0636,0.0601
1230800676342,-1.5352,-4.6452,8.2436,-0.1541,-0.0624,0.0613
1230800676351,-1.4921,-4.7241,8.1287,-0.2616,-0.0526,0.0601
1230800676361,-1.5687,-4.6739,7.9852,-0.3019,-0.0465,0.0515
1230800676370,-1.5591,-4.5447,8.1479,-0.2738,-0.0600,0.0454
1230800676380,-1.5687,-4.3652,8.3321,-0.2616,-0.0697,0.0564
1230800676390,-1.5639,-4.4083,8.5523,-0.2604,-0.0795,0.0772
1230800676399,-1.4562,-4.7265,8.6025,-0.2543,-0.0869,0.0845
1230800676409,-1.3916,-4.9562,8.4398,-0.2531,-0.1027,0.0809
1230800676418,-1.3629,-5.1883,8.3537,-0.2237,-0.1162,0.0650
1230800676428,-1.4371,-5.3056,8.0306,-0.1895,-0.1479,0.0320
1230800676437,-1.3509,-5.9947,8.1431,-0.1370,-0.1919,-0.0059
1230800676447,-1.3078,-6.4087,8.3345,-0.0686,-0.2493,-0.0743
1230800676457,-1.3725,-5.7770,8.3489,-0.0234,-0.3251,-0.1574
1230800676466,-1.3174,-4.5542,8.4422,-0.0515,-0.3532,-0.2624
1230800676476,-1.3653,-3.4559,8.4159,-0.1480,-0.3336,-0.3296
1230800676486,-1.6261,-2.5969,7.4037,-0.2408,-0.3361,-0.3809
1230800676495,-1.7601,-1.4651,4.8506,-0.2494,-0.3923,-0.4897
1230800676505,-0.9417,-2.1686,7.4707,-0.0625,-0.4033,-0.5935
1230800676515,0.1470,-5.5975,9.6099,0.2136,-0.2970,-0.5947
1230800676524,0.1805,-7.3227,11.4906,0.4274,-0.2127,-0.4420
1230800676534,-0.1138,-7.2509,11.5074,0.5398,-0.1443,-0.2111
1230800676544,0.1207,-6.7796,10.6819,0.4335,-0.0392,-0.0486
1230800676553,-0.1856,-6.0569,9.0404,0.1159,0.1111,0.1664
1230800676563,-0.5015,-5.2194,7.4468,-0.1749,0.1868,0.3533
1230800676572,-0.7216,-4.4561,6.3772,-0.3948,0.1905,0.3924
1230800676582,-0.8795,-4.0015,6.0111,-0.5939,0.1770,0.3264
1230800676592,-0.9776,-3.8101,6.0518,-0.7405,0.1734,0.2519
1230800676599,-0.8723,-4.1259,6.9227,-0.7540,0.1660,0.1578
1230800676609,-0.9059,-5.1118,7.6454,-0.6135,0.1819,0.0748
1230800676618,-1.0518,-6.0617,8.8873,-0.3813,0.2186,0.0418
1230800676628,-1.3557,-6.4757,9.6434,-0.0686,0.2112,0.0259
1230800676637,-1.5041,-6.6456,10.0789,0.2319,0.1783,0.0027
1230800676649,-1.5280,-6.3010,9.8085,0.3688,0.1489,0.0222
1230800676659,-1.4490,-5.8057,9.0954,0.3419,0.1477,0.0894
1230800676668,-1.4179,-5.4444,8.2867,0.2576,0.1611,0.1444
1230800676678,-1.5065,-5.1142,7.6980,0.1806,0.1770,0.1371
1230800676687,-1.5519,-4.7959,7.4516,0.1354,0.1734,0.0894
1230800676697,-1.4610,-4.6332,7.4300,0.0939,0.1501,0.0467
1230800676706,-1.3413,-4.6906,7.4779,0.0389,0.1343,0.0247
1230800676716,-1.2887,-4.7744,7.5688,0.0035,0.1269,0.0039
1230800676726,-1.3270,-4.8940,7.8751,0.0304,0.1196,-0.0181
1230800676735,-1.4155,-5.0400,8.0569,0.1232,0.1074,-0.0364
1230800676745,-1.5256,-5.0256,8.2556,0.2185,0.0781,-0.0486
1230800676755,-1.6069,-4.9586,8.3632,0.2967,0.0512,-0.0401
1230800676764,-1.6572,-4.9993,8.4494,0.3505,0.0341,-0.0242
1230800676774,-1.5998,-5.0400,8.4015,0.3932,0.0048,-0.0217
1230800676784,-1.5088,-5.0830,8.3226,0.4470,-0.0245,-0.0095
1230800676793,-1.3701,-5.0424,8.2484,0.5166,-0.0380,0.0063
1230800676803,-1.3605,-5.0256,8.2436,0.5643,-0.0307,0.0137
1230800676813,-1.4155,-5.0161,8.2268,0.5838,-0.0355,0.0235
1230800676822,-1.4275,-5.1118,8.2556,0.6009,-0.0490,0.0454
1230800676832,-1.3916,-5.2529,8.3896,0.6254,-0.0575,0.0735
1230800676841,-1.3796,-5.3798,8.4207,0.6559,-0.0539,0.0906
1230800676849,-1.3533,-5.3798,8.4254,0.6974,-0.0417,0.1175
1230800676861,-1.2624,-5.4252,8.5594,0.7854,-0.0135,0.1688
1230800676870,-1.2600,-5.4922,8.8370,0.9125,0.0255,0.2189
1230800676880,-1.3844,-5.2434,9.0930,1.0200,0.0500,0.2433
1230800676890,-1.4251,-5.1309,9.1720,1.1043,0.0500,0.3020
1230800676899,-1.3988,-4.9873,9.0165,1.1263,0.0329,0.3704
1230800676909,-1.3485,-4.6547,8.7987,1.0872,-0.0001,0.4095
1230800676917,-1.0614,-4.5088,8.7461,0.9955,-0.0038,0.4498
1230800676928,-0.9848,-4.6476,8.7222,0.8685,0.0610,0.4914
1230800676938,-1.0255,-4.9491,8.7054,0.7964,0.1269,0.5146
1230800676947,-1.1930,-5.4013,8.8370,0.8929,0.1624,0.5463
1230800676956,-1.5543,-5.3534,8.7509,1.1104,0.1452,0.5964
1230800676966,-1.7290,-4.6906,8.8298,1.3303,0.0634,0.6587
1230800676976,-1.7218,-4.0446,8.7676,1.5111,-0.0319,0.7308
1230800676983,-1.5854,-3.5612,8.8562,1.5734,-0.1113,0.7968
1230800676994,-1.4251,-3.5038,8.7939,1.4684,-0.1565,0.8676
1230800677004,-1.2624,-3.5301,8.4661,1.2729,-0.1675,0.9153
1230800677013,-1.2241,-3.7120,8.5211,1.0908,-0.1320,0.9532
1230800677023,-1.2911,-3.9369,8.6025,0.9540,-0.1149,1.0375
1230800677033,-1.4107,-3.6952,8.3704,0.8587,-0.1272,1.1218
1230800677043,-1.5854,-3.1425,8.1622,0.8404,-0.1650,1.1450
1230800677053,-1.6165,-2.5490,8.0450,0.8025,-0.2225,1.1523
1230800677062,-1.5806,-2.3672,8.1311,0.6999,-0.2530,1.1804
1230800677072,-1.5471,-2.5227,8.6049,0.5386,-0.2616,1.2171
1230800677082,-1.5998,-2.7524,8.8705,0.4128,-0.2774,1.2562
1230800677091,-1.7912,-2.8027,9.2175,0.3835,-0.3055,1.3136
1230800677101,-1.9084,-2.6639,9.3275,0.4177,-0.3593,1.3771
1230800677110,-1.8486,-2.6136,9.1170,0.4506,-0.4192,1.4321
1230800677120,-1.8247,-2.3744,8.5953,0.4751,-0.4717,1.4577
1230800677130,-1.8486,-1.8982,8.0378,0.4848,-0.5181,1.4688
1230800677137,-1.7242,-1.7116,7.8105,0.4580,-0.5633,1.4798
1230800677149,-1.6644,-1.7642,8.0091,0.3957,-0.5902,1.4944
1230800677158,-1.7242,-1.7714,8.5044,0.3456,-0.6195,1.5323
1230800677166,-1.7673,-1.7786,9.1505,0.3529,-0.6586,1.5848
1230800677178,-1.7888,-1.6374,9.7559,0.4067,-0.6965,1.6105
1230800677187,-1.7553,-1.4699,9.9545,0.4751,-0.7234,1.6373
1230800677197,-1.6524,-1.2306,9.9090,0.5227,-0.7429,1.6606
1230800677206,-1.4825,-0.9291,9.5860,0.5423,-0.7527,1.6520
1230800677216,-1.2672,-0.6085,9.0811,0.5154,-0.7441,1.6325
1230800677226,-1.1140,-0.2854,8.4494,0.4335,-0.7283,1.6141
1230800677235,-0.9681,-0.3692,8.5044,0.3382,-0.6940,1.5787
1230800677245,-0.9824,-0.6826,8.9423,0.2918,-0.6684,1.5579
1230800677255,-1.0398,-0.7831,9.5333,0.2943,-0.6708,1.5701
1230800677265,-1.0757,-0.6276,10.0478,0.3443,-0.6940,1.5897
1230800677274,-1.0662,-0.2328,10.4115,0.3871,-0.7148,1.5799
1230800677283,-0.9011,0.1716,10.4091,0.3883,-0.7185,1.5372
1230800677293,-0.6785,0.6190,10.1004,0.3382,-0.6928,1.4712
1230800677302,-0.5541,0.9660,9.7487,0.2613,-0.6427,1.4015
1230800677312,-0.5780,1.1718,9.4998,0.1525,-0.5804,1.3209
1230800677322,-0.6163,1.1670,9.3323,0.0414,-0.5365,1.2342
1230800677331,-0.5948,0.9899,9.0547,-0.0319,-0.5120,1.1719
1230800677341,-0.5110,0.8847,9.0883,-0.0429,-0.5193,1.1267
1230800677350,-0.4249,0.4803,9.3802,0.0291,-0.5474,1.0863
1230800677360,-0.2119,0.1668,9.6984,0.1049,-0.5816,1.0631
1230800677368,0.0130,0.1812,9.8492,0.1391,-0.6024,1.0240
1230800677377,0.1111,0.3917,9.9904,0.1379,-0.5865,0.9495
1230800677387,0.0991,0.6382,9.9353,0.0939,-0.5597,0.8506
1230800677396,0.0752,0.7770,9.7152,0.0316,-0.5401,0.7540
1230800677406,0.1135,0.8057,9.4280,-0.0161,-0.5523,0.6942
1230800677418,0.1949,0.7746,9.1122,-0.0295,-0.5902,0.6587
1230800677427,0.3408,0.9493,8.9782,-0.0478,-0.6256,0.6184
1230800677437,0.5370,1.0186,9.2175,-0.0771,-0.6391,0.5598
1230800677446,0.6902,0.8512,9.5644,-0.1248,-0.6366,0.4950
1230800677456,0.7524,0.6597,9.9210,-0.1871,-0.6220,0.4132
1230800677466,0.8170,0.4037,10.1363,-0.1993,-0.6110,0.3338
1230800677475,0.8385,0.2386,10.4282,-0.1761,-0.6024,0.2629
1230800677485,0.8768,0.1381,11.1461,-0.1077,-0.5914,0.2055
1230800677495,0.9893,0.3606,11.5122,-0.0564,-0.5731,0.1615
1230800677504,1.2333,0.7100,11.2561,-0.1455,-0.5010,0.1432
1230800677514,1.2692,0.5640,11.3040,-0.3325,-0.3178,0.0650
1230800677524,1.2668,-0.3548,11.1461,-0.4070,-0.1638,-0.0425
1230800677533,0.9821,-1.1014,10.5240,-0.3923,-0.0759,-0.0340
1230800677543,0.5227,-1.2713,10.1052,-0.3190,-0.0184,0.0039
1230800677552,0.2020,-1.1947,9.8564,-0.2628,-0.0050,-0.0169
1230800677562,0.1949,-1.2210,9.7582,-0.2702,-0.0123,-0.0706
1230800677572,0.2212,-1.4244,9.8875,-0.3080,0.0048,-0.0877
1230800677581,0.0704,-1.5321,10.2081,-0.3166,0.0439,-0.0828
1230800677591,-0.2550,-1.5010,10.3517,-0.2885,0.0781,-0.0755
1230800677600,-0.4440,-1.3048,10.3062,-0.2384,0.0866,-0.0535
1230800677610,-0.4153,-1.1134,10.0502,-0.2103,0.0829,-0.0291
1230800677620,-0.3675,-0.9650,9.7989,-0.1920,0.0903,-0.0303
1230800677629,-0.3483,-0.8214,9.6147,-0.1810,0.0964,-0.0230
1230800677639,-0.2909,-0.8860,9.6266,-0.1724,0.0939,-0.0059
1230800677648,-0.2239,-0.9937,9.6171,-0.1859,0.0781,0.0003
1230800677658,-0.1760,-1.1181,9.7104,-0.1907,0.0720,0.0027
1230800677668,-0.1689,-1.1205,9.7917,-0.1810,0.0610,-0.0071
1230800677677,-0.1976,-1.0918,9.7630,-0.1480,0.0463,-0.0120
1230800677687,-0.1186,-0.9028,9.7439,-0.1199,0.0145,-0.0071
1230800677696,0.0202,-0.8143,9.7439,-0.1236,-0.0062,-0.0132
1230800677705,0.1015,-0.8190,9.7080,-0.1443,-0.0026,-0.0205
1230800677716,0.1398,-0.8501,9.7295,-0.1504,0.0072,-0.0266
1230800677725,0.2092,-0.9219,9.7678,-0.1565,0.0048,-0.0120
1230800677735,0.2475,-1.0176,9.6984,-0.1773,0.0011,-0.0047
1230800677742,0.2930,-1.0894,9.5309,-0.1956,-0.0038,-0.0083
1230800677752,0.3241,-1.0631,9.5237,-0.2127,-0.0075,-0.0169
1230800677762,0.3480,-1.0966,9.6386,-0.2201,-0.0123,-0.0217
1230800677771,0.3815,-1.3598,9.8922,-0.2237,-0.0148,-0.0315
1230800677781,0.3576,-1.5417,10.0550,-0.2127,-0.0209,-0.0364
1230800677791,0.3528,-1.6398,10.0932,-0.1773,-0.0209,-0.0462
1230800677802,0.3408,-1.6470,10.1243,-0.1211,-0.0062,-0.0462
1230800677812,0.2547,-1.3909,9.9664,-0.0576,0.0109,-0.0486
1230800677821,0.1685,-1.1492,9.7798,-0.0124,0.0170,-0.0523
1230800677831,0.1374,-0.9315,9.5596,-0.0148,0.0206,-0.0450
1230800677841,0.1398,-1.0152,9.5429,-0.0429,0.0280,-0.0511
1230800677850,0.1135,-1.2521,9.5429,-0.0808,0.0292,-0.0572
1230800677860,0.1063,-1.5536,9.6936,-0.0967,0.0267,-0.0547
1230800677869,0.0609,-1.6111,9.7247,-0.0796,0.0194,-0.0608
1230800677879,-0.0349,-1.6111,9.8300,-0.0344,0.0182,-0.0608
1230800677887,-0.1138,-1.4268,9.7224,0.0023,0.0084,-0.0401
1230800677898,-0.0732,-1.3335,9.6865,0.0072,-0.0062,-0.0340
1230800677908,-0.0708,-1.2880,9.6530,-0.0063,-0.0087,-0.0291
1230800677916,-0.1042,-1.2473,9.6314,-0.0161,-0.0050,-0.0230
1230800677927,-0.0732,-1.1516,9.5501,-0.0234,-0.0172,-0.0242
1230800677937,-0.0396,-1.1588,9.5955,-0.0307,-0.0245,-0.0193
1230800677946,-0.0085,-1.1636,9.7032,-0.0441,-0.0209,-0.0181
1230800677955,-0.0205,-1.1780,9.7247,-0.0454,-0.0270,-0.0315
1230800677965,0.1159,-1.2306,9.7056,-0.0466,-0.0404,-0.0376
1230800677975,0.2068,-1.2832,9.7559,-0.0515,-0.0417,-0.0388
1230800677985,0.1231,-1.3024,9.7726,-0.0478,-0.0258,-0.0401
1230800677994,0.0680,-1.3335,9.7965,-0.0319,-0.0270,-0.0535
1230800678004,0.0896,-1.3574,9.7295,-0.0173,-0.0355,-0.0535
1230800678014,0.1374,-1.2880,9.7032,-0.0173,-0.0392,-0.0462
1230800678023,0.1350,-1.2378,9.6913,-0.0221,-0.0380,-0.0474
1230800678032,0.1446,-1.2521,9.7511,-0.0344,-0.0294,-0.0535
1230800678042,0.1518,-1.2473,9.7798,-0.0490,-0.0209,-0.0547
1230800678052,0.1398,-1.2521,9.7846,-0.0429,-0.0160,-0.0547
1230800678062,0.1398,-1.2785,9.7535,-0.0331,-0.0123,-0.0511
1230800678071,0.1135,-1.2067,9.6697,-0.0356,-0.0099,-0.0474
1230800678081,0.0800,-1.1804,9.6482,-0.0466,-0.0123,-0.0425
1230800678089,0.0800,-1.2521,9.6817,-0.0564,-0.0135,-0.0450
1230800678098,0.1015,-1.3646,9.7080,-0.0649,-0.0075,-0.0462
1230800678108,0.0393,-1.4483,9.7367,-0.0564,-0.0087,-0.0474
1230800678117,0.0082,-1.4747,9.7726,-0.0295,-0.0172,-0.0462
1230800678127,0.0297,-1.4053,9.7702,-0.0075,-0.0282,-0.0376
1230800678138,0.0848,-1.2617,9.6960,-0.0002,-0.0368,-0.0364
1230800678148,0.1350,-1.1947,9.7271,-0.0099,-0.0355,-0.0364
1230800678158,0.1255,-1.2545,9.7511,-0.0246,-0.0258,-0.0327
1230800678167,0.1302,-1.2832,9.7391,-0.0429,-0.0221,-0.0340
1230800678177,0.1231,-1.2665,9.7080,-0.0380,-0.0245,-0.0340
1230800678186,0.1422,-1.3263,9.7128,-0.0246,-0.0197,-0.0254
1230800678196,0.1350,-1.3694,9.7367,-0.0136,-0.0184,-0.0230
1230800678205,0.1231,-1.3790,9.7439,-0.0038,-0.0172,-0.0217
1230800678215,0.1255,-1.3933,9.7176,-0.0014,-0.0197,-0.0181
1230800678225,0.1398,-1.3455,9.7032,-0.0112,-0.0172,-0.0132
1230800678235,0.1207,-1.2928,9.6865,-0.0161,-0.0123,-0.0107
1230800678244,0.1350,-1.2593,9.7104,-0.0283,-0.0099,-0.0156
1230800678254,0.1566,-1.3455,9.7798,-0.0344,-0.0013,-0.0217
1230800678263,0.1302,-1.4292,9.8492,-0.0246,0.0035,-0.0266
1230800678272,0.1398,-1.5010,9.8396,-0.0051,0.0011,-0.0303
1230800678283,0.1613,-1.4340,9.7080,0.0218,-0.0087,-0.0242
1230800678292,0.1829,-1.2880,9.6003,0.0389,-0.0160,-0.0193
1230800678302,0.1877,-1.1516,9.5549,0.0230,-0.0172,-0.0144
1230800678311,0.1781,-1.1062,9.6243,-0.0051,-0.0160,-0.0205
1230800678321,0.1661,-1.1445,9.7104,-0.0356,-0.0160,-0.0279
1230800678331,0.1613,-1.3191,9.8324,-0.0527,-0.0087,-0.0242
1230800678340,0.1781,-1.5106,9.8827,-0.0551,0.0023,-0.0254
1230800678349,0.1279,-1.5464,9.8755,-0.0319,0.0109,-0.0303
1230800678360,0.0896,-1.5082,9.7535,0.0059,0.0023,-0.0242
1230800678370,0.0417,-1.4483,9.7008,0.0328,-0.0111,-0.0059
1230800678379,0.0632,-1.4148,9.6266,0.0426,-0.0209,0.0125
1230800678388,0.1901,-0.9028,5.8627,0.0426,-0.0282,0.0003
1230800678397,0.1949,-0.6970,9.8157,0.3480,0.2186,0.0125
1230800678407,-0.8843,-0.2041,9.8779,-0.1529,0.2112,0.0479
1230800678416,-0.5972,-2.0537,10.5598,-0.1736,0.1074,0.0259
1230800678426,-0.0540,-1.9580,10.4498,-0.1871,-0.0587,-0.0608
1230800678441,0.1087,-1.6661,10.3469,-0.1370,-0.1540,-0.0706
1230800678444,0.3408,-1.9508,9.8037,-0.0881,-0.1809,-0.0010
1230800678458,0.1996,-1.8551,9.5214,-0.0429,-0.1211,-0.0047
1230800678463,0.1494,-1.4651,9.3251,0.0438,-0.1027,0.0076
1230800678475,0.3863,-1.0607,9.3228,0.0988,-0.0930,0.0271
