1624607900202,2.6762,2.4783,9.1481,-0.2375,0.2774,-0.4579
1624607900204,2.5470,2.5453,9.2294,-0.1886,0.2469,-0.4493
1624607900205,2.5255,2.4543,9.3993,-0.2045,0.2285,-0.4554
1624607900216,2.4417,2.3682,9.5668,-0.2387,0.1907,-0.4505
1624607900218,2.4154,2.1744,9.5596,-0.2839,0.1406,-0.4664
1624607900255,2.4585,2.0858,9.5525,-0.3425,0.0856,-0.5067
1624607900256,2.4250,2.0667,9.5716,-0.3877,0.0465,-0.5422
1624607900258,2.3532,2.0045,9.7080,-0.4146,0.0392,-0.5641
1624607900266,2.2934,1.8035,9.8468,-0.4464,0.0477,-0.5617
1624607900268,2.2814,1.5882,9.9784,-0.4757,0.0453,-0.5495
1624607900298,2.3005,1.4230,9.9640,-0.5026,0.0428,-0.5373
1624607900329,2.2694,1.3967,9.9305,-0.5172,0.0355,-0.5336
1624607900330,2.2407,1.4063,9.9114,-0.5148,0.0379,-0.5299
1624607900332,2.1594,1.3680,9.9760,-0.5063,0.0404,-0.5214
1624607900333,2.1426,1.2053,9.9927,-0.5001,0.0331,-0.5177
1624607900334,2.1306,1.0737,9.9401,-0.5123,0.0001,-0.5165
1624607900335,2.0948,0.9947,9.8372,-0.5368,-0.0427,-0.5238
1624607900376,2.0373,0.8918,9.7176,-0.5576,-0.0879,-0.5422
1624607900379,2.0349,0.9038,9.6123,-0.5673,-0.1294,-0.5629
1624607900380,2.0325,0.9971,9.5214,-0.5527,-0.1685,-0.5800
1624607900381,2.1546,1.0474,9.4065,-0.5307,-0.2003,-0.5800
1624607900382,3.0040,0.8799,9.0954,-0.5087,-0.2296,-0.5483
1624607900398,3.8439,0.2051,8.4972,-0.4855,-0.2064,-0.4945
1624607900407,3.8104,0.5377,8.8873,-0.4488,-0.0146,-0.3564
1624607900413,1.7454,1.2651,9.6003,-0.3425,0.3654,-0.3638
1624607900424,0.6543,0.6884,9.5477,-0.2546,0.6952,-0.3723
1624607900429,0.3288,0.2793,9.5596,-0.3144,0.6158,-0.2062
1624607900440,1.1496,0.8583,9.4161,-0.4024,0.3764,-0.1720
1624607900449,1.7406,0.6502,9.2653,-0.4390,0.0966,-0.4579
1624607900458,2.2886,0.0184,8.9614,-0.5356,-0.0647,-0.6093
1624607900471,2.5255,-0.2759,8.8394,-0.6284,-0.1502,-0.6289
1624607900478,2.5733,-0.5462,8.6073,-0.6932,-0.1404,-0.7059
1624607900490,2.5661,-0.4673,8.3632,-0.7274,-0.1038,-0.7266
1624607900498,2.5326,-0.2424,8.1048,-0.7701,-0.0683,-0.7804
1624607900507,2.5733,-0.1514,7.7507,-0.8495,-0.0415,-0.8476
1624607900517,2.5398,-0.0246,7.4563,-0.9693,-0.0463,-0.8891
1624607900526,2.6930,-0.2759,7.2888,-1.1171,-0.0512,-0.9404
1624607900538,2.6786,-0.6037,6.9945,-1.2613,-0.0500,-0.9661
1624607900545,2.5350,-0.8525,6.6476,-1.3993,-0.0488,-1.0027
1624607900556,2.5590,-1.1277,6.4083,-1.5166,-0.0500,-1.0162
1624607900564,2.8892,-1.2115,6.3987,-1.6205,-0.0561,-1.0247
1624607900577,2.8724,-1.4747,6.3485,-1.7548,-0.0854,-1.1127
1624607900584,2.6953,-2.0226,6.2480,-1.9027,-0.1025,-1.2190
1624607900594,2.4848,-2.1925,6.3891,-2.0004,-0.1099,-1.2263
1624607900618,1.5229,-2.5395,6.1642,-2.0346,-0.1245,-1.2996
1624607900620,2.5446,-2.2547,6.3891,-2.0603,-0.1795,-1.4389
1624607900628,3.9612,-1.9365,6.6165,-2.1128,-0.3579,-1.6185
1624607900634,3.5352,-3.4535,6.7289,-2.2325,-0.5191,-1.9508
1624607900642,3.0830,-3.6402,7.0544,-2.3938,-0.4849,-1.8641
1624607900651,3.5089,-3.2430,7.2171,-2.4256,-0.4446,-2.0327
1624607900662,3.7338,-3.6354,7.2099,-2.4952,-0.5094,-2.2587
1624607900671,3.8152,-3.7359,7.3774,-2.6345,-0.5753,-2.2489
1624607900680,3.8343,-3.7718,7.5042,-2.7481,-0.5741,-2.3344
1624607900689,3.7793,-4.3915,7.6047,-2.8801,-0.5815,-2.4676
1624607900700,3.8559,-4.7839,7.5736,-2.9900,-0.6083,-2.5323
1624607900712,4.1095,-4.8103,7.4731,-3.0499,-0.6401,-2.5983
1624607900718,4.3584,-4.8174,7.3989,-3.1110,-0.6755,-2.6863
1624607900728,4.4900,-4.8438,7.2936,-3.1476,-0.6914,-2.7547
1624607900738,4.5689,-4.9706,7.2625,-3.1745,-0.6828,-2.8048
1624607900747,4.6718,-5.2816,7.2434,-3.1928,-0.6780,-2.8414
1624607900756,4.8393,-5.5305,7.0974,-3.1843,-0.6938,-2.8708
1624607900766,5.0738,-5.5449,6.8175,-3.1501,-0.7195,-2.9050
1624607900780,5.2102,-5.3367,6.5758,-3.0963,-0.7329,-2.9367
1624607900785,5.2317,-4.9706,6.3102,-3.0279,-0.7171,-2.9477
1624607900797,5.1911,-4.5566,6.0398,-2.9656,-0.6926,-2.9441
1624607900806,5.1887,-4.1068,5.6139,-2.9191,-0.6816,-2.9392
1624607900816,5.1863,-3.6330,5.1449,-2.9167,-0.6938,-2.9355
1624607900825,5.2222,-3.3147,4.6639,-2.9741,-0.7097,-2.9258
1624607900835,5.2844,-2.9965,4.3265,-3.0926,-0.7427,-2.9221
1624607900844,5.4471,-3.0324,4.1447,-3.2490,-0.7928,-2.9331
1624607900854,5.9017,-3.4105,3.7499,-3.4323,-0.8722,-2.9673
1624607900863,6.5693,-3.8292,3.9221,-3.5984,-0.9920,-3.0394
1624607900871,7.3015,-4.9778,4.3241,-3.7585,-1.1092,-3.1395
1624607900883,8.2132,-6.6145,4.1184,-3.8208,-1.2607,-3.2507
1624607900891,9.2493,-7.5022,3.6924,-3.7121,-1.3951,-3.3851
1624607900900,9.9528,-7.6984,3.3574,-3.5239,-1.4379,-3.5183
1624607900910,9.9648,-7.6099,3.1828,-3.2649,-1.3572,-3.5879
1624607900920,9.4431,-7.1409,3.0560,-2.8801,-1.1764,-3.6136
1624607900929,8.7946,-6.4063,3.1038,-2.4561,-0.9993,-3.6453
1624607900939,8.4046,-5.9780,3.3168,-2.0981,-0.9125,-3.6747
1624607900951,8.5625,-5.8942,3.1325,-1.7976,-0.9590,-3.7028
1624607900958,9.1177,-5.6860,3.3287,-1.5374,-1.1153,-3.7638
1624607900969,9.8451,-5.7985,3.2402,-1.3663,-1.2925,-3.8188
1624607900979,10.4098,-5.7770,3.2019,-1.2161,-1.4599,-3.8347
1624607900988,10.6060,-5.5018,3.2785,-1.1024,-1.5442,-3.8176
1624607900998,10.5749,-5.3750,3.2641,-1.0585,-1.5906,-3.7638
1624607901008,10.5247,-5.0448,3.1038,-1.0328,-1.6309,-3.6832
1624607901017,10.5414,-4.5375,2.8478,-1.0536,-1.6920,-3.6087
1624607901027,10.6874,-4.0996,2.6181,-1.1562,-1.7702,-3.5317
1624607901037,10.9434,-3.7909,2.4338,-1.2894,-1.8557,-3.4340
1624607901046,11.3406,-3.5684,2.1515,-1.4665,-1.9473,-3.3240
1624607901056,11.8024,-3.3435,1.9385,-1.6779,-2.0341,-3.2128
1624607901067,12.2571,-3.2023,1.7901,-1.9185,-2.1049,-3.0894
1624607901074,12.5658,-3.0922,1.6609,-2.1849,-2.1514,-2.9538
1624607901083,12.8194,-2.9534,1.5389,-2.4537,-2.1599,-2.8219
1624607901093,12.9917,-2.8290,1.4336,-2.7432,-2.1416,-2.6985
1624607901102,13.1711,-2.7644,1.4336,-3.0254,-2.1025,-2.5824
1624607901112,13.3362,-2.7955,1.3427,-3.3003,-2.0426,-2.4774
1624607901122,13.5444,-2.9606,1.2398,-3.5569,-1.9657,-2.3943
1624607901131,13.7406,-3.2286,1.0962,-3.7695,-1.8606,-2.3283
1624607901140,13.8603,-3.5851,0.9598,-3.9173,-1.7225,-2.2672
1624607901152,13.9129,-3.9536,0.6871,-3.9833,-1.5515,-2.2086
1624607901162,13.9033,-4.2814,0.2946,-3.9515,-1.3499,-2.1438
1624607901171,13.7263,-4.5566,-0.1241,-3.8391,-1.1227,-2.0669
1624607901181,13.4535,-4.7313,-0.4830,-3.6473,-0.8698,-1.9630
1624607901190,13.0156,-4.8198,-0.7486,-3.4152,-0.6022,-1.8323
1624607901200,12.4820,-4.8150,-0.9042,-3.1452,-0.3310,-1.6820
1624607901210,11.8958,-4.7672,-0.9664,-2.8312,-0.0781,-1.5122
1624607901219,11.3645,-4.6834,-0.8611,-2.4867,0.1503,-1.3167
1624607901229,10.9243,-4.5471,-0.6122,-2.1214,0.3434,-1.0944
1624607901239,10.5486,-4.3508,-0.1887,-1.7414,0.4949,-0.8708
1624607901247,10.2734,-4.0781,0.2324,-1.3957,0.5926,-0.6533
1624607901256,10.0581,-3.8172,0.6488,-1.0792,0.6439,-0.4346
1624607901266,9.9169,-3.4799,0.9957,-0.8068,0.6647,-0.2220
1624607901275,9.7925,-3.1520,1.2326,-0.5881,0.6610,-0.0156
1624607901285,9.6920,-2.8123,1.3666,-0.4256,0.6476,0.1823
1624607901294,9.6369,-2.5084,1.4049,-0.3279,0.6232,0.3729
1624607901304,9.6034,-2.2691,1.3379,-0.2839,0.5999,0.5525
1624607901315,9.6489,-2.1160,1.2781,-0.2827,0.5841,0.7150
1624607901325,9.7877,-1.9772,1.1991,-0.3230,0.5694,0.8567
1624607901335,9.9911,-1.8743,1.0723,-0.3889,0.5547,0.9728
1624607901344,10.1657,-1.8049,0.9766,-0.4672,0.5437,1.0766
1624607901354,10.3667,-1.7881,0.8713,-0.5343,0.5572,1.1780
1624607901363,10.6658,-1.7570,0.7277,-0.6052,0.5828,1.2709
1624607901373,11.0702,-1.7498,0.4597,-0.6712,0.6036,1.3466
1624607901383,11.6445,-1.7498,0.2707,-0.7310,0.6073,1.4065
1624607901392,12.2977,-1.7163,0.1056,-0.7872,0.5938,1.4468
1624607901402,12.8768,-1.7451,0.0458,-0.8447,0.5816,1.4615
1624607901412,13.1017,-1.8336,0.0769,-0.8911,0.5938,1.4835
1624607901420,12.8481,-2.0346,0.2037,-0.9338,0.6488,1.5348
1624607901429,12.1590,-2.1638,0.4526,-0.9497,0.7282,1.6032
1624607901439,11.2999,-2.2811,0.8258,-0.9290,0.7881,1.6801
1624607901448,10.4170,-2.3792,1.1800,-0.8667,0.7979,1.7559
1624607901458,9.6369,-2.4462,1.5365,-0.7542,0.7417,1.8353
1624607901468,8.9502,-2.5586,1.9218,-0.5795,0.6329,1.9233
1624607901479,8.5147,-2.6400,2.2113,-0.3462,0.4851,2.0173
1624607901487,8.2970,-2.6543,2.3525,-0.0689,0.3104,2.1126
1624607901497,8.3520,-2.6113,2.3668,0.2475,0.1137,2.2067
1624607901508,8.7085,-2.5275,2.2472,0.5921,-0.0915,2.2959
1624607901517,9.2924,-2.4174,2.0486,0.9525,-0.2797,2.3753
1624607901527,9.8930,-2.1997,1.8811,1.3239,-0.4287,2.4462
1624607901536,10.4672,-1.9389,1.8045,1.6721,-0.5179,2.5060
1624607901546,11.1301,-1.6326,1.8093,1.9983,-0.5558,2.5464
1624607901556,11.9604,-1.2928,1.7231,2.3049,-0.5619,2.5573
1624607901565,12.7835,-0.9171,1.4599,2.5774,-0.5411,2.5366
1624607901575,13.4750,-0.5175,1.1824,2.7851,-0.4678,2.5036
1624607901585,13.8220,-0.1060,0.9622,2.9134,-0.3237,2.4718
1624607901595,13.7813,0.2697,0.7732,2.9610,-0.1160,2.4413
1624607901602,13.4272,0.6071,0.6679,2.9256,0.1235,2.4010
1624607901612,12.8672,0.8799,0.7014,2.8107,0.3678,2.3497
1624607901621,12.2355,1.1407,0.8306,2.6128,0.5853,2.2702
1624607901631,11.5560,1.3201,1.0388,2.3465,0.7563,2.1542
1624607901640,10.9027,1.4757,1.3044,2.0190,0.8663,2.0198
1624607901656,10.3332,1.4518,1.6801,1.6525,0.9200,1.8805
1624607901661,9.7709,1.3225,2.1012,1.2628,0.9359,1.7473
1624607901671,9.1967,1.1622,2.5511,0.8743,0.9200,1.6252
1624607901681,8.6559,0.9517,3.0057,0.5163,0.8638,1.5164
1624607901690,8.1845,0.7435,3.3909,0.2146,0.7649,1.4260
1624607901700,7.8710,0.5401,3.6326,-0.0261,0.6268,1.3442
1624607901710,7.6293,0.3606,3.7259,-0.1813,0.4643,1.2574
1624607901719,7.5073,0.2003,3.6661,-0.2619,0.2945,1.1524
1624607901729,7.4403,0.0926,3.5872,-0.2949,0.1394,1.0375
1624607901739,7.3231,0.0304,3.4747,-0.2937,0.0062,0.9105
1624607901748,7.1628,-0.0079,3.4053,-0.2534,-0.1074,0.7602
1624607901758,7.0024,-0.1538,3.3215,-0.1923,-0.1954,0.5940
1624607901767,6.8254,-0.3931,3.1971,-0.1092,-0.2662,0.4205
1624607901776,6.7081,-0.6396,3.0918,-0.0310,-0.3273,0.2336
1624607901785,6.6985,-0.8190,2.9554,0.0386,-0.3750,0.0345
1624607901793,6.7201,-0.8813,2.8765,0.1205,-0.4214,-0.1781
1624607901804,6.7919,-0.9243,2.8262,0.1950,-0.4593,-0.4004
1624607901814,6.9306,-0.9650,2.8597,0.2659,-0.4862,-0.6264
1624607901823,7.0886,-1.0081,2.9196,0.3160,-0.5094,-0.8525
1624607901839,7.3733,-1.0775,2.9818,0.3416,-0.5399,-1.0785
1624607901843,7.6964,-1.1421,2.9842,0.3551,-0.5851,-1.2996
1624607901853,8.0792,-1.1253,3.0081,0.3599,-0.6291,-1.5073
1624607901863,8.4070,-1.0464,3.0583,0.3636,-0.6584,-1.6906
1624607901873,8.6822,-0.9171,3.0368,0.3551,-0.6780,-1.8433
1624607901883,8.9023,-0.8477,2.9554,0.3135,-0.6902,-1.9740
1624607901892,9.1009,-0.7664,2.8454,0.2280,-0.7012,-2.0876
1624607901902,9.2852,-0.6826,2.6683,0.1070,-0.7134,-2.1793
1624607901911,9.4814,-0.5965,2.4936,-0.0444,-0.7281,-2.2526
1624607901921,9.6345,-0.5462,2.3429,-0.2240,-0.7391,-2.3124
1624607901930,9.8116,-0.5941,2.1754,-0.4244,-0.7427,-2.3515
1624607901940,9.9791,-0.6659,2.0246,-0.6101,-0.7501,-2.3784
1624607901951,10.1418,-0.7664,1.8978,-0.7885,-0.7525,-2.3943
1624607901958,10.3548,-0.8932,1.7949,-0.9656,-0.7537,-2.3931
1624607901967,10.5271,-1.0320,1.6298,-1.1244,-0.7561,-2.3857
1624607901977,10.7209,-1.2450,1.5293,-1.2686,-0.7610,-2.3711
1624607901987,10.8573,-1.4795,1.4145,-1.3944,-0.7659,-2.3454
1624607901996,10.9530,-1.7642,1.3810,-1.4946,-0.7672,-2.3100
1624607902007,11.0008,-2.0920,1.3355,-1.5606,-0.7708,-2.2697
1624607902013,11.0008,-2.4820,1.3810,-1.5826,-0.7769,-2.2330
1624607902025,10.9817,-3.0156,1.4216,-1.5459,-0.7916,-2.1976
1624607902037,10.9219,-3.6593,1.4121,-1.4409,-0.8099,-2.1585
1624607902046,10.8286,-4.3724,1.4599,-1.2405,-0.8307,-2.1194
1624607902056,10.7352,-4.9299,1.4216,-0.9436,-0.8515,-2.0742
1624607902065,10.5988,-5.1740,1.2661,-0.5918,-0.8698,-2.0033
1624607902075,10.4266,-5.0926,1.1154,-0.2191,-0.8795,-1.9129
1624607902084,10.2471,-4.8342,1.0220,0.1657,-0.8808,-1.8103
1624607902094,10.0892,-4.6356,1.0316,0.5603,-0.8869,-1.6906
1624607902104,10.0341,-4.5710,0.9503,0.9341,-0.8979,-1.5489
1624607902113,10.0317,-4.4418,0.8330,1.2885,-0.9150,-1.3925
1624607902123,10.0126,-4.2743,0.7684,1.5817,-0.9296,-1.2117
1624607902131,9.9552,-4.0087,0.6416,1.8126,-0.9223,-1.0052
1624607902140,9.8571,-3.5469,0.5866,2.0044,-0.8930,-0.7902
1624607902150,9.7039,-3.2334,0.7564,2.1339,-0.8344,-0.5666
1624607902159,9.6130,-3.1712,1.0555,2.2170,-0.7561,-0.3100
1624607902169,9.5819,-3.0826,1.3235,2.2328,-0.6694,-0.0229
1624607902179,9.7303,-3.0491,1.6729,2.1278,-0.6083,0.2581
1624607902188,10.0174,-3.2119,1.9911,1.9323,-0.5668,0.5220
1624607902226,10.4385,-3.4990,2.2998,1.7112,-0.5436,0.7712
1624607902227,10.9889,-3.8412,2.8310,1.4852,-0.5228,0.9984
1624607902228,11.6325,-4.2073,3.4053,1.2738,-0.5033,1.2147
1624607902240,12.3217,-4.4992,3.6781,1.1015,-0.4800,1.4199
1624607902241,13.0323,-4.8366,3.5848,0.9659,-0.4458,1.6154
1624607902250,13.7406,-5.3367,3.2905,0.8572,-0.4080,1.7999
1624607902256,14.5590,-5.8392,2.7784,0.7741,-0.3689,1.9819
1624607902266,15.4443,-6.3010,2.5941,0.6935,-0.3273,2.1542
1624607902275,16.2411,-6.7006,2.8621,0.6580,-0.2785,2.2935
1624607902285,16.5761,-7.1265,3.5489,0.6898,-0.1795,2.4315
1624607902298,16.3392,-7.4639,4.5347,0.8205,-0.0024,2.5964
1624607902303,15.8104,-7.5692,5.3028,1.0160,0.2371,2.7724
1624607902314,15.2840,-7.7415,5.6115,1.2261,0.4875,2.9324
1624607902323,14.9466,-7.6362,5.0252,1.4497,0.7221,3.1071
1624607902337,14.9729,-6.8753,3.5848,1.6452,0.9371,3.2831
1624607902343,15.4587,-6.4709,2.5343,1.7625,1.1888,3.4553
1624607902353,16.5139,-8.2679,3.2809,1.9128,1.5639,3.6960
1624607902362,17.9089,-11.3714,5.1186,2.2267,2.1100,4.0821
1624607902371,19.1197,-13.7020,6.4035,2.5151,2.7380,4.5231
1624607902382,19.4332,-14.1853,7.3152,2.6665,3.2987,4.8566
1624607902390,18.5454,-13.4483,8.0522,2.8144,3.8009,5.0081
1624607902401,17.5404,-12.4697,8.8849,3.0832,4.3018,5.0668
1624607902410,16.9590,-11.3499,9.5261,3.2481,4.7208,5.1022
1624607902420,16.2316,-10.8880,9.7271,3.1186,4.9346,5.0509
1624607902429,15.3271,-11.3881,9.4017,2.8009,4.9798,5.0032
1624607902443,14.8054,-12.5152,9.0571,2.5151,4.9285,4.9898
1624607902451,14.4656,-13.7522,8.4901,2.3782,4.8344,4.9910
1624607902457,14.0876,-14.2954,7.5832,2.4381,4.7587,4.9947
1624607902468,13.6377,-14.1590,6.1786,2.6299,4.7086,4.9495
1624607902477,12.9941,-13.5106,5.5732,2.9134,4.7171,4.8774
1624607902486,12.3647,-12.9985,5.0946,3.1516,4.8161,4.8640
1624607902496,11.6373,-12.2759,5.1425,3.3263,4.9383,4.8896
1624607902505,10.8022,-11.6609,5.4727,3.3153,5.0568,4.9043
1624607902514,10.0916,-11.1776,5.2502,3.1308,5.1277,4.9055
1624607902524,9.2421,-10.7134,5.2550,2.8987,5.1912,4.9031
1624607902536,8.5625,-11.0651,5.4153,2.6470,5.2364,4.9006
1624607902547,8.4022,-11.4767,5.0755,2.5334,5.2462,4.9006
1624607902554,8.2993,-11.4384,4.4797,2.5444,5.2840,4.8530
1624607902563,8.2252,-10.9670,3.9150,2.6898,5.2877,4.7613
1624607902573,8.2682,-9.9788,2.8334,2.9977,5.3207,4.7125
1624607902582,7.5815,-8.1937,2.5152,3.4057,5.5223,4.6587
1624607902592,6.4545,-6.4828,2.5894,3.6879,5.8020,4.5781
1624607902601,5.3418,-4.9275,2.3931,3.7979,6.0219,4.5109
1624607902613,4.0616,-3.4775,2.5271,3.7185,6.2602,4.4229
1624607902622,3.0088,-2.7835,2.7832,3.4607,6.4471,4.2812
1624607902632,2.5757,-2.6783,2.6540,3.1944,6.4874,4.1150
1624607902642,2.2503,-2.7740,1.9648,3.0038,6.5107,3.9171
1624607902651,2.3723,-2.6496,1.5222,2.8779,6.4581,3.6838
1624607902661,2.1522,-2.2858,1.7375,2.8620,6.4483,3.4651
1624607902670,1.6329,-1.5871,2.3931,2.8889,6.5363,3.2806
1624607902680,1.3099,-0.4362,2.8334,2.8535,6.6145,3.1206
1624607902689,0.4581,0.4898,3.1158,2.6189,6.7049,3.0008
1624607902699,-0.3890,0.5018,3.1804,2.2267,6.7941,2.8701
1624607902709,-0.3938,0.0663,3.0560,1.8370,6.7110,2.7272
1624607902718,-0.1784,-0.2663,2.4218,1.4436,6.5241,2.6465
1624607902727,-0.1689,-0.2256,1.6490,1.1089,6.3421,2.5647
1624607902735,-0.2191,0.3032,0.8785,0.8963,6.0867,2.4388
1624607902746,-0.3794,0.8583,0.2683,0.7228,5.7972,2.3374
1624607902755,-0.4560,1.1192,-0.4783,0.5322,5.5296,2.2495
1624607902765,-0.4704,1.4733,-1.0597,0.3355,5.2193,2.1579
1624607902774,-0.5637,1.9542,-1.5789,0.1400,4.9126,2.0687
1624607902785,-0.7144,2.2079,-1.7943,-0.0310,4.6817,1.9893
1624607902794,-0.7120,2.3251,-2.0671,-0.1385,4.4581,1.9208
1624607902805,-0.6450,2.3778,-2.2178,-0.2216,4.2370,1.8646
1624607902815,-0.6570,2.7032,-2.4451,-0.3157,4.0464,1.8035
1624607902824,-0.7790,2.9353,-2.7945,-0.3951,3.8546,1.7400
1624607902834,-0.8987,3.2464,-3.1319,-0.4317,3.6384,1.6936
1624607902843,-1.1332,3.4426,-3.2922,-0.4843,3.4392,1.6667
1624607902852,-1.3916,3.2536,-3.5865,-0.5172,3.2621,1.6423
1624607902862,-1.8103,3.4019,-3.6535,-0.4904,3.0788,1.6411
1624607902872,-2.3415,3.6340,-3.5315,-0.4232,2.9090,1.6215
1624607902882,-2.8058,3.7824,-3.1893,-0.3230,2.7538,1.5995
1624607902891,-3.1886,3.7417,-2.8567,-0.2741,2.5877,1.5971
1624607902903,-3.3250,3.7632,-2.6773,-0.2204,2.3983,1.5616
1624607902909,-3.8466,3.9570,-2.7060,-0.1788,2.1760,1.5005
1624607902919,-4.4520,4.2849,-2.7586,-0.1715,1.9169,1.4272
1624607902928,-5.4259,4.6940,-2.9979,-0.1825,1.6103,1.3723
1624607902938,-7.0123,5.4741,-3.3903,-0.1996,1.3745,1.3283
1624607902947,-9.1826,6.8667,-4.2924,-0.2863,1.2303,1.3112
1624607902957,-11.7980,8.8719,-5.6755,-0.4329,1.1827,1.3185
1624607902968,-14.3894,11.3724,-7.2117,-0.6602,1.2560,1.3710
1624607902978,-16.9593,13.0450,-8.5947,-1.0536,1.4429,1.4883
1624607902988,-18.4070,12.7124,-9.3317,-1.5239,1.6384,1.6459
1624607902997,-18.7802,11.4083,-9.4226,-1.9161,1.8021,1.8292
1624607903006,-18.6534,11.5423,-9.8294,-2.0236,1.9964,1.9428
1624607903017,-17.4738,13.9136,-10.2769,-1.7952,2.1161,1.9660
1624607903024,-16.5453,17.9479,-12.1074,-1.2735,2.1796,1.8964
1624607903035,-15.7557,21.7549,-14.9644,-0.7164,2.2004,1.7290
1624607903045,-15.0690,23.3772,-17.8310,-0.3401,2.2187,1.4835
1624607903055,-15.2006,23.6069,-19.4701,-0.1287,2.3042,1.1499
1624607903064,-14.5976,22.2717,-20.5732,-0.1446,2.3324,0.7480
1624607903074,-13.6979,21.0849,-21.3437,-0.1813,2.2029,0.2837
1624607903082,-12.5493,20.3575,-21.1905,-0.2375,1.9438,-0.2868
1624607903091,-11.1495,19.7712,-21.0302,-0.3963,1.4637,-0.9197
1624607903101,-10.0847,18.9409,-20.9847,-0.6406,0.8540,-1.5256
1624607903110,-8.7352,17.7086,-21.4657,-1.0230,0.2615,-2.1108
1624607903120,-7.4861,17.8713,-22.3558,-1.4983,-0.2589,-2.6765
1624607903130,-6.7180,18.8978,-23.0689,-1.8648,-0.7684,-3.2434
1624607903140,-6.1437,19.4912,-23.4446,-2.0811,-1.3414,-3.7761
1624607903151,-5.2440,18.1297,-22.4252,-2.3034,-1.9852,-4.2623
1624607903160,-3.4207,14.5764,-19.8147,-2.5233,-2.7818,-4.7473
1624607903170,-0.7551,9.8721,-14.9644,-2.5746,-3.8642,-5.3509
1624607903179,2.3101,4.6605,-9.3532,-2.3242,-5.2949,-6.1230
1624607903189,5.2054,1.9207,-3.3951,-1.8526,-7.1030,-7.0320
1624607903199,7.3949,0.6549,3.9652,-1.5288,-9.1176,-8.1315
1624607903208,8.4716,-1.3407,9.5118,-1.4714,-11.0174,-9.1431
1624607903218,10.9937,-0.9746,6.3174,-1.2918,-12.8427,-9.7124
1624607903228,16.4254,3.9427,-7.8529,-0.6834,-15.0296,-10.1449
1624607903237,20.6774,8.5441,-24.6194,0.5444,-17.2348,-10.4552
1624607903247,36.1662,12.1979,-28.4240,2.4027,-18.7778,-10.0912
1624607903255,55.7347,10.3842,-21.1163,4.5358,-20.3282,-8.4125
1624607903264,50.9729,17.5698,-23.0378,3.7038,-19.8725,-5.1871
1624607903274,34.4936,7.0151,-16.0603,-0.3816,-13.5440,-4.3356
1624607903283,3.3701,-13.7594,-1.7871,-4.6662,-4.9858,-2.9282
1624607903293,-0.8412,-19.7511,0.2181,-5.7316,0.8247,-2.8891
1624607903303,14.9059,-16.8916,-7.2428,-3.2392,1.5627,-4.5115
1624607903312,9.4192,-10.3473,-6.4555,0.6617,-0.2455,-3.9789
1624607903322,-0.3244,-3.5804,-0.9783,4.2682,1.5920,-1.9594
1624607903333,-0.8101,-1.7498,1.6537,6.4173,3.3452,0.5989
1624607903343,0.1709,2.4065,2.5247,6.6408,2.8210,2.4437
1624607903353,2.7456,6.4815,2.4434,6.2499,1.8693,2.9593
1624607903362,5.1743,8.5393,1.8763,5.7184,1.1216,2.7382
1624607903372,6.1267,8.9963,1.5102,4.8803,0.6500,2.7638
1624607903381,5.6983,7.5511,1.2446,3.7319,0.6109,2.7748
1624607903391,4.8417,4.7850,0.3856,2.4173,0.7282,2.8200
1624607903401,4.5139,2.2773,0.1606,1.1858,0.7991,3.1707
1624607903410,5.0714,1.6169,0.1846,0.4369,0.7808,3.6703
1624607903420,5.6983,3.0717,0.7158,0.3257,0.7832,3.9464
1624607903430,5.8515,4.7562,1.2135,0.3490,0.8724,3.9892
1624607903438,5.5835,5.4047,1.7088,0.1571,0.9799,4.0027
1624607903447,5.0475,5.2204,2.1227,-0.3047,1.0789,4.0540
1624607903457,4.4110,3.9905,2.8167,-0.9204,1.1326,4.0845
1624607903466,3.4156,2.5716,3.3742,-1.5789,1.2316,4.1871
1624607903476,2.1689,0.8751,4.4055,-2.1922,1.2450,4.2592
1624607903485,0.7715,-0.6850,5.3243,-2.5722,1.2145,4.2250
1624607903498,-0.2598,-1.8336,6.0159,-2.6308,1.0935,4.0698
1624607903506,-1.0183,-1.7618,6.3844,-2.4170,0.9164,3.8304
1624607903516,-1.4753,-1.1014,5.8603,-2.0811,0.7038,3.5604
1624607903525,-1.7792,-0.2495,5.6785,-1.5838,0.4619,3.2537
1624607903535,-1.7481,0.5305,5.7622,-1.0560,0.2456,2.9789
1624607903545,-0.7120,1.0234,4.3361,-0.8178,-0.0647,2.8359
1624607903554,0.6543,1.8131,1.5269,-0.8813,-0.5057,2.7834
1624607903564,1.5444,2.5477,-0.5620,-1.1892,-0.9932,2.7919
1624607903572,2.0278,3.1818,-1.0525,-1.4958,-1.4623,2.8897
1624607903583,2.2144,3.8829,-0.5213,-1.5838,-1.8081,3.0302
1624607903593,2.0373,4.6031,-0.0164,-1.5594,-1.9950,3.1829
1624607903602,1.4248,5.5770,1.1058,-1.6510,-2.1269,3.2977
1624607903611,0.2283,7.1419,1.9911,-2.1116,-2.3114,3.2024
1624607903620,-1.9611,9.3265,2.9052,-3.0645,-2.5826,2.8872
1624607903630,-5.0406,10.7215,4.5539,-4.4512,-2.8673,2.4669
1624607903639,-7.2564,7.1347,6.4657,-6.0871,-3.2338,1.8781
1624607903649,-5.0694,-1.3431,4.6831,-7.7816,-3.9412,0.9312
1624607903658,1.1998,-9.1341,2.2950,-9.5495,-5.1483,-0.7950
1624607903674,11.0319,-18.7987,1.1632,-11.5861,-6.7866,-3.3668
1624607903675,25.6329,-22.2563,-3.4621,-13.4333,-8.6937,-5.9630
1624607903688,35.3885,-17.3822,-2.7203,-15.3905,-9.7615,-7.8896
1624607903698,29.5165,-8.9164,0.5219,-15.6288,-8.4652,-9.5976
1624607903708,26.7408,-3.4942,-0.2414,-13.8683,-6.4042,-11.1394
1624607903717,32.3305,0.6095,-3.8617,-12.3228,-5.4183,-11.5865
1624607903727,43.2178,4.6821,-7.4031,-11.6020,-4.4519,-11.7454
1624607903737,54.5478,6.4001,-10.6501,-11.3503,-3.0762,-12.3147
1624607903746,63.6932,3.1363,-14.9022,-11.2110,-1.4843,-12.5664
1624607903754,71.0559,-4.1929,-17.0126,-11.4492,-0.0952,-12.0838
1624607903764,75.8009,-13.6350,-17.4434,-12.3545,1.2438,-11.5621
1624607903775,74.4824,-21.1054,-18.9580,-13.8695,2.4386,-11.8321
1624607903784,65.8754,-28.2216,-13.3014,-15.8902,3.1008,-12.8071
1624607903793,56.8354,-40.0159,3.1421,-17.7118,3.3342,-13.5938
1624607903802,39.6932,-46.0769,10.5144,-18.2310,3.1155,-14.0239
1624607903812,27.7243,-33.4404,2.1515,-16.7515,1.0691,-14.9915
1624607903822,20.9215,-26.7333,-5.6204,-14.3130,0.2994,-14.5639
1624607903832,15.4611,-23.0866,6.2504,-12.8347,3.1924,-11.2323
1624607903841,16.4732,-5.7363,10.2392,-12.6795,4.7465,-8.0521
1624607903853,14.7480,14.4041,6.9802,-13.4761,4.5620,-7.0368
1624607903860,14.2766,17.9431,2.3525,-11.3967,3.4832,-5.9862
1624607903870,17.1336,5.2372,-2.4093,-7.6020,1.9707,-2.9868
1624607903882,20.8856,-7.8635,-7.4581,-4.7725,0.2261,-0.2013
1624607903891,22.9099,-12.3165,-10.2051,-1.5679,-1.0604,1.1182
1624607903901,24.3863,-11.1536,-11.6647,1.4571,-1.1105,1.0070
1624607903910,23.4651,-8.7752,-13.3756,3.2701,-0.2614,0.8689
1624607903920,24.0561,-6.8178,-14.3112,4.2854,0.6806,1.2831
1624607903929,25.2932,-6.2220,-14.8639,4.4442,0.9664,2.1273
1624607903939,20.7971,-9.9716,-14.2346,3.5340,1.2145,2.7699
1624607903949,14.1163,-11.0340,-10.5520,2.6458,2.4484,2.4889
1624607903958,8.8760,-6.9471,-8.1544,2.1608,3.6188,1.1243
1624607903968,5.0810,-4.5997,-5.3931,1.7197,3.6127,-0.2111
1624607903976,2.0541,-4.9921,-3.5913,1.7454,3.1802,-0.9490
1624607903985,0.2260,-5.5018,-3.0577,1.7845,2.6793,-1.7101
1624607903995,-0.0085,-6.7532,-1.7345,1.1626,1.8803,-2.5519
1624607904004,0.8457,-8.8350,0.3186,0.2915,1.1326,-2.9270
1624607904014,2.0134,-8.1435,1.3020,-0.1801,0.6109,-3.0552
1624607904024,2.6882,-5.5066,0.2851,-0.5698,0.1381,-3.3362
1624607904037,2.4872,-2.8888,-1.1554,-0.8520,-0.2907,-3.3240
1624607904042,1.9129,-0.9530,-2.2059,-1.0145,-0.3994,-2.8854
1624607904054,1.4559,-0.4601,-2.8017,-1.0169,-0.3896,-2.3515
1624607904064,1.0754,-1.3000,-3.7732,-0.9693,-0.4568,-1.8592
1624607904073,0.9606,-3.1449,-5.2304,-1.0194,-0.6108,-1.3778
1624607904082,1.4104,-5.1524,-6.7235,-0.9974,-0.8172,-0.8683
1624607904093,2.6523,-6.3847,-7.2523,-0.7738,-1.0885,-0.3491
1624607904102,4.6790,-6.8226,-6.8767,-0.4061,-1.4354,0.1493
1624607904112,6.9402,-6.7078,-6.6517,0.0191,-1.8203,0.6453
1624607904121,9.3354,-6.3991,-6.6469,0.5102,-2.1538,1.1084
1624607904131,11.8359,-6.3632,-6.5871,1.1492,-2.3896,1.4981
1624607904141,14.4800,-6.5857,-6.1995,1.8956,-2.5191,1.8695
1624607904150,17.2628,-7.1863,-5.4458,2.6152,-2.5497,2.2617
1624607904159,19.9021,-8.2631,-4.4288,3.2701,-2.5497,2.6343
1624607904168,22.8238,-9.3447,-2.9692,3.8846,-2.5948,2.9178
1624607904177,25.2788,-9.9189,-1.0286,4.3208,-2.7647,3.1218
1624607904187,26.3508,-10.6368,0.4550,4.5358,-3.0603,3.2818
1624607904196,26.7456,-11.4695,1.5939,4.7007,-3.5050,3.5311
1624607904206,27.5663,-11.6585,1.7782,4.8754,-3.9839,3.9428
1624607904218,29.5189,-10.9000,1.0340,5.0428,-4.4006,4.4205
1624607904227,32.4908,-9.1102,-0.2940,5.1967,-4.7146,4.9165
1624607904237,35.1133,-6.6982,-2.1102,5.1540,-4.8990,5.5689
1624607904246,36.8218,-4.9251,-1.8613,4.7459,-4.8893,6.5536
1624607904256,37.1089,-3.9345,-1.4737,4.1717,-4.6681,7.6422
1624607904266,36.4724,-3.8483,-0.1217,3.5633,-4.3712,8.5328
1624607904275,35.3574,-5.7171,0.4741,2.8706,-4.0915,9.2512
1624607904285,34.9171,-8.5909,0.3353,2.4027,-3.8899,9.7900
1624607904294,34.8788,-12.4793,1.1800,2.2695,-3.6749,10.2127
1624607904304,33.7542,-15.5636,1.8739,2.5468,-3.2399,10.6097
1624607904313,32.4621,-15.0587,0.1606,3.3055,-2.6535,10.8040
1624607904323,31.6437,-14.6854,-0.3993,4.4356,-1.9986,10.6818
1624607904332,30.0884,-14.5682,-0.9568,5.9396,-1.0909,10.4570
1624607904341,28.7125,-11.3857,-1.9546,7.2260,-0.1233,10.2335
1624607904350,27.5999,-8.4809,-3.6607,7.8613,0.7746,9.8303
1624607904360,26.4250,-7.1648,-4.3235,8.4294,1.7630,9.4845
1624607904369,24.9749,-4.8749,-4.4527,9.0269,2.8943,9.3905
1624607904379,22.9865,-2.4485,-3.9813,9.1783,4.0085,9.3526
1624607904389,20.2659,-0.1658,-2.7060,9.2566,5.0605,9.1962
1624607904401,16.9398,1.6862,-1.5646,9.2199,5.9987,9.0032
1624607904407,13.2955,1.3967,0.5483,8.9536,6.7281,8.7368
1624607904419,10.5773,-1.0894,0.9335,8.6738,7.2657,8.5218
1624607904429,9.4934,-2.4677,-0.3993,8.4050,7.5809,8.3385
1624607904438,8.6128,-2.5586,-0.8132,7.9102,7.7739,7.9513
1624607904448,7.7466,-2.4773,-1.1506,7.3568,8.0439,7.4613
1624607904458,6.9139,-2.3528,-0.4256,7.0489,8.3701,7.1229
1624607904467,4.6599,-1.4771,1.1417,6.8375,8.6719,6.8969
1624607904477,2.9203,-0.3022,2.2256,6.3427,8.7464,6.7210
1624607904487,1.5779,0.2386,3.2761,5.6854,8.4129,6.5670
1624607904496,0.4222,-0.4673,3.6972,4.9487,7.9572,6.5072
1624607904505,0.6591,-2.2284,3.1134,4.3159,7.3842,6.4718
1624607904514,1.2238,-3.8268,2.0510,3.9591,6.7806,6.4192
1624607904523,1.6042,-4.0781,0.4717,3.9335,6.2834,6.2470
1624607904533,1.5492,-2.9582,-1.4641,4.0752,5.9108,5.9696
1624607904542,0.9988,-1.4938,-2.9165,4.1412,5.6017,5.5420
1624607904552,0.2092,-0.9841,-3.6296,3.9653,5.3610,5.0399
1624607904562,-0.3483,-0.7664,-4.5748,3.5572,5.0849,4.5647
1624607904576,-1.1738,0.6023,-5.3141,2.9757,4.7526,4.1016
1624607904582,-2.5689,2.4950,-5.2065,2.2463,4.4472,3.6606
1624607904592,-4.4113,3.4043,-4.6370,1.4461,4.2211,3.3503
1624607904602,-6.4141,3.0334,-4.1297,0.7191,3.9499,3.1670
1624607904611,-8.1106,2.7917,-3.3807,0.2866,3.6359,3.0546
1624607904621,-9.4626,3.0382,-2.7179,0.2744,3.3818,2.9324
1624607904631,-10.8409,3.2918,-2.7969,0.7057,3.2022,2.7773
1624607904640,-12.4608,3.9857,-3.4980,1.3532,3.0312,2.6074
1624607904650,-14.2746,4.6438,-5.0414,1.8663,2.9127,2.4474
1624607904659,-15.9878,5.0865,-6.6230,2.1449,2.8858,2.3252
1624607904669,-17.5934,6.6681,-8.0898,2.0520,2.9395,2.3252
1624607904679,-18.4692,9.3313,-8.4655,1.5230,3.0190,2.3924
1624607904689,-18.9525,12.5784,-7.8936,0.8327,3.1546,2.5207
1624607904697,-18.8999,14.6793,-7.7141,0.1632,3.2303,2.6991
1624607904706,-18.2514,15.4474,-8.1353,-0.2741,3.2792,2.8811
1624607904715,-17.3804,15.6197,-9.8916,-0.5087,3.3390,3.0033
1624607904725,-16.4760,16.0671,-11.7126,-0.5014,3.2816,2.9886
1624607904734,-15.6528,17.3329,-12.5429,-0.2509,3.1313,2.8835
1624607904744,-14.1118,18.1561,-12.6840,0.0166,2.8674,2.7382
1624607904758,-11.8626,18.1919,-13.3804,0.2610,2.5755,2.5231
1624607904764,-9.4626,19.1012,-14.5289,0.4223,2.2957,2.1786
1624607904775,-7.6201,19.5750,-15.6942,0.5395,2.0123,1.6838
1624607904784,-5.6030,19.5558,-16.3211,0.6177,1.6995,1.1853
1624607904794,-3.5427,19.1371,-16.1871,0.4357,1.3855,0.7358
1624607904804,-2.3033,17.6201,-15.6416,0.1351,1.0825,0.2068
1624607904812,-1.5112,15.7537,-14.9859,-0.1691,0.6855,-0.3235
1624607904823,-1.7386,14.2318,-14.4906,-0.4500,0.2383,-0.8683
1624607904832,-2.4253,12.9971,-15.3209,-0.6260,-0.2125,-1.4304
1624607904842,-3.1264,13.2532,-15.3975,-0.7518,-0.6340,-1.9252
1624607904852,-2.6024,11.4107,-14.5457,-0.9949,-0.9357,-2.4077
1624607904861,-1.7362,8.2139,-14.9931,-1.0572,-1.1984,-2.8451
1624607904872,-0.8053,7.7521,-15.6392,-1.1452,-1.5637,-3.2519
1624607904879,0.6519,7.7808,-15.0458,-1.2808,-2.0267,-3.8103
1624607904889,2.1976,6.1728,-15.5148,-1.0548,-2.6132,-4.4321
1624607904898,3.4826,5.2516,-13.2152,-0.8007,-3.4965,-4.8732
1624607904908,5.4399,2.8970,-9.5255,-0.7176,-4.6767,-5.3716
1624607904917,6.8613,-0.6683,-5.4434,-0.1312,-6.1953,-5.9617
1624607904927,9.3354,-3.1161,0.5315,0.9574,-8.0205,-6.6080
1624607904941,12.4246,-5.2194,7.1214,2.1217,-10.0266,-7.3911
1624607904946,13.5396,-7.8085,8.9566,3.0294,-11.9692,-8.0325
1624607904957,14.9514,-7.5883,3.5273,3.7380,-13.7785,-8.4797
1624607904967,19.6006,-0.8741,-7.3121,4.6604,-15.8005,-8.9159
1624607904977,28.4326,9.5156,-17.0270,5.5706,-17.7235,-8.8206
1624607904986,44.1749,20.2378,-25.4521,5.5547,-18.9538,-7.6343
1624607904996,43.4260,17.8067,-18.4125,4.3623,-19.1492,-5.7467
1624607905005,34.2615,13.0761,-20.5062,2.2084,-14.8964,-3.8616
1624607905015,22.6324,2.2151,-16.2254,-1.7610,-8.1464,-3.1786
1624607905024,-2.2745,-10.2994,-2.7203,-4.5648,-2.5081,-1.8702
1624607905034,-5.9475,-18.2244,-0.4089,-4.2398,1.4955,-2.2110
1624607905044,6.5861,-14.9750,-6.9293,-1.8770,1.1497,-2.4713
1624607905052,6.4784,-6.4039,-8.4033,0.3270,-0.5570,-2.5189
1624607905061,0.3480,-2.2475,-4.6968,2.3306,0.6402,-1.4499
1624607905071,-1.9802,0.9684,-2.6103,3.7392,2.4020,0.6527
1624607905080,-1.5208,3.7345,-0.6075,4.0813,2.6976,2.6013
1624607905090,0.4557,6.2206,0.3904,3.5047,2.2798,3.7607
1624607905100,3.5065,6.8715,-0.0069,2.7924,1.6421,4.0405
1624607905114,6.1243,7.5128,-2.0312,2.2108,1.1888,3.9269
1624607905119,7.2968,8.3215,-2.6964,1.6037,1.0630,3.7143
1624607905130,7.4475,8.2211,-1.5048,0.8095,1.1497,3.7888
1624607905140,7.3996,7.4075,-0.7558,-0.1947,1.3049,4.2360
1624607905150,7.4355,5.6847,2.8885,-1.2063,1.3208,4.6514
1624607905159,7.7514,2.7319,6.1092,-2.3034,1.2133,5.0411
1624607905169,8.3233,-0.5630,7.7124,-2.9460,0.9518,5.4333
1624607905179,7.6820,-2.6208,8.7892,-2.6907,1.0361,5.6275
1624607905188,5.6026,-3.3052,10.0215,-2.0774,1.4185,5.7460
1624607905196,3.1691,-3.3506,9.7104,-1.4555,1.6518,5.6886
1624607905254,0.4963,-1.8695,8.6623,-1.0243,1.5590,5.3514
1624607905255,-2.2267,-0.5654,8.2819,-1.3272,1.2743,4.9019
1624607905256,-4.1027,-0.7568,8.3345,-1.9381,0.7979,4.4816
1624607905257,-4.0524,-1.1277,6.1212,-2.0811,0.1540,4.0894
1624607905258,-2.5401,-0.5439,3.4101,-1.7157,-0.5069,3.7033
1624607905259,-0.2717,0.8631,0.5626,-1.4005,-1.1239,3.4614
1624607905286,2.4297,3.3349,-2.3470,-1.4140,-1.8447,3.4492
1624607905287,4.9303,6.1608,-3.3927,-1.6547,-2.5460,3.4468
1624607905297,7.0886,8.3527,-3.6176,-1.8685,-3.1349,3.3490
1624607905298,8.0888,9.8888,-3.0673,-2.0468,-3.5759,3.4712
1624607905304,6.8373,11.3724,-0.6601,-2.5416,-3.6553,3.8780
1624607905311,2.9849,13.2603,2.3309,-3.3480,-3.4158,4.2482
1624607905321,-2.5880,15.1961,2.4338,-4.1262,-2.9467,4.3557
1624607905332,-9.2424,16.8998,3.5082,-4.9460,-2.3297,4.3961
1624607905339,-15.6696,13.9901,5.0205,-6.5501,-2.2968,4.0784
1624607905350,-14.1788,3.4952,5.6426,-8.6454,-3.4464,2.6807
1624607905361,-2.3033,-6.3465,6.2719,-11.4932,-5.6797,0.0797
1624607905370,16.7915,-17.3056,1.4432,-13.9526,-8.4029,-3.7699
1624607905380,41.5069,-24.2113,-7.9056,-15.8670,-11.2825,-7.3985
1624607905390,50.2264,-29.3056,-8.4583,-19.1840,-12.1952,-9.6794
1624607905399,36.5801,-25.2234,-4.5843,-19.9476,-9.7566,-11.3300
1624607905409,32.7372,-19.9497,-7.2475,-17.6507,-7.4451,-12.8046
1624607905420,41.2341,-11.6442,-7.7165,-15.3905,-5.6602,-12.1143
1624607905426,50.5374,-3.6354,-5.6779,-13.7009,-2.8978,-11.4289
1624607905436,54.6076,-3.5277,-2.7682,-12.6050,0.0233,-11.4583
1624607905446,55.2178,-9.4308,-2.8160,-11.7889,1.9243,-10.9647
1624607905455,55.1580,-15.2789,-4.0412,-11.7058,2.3446,-10.3404
1624607905464,52.1095,-19.8468,-7.9893,-12.2531,2.2456,-10.3160
1624607905474,47.8575,-23.0555,-11.2890,-12.9703,1.7056,-10.2072
1624607905489,41.4710,-24.1993,-9.1905,-13.5201,1.3024,-9.9384
1624607905493,34.6371,-26.1997,-3.1439,-14.2323,1.0727,-9.8578
1624607905505,29.3059,-27.7790,2.9243,-14.5084,0.6012,-10.0081
1624607905514,24.4964,-25.7738,7.5832,-13.4724,0.0037,-10.1864
1624607905524,21.8092,-22.1056,9.0428,-11.3527,-0.1538,-10.1852
1624607905534,22.4170,-18.5235,4.7668,-8.7248,-0.0695,-9.8199
1624607905543,22.4840,-14.3720,-0.0858,-6.0920,0.1882,-9.1553
1624607905553,20.4956,-11.9624,-3.3496,-3.8929,0.6048,-8.3172
1624607905562,18.3851,-11.3522,-4.7135,-1.8416,0.9628,-7.4644
1624607905572,17.5404,-11.1417,-4.9146,0.5750,1.1570,-7.0234
1624607905582,17.8754,-10.8545,-5.4314,2.8413,1.0789,-6.6984
1624607905592,18.2272,-10.1869,-6.8001,4.6079,0.7355,-5.8811
1624607905599,17.3945,-8.4306,-8.5468,5.8467,0.4802,-4.5849
1624607905609,16.7580,-4.9754,-9.9155,6.3989,0.3800,-3.2898
1624607905617,16.6910,-1.4842,-10.0806,6.1937,0.3373,-2.3821
1624607905627,16.3153,1.3991,-8.9225,5.3299,0.6073,-1.8384
1624607905636,15.4611,3.0549,-7.6328,3.9140,1.1644,-1.5635
1624607905646,14.2024,2.7702,-6.9748,1.9616,1.7679,-1.2654
1624607905660,12.5681,0.9852,-6.0440,-0.1165,2.2554,-0.7645
1624607905665,10.9290,-1.1612,-5.1299,-1.9809,2.6646,-0.2245
1624607905677,9.6585,-3.0037,-4.1129,-3.6204,2.9249,0.1469
1624607905686,8.7181,-4.6906,-3.5123,-5.0853,2.9848,0.3362
1624607905695,7.6030,-6.3728,-3.4023,-6.3180,2.9334,0.5574
1624607905705,6.2272,-7.8946,-3.1582,-7.3381,2.8772,0.9825
1624607905717,5.1360,-8.6460,-2.4906,-8.1494,2.8333,1.4859
1624607905726,4.7269,-8.6579,-2.1676,-8.5269,2.5694,1.6728
1624607905735,4.9590,-8.2248,-2.2466,-8.4914,1.9866,1.5531
1624607905745,5.4208,-7.5572,-2.1078,-8.2948,1.3366,1.3527
1624607905755,5.7749,-6.9829,-1.4043,-7.9795,0.7270,1.1511
1624607905764,5.8611,-6.4517,-0.9018,-7.5275,0.1540,0.9422
1624607905774,5.9257,-6.1311,-0.3730,-7.0034,-0.4226,0.7687
1624607905782,6.1506,-6.3106,0.1965,-6.3974,-1.0420,0.6380
1624607905791,6.4258,-6.9327,0.4382,-5.6461,-1.6786,0.5268
1624607905801,6.7225,-7.8300,0.4406,-4.7933,-2.2931,0.4377
1624607905810,7.0886,-8.8039,0.3640,-3.8855,-2.8514,0.3863
1624607905820,7.5217,-9.5624,0.2061,-2.8898,-3.3242,0.3729
1624607905830,7.9308,-9.9165,-0.2246,-1.7231,-3.6883,0.3754
1624607905844,8.2970,-9.8998,-0.8515,-0.4109,-3.9412,0.4034
1624607905850,8.6415,-9.6127,-1.7321,0.9965,-4.1000,0.4914
1624607905860,9.0507,-9.1724,-2.6103,2.4308,-4.1794,0.6673
1624607905870,9.7326,-8.8302,-3.2946,3.8394,-4.1904,0.9129
1624607905879,10.7998,-8.5263,-3.9024,5.1943,-4.1575,1.1853
1624607905889,12.4006,-8.3014,-4.4623,6.4649,-4.1183,1.4468
1624607905899,14.4848,-8.0980,-5.1155,7.6109,-4.0719,1.6936
1624607905908,16.7771,-7.9377,-5.8310,8.5993,-3.9510,1.9428
1624607905916,19.2848,-7.3586,-6.1373,9.4349,-3.7018,2.2116
1624607905928,21.8643,-6.2316,-6.2545,10.0580,-3.2912,2.4816
1624607905937,24.2355,-4.5495,-6.0751,10.4881,-2.7231,2.6893
1624607905947,25.7909,-2.3839,-5.5343,10.7202,-2.0182,2.8420
1624607905959,26.0708,-0.1132,-4.2087,10.6285,-1.2241,3.0277
1624607905964,25.4678,1.6384,-2.7275,10.2339,-0.3799,3.1975
1624607905974,24.7644,3.1339,-1.2487,9.6145,0.3788,3.3673
1624607905984,24.3671,3.7656,0.5985,8.6945,0.9677,3.6447
1624607905993,24.1566,3.7656,2.3549,7.5571,1.3989,4.0356
1624607906003,23.6278,4.1293,2.8885,6.3110,1.7361,4.4193
1624607906013,22.5199,4.3351,3.4292,4.8974,2.0196,4.7931
1624607906023,20.8880,3.3493,4.1184,3.4301,2.2871,5.2329
1624607906033,19.0096,2.1505,4.2883,1.9824,2.5144,5.7509
1624607906043,17.3538,1.2149,4.3194,0.3098,2.5791,6.2360
1624607906053,16.1263,0.3511,4.1279,-1.6314,2.4362,6.6379
1624607906062,14.9705,-0.9602,3.5896,-3.7035,2.1198,7.0081
1624607906072,13.7909,-3.4105,2.9411,-5.5947,1.7019,7.3270
1624607906081,12.6280,-6.3752,2.2591,-6.8372,1.2242,7.5689
1624607906091,11.3980,-10.3305,2.0342,-7.0999,0.7404,7.6715
1624607906101,10.1490,-15.0491,2.1826,-6.0798,0.3495,7.6104
1624607906110,9.2780,-19.4424,2.6037,-4.1335,0.1858,7.6287
1624607906120,9.8882,-20.6364,1.6346,-1.8294,0.3116,7.8010
1624607906130,11.4483,-19.5094,1.1417,0.4650,0.4338,7.7277
1624607906138,13.1017,-18.7772,0.5794,2.5334,0.6342,7.4223
1624607906147,14.0589,-17.7818,-0.0069,4.5908,1.1204,7.2451
1624607906157,14.1976,-15.8603,-0.6003,6.4893,1.8681,7.1510
1624607906167,13.4822,-13.1492,-0.5070,8.3085,2.7306,6.9849
1624607906176,12.3911,-8.9044,-0.0045,10.1411,3.8583,6.7662
1624607906185,10.7424,-4.8222,1.3786,11.2406,4.9700,6.5732
1624607906195,7.7873,-2.0753,3.7810,11.6462,6.0256,6.3520
1624607906207,4.1334,-1.1373,5.9895,11.3616,6.9908,6.1981
1624607906214,2.4656,-2.3385,7.1046,10.4355,7.4563,6.0686
1624607906226,3.0327,-2.9032,6.5255,9.3042,7.5907,5.7546
1624607906235,3.1787,-2.7740,5.6498,7.6756,7.7177,5.3698
1624607906245,2.3627,-2.4749,4.3792,6.1143,7.9242,4.9312
1624607906254,2.0445,-2.2834,2.9507,4.7520,7.9340,4.5402
1624607906264,1.8339,-2.4462,1.2422,3.4387,7.7812,4.2739
1624607906274,1.0754,-2.4749,-0.6649,2.2402,7.5870,4.0601
1624607906283,0.0202,-3.1544,-1.8039,1.1028,7.3854,3.8976
1624607906293,-0.5110,-4.0637,-2.2705,0.1596,7.0898,3.7583
1624607906303,-1.3820,-4.4442,-2.8878,-0.4720,6.7452,3.6728
1624607906311,-2.2410,-4.6595,-2.7897,-0.7335,6.3934,3.6398
1624607906320,-2.6024,-3.4535,-2.3614,-0.6150,6.0904,3.6777
1624607906328,-2.4899,-1.6134,-2.4236,-0.3633,5.8057,3.7864
1624607906338,-2.1286,-0.2280,-2.0886,0.0704,5.5577,3.9526
1624607906349,-2.4947,0.5808,-1.7632,0.5774,5.3586,4.2433
1624607906359,-3.8658,1.0498,-0.9018,1.0197,5.1069,4.5879
1624607906368,-4.5477,0.0639,-0.8156,1.3508,4.8161,4.9251
1624607906383,-5.0622,-1.3024,-1.5478,1.6709,4.5522,5.2378
1624607906386,-6.4070,-1.9413,-1.8972,1.8040,4.3629,5.4590
1624607906398,-7.9312,-2.5490,-1.9833,1.7100,4.2224,5.5628
1624607906408,-9.5176,-2.5945,-1.4497,1.6183,4.1271,5.5335
1624607906418,-10.8145,-2.1423,-1.4115,1.4913,4.0513,5.3636
1624607906427,-11.7717,-0.5223,-1.4689,1.4424,3.9658,5.0900
1624607906437,-13.0207,1.6671,-1.8972,1.3349,3.9353,4.8176
1624607906446,-14.9661,3.6484,-2.5768,1.1626,3.9047,4.5610
1624607906456,-16.7009,5.0410,-3.0386,0.9268,3.8021,4.3606
1624607906466,-17.6173,6.1489,-3.0051,0.6128,3.6921,4.2849
1624607906475,-17.5886,7.5702,-3.4023,0.2610,3.5675,4.3337
1624607906485,-16.2726,9.2930,-3.7588,0.0093,3.4185,4.3875
1624607906496,-14.5904,10.9297,-5.7066,-0.0224,3.2877,4.3789
1624607906503,-13.5280,12.3200,-7.9750,0.2439,3.1753,4.2555
1624607906512,-12.5613,13.6121,-10.1931,0.6532,3.0287,4.0295
1624607906522,-11.9751,15.2847,-12.2533,0.9390,2.8540,3.8011
1624607906531,-11.6400,17.9527,-13.5622,1.1284,2.7538,3.5347
1624607906541,-10.9222,21.8793,-14.3997,1.1479,2.6414,3.3234
1624607906551,-9.8478,24.6478,-15.7971,0.9745,2.5083,3.1609
1624607906565,-8.4720,26.4256,-17.7161,0.7924,2.4289,2.9813
1624607906569,-6.7922,27.3325,-19.7524,0.6104,2.3739,2.7785
1624607906581,-5.1842,26.4639,-22.4970,0.6324,2.3837,2.4523
1624607906591,-3.6528,24.0831,-24.5692,0.9561,2.3849,1.9257
1624607906600,-2.8751,21.0394,-25.5239,1.2921,2.2933,1.1096
1624607906610,-2.5689,18.8284,-25.1937,1.3666,2.0574,0.0210
1624607906620,-2.6143,18.2326,-23.8370,1.0038,1.5993,-1.2446
1624607906629,-1.8367,17.8306,-22.5975,0.3062,1.0129,-2.5372
1624607906639,0.6256,17.2468,-22.1046,-0.4757,0.3251,-3.7064
1624607906649,4.1215,16.1054,-21.3532,-1.1733,-0.4471,-4.7901
1624607906658,6.9043,13.8250,-19.9798,-1.8184,-1.5087,-5.8603
1624607906667,8.4549,10.8675,-18.1158,-2.3340,-2.9443,-6.9232
1624607906676,8.4022,8.5776,-14.8806,-2.5710,-4.6950,-8.0753
1624607906685,7.8471,8.4938,-10.5951,-2.9900,-6.6669,-9.2445
1624607906695,8.4549,9.9128,-5.8645,-4.1445,-8.6693,-10.2695
1624607906704,9.5197,11.0398,-0.7151,-5.8110,-10.3809,-11.0551
1624607906714,13.5970,13.2699,-1.7632,-6.9325,-11.7651,-11.9738
1624607906724,22.2591,15.9044,-10.9469,-7.0657,-13.1738,-13.1956
1624607906738,37.3913,17.6009,-25.2296,-6.3375,-14.2941,-14.4173
1624607906744,59.7331,20.1373,-33.6835,-5.0840,-15.1065,-15.6647
1624607906754,78.5239,7.9578,-20.2597,-3.8391,-16.5286,-16.6384
1624607906764,78.5239,-35.0316,-11.1574,-1.0731,-18.5481,-15.9029
1624607906773,59.0703,-38.4749,-21.0206,6.0776,-16.8732,-13.2860
1624607906783,32.0002,-9.9788,-29.9435,11.1343,-8.5984,-10.7265
1624607906792,4.3392,5.8665,-17.0701,9.9969,-0.2418,-6.5225
1624607906802,-19.3856,-0.2137,8.5427,7.6646,4.9713,-3.2043
1624607906812,-3.2436,-9.6127,-10.7770,6.4148,5.9755,-3.7651
1624607906821,5.5691,-9.8926,-12.3897,7.0037,1.0532,-4.2220
1624607906831,8.3831,7.8597,-13.2200,8.3219,0.4802,-3.9007
1624607906840,4.8537,14.6865,-7.4677,10.0543,1.7007,-2.5458
1624607906850,2.1259,14.3754,-3.1774,10.1179,3.4124,-0.0156
1624607906859,3.0734,15.3445,-0.6218,8.4368,3.6909,2.0186
1624607906868,5.0954,15.3253,-0.3945,6.0849,3.1143,3.0741
1624607906878,7.3853,15.3780,-0.8659,3.9457,2.3824,3.5836
1624607906887,7.6700,16.0025,0.0386,2.1424,1.9658,3.7766
1624607906897,6.4951,13.4541,1.8811,0.1119,2.2456,4.0650
1624607906906,5.5643,9.5395,3.5896,-2.0884,2.6964,4.7589
1624607906920,4.8656,5.8713,4.7955,-4.2032,2.7990,5.5139
1624607906925,4.0329,0.4898,5.7694,-5.7670,2.5498,6.0955
1624607906937,2.7719,-4.8079,6.2025,-6.0541,2.4179,6.6184
1624607906946,1.6784,-7.9329,7.7937,-5.4799,2.1833,6.9604
1624607906956,0.6519,-7.3730,9.0117,-4.5978,1.8266,6.7112
1624607906965,-0.1641,-4.8198,10.1674,-3.8110,1.1632,5.9855
1624607906975,-0.8843,-3.0013,10.6555,-3.0511,0.4362,5.1694
1624607906985,-1.3581,-2.1782,11.1987,-2.3168,-0.1868,4.5769
1624607906994,-1.2504,-0.8382,10.7919,-1.8416,-0.7598,4.1517
1624607907004,-0.2717,1.9806,7.9301,-1.5301,-1.4025,3.6752
1624607907013,0.3600,4.9525,4.3146,-1.2381,-1.9009,3.1279
1624607907023,0.4246,6.8212,2.1227,-1.0096,-2.0402,2.7602
1624607907034,0.2068,7.7927,0.3688,-0.9302,-2.0402,2.6979
1624607907041,-0.0038,8.5728,-0.9568,-1.1061,-2.1355,2.7919
1624607907050,-0.3507,8.3407,-1.1243,-1.5716,-2.3505,2.7577
1624607907060,-0.8293,7.0892,-0.7295,-2.0688,-2.7085,2.7064
1624607907070,-1.5591,6.7614,0.0912,-2.6492,-3.1960,2.7418
1624607907079,-2.4325,7.7449,1.2996,-3.6021,-3.7384,2.6502
1624607907089,-3.2867,8.7451,2.3309,-4.7884,-4.2808,2.2605
1624607907103,-3.4709,9.6328,3.0033,-5.9332,-4.8001,1.6386
1624607907109,-1.7386,10.0946,3.7403,-7.2416,-5.4317,0.8066
1624607907119,3.9037,3.2559,5.5134,-8.8653,-6.3407,-0.4016
1624607907129,15.4228,-7.5524,4.5180,-10.2263,-7.4524,-2.1548
1624607907139,32.6032,-17.1429,-2.0623,-11.2831,-8.6387,-4.5873
1624607907148,40.6336,-23.7207,-2.9500,-13.8402,-9.5856,-7.0039
1624607907158,34.3955,-27.1473,0.6105,-16.8444,-8.8220,-8.8499
1624607907167,30.4593,-25.2306,2.8908,-16.6025,-7.4928,-10.5884
1624607907177,32.3424,-16.8557,0.9263,-14.4975,-6.5972,-11.8846
1624607907187,39.1213,-7.6793,-1.8302,-12.3863,-5.3682,-12.5664
1624607907196,45.8332,-1.7666,-2.8519,-10.3082,-3.4244,-12.7301
1624607907205,48.3935,-2.7381,-3.7899,-8.8604,-1.1520,-12.1412
1624607907214,46.3141,-4.6619,-5.1227,-7.9661,0.4607,-10.6593
1624607907223,44.8760,-4.2767,-7.0753,-7.9869,1.2902,-9.5866
1624607907233,43.9237,-6.2244,-8.6761,-8.9789,1.7386,-9.5768
1624607907242,40.9231,-11.9265,-11.3321,-10.4938,1.9060,-9.4620
1624607907252,38.8198,-16.7074,-11.2962,-12.1615,1.6506,-8.8377
1624607907262,36.2906,-20.2153,-8.0108,-14.0026,1.7936,-8.4540
1624607907273,33.3905,-26.0226,-1.3875,-15.3453,2.1137,-8.6568
1624607907281,29.8324,-29.3487,1.9696,-14.9910,1.8827,-9.0356
1624607907292,28.0808,-27.6569,5.7096,-13.3454,1.1412,-9.2445
1624607907302,27.0926,-22.2803,5.3459,-11.0106,0.9591,-9.3532
1624607907311,27.3031,-17.2505,3.0655,-8.5684,0.9787,-9.3557
1624607907321,27.7889,-12.5463,0.8928,-6.3852,0.9774,-9.0356
1624607907331,27.0495,-7.5477,-0.8731,-4.9802,0.9921,-8.3392
1624607907340,25.0946,-4.1953,-3.4932,-3.9124,0.8931,-7.7027
1624607907350,23.0535,-3.8077,-6.3311,-2.5612,0.3947,-6.9354
1624607907359,21.1727,-4.7576,-7.3145,-0.7445,-0.1343,-5.9190
1624607907369,19.0144,-5.1453,-7.6711,1.1541,-0.3188,-4.9049
1624607907379,16.8752,-4.8055,-7.5155,2.7362,-0.2577,-3.9911
1624607907388,14.9849,-4.5183,-7.2882,3.8602,-0.1819,-3.0540
1624607907397,13.6282,-3.8842,-6.0033,4.6274,-0.1697,-2.2074
1624607907406,12.6686,-2.7883,-4.3642,4.9866,-0.1367,-1.6307
1624607907416,11.6086,-2.1686,-2.0599,4.8498,-0.0842,-1.3167
1624607907425,10.4098,-3.6067,0.0936,4.4564,-0.0366,-1.1823
1624607907435,8.9622,-5.7674,2.2424,4.0948,0.1332,-1.0125
1624607907444,7.2345,-6.9734,3.9485,3.6488,0.3324,-0.9478
1624607907458,5.4543,-7.3610,5.2286,3.0820,0.4607,-1.1384
1624607907464,3.9085,-7.5859,5.8747,2.5163,0.4680,-1.3839
1624607907475,2.9107,-7.5237,5.9297,1.9861,0.3299,-1.4413
1624607907484,2.5470,-6.8801,5.4464,1.4265,0.0477,-1.3680
1624607907494,2.6164,-5.9301,4.9439,0.8889,-0.3017,-1.3192
1624607907503,2.9633,-5.0184,4.4940,0.4858,-0.6071,-1.3192
1624607907512,3.3127,-4.2312,3.9915,0.2146,-0.8099,-1.2923
1624607907523,3.5400,-3.7383,3.5919,0.0118,-0.9101,-1.1677
1624607907532,3.6812,-3.5851,3.2641,-0.1043,-0.9150,-0.9527
1624607907542,3.8080,-3.5540,2.7257,-0.1165,-0.8600,-0.6924
1624607907552,4.1215,-3.5373,2.1084,-0.0774,-0.8038,-0.4224
1624607907561,4.7532,-3.6426,1.4432,-0.0518,-0.7843,-0.1769
1624607907571,5.7582,-3.9129,0.6201,-0.0347,-0.8185,0.0479
1624607907579,7.0862,-4.3102,-0.3466,-0.0285,-0.8747,0.2739
1624607907588,8.6989,-4.6619,-1.5478,-0.0420,-0.9174,0.5073
1624607907598,10.6132,-4.8605,-2.8304,-0.0774,-0.9199,0.7370
1624607907608,12.8553,-4.9203,-4.0866,-0.1214,-0.8857,0.9777
1624607907617,15.2122,-4.9060,-5.0940,-0.1678,-0.7989,1.2672
1624607907627,17.0499,-4.8055,-5.3668,-0.2216,-0.5521,1.6594
1624607907639,17.4280,-4.4920,-5.1490,-0.2741,-0.0170,2.1334
1624607907648,16.3847,-3.8053,-4.1249,-0.3071,0.7075,2.5818
1624607907657,15.1404,-2.9415,-2.1700,-0.3144,1.3819,2.9373
1624607907667,14.9346,-2.0657,-0.6505,-0.3071,1.7203,3.2330
1624607907677,16.0401,-1.2521,-0.2270,-0.3157,1.6274,3.5531
1624607907686,17.7821,-0.8310,0.4334,-0.3926,1.2939,3.9440
1624607907696,18.5454,-0.9076,1.6203,-0.5075,0.9677,4.3924
1624607907705,17.8060,-1.5967,2.7545,-0.6186,0.7856,4.8395
1624607907715,16.9685,-2.5682,3.5441,-0.6089,0.6268,5.2293
1624607907725,16.8441,-3.3028,3.9317,-0.3999,0.3434,5.5286
1624607907734,17.3897,-3.7072,3.8001,-0.0322,-0.1001,5.7106
1624607907744,18.3133,-3.8172,3.3885,0.4406,-0.5692,5.7913
1624607907752,19.1843,-3.6665,2.3525,0.9171,-0.9602,5.8096
1624607907761,19.6700,-3.4870,0.8569,1.3300,-1.2791,5.8059
1624607907771,19.9404,-3.5756,-0.4113,1.6660,-1.5124,5.8352
1624607907780,20.2539,-3.9680,-1.4306,1.9262,-1.6138,5.9305
1624607907790,20.8449,-4.4968,-2.5815,2.0997,-1.5698,6.0405
1624607907800,21.4886,-4.5016,-3.4693,2.2035,-1.4195,6.0881
1624607907809,21.6944,-4.6834,-3.4932,2.2231,-1.1581,6.0820
1624607907821,21.4359,-5.6430,-2.7323,2.2500,-0.7696,6.1248
1624607907830,21.1464,-6.2148,-2.2561,2.3355,-0.3286,6.1676
1624607907840,21.2086,-6.6479,-1.7034,2.4027,0.0636,6.0991
1624607907850,21.3689,-7.5883,-1.3014,2.5725,0.4093,5.9794
1624607907859,21.2708,-7.8850,-1.0525,2.9317,0.7612,5.9342
1624607907869,20.7301,-7.0691,-0.4567,3.1882,1.1155,5.9611
1624607907878,19.6916,-6.2005,0.3736,3.2054,1.4747,5.9794
1624607907888,18.4114,-5.8990,1.1178,3.1271,1.8009,5.9904
1624607907898,17.2389,-6.0378,1.6107,2.9353,2.0623,6.0234
1624607907907,16.2507,-7.0069,1.8595,2.7240,2.2493,6.0490
1624607907917,15.1763,-8.0454,1.2183,2.7399,2.4350,6.0576
1624607907925,13.8291,-8.2320,0.8976,2.9781,2.6696,6.0661
1624607907934,12.3432,-8.2009,1.1704,3.2823,2.9811,6.0551
1624607907944,11.1444,-7.8826,1.2350,3.5658,3.2963,6.0661
1624607907953,10.1299,-6.8250,0.7253,3.7893,3.5577,6.0515
1624607907963,8.7540,-6.0402,0.6751,3.8920,3.8167,5.9599
1624607907973,7.3255,-5.6095,0.2946,4.0031,4.0550,5.8853
1624607907985,6.0238,-4.4681,0.2420,4.2817,4.2505,5.8352
1624607907991,4.2722,-3.7957,1.3977,4.5407,4.5571,5.7558
1624607908003,3.2050,-4.0996,2.2065,4.8498,4.8723,5.6703
1624607908012,2.7623,-4.1092,3.1230,5.4044,5.0910,5.5115
1624607908022,2.9657,-3.3004,3.3766,5.8125,5.4038,5.3001
1624607908030,3.2050,-2.1231,3.7618,5.9493,5.7605,5.1535
1624607908041,3.0040,-0.5032,3.9892,5.9005,6.1844,5.0558
1624607908051,2.3580,1.0880,4.6974,5.5755,6.6499,4.9666
1624607908061,0.7141,1.1694,5.7072,4.8815,7.1203,4.9348
1624607908070,-0.3579,-0.3189,5.6258,4.1180,7.4489,4.9019
1624607908080,-0.5326,-1.9484,5.3315,3.3972,7.5430,4.8188
1624607908090,-0.3172,-3.8101,5.4296,2.7179,7.4501,4.6893
1624607908100,0.6208,-4.2001,4.5180,2.4393,7.3011,4.5695
1624607908107,0.8744,-2.7716,4.0155,2.3477,7.0812,4.3765
1624607908117,0.9797,-1.3766,3.5560,2.1730,6.8735,4.0503
1624607908127,1.0898,-0.6013,2.4266,1.8724,6.6548,3.7522
1624607908136,0.9103,0.1309,1.3882,1.3838,6.4447,3.5811
1624607908145,0.3600,0.2218,1.4288,0.7802,6.2834,3.4895
1624607908155,0.1901,-0.5869,1.3929,0.3086,6.0977,3.4553
1624607908166,-0.3411,-0.7999,0.9120,0.1413,5.8815,3.4626
1624607908175,-1.7984,-0.4075,-0.5620,0.2695,5.7080,3.4089
1624607908185,-3.7557,-0.1395,-1.6962,0.5505,5.5174,3.2782
1624607908195,-5.8446,0.8655,-2.5863,0.6996,5.2694,3.1426
1624607908205,-8.5868,3.1698,-1.9546,0.4846,4.9261,3.0363
1624607908215,-10.9677,5.3305,-0.4400,0.0374,4.5180,2.9617
1624607908224,-12.4632,6.0292,0.5674,-0.2778,4.1002,2.9776
1624607908234,-13.9826,5.3975,0.6512,-0.3144,3.7459,2.9593
1624607908243,-15.7126,4.4236,-0.0356,-0.0982,3.4282,2.8420
1624607908253,-18.1126,4.5361,-1.1578,0.3257,3.1497,2.6979
1624607908263,-21.0797,5.5243,-1.4402,0.7301,2.9078,2.6148
1624607908272,-23.2333,6.8906,-1.2631,0.9256,2.7172,2.6490
1624607908283,-24.3029,8.3527,-0.6434,0.8523,2.5596,2.8078
1624607908290,-24.9394,9.3672,-0.4830,0.5860,2.5254,3.0240
1624607908299,-25.1380,9.5658,-0.9592,0.2805,2.6023,3.2916
1624607908309,-24.5039,9.5491,-1.8637,0.1107,2.7135,3.5628
1624607908318,-23.5659,10.1784,-3.2396,0.0948,2.8455,3.8108
1624607908328,-22.6710,10.5397,-4.7470,0.1840,3.0141,4.0332
1624607908338,-21.5272,10.6282,-6.2689,0.3538,3.1973,4.1908
1624607908350,-19.9073,10.2167,-7.8505,0.5579,3.3891,4.2042
1624607908356,-17.7657,10.3052,-8.9967,0.7485,3.5968,4.1114
1624607908368,-14.9852,10.7335,-9.8868,0.9317,3.7703,3.9073
1624607908378,-11.8913,11.8797,-11.5570,1.1003,3.8754,3.6422
1624607908388,-9.8598,14.0093,-13.7632,1.1712,3.9316,3.3454
1624607908397,-8.2399,14.7271,-16.0890,1.0844,3.9841,2.9373
1624607908407,-5.8614,12.2147,-18.1492,0.9293,4.0098,2.4327
1624607908417,-3.4518,8.4029,-20.0228,0.7203,4.0379,1.8719
1624607908426,-1.7218,6.1943,-20.9034,0.5175,4.0000,1.1902
1624607908435,-0.9800,7.8430,-21.2791,0.3502,3.7483,0.3790
1624607908445,-0.7168,13.1862,-21.2097,0.1205,3.2267,-0.4835
1624607908455,-1.0686,17.9718,-20.7526,-0.2876,2.5168,-1.2752
1624607908464,-1.4801,19.0582,-20.8819,-0.8996,1.6030,-1.9508
1624607908473,-1.8534,16.8256,-20.3506,-1.6424,0.5352,-2.5177
1624607908482,-1.3174,12.9875,-19.4079,-2.1800,-0.5876,-3.1811
1624607908492,-0.5086,10.2765,-18.5154,-2.1299,-1.7604,-4.0192
1624607908501,0.4150,9.8099,-17.4697,-1.6461,-3.0139,-4.9575
1624607908510,1.3147,9.8649,-15.4932,-1.2063,-4.2857,-5.8273
1624607908520,2.3915,7.7162,-11.8561,-1.0817,-5.5918,-6.5543
1624607908533,3.9468,4.1796,-6.7020,-1.3028,-6.9662,-7.0796
1624607908539,5.7677,1.3704,-0.7367,-1.6864,-8.4652,-7.5231
1624607908551,6.7009,-1.5130,5.0874,-2.2594,-10.2001,-8.0521
1624607908561,8.1701,-2.4438,5.5612,-2.8422,-11.9789,-8.6825
1624607908570,12.1063,-1.6063,-1.2440,-3.1635,-13.7235,-9.3972
1624607908580,16.4948,5.6129,-15.5602,-2.6430,-15.3326,-10.2537
1624607908589,23.0798,12.1788,-29.9554,-1.1892,-16.8047,-11.2518
1624607908599,38.7624,15.3780,-35.2795,1.0209,-18.2048,-11.3947
1624607908608,67.9548,10.9417,-27.0386,2.7521,-20.0716,-10.2414
1624607908618,62.0254,-3.3602,-15.3472,3.2921,-19.7491,-7.9873
1624607908628,43.1293,-6.2986,-14.2705,3.2347,-14.4798,-5.9898
1624607908637,28.5187,-6.2651,-10.6693,1.3361,-6.8489,-4.4040
1624607908648,11.7211,-8.1339,-11.4493,-0.3034,-0.9504,-2.7975
1624607908655,-4.6004,-12.6707,-3.7349,0.5652,3.0238,-2.9111
1624607908665,-0.3507,-8.9786,-7.7309,2.7338,4.8796,-2.3833
1624607908674,5.9520,-4.4920,-11.8154,5.0343,3.0116,-1.6857
1624607908684,5.1767,1.5762,-11.0306,6.7178,2.1821,-1.2960
1624607908693,3.6309,4.0671,-7.9630,7.2248,2.9933,-0.2294
1624607908711,3.2888,6.5174,-5.1275,7.5840,3.6323,1.0106
1624607908712,5.2413,10.1903,-3.7397,7.4850,3.5907,1.5531
1624607908722,7.0766,12.5640,-3.3831,6.7105,3.3097,1.9758
1624607908734,7.2728,11.1235,-2.8304,5.3922,3.0532,2.5182
1624607908743,6.6244,7.8143,-1.6723,3.8639,3.0886,2.9556
1624607908753,5.9161,4.8137,-0.2868,2.1852,3.1106,3.4443
1624607908762,5.3035,2.1768,2.4506,0.4271,2.8687,4.0417
1624607908772,4.4182,0.5616,5.5110,-1.0035,2.3275,4.5500
1624607908782,3.8607,0.2984,6.4681,-2.2240,1.6934,5.0827
1624607908791,3.4443,0.9852,7.6550,-3.1660,1.1069,5.4895
1624607908801,3.0280,2.8037,8.4853,-3.7377,0.5242,5.6178
1624607908810,2.3269,3.8230,9.6553,-4.1384,-0.1795,5.4822
1624607908820,1.2142,3.2200,10.5551,-4.2850,-0.6902,5.4357
1624607908828,0.4102,1.8729,10.2344,-4.1299,-1.0384,5.5909
1624607908838,0.3145,1.4063,8.6815,-3.7194,-1.3511,5.6337
1624607908847,0.5610,1.2220,7.6430,-3.3846,-1.6615,5.3221
1624607908857,1.0826,1.4685,7.5736,-3.2673,-1.9156,4.8114
1624607908866,2.1522,2.4543,6.5447,-3.4079,-2.2234,4.3435
1624607908876,3.2457,2.9808,4.8553,-3.6791,-2.5606,3.9013
1624607908888,3.8463,3.4665,3.2833,-3.8330,-2.7537,3.4456
1624607908895,3.9468,3.3253,1.4504,-3.7426,-2.9088,2.8860
1624607908907,3.2218,2.9233,1.6250,-3.4665,-3.0164,2.4156
1624607908915,1.0826,4.2968,2.9196,-3.2246,-2.9443,2.2385
1624607908926,-2.8823,8.2234,3.2665,-3.3089,-2.6120,2.2996
1624607908935,-7.9479,12.8871,4.7525,-3.6986,-2.1514,2.3814
1624607908945,-13.3461,16.4571,9.0189,-4.2887,-1.6786,2.2434
1624607908954,-14.9230,11.7265,14.1443,-5.3198,-1.7726,1.3259
1624607908964,-9.0510,3.9068,13.4480,-6.6759,-3.3218,-0.6851
1624607908974,-0.3794,1.0426,8.8992,-8.5843,-6.1672,-3.0956
1624607908983,12.1877,3.8183,1.2231,-11.1585,-9.1152,-5.5109
1624607908993,27.5400,5.8043,-8.9847,-12.7760,-11.4402,-8.1059
1624607909003,41.3347,-0.9602,-13.3349,-13.3722,-12.2294,-9.5573
1624607909011,51.5688,-9.1485,-13.4067,-14.0173,-10.6631,-9.2506
1624607909020,57.8523,-19.2749,-14.0168,-14.2336,-7.4598,-9.3654
1624607909030,54.0118,-25.0224,-11.0306,-12.8897,-4.2100,-10.1730
1624607909039,49.8316,-23.2015,-5.8693,-11.3686,-1.5356,-10.4980
1624607909049,50.4848,-19.4424,-5.0485,-10.6893,0.2163,-10.6971
1624607909059,47.6900,-16.1163,-3.6655,-10.0687,1.2365,-11.1932
1624607909068,44.0027,-15.9082,-0.1289,-10.1884,1.9805,-11.3886
1624607909080,42.8924,-21.4906,1.6203,-11.0387,2.2297,-11.0600
1624607909089,38.8461,-25.6685,4.0346,-11.6875,2.0819,-10.5078
1624607909099,30.1506,-22.5746,11.2633,-12.1823,1.7960,-10.2695
1624607909109,23.0511,-17.9684,13.9026,-12.6966,1.2242,-10.3294
1624607909118,20.8712,-15.6641,13.4910,-12.2446,-0.0280,-10.2255
1624607909128,19.5001,-11.8380,12.7876,-10.4120,-1.3890,-9.9458
1624607909137,18.8565,-7.6290,9.5668,-8.5513,-2.3627,-9.7173
1624607909147,20.8569,-3.4487,4.1160,-7.0339,-3.1556,-9.3752
1624607909157,24.1662,-0.5391,-1.4689,-5.9649,-3.7579,-8.7937
1624607909166,27.0878,-2.4174,-8.3578,-5.1549,-4.1880,-7.9715
1624607909176,27.8008,-8.2990,-12.8180,-3.7389,-4.3945,-7.0344
1624607909184,26.5494,-15.6450,-14.4595,-1.1977,-3.9815,-6.4700
1624607909193,23.0894,-19.5477,-14.0599,1.6037,-2.9638,-5.8799
1624607909203,18.7153,-16.7935,-13.6962,3.6562,-1.6847,-4.8793
1624607909212,15.3797,-12.2208,-12.9449,4.6922,-0.5253,-3.7394
1624607909222,13.3530,-7.6936,-12.1624,5.2554,0.2334,-2.6570
1624607909232,12.5155,-4.2432,-10.7291,5.4167,0.4802,-1.8604
1624607909247,12.1996,-1.3837,-8.4464,5.1650,0.5132,-1.5232
1624607909252,11.8599,0.6813,-5.7113,4.5150,0.7160,-1.6222
1624607909262,11.1755,1.2244,-2.9931,3.4509,1.1021,-1.8018
1624607909271,10.0341,0.5832,-0.5835,2.0972,1.4490,-1.7712
1624607909281,8.6080,-0.6396,1.8882,0.6483,1.7007,-1.5647
1624607909291,7.4403,-2.0657,3.8121,-0.7029,1.7997,-1.3277
1624607909300,6.8325,-3.2908,4.2619,-1.8086,1.6763,-1.1066
1624607909310,6.8302,-4.6787,4.0490,-2.7347,1.4087,-0.9050
1624607909320,6.9091,-5.9157,3.4938,-3.5960,1.1375,-0.5935
1624607909329,6.4162,-6.8920,2.9794,-4.3009,1.0129,-0.2001
1624607909339,5.3657,-7.6434,2.8430,-4.6528,1.0373,0.1261
1624607909349,4.3512,-7.5811,2.6133,-4.6980,1.0850,0.3619
1624607909360,3.6788,-6.9040,2.2256,-4.7053,0.9970,0.4731
1624607909366,3.4706,-6.4302,1.6873,-4.7261,0.7185,0.4535
1624607909376,3.7961,-6.3345,1.0268,-4.5990,0.3324,0.4169
1624607909386,4.5378,-6.4948,0.2276,-4.3706,-0.0976,0.4609
1624607909395,5.4806,-6.9255,-0.7151,-4.0505,-0.5081,0.5574
1624607909404,6.4784,-7.4519,-1.7752,-3.5618,-0.8490,0.6563
1624607909414,7.3996,-8.0214,-2.5385,-2.9301,-1.1031,0.7749
1624607909428,8.3017,-8.6005,-2.9405,-2.1922,-1.2693,0.9288
1624607909434,9.1990,-9.0743,-3.0625,-1.4140,-1.3707,1.1389
1624607909444,10.2088,-9.2633,-3.1080,-0.6541,-1.4428,1.3820
1624607909454,11.2928,-9.4117,-3.2013,0.0838,-1.5026,1.6020
1624607909464,12.3576,-9.5074,-3.2850,0.8352,-1.5393,1.7999
1624607909473,13.4224,-9.4212,-3.4645,1.5426,-1.5320,2.0149
1624607909483,14.4776,-9.0982,-3.5506,2.1595,-1.4965,2.2312
1624607909493,15.5879,-8.4569,-3.4717,2.7362,-1.4183,2.4303
1624607909502,16.8776,-7.8587,-3.1056,3.2579,-1.3084,2.6111
1624607909512,18.4880,-7.4807,-2.7275,3.7673,-1.1972,2.7797
1624607909521,20.3041,-6.7461,-2.7442,4.2499,-1.0738,2.9727
1624607909531,21.9911,-5.9612,-2.7179,4.5615,-0.9321,3.2269
1624607909539,23.3909,-5.2984,-2.3207,4.6909,-0.7305,3.5579
1624607909549,24.5394,-4.3173,-1.9785,4.6299,-0.4690,3.9318
1624607909559,25.1927,-3.3483,-2.0312,4.2475,-0.2211,4.3105
1624607909568,25.3410,-2.5969,-1.7130,3.5658,-0.0195,4.7516
1624607909577,25.2573,-2.3504,-1.1506,2.6397,0.1467,5.2684
1624607909592,25.0180,-2.5466,-0.9712,1.6599,0.2750,5.7424
1624607909598,24.8816,-3.0420,-1.1434,0.7448,0.3116,6.1724
1624607909608,24.8505,-3.8029,-1.3181,-0.0640,0.2420,6.6245
1624607909618,24.8074,-4.4872,-1.5622,-0.6907,0.1088,7.0472
1624607909627,24.6830,-4.9634,-1.8685,-1.2039,-0.0744,7.4455
1624607909637,24.2666,-5.4061,-2.1102,-1.6913,-0.3066,7.8340
1624607909647,23.4746,-6.0713,-2.1556,-2.0358,-0.5778,8.1651
1624607909656,22.6036,-6.7054,-2.3542,-2.1935,-0.8698,8.4253
1624607909665,21.6537,-6.9973,-2.7969,-2.2484,-1.2082,8.6342
1624607909675,20.6774,-7.4998,-3.3807,-2.1776,-1.5625,8.7454
1624607909685,19.8016,-8.4138,-3.4717,-1.8514,-1.8643,8.7356
1624607909694,18.9450,-8.6388,-4.0986,-1.2906,-2.0439,8.6586
1624607909704,18.4904,-9.5504,-4.6681,-0.6993,-2.1563,8.5365
1624607909712,17.7390,-11.6561,-4.0795,0.2317,-2.1819,8.3471
1624607909722,16.5139,-12.2448,-3.7827,1.5426,-1.9681,8.1761
1624607909731,15.5089,-11.5054,-3.6798,2.6336,-1.7018,8.0160
1624607909741,14.9610,-10.0218,-3.5435,3.6219,-1.4195,7.8413
1624607909750,14.4991,-8.2727,-3.5889,4.4759,-1.1263,7.7081
1624607909760,13.6928,-7.1887,-3.8665,5.0685,-0.8172,7.6080
1624607909770,12.6040,-6.6049,-3.2970,5.6158,-0.4067,7.5102
1624607909781,11.0918,-6.3034,-1.9259,6.0764,0.0893,7.4565
1624607909791,9.0579,-6.0785,-0.5740,6.4539,0.6354,7.4027
1624607909800,7.0264,-5.7626,0.7134,7.0012,1.2193,7.2341
1624607909810,5.1887,-4.3197,0.4741,7.6500,1.8009,7.0692
1624607909819,3.5400,-2.5347,-0.0715,8.1888,2.4362,6.9739
1624607909829,2.2287,-1.0918,-1.1124,8.7214,3.2022,6.9287
1624607909839,1.2477,0.3176,-1.7488,9.0660,3.9511,6.8505
1624607909848,0.5394,0.5018,-1.5024,8.9316,4.6426,6.5964
1624607909858,0.3982,-0.5343,-1.4162,8.4930,5.1093,6.2213
1624607909867,0.9199,-2.0513,-3.1845,7.8528,5.2718,5.8389
1624607909877,1.8746,-3.1042,-4.4647,7.5681,5.2767,5.3319
1624607909885,3.2218,-2.5466,-4.9815,7.6915,5.5149,4.8163
1624607909894,3.0662,0.1525,-4.5245,7.8809,6.0598,4.4535
1624607909904,1.0108,3.1459,-2.3399,7.7013,6.7232,4.1786
1624607909914,-0.5062,4.9812,-0.7726,7.0635,6.9627,3.9672
1624607909923,-0.3627,4.4356,-0.2055,6.0532,6.6267,3.9526
1624607909933,-0.7288,3.2631,-0.4926,4.9280,6.1600,4.0479
1624607909943,-1.2528,2.2845,-0.4639,3.7832,5.8082,4.0589
1624607909953,-1.9180,0.8775,-0.0595,2.8156,5.5064,3.9892
1624607909963,-2.9493,0.3415,0.0721,2.2952,5.2962,3.9807
1624607909973,-4.8420,1.5427,0.8019,1.9665,5.0971,3.9636
1624607909983,-6.4046,1.5283,1.1441,1.4546,4.8002,3.8292
1624607909992,-7.5507,1.1311,1.5700,0.9403,4.3372,3.6532
1624607910002,-8.6610,1.5379,2.0773,0.4418,3.8522,3.4590
1624607910012,-9.8574,2.5931,2.1132,0.2866,3.4405,3.1743
1624607910021,-12.0827,3.5479,1.2422,0.5469,3.1521,2.8933
1624607910030,-14.7842,4.1963,0.4286,0.8706,3.0031,2.6563
1624607910040,-16.9689,5.5148,-0.0356,1.0074,2.9102,2.5354
1624607910050,-19.0841,6.8069,-0.4232,0.8462,2.8210,2.5586
1624607910060,-20.5796,7.1395,-0.2342,0.4980,2.7062,2.6685
1624607910068,-21.0869,7.4314,-0.5117,0.0863,2.6195,2.8884
1624607910077,-21.5224,8.1684,-1.0812,-0.1238,2.5742,3.1047
1624607910087,-21.5415,10.9991,-1.7058,0.1278,2.5657,3.2941
1624607910096,-22.5083,13.2460,-3.5387,0.5921,2.5828,3.5066
1624607910106,-22.4652,14.3730,-6.6517,1.3092,2.6646,3.6484
1624607910115,-21.7162,16.4595,-9.0828,1.7674,2.8076,3.8060
1624607910129,-21.0678,18.2518,-10.9421,1.8639,3.0544,3.8023
1624607910135,-19.7421,19.8741,-12.6027,1.8517,3.2682,3.7314
1624607910146,-19.0243,20.8025,-13.6795,1.6928,3.4270,3.6178
1624607910156,-17.6413,19.4912,-14.6318,1.4729,3.4466,3.4138
1624607910165,-14.9780,16.6725,-15.9933,1.3031,3.3366,3.1157
1624607910175,-11.0849,14.4209,-16.6513,1.3007,3.2120,2.4914
1624607910184,-7.4742,14.0883,-17.3644,1.5414,3.0458,1.5641
1624607910194,-3.7677,14.8324,-18.1277,1.6513,2.7489,0.5476
1624607910204,-1.4179,16.0910,-19.6232,1.5291,2.3763,-0.5165
1624607910212,-0.8987,16.9788,-22.0687,1.1528,1.9438,-1.5476
1624607910270,-2.8488,16.6318,-23.7317,0.4858,1.4686,-2.4126
1624607910270,-4.1792,15.2177,-24.3132,-0.4610,0.8333,-3.0406
1624607910271,-4.5142,14.2055,-23.4589,-1.5997,0.0734,-3.4230
1624607910272,-4.8947,13.0330,-21.7313,-2.6528,-0.6963,-3.8090
1624607910273,-4.3611,11.7696,-19.4844,-3.1610,-1.7250,-4.3503
1624607910274,-3.4470,10.0037,-16.1321,-3.1525,-2.9345,-4.9709
1624607910299,-1.5232,7.5606,-12.4304,-2.8801,-4.3126,-5.6771
1624607910309,0.5610,6.0675,-8.7909,-2.6406,-5.9717,-6.4956
1624607910310,1.5755,6.4934,-4.6370,-2.9656,-7.7236,-7.3582
1624607910311,2.0469,6.8715,0.3210,-3.9992,-9.4341,-8.2903
1624607910320,3.9635,9.2452,-1.1698,-5.4982,-11.0309,-9.0197
1624607910327,7.5265,16.0240,-9.0589,-7.0950,-12.6545,-9.7417
1624607910342,12.8409,21.4821,-21.6308,-7.9026,-14.1353,-10.9513
1624607910348,22.2112,17.7158,-41.6850,-6.5648,-15.3167,-12.4833
1624607910357,54.1028,5.6559,-55.2213,-3.4909,-17.1114,-13.7649
1624607910367,78.5239,-19.7726,-24.3706,-0.6284,-20.4528,-14.5297
1624607910376,77.9520,-50.3313,-18.8049,2.1278,-19.4938,-14.0886
1624607910386,34.5773,-26.1183,-26.2801,7.5412,-11.7761,-11.5365
1624607910396,4.2124,0.6765,-22.7363,9.8369,0.4680,-8.4528
1624607910405,-20.7591,11.8533,-10.5472,10.1545,6.2907,-5.3997
1624607910415,-14.4995,2.9688,-4.1895,10.7202,7.2816,-4.4285
1624607910424,4.7316,-1.8551,-16.0579,10.0959,3.8155,-4.1328
1624607910433,5.9998,9.3409,-14.1532,10.2156,-0.4507,-4.3320
1624607910442,1.8722,14.2342,-7.8888,11.3591,1.4918,-4.0314
1624607910452,-0.6929,16.4500,-3.9239,11.2834,3.3818,-1.7504
1624607910461,-1.5208,16.5122,-0.1050,9.4398,3.7410,0.4291
1624607910471,-0.8771,15.6508,1.4528,6.8229,3.4417,2.0821
1624607910480,0.1853,12.9301,0.6081,4.3880,2.7282,2.8848
1624607910494,1.1496,9.9152,0.9766,2.1950,1.9377,3.2366
1624607910499,2.2335,7.1084,0.8904,0.0508,1.5419,3.4406
1624607910511,3.3247,4.2633,0.8258,-1.8514,1.1607,3.4297
1624607910520,4.6407,1.8370,1.3331,-3.4860,0.9164,3.8683
1624607910530,5.5620,0.8224,1.2231,-4.5331,0.8186,4.5976
1624607910540,5.7701,0.1309,1.7160,-5.2209,0.7783,5.2158
1624607910550,5.2844,-0.7544,2.0342,-5.8147,0.8076,5.7021
1624607910559,4.3201,-1.7259,2.3596,-6.1091,0.7759,5.8499
1624607910569,3.5759,-2.4438,2.5822,-6.1628,0.4716,5.6581
1624607910578,3.2840,-3.2525,3.4244,-6.0932,-0.0500,5.3478
1624607910588,3.2361,-4.5973,4.6783,-5.8818,-0.6499,4.9727
1624607910598,3.1883,-5.8296,5.7598,-5.4469,-1.1703,4.6001
1624607910606,2.8317,-6.0928,6.8318,-4.7175,-1.5246,4.1468
1624607910615,2.2263,-5.3391,8.2843,-3.8159,-1.6847,3.6312
1624607910625,1.4415,-3.9799,9.6936,-2.8520,-1.6553,3.1621
1624607910634,0.6710,-1.8910,10.4426,-1.8941,-1.5943,2.7614
1624607910644,-0.2119,0.3415,10.6771,-1.0658,-1.5148,2.4425
1624607910654,-1.0279,1.9925,10.4091,-0.4525,-1.4049,2.2654
1624607910664,-1.2217,3.0214,8.9423,-0.0994,-1.2974,2.2372
1624607910671,-0.8819,3.7608,7.2841,-0.0664,-1.2387,2.2666
1624607910684,-0.1712,4.4643,6.8629,-0.3376,-1.3340,2.3020
1624607910693,0.8792,5.4597,6.6906,-0.5759,-1.6529,2.3118
1624607910702,1.8866,7.9530,7.0352,-0.7604,-2.0720,2.4523
1624607910712,1.6928,10.6952,8.0809,-1.1476,-2.2625,2.7260
1624607910722,-0.4345,11.7887,8.9997,-1.9210,-2.0072,3.0216
1624607910732,-3.9328,12.2649,10.4474,-2.9937,-1.5649,3.1254
1624607910741,-8.1537,12.8057,11.2801,-4.2985,-1.2852,2.9458
1624607910751,-12.6068,13.7078,11.7754,-5.7096,-1.3731,2.4462
1624607910761,-14.3368,13.0378,14.5152,-6.8995,-1.7653,1.6239
1624607910770,-10.4365,9.2332,13.0364,-8.1078,-2.2796,0.7785
1624607910781,-3.7246,0.4492,7.7937,-9.8231,-3.8251,-0.7682
1624607910788,2.8987,-9.2107,3.5776,-11.5189,-5.4867,-2.2672
1624607910798,9.1775,-21.7443,1.5724,-12.2715,-6.2918,-3.6576
1624607910807,15.5400,-37.3192,2.6563,-11.7669,-6.3675,-5.1151
1624607910817,20.8617,-44.3732,5.8460,-10.8946,-6.1366,-6.0582
1624607910826,24.3935,-41.6478,9.2581,-10.0528,-5.4781,-6.4345
1624607910836,21.2325,-34.9861,13.2565,-7.8720,-3.7860,-6.9208
1624607910846,13.8842,-29.6526,17.9154,-4.8311,-1.3450,-7.2458
1624607910853,9.1655,-23.8882,19.1477,-2.1324,0.5511,-6.6813
1624607910866,8.1629,-17.8655,20.6528,-0.2045,1.1314,-5.9141
1624607910876,8.8138,-13.2474,22.5814,0.7387,1.0715,-5.2262
1624607910886,8.9789,-10.0673,24.1152,0.5493,0.6879,-4.4040
1624607910895,8.0122,-8.5933,24.2205,-0.2436,0.2664,-3.7028
1624607910903,6.2535,-7.9449,23.1078,-1.0707,0.0135,-3.0882
1624607910915,4.2650,-7.0045,21.6051,-1.7976,-0.0158,-2.3503
1624607910924,2.6140,-5.9445,19.7124,-2.3999,0.0648,-1.6063
1624607910934,1.5994,-5.4491,17.4153,-2.7933,0.0526,-0.9637
1624607910943,1.1544,-5.4324,15.0775,-3.0181,-0.1001,-0.4371
1624607910953,1.1041,-5.7506,12.9024,-3.1415,-0.3188,-0.0632
1624607910962,1.1544,-6.8322,11.1509,-3.1745,-0.5081,0.2202
1624607910969,1.2429,-8.4665,9.7056,-3.0340,-0.6230,0.4926
1624607910979,1.4176,-9.7754,8.7485,-2.6467,-0.6523,0.7284
1624607910990,1.5109,-10.7851,7.9134,-2.0432,-0.5815,0.9141
1624607911000,1.4008,-11.6705,6.9586,-1.2955,-0.4348,1.0668
1624607911009,1.0754,-12.4147,6.3413,-0.4769,-0.2430,1.1756
1624607911019,0.8050,-13.1445,6.0159,0.3441,-0.0549,1.2220
1624607911031,0.8050,-14.0059,5.6761,1.1162,0.0477,1.1915
1624607911040,1.1759,-14.5347,5.6785,1.8920,0.0123,1.0620
1624607911049,1.7885,-14.8027,6.1858,2.7093,-0.1074,0.8518
1624607911059,2.6236,-15.2190,7.1979,3.5377,-0.2687,0.5879
1624607911068,3.8152,-15.3626,8.2675,4.3929,-0.4520,0.3228
1624607911078,5.4878,-14.7524,9.2677,5.1906,-0.6572,0.0638
1624607911088,7.5145,-13.4340,10.1267,5.8369,-0.8368,-0.1475
1624607911097,9.6202,-11.4073,10.5838,6.2645,-0.9040,-0.1952
1624607911107,11.1635,-8.9116,10.5957,6.4625,-0.8062,-0.1035
1624607911116,11.3741,-6.4470,10.1602,6.3293,-0.4874,0.1408
1624607911126,10.1107,-4.4131,9.6362,5.8675,-0.0109,0.5366
1624607911135,8.1749,-3.0755,8.9112,5.1943,0.5156,1.0339
1624607911144,6.4497,-2.3217,8.4087,4.4515,0.9445,1.5311
1624607911153,5.3275,-2.2643,7.8153,3.7453,1.1974,1.9453
1624607911163,4.8178,-2.7931,7.0065,3.1516,1.2572,2.2641
1624607911172,4.4684,-3.4631,6.2504,2.7448,1.2059,2.4621
1624607911182,4.2028,-3.9321,5.5421,2.5322,1.1534,2.5464
1624607911192,3.9109,-4.0565,5.2813,2.5273,1.1448,2.5500
1624607911203,3.6692,-3.8914,5.2238,2.6971,1.1693,2.5219
1624607911212,3.5568,-3.3626,5.4559,2.9866,1.1680,2.4621
1624607911222,3.4611,-2.6208,5.7598,3.3031,1.1558,2.3667
1624607911232,3.2840,-1.9939,6.3413,3.5486,1.1387,2.2580
1624607911241,3.0782,-1.3694,6.8701,3.7368,1.1253,2.1322
1624607911251,2.8413,-0.7592,7.3319,3.8382,1.1155,1.9880
1624607911261,2.7504,-0.2998,7.6071,3.8504,1.0715,1.8292
1624607911270,2.8030,0.3152,7.8009,3.8076,0.9836,1.6386
1624607911279,2.8892,0.8057,7.6191,3.6501,0.8748,1.4590
1624607911289,3.0280,1.1742,7.2673,3.3996,0.7514,1.3063
1624607911299,3.1261,1.7509,7.0113,3.1186,0.6598,1.1548
1624607911309,3.1284,2.2533,6.7983,2.7753,0.6036,1.0155
1624607911318,3.0543,2.5931,6.6069,2.4124,0.5731,0.8958
1624607911327,2.8485,2.6817,6.4538,2.0410,0.5608,0.7907
1624607911336,2.6499,2.6745,6.5686,1.6745,0.5462,0.6991
1624607911346,2.5278,2.3419,6.9180,1.3361,0.5132,0.6148
1624607911355,2.7623,1.7796,7.1142,1.0710,0.4338,0.5305
1624607911365,3.2361,1.3704,7.1788,0.8951,0.3031,0.4352
1624607911374,3.6405,1.0546,7.2745,0.7912,0.1882,0.3411
1624607911388,3.7889,0.9828,7.3846,0.7778,0.1394,0.2788
1624607911394,3.5544,1.1168,7.6191,0.8242,0.1711,0.2654
1624607911405,3.0423,1.3321,7.8272,0.8889,0.2542,0.2764
1624607911414,2.5829,1.5905,7.8679,0.9525,0.3214,0.2813
1624607911423,2.3293,1.8466,7.8416,0.9818,0.3189,0.2654
1624607911434,2.2957,2.0571,7.7794,0.9549,0.2469,0.2348
1624607911443,2.3508,2.0571,7.5999,0.9012,0.1345,0.2080
1624607911453,2.3867,2.0858,7.5353,0.8291,0.0282,0.1884
1624607911462,2.3819,2.1002,7.5664,0.7558,-0.0488,0.1786
1624607911472,2.2479,2.4855,7.5664,0.6861,-0.1062,0.1848
1624607911482,2.0230,2.5285,7.8679,0.5945,-0.1661,0.1860
1624607911491,2.0445,2.0882,8.0881,0.4968,-0.2198,0.1994
1624607911500,5.6864,-0.9578,7.0256,0.4333,-0.2772,0.2202
1624607911509,3.1954,4.3208,8.0857,0.3196,-0.3273,0.0516
1624607911518,0.2666,2.3227,9.7750,0.3050,0.2139,-0.4505
1624607911528,0.6710,1.3010,9.1983,0.6458,0.5828,0.3008
1624607911538,1.2309,2.6434,9.1744,0.4736,-0.0207,0.6930
1624607911547,1.6569,2.6864,9.6075,0.3453,-0.3542,0.2569
1624607911557,2.6499,2.5237,9.5668,0.3832,-0.4813,0.1139
1624607911568,3.0997,2.4902,9.6075,0.2610,-0.6755,0.1359
1624607911578,3.1691,2.4280,9.7271,0.1437,-0.7097,0.0308
1624607911587,3.2983,2.6984,9.6697,0.0350,-0.6755,0.0003
1624607911597,5.2748,4.5050,9.4089,-0.0652,-0.6328,0.0797
1624607911607,2.9849,1.1000,9.6960,-0.0127,-0.5375,0.1701
1624607911616,2.5446,2.3515,9.4280,-0.1837,-0.2015,0.3521
1624607911626,3.6214,2.2725,9.5214,-0.4598,-0.1710,0.0992
1624607911635,4.0664,2.7295,9.4448,-0.2729,-0.2528,0.0858
1624607911645,2.8892,2.1217,9.5549,-0.3010,-0.1991,0.1896
1624607911655,2.4058,1.9949,9.6960,-0.3401,-0.0854,0.2739
1624607911664,2.7528,1.9877,9.6171,-0.2851,-0.0854,0.2251
1624607911674,2.8629,2.1074,9.5596,-0.1752,-0.2039,0.1945
1624607911685,2.9298,2.1385,9.5381,-0.0835,-0.2699,0.1163
1624607911691,2.9897,2.2533,9.4113,0.0227,-0.3004,0.0235
1624607911701,2.9944,2.4256,9.3682,0.1058,-0.3237,-0.0302
1624607911711,2.9753,2.6290,9.3323,0.1754,-0.3408,-0.0657
1624607911720,2.9251,2.7630,9.3036,0.2109,-0.3518,-0.0828
1624607911730,2.9346,2.8516,9.2199,0.2109,-0.3591,-0.0852
1624607911744,2.8748,2.8396,9.2558,0.2036,-0.3542,-0.0852
1624607911750,2.8844,2.8037,9.2486,0.1926,-0.3371,-0.0755
1624607911761,2.8940,2.7582,9.2318,0.1754,-0.3249,-0.0657
1624607911770,2.9179,2.6530,9.2462,0.1718,-0.3127,-0.0632
1624607911780,3.0160,2.5764,9.1983,0.1645,-0.3017,-0.0657
1624607911789,3.0351,2.5860,9.1911,0.1510,-0.2944,-0.0620
1624607911799,3.0878,2.4950,9.1840,0.1278,-0.2785,-0.0510
1624607911809,3.2457,2.2510,8.9662,0.1022,-0.2601,-0.0278
1624607911818,3.8415,1.5164,8.4039,0.0789,-0.2418,0.0137
1624607911826,2.9251,2.0093,8.9447,0.1461,-0.2284,0.0650
1624607911836,3.2218,2.1792,9.0476,0.2622,-0.0439,0.0846
1624607911848,3.4874,1.9423,9.1720,0.2133,-0.0524,0.1249
1624607911855,3.6357,1.8801,9.3371,0.2072,-0.0512,0.1481
1624607911866,3.6668,2.0212,9.5764,0.1596,-0.0353,0.1139
1624607911875,3.6405,2.0954,9.6290,0.1425,-0.0036,0.0907
1624607911885,3.6190,2.1959,9.6936,0.1046,0.0147,0.0650
1624607911900,3.6333,2.2557,9.6314,0.0252,0.0111,0.0455
1624607911907,3.6836,2.2629,9.5046,-0.0481,-0.0011,0.0272
1624607911917,3.8080,2.0954,9.2916,-0.1055,-0.0146,0.0162
1624607911931,3.9133,1.6551,8.9279,-0.1556,-0.0085,0.0076
1624607911932,3.4993,1.9303,8.8346,-0.1629,0.0208,0.0150
1624607911948,3.1284,2.3515,8.8107,-0.0884,0.0685,0.0553
