1636278624536,-10.0703,-6.1406,-0.4500,-0.1541,0.2800,-0.0782
1636278624538,-8.7578,-4.4531,-0.0287,0.1354,-0.0539,0.0963
1636278624595,-7.3828,-3.9180,-0.0072,0.2056,-0.0220,0.0165
1636278624597,-8.2969,-4.4219,-0.1819,0.2024,0.2429,-0.0877
1636278624598,-9.0547,-3.9355,-0.4116,0.1385,0.2451,0.0421
1636278624599,-8.2188,-3.2773,0.5576,0.0066,0.0599,0.1282
1636278624600,-7.5273,-3.3613,0.8643,-0.1731,0.0780,0.2197
1636278624601,-8.3203,-4.1914,0.5073,-0.3242,0.1940,0.2686
1636278624629,-9.2578,-4.7461,0.1149,-0.3616,0.2600,0.2410
1636278624630,-9.3125,-4.4688,-0.2322,-0.2349,0.2036,0.2421
1636278624632,-8.2969,-4.3594,0.2466,-0.0125,0.0865,0.2134
1636278624652,-7.7656,-4.5391,0.1221,0.1514,0.1536,0.1687
1636278624656,-8.4297,-4.6484,-0.2681,0.2290,0.2917,0.0931
1636278624665,-8.9297,-5.1250,-0.3088,0.2747,0.3174,0.0048
1636278624670,-9.5391,-5.3047,-0.5840,0.4568,0.2642,0.0048
1636278624675,-9.7656,-4.9141,-0.6221,0.6460,0.1238,0.0474
1636278624701,-9.0234,-4.6016,-0.4883,0.7856,-0.0507,0.1048
1636278624704,-8.4766,-4.0820,-0.5938,0.8281,-0.1093,0.0920
1636278624709,-8.7344,-3.4395,-0.7373,0.8384,-0.0869,0.0314
1636278624725,-8.5625,-3.2207,-0.1412,0.7905,-0.2146,0.0346
1636278624726,-8.1875,-2.8652,0.1604,0.6206,-0.2358,0.0569
1636278624752,-8.5859,-2.7402,0.5649,0.3503,-0.0997,0.0186
1636278624755,-8.8672,-3.5156,0.9404,0.1215,-0.0401,-0.0154
1636278624759,-8.6719,-4.2344,0.8115,0.1449,-0.0433,-0.0324
1636278624785,-8.6875,-3.6953,0.2920,0.2737,-0.0379,-0.0399
1636278624791,-8.5469,-3.4199,0.4595,0.3076,-0.0592,-0.0367
1636278624801,-8.4219,-3.7813,1.0957,0.2067,-0.0231,-0.0420
1636278624813,-8.5859,-4.0742,1.0361,0.0385,0.1025,-0.0580
1636278624814,-8.6484,-3.7168,0.6680,-0.1168,0.1780,-0.0718
1636278624815,-8.1484,-3.1250,0.7178,-0.2849,0.2046,-0.0420
1636278624842,-7.6523,-2.3262,0.7729,-0.5317,0.3281,0.0091
1636278624843,-7.4766,-1.7500,0.7061,-0.9297,0.5142,0.0516
1636278624849,-7.1680,-1.8857,0.4380,-1.4209,0.6855,0.0953
1636278624872,-8.9063,-1.7256,-0.3757,-1.9014,0.9390,0.1676
1636278624873,-16.8594,1.6416,-0.1005,-1.9277,1.7705,-1.1279
1636278624878,-9.5313,-1.0869,-0.4355,-2.2031,0.5430,-3.0938
1636278624901,-5.2266,-3.6074,-0.4883,-3.2109,-0.6421,-0.8315
1636278624903,-6.7969,-3.0996,-0.5718,-3.5762,-0.1731,0.0771
1636278624904,-7.8398,-3.1738,-1.4102,-3.5469,1.0410,-1.0342
1636278624935,-10.4375,-4.5039,-1.7617,-3.5645,0.8154,-1.0449
1636278624936,-10.2578,-5.9375,-1.5820,-3.4688,0.1121,-1.0654
1636278624937,-8.4922,-6.5586,-2.2031,-3.1777,-0.4263,-1.0547
1636278624961,-6.8086,-6.7773,-2.6621,-2.5254,-0.4646,-0.8506
1636278624965,-6.2617,-6.8125,-3.0723,-2.0156,-0.1997,-0.5698
1636278624967,-6.7500,-7.0313,-3.2031,-1.6045,0.0982,-0.4485
1636278624991,-7.5664,-7.4375,-3.4258,-1.1113,0.3259,-0.5068
1636278624995,-8.2656,-7.4141,-3.8008,-0.6372,0.3684,-0.4653
1636278624997,-8.5313,-7.3477,-3.6328,0.0747,0.1450,-0.3027
1636278625025,-8.2031,-7.1875,-3.4004,0.7036,-0.1625,-0.1654
1636278625026,-7.6289,-6.4258,-3.3965,0.9995,-0.3252,-0.0867
1636278625032,-7.3164,-5.2813,-2.9844,1.1436,-0.2922,-0.0324
1636278625064,-7.2578,-4.3320,-2.1855,1.1445,-0.1614,0.0133
1636278625073,-7.2344,-3.8633,-1.6514,0.9219,-0.0901,0.0633
1636278625082,-7.1758,-3.8457,-1.5010,0.5288,-0.0848,0.1324
1636278625091,-7.1602,-4.0859,-1.4355,0.0939,-0.0220,0.2177
1636278625095,-7.3906,-4.4648,-1.4551,-0.3103,0.1195,0.2942
1636278625100,-7.8320,-5.0352,-1.4697,-0.4763,0.2461,0.3027
1636278625110,-8.2969,-5.5273,-1.7783,-0.4541,0.3066,0.3027
1636278625114,-8.6953,-5.5742,-2.3555,-0.3008,0.2664,0.3208
1636278625127,-8.8047,-5.1484,-2.5781,-0.0380,0.1536,0.3145
1636278625130,-8.6016,-4.6406,-2.5234,0.2205,0.0184,0.2803
1636278625151,-8.2656,-4.1953,-2.3984,0.3608,-0.0848,0.2878
1636278625152,-8.1094,-3.8613,-2.4336,0.4014,-0.0773,0.2996
1636278625161,-8.3203,-3.5449,-2.3574,0.4036,-0.0018,0.2505
1636278625165,-8.6641,-3.3906,-1.9365,0.4280,0.0152,0.1836
1636278625192,-8.8047,-3.2910,-1.7998,0.4109,-0.0624,0.1484
1636278625193,-8.7109,-3.2832,-1.7139,0.3386,-0.1741,0.1304
1636278625194,-8.4922,-3.5527,-1.4355,0.2683,-0.2422,0.0771
1636278625222,-8.3438,-3.9727,-1.1777,0.2471,-0.2433,0.0229
1636278625223,-8.3672,-4.2969,-1.1582,0.2610,-0.2018,-0.0048
1636278625224,-8.4219,-4.2930,-1.1152,0.2629,-0.1783,-0.0313
1636278625254,-8.3516,-4.1875,-1.0049,0.2493,-0.1923,-0.0665
1636278625255,-8.2500,-4.2109,-1.1797,0.2087,-0.2167,-0.0835
1636278625257,-8.1094,-4.2969,-1.4316,0.1641,-0.2230,-0.0473
1636278625284,-8.0000,-4.3672,-1.7783,0.0428,-0.2338,0.0006
1636278625285,-7.9570,-4.5625,-1.8740,-0.0731,-0.2369,0.0229
1636278625287,-8.0234,-4.7383,-1.8887,-0.1561,-0.2178,0.0229
1636278625314,-8.1328,-4.8984,-1.9600,-0.1731,-0.2103,0.0303
1636278625316,-8.1953,-4.9766,-1.8594,-0.1125,-0.2347,0.0750
1636278625317,-8.2188,-4.8711,-1.5967,-0.0114,-0.2678,0.1272
1636278625344,-8.1797,-4.6094,-1.2832,0.0535,-0.2634,0.1868
1636278625346,-8.1484,-4.0195,-1.0459,0.0237,-0.2487,0.2474
1636278625348,-8.1328,-3.3320,-1.0342,-0.0976,-0.2263,0.2952
1636278625374,-8.2109,-2.7852,-1.1387,-0.2668,-0.1923,0.3186
1636278625376,-8.4219,-2.6738,-1.2305,-0.4019,-0.1549,0.3293
1636278625377,-8.7422,-2.9434,-1.3877,-0.4595,-0.1517,0.3281
1636278625404,-9.0234,-3.0703,-1.5146,-0.4678,-0.1975,0.3516
1636278625406,-9.2109,-2.5840,-1.6846,-0.4573,-0.2571,0.3538
1636278625408,-9.2578,-1.5967,-1.8770,-0.4497,-0.3391,0.3303
1636278625434,-9.2578,-0.6152,-1.4746,-0.5049,-0.4304,0.2632
1636278625436,-9.0859,0.0526,-1.4863,-0.5869,-0.4421,0.1229
1636278625438,-9.0547,0.1484,-1.6494,-0.5371,-0.3997,0.0421
1636278625464,-9.3203,-0.3064,-1.3789,-0.4146,-0.3496,0.0186
1636278625466,-9.5469,-0.4595,-1.0869,-0.4934,-0.3518,-0.0122
1636278625468,-9.5469,-0.0742,-0.9023,-0.7383,-0.3762,-0.0952
1636278625494,-9.2891,0.3662,-1.4053,-1.0889,-0.3699,-0.2261
1636278625496,-9.1328,0.3662,-1.8623,-1.5273,-0.3369,-0.3250
1636278625498,-9.1953,-0.1794,-2.1250,-2.0469,-0.3071,-0.4197
1636278625524,-9.4063,-0.7036,-2.1660,-2.6836,-0.3157,-0.4495
1636278625526,-9.5000,-0.8018,-1.8906,-3.2910,-0.4167,-0.4304
1636278625528,-9.2578,-0.8208,-2.3516,-3.6934,-0.5273,-0.4111
1636278625554,-8.7344,-1.7354,-3.5801,-3.7051,-0.6133,-0.3696
1636278625556,-8.4844,-3.1172,-3.5742,-3.4395,-0.6987,-0.2546
1636278625558,-8.3594,-4.3789,-2.8438,-3.0859,-0.7793,-0.1069
1636278625584,-8.3516,-5.2148,-1.9199,-2.6484,-0.7808,0.0229
1636278625586,-8.4766,-5.5664,-1.4219,-2.0273,-0.7168,0.1431
1636278625588,-8.8047,-5.1016,-0.8735,-1.3652,-0.6753,0.3164
1636278625615,-9.0000,-4.3438,-0.7490,-0.8457,-0.7275,0.4846
1636278625616,-9.0313,-2.7324,-0.3662,-0.6763,-0.7856,0.5898
1636278625618,-8.8594,-1.4980,-0.1221,-0.5571,-0.7593,0.6177
1636278625645,-9.0547,-0.9072,-0.6221,-0.5029,-0.5796,0.6450
1636278625647,-9.3438,-1.4170,0.0598,-0.4934,-0.4700,0.6304
1636278625648,-9.2813,-2.2539,0.1771,-0.4338,-0.3955,0.5039
1636278625675,-9.5781,-2.7363,-0.5479,-0.0859,-0.2581,0.4272
1636278625677,-10.0547,-2.9102,-0.3159,0.3354,-0.2571,0.4580
1636278625678,-10.1328,-2.5234,-0.5840,0.5737,-0.3210,0.4336
1636278625705,-9.9141,-2.0313,-1.8311,0.6973,-0.3613,0.3867
1636278625714,-9.7891,-1.6250,-2.3066,0.6333,-0.4719,0.4070
1636278625716,-9.6250,-1.4189,-1.8643,0.4419,-0.5762,0.4038
1636278625725,-9.5313,-1.6563,-1.7686,0.2759,-0.5356,0.3740
1636278625727,-9.6172,-2.1035,-2.0176,0.1300,-0.5103,0.3623
1636278625759,-9.6094,-1.9102,-1.5508,0.0364,-0.5732,0.3718
1636278625761,-9.8047,-2.0195,-0.7349,0.2045,-0.5347,0.4507
1636278625762,-10.0000,-2.1152,-0.3806,0.2949,-0.4763,0.5005
1636278625783,-9.8516,-1.2686,-0.2800,0.2642,-0.4934,0.4761
1636278625785,-9.7344,-0.8379,0.0191,0.3076,-0.4434,0.4995
1636278625786,-9.7266,-1.2832,-0.1963,0.3301,-0.3135,0.5078
1636278625814,-9.9844,-1.4355,-0.8950,0.2769,-0.1932,0.4729
1636278625815,-10.1719,-1.6250,-0.7515,0.2013,-0.2092,0.4941
1636278625816,-9.9063,-2.0703,-1.1650,0.1248,-0.2891,0.4995
1636278625844,-10.0000,-2.3965,-0.8140,0.1375,-0.2837,0.5112
1636278625846,-10.3516,-2.4648,-1.1172,0.3323,-0.2433,0.5142
1636278625848,-10.5078,-2.3438,-1.0957,0.4153,-0.3879,0.5464
1636278625874,-10.2813,-2.3809,-1.1367,0.3716,-0.4475,0.5972
1636278625876,-10.0625,-2.1250,-1.2803,0.1970,-0.4551,0.5972
1636278625878,-9.7031,-2.2480,-1.7949,0.0513,-0.4966,0.5815
1636278625905,-9.7578,-2.9277,-1.7090,-0.0540,-0.5166,0.6592
1636278625906,-10.2266,-3.3848,-1.4219,-0.0285,-0.4402,0.6943
1636278625908,-10.6250,-3.4492,-1.2275,0.1056,-0.4529,0.7100
1636278625934,-10.4609,-2.9688,-0.7900,0.1875,-0.6196,0.7505
1636278625936,-9.9922,-2.1914,-0.6821,0.2747,-0.6665,0.7368
1636278625938,-9.9453,-1.8027,0.0598,0.4045,-0.5781,0.7124
1636278625965,-10.4219,-1.4619,0.6699,0.5215,-0.4221,0.7007
1636278625967,-10.7500,-1.1992,0.1388,0.4875,-0.3508,0.6846
1636278625968,-10.5234,-0.7324,-0.2727,0.2864,-0.4146,0.6494
1636278625995,-10.2344,-0.8809,-0.1149,0.2642,-0.4294,0.6006
1636278625997,-10.1875,-1.4170,-0.4619,0.1523,-0.3689,0.6230
1636278625998,-10.5547,-1.7549,-0.8975,0.0790,-0.2859,0.6123
1636278626025,-10.8203,-2.3652,-0.8018,0.0970,-0.3423,0.5571
1636278626027,-10.6953,-3.0391,-1.3545,0.1577,-0.4050,0.5547
1636278626028,-10.3750,-3.2207,-1.3643,0.3044,-0.4922,0.5762
1636278626055,-9.9375,-3.2090,-1.0771,0.5313,-0.5654,0.6152
1636278626057,-9.6875,-3.1406,-0.9956,0.5962,-0.5732,0.7178
1636278626058,-9.8281,-2.2207,-0.0670,0.6143,-0.4998,0.7388
1636278626085,-10.0000,-2.0000,-0.3279,0.7056,-0.4231,0.7676
1636278626087,-9.9922,-1.6543,-0.4548,0.3875,-0.4880,0.8730
1636278626088,-9.8828,-1.4717,-0.1747,0.1406,-0.4668,0.8345
1636278626115,-10.0547,-1.9795,0.0191,0.1024,-0.3613,0.7793
1636278626117,-10.6484,-2.2656,0.2705,0.1514,-0.2603,0.7910
1636278626119,-11.0938,-1.4141,0.8472,0.2908,-0.2571,0.7051
1636278626145,-10.9141,-1.3838,0.0670,0.5396,-0.2944,0.6582
1636278626147,-10.3047,-1.5723,-0.4045,0.3323,-0.4348,0.6685
1636278626149,-9.7031,-1.3447,0.5913,0.1396,-0.4285,0.5527
1636278626175,-9.2656,-2.4629,-0.7852,0.1183,-0.2964,0.5674
1636278626177,-9.4453,-2.8262,-0.9766,-0.0774,-0.2561,0.6763
1636278626179,-9.8516,-2.8477,-0.9072,0.1003,-0.1539,0.6348
1636278626205,-10.5469,-2.6621,-0.9072,0.3472,-0.1475,0.6982
1636278626207,-10.5078,-2.2402,-0.7373,0.5386,-0.3113,0.7686
1636278626209,-9.8359,-1.4385,-0.6484,0.4685,-0.4966,0.6772
1636278626235,-9.2969,-0.7993,-0.3950,0.4844,-0.4849,0.6348
1636278626237,-10.4453,-1.5537,0.6460,0.6035,-0.1699,0.7974
1636278626239,-11.3516,-1.3711,0.8857,0.4153,-0.0773,0.6484
1636278626265,-10.4141,-0.5981,-0.5215,0.3364,-0.3826,0.4709
1636278626267,-8.9766,-0.2871,-0.2944,0.2216,-0.7041,0.5176
1636278626269,-8.7891,-1.8857,0.5313,0.2610,-0.4199,0.5791
1636278626295,-9.5938,-3.4805,-0.1866,-0.0987,-0.0464,0.5835
1636278626297,-9.9063,-2.5996,-0.5024,-0.4712,-0.1699,0.5103
1636278626299,-9.3750,-2.2109,-0.8042,-0.1104,-0.4060,0.5220
1636278626325,-9.4844,-2.9688,-0.1053,0.3003,-0.3645,0.6802
1636278626327,-10.0703,-2.7090,1.1826,0.4854,-0.1709,0.6592
1636278626329,-9.9844,-1.6826,-0.1938,0.4768,-0.2114,0.6060
1636278626355,-9.2344,-0.5503,-0.8354,0.3450,-0.4795,0.6196
1636278626357,-8.8203,-0.5674,-0.1532,0.3140,-0.4624,0.5972
1636278626359,-9.4609,-1.4600,1.1631,0.2886,-0.1688,0.5557
1636278626386,-9.9609,-2.4102,0.3757,0.1205,-0.0199,0.5493
1636278626387,-9.8438,-1.7568,-0.5840,-0.1263,-0.2305,0.5273
1636278626389,-9.3281,-0.9189,-0.2466,0.0024,-0.3955,0.4719
1636278626416,-9.1953,-1.5625,0.3638,0.2800,-0.3293,0.4824
1636278626418,-9.3516,-1.9414,0.6006,0.2236,-0.2338,0.4761
1636278626419,-9.4063,-1.7451,-0.1293,0.1013,-0.2241,0.4314
1636278626446,-9.4219,-1.3711,-0.0311,0.1215,-0.2878,0.4006
1636278626448,-9.5156,-1.4766,0.6270,0.3174,-0.2847,0.3740
1636278626449,-9.4063,-1.6016,0.7422,0.3630,-0.2827,0.3379
1636278626476,-9.1094,-1.3018,0.2847,0.3057,-0.2666,0.3176
1636278626478,-9.1484,-0.9263,0.5000,0.2854,-0.2465,0.3250
1636278626479,-9.1953,-0.5889,0.6177,0.2375,-0.1848,0.3069
1636278626506,-9.3203,-0.4453,0.4907,0.1726,-0.1549,0.2932
1636278626508,-9.3125,-0.4668,0.4211,0.0130,-0.1646,0.2888
1636278626509,-9.2734,-0.7944,0.4453,-0.1030,-0.1368,0.2443
1636278626570,-9.2734,-1.0293,0.4812,-0.1550,-0.1007,0.2006
1636278626571,-9.3438,-0.9551,0.4692,-0.1252,-0.1135,0.1879
1636278626573,-9.3125,-0.8164,0.5957,-0.0699,-0.1528,0.1836
1636278626575,-9.1719,-0.8403,0.6318,-0.0827,-0.1560,0.1740
1636278626586,-9.1563,-1.0215,0.8306,-0.0806,-0.1093,0.1282
1636278626588,-9.1719,-0.9648,0.7324,-0.0434,-0.0560,0.0825
1636278626589,-9.1406,-0.7944,0.4092,0.0056,-0.0486,0.0803
1636278626590,-9.0859,-0.8496,0.4092,0.0088,-0.0582,0.0676
1636278626616,-8.9844,-1.0410,0.5454,-0.0178,-0.0316,0.0006
1636278626617,-8.9531,-1.3096,0.5288,-0.0178,0.0142,-0.0303
1636278626620,-9.0781,-1.4746,0.1508,-0.0093,0.0546,-0.0122
1636278626647,-9.2422,-1.5361,0.3423,0.0417,0.0216,-0.0197
1636278626648,-9.1563,-1.7617,0.2825,0.0322,-0.0209,-0.0143
1636278626654,-8.8906,-1.7207,0.5913,-0.0646,-0.0486,-0.0292
1636278626675,-8.7109,-1.4912,0.3542,-0.1157,0.0035,-0.0547
1636278626684,-8.7656,-1.2754,-0.0574,-0.0848,0.0695,-0.0569
1636278626690,-8.9922,-1.3691,-0.1268,-0.0200,0.0886,-0.0388
1636278626699,-9.1563,-1.5488,-0.0311,-0.0221,0.0801,-0.0260
1636278626701,-9.1797,-1.5938,-0.2394,-0.0827,0.0674,-0.0473
1636278626729,-9.1094,-1.5488,-0.4285,-0.1200,0.0471,-0.0612
1636278626731,-9.0938,-1.5244,-0.2369,-0.1019,0.0195,-0.0590
1636278626738,-9.2734,-1.2734,0.0215,-0.0966,0.0525,-0.0867
1636278626759,-9.4531,-1.0195,0.3687,-0.0583,0.0631,-0.1367
1636278626761,-9.4531,-1.1055,0.5454,-0.0402,0.0312,-0.1622
1636278626763,-9.3047,-1.3184,0.6797,-0.1179,0.0184,-0.2101
1636278626789,-9.1406,-1.4004,0.6436,-0.1647,0.0663,-0.2825
1636278626790,-9.3359,-1.2568,0.6558,-0.0029,0.1333,-0.3123
1636278626792,-9.4219,-1.0957,0.5049,0.0417,0.1365,-0.3271
1636278626818,-9.4375,-1.1533,0.4355,0.0300,0.1407,-0.3623
1636278626819,-9.3828,-1.3545,0.1364,-0.0040,0.1545,-0.4197
1636278626821,-9.3750,-1.3496,0.0024,-0.0061,0.1514,-0.4473
1636278626847,-9.5078,-1.2012,0.4644,0.0545,0.1461,-0.4387
1636278626849,-9.6328,-0.9097,0.5601,0.1045,0.1812,-0.4517
1636278626851,-9.7109,-0.6821,0.6221,0.1279,0.1844,-0.4973
1636278626876,-9.6094,-0.8042,0.6006,0.1120,0.1748,-0.5439
1636278626882,-9.4844,-0.9863,0.2632,0.0396,0.1982,-0.5835
1636278626883,-9.4375,-1.1104,-0.0359,-0.0668,0.2120,-0.6045
1636278626911,-9.4453,-1.3018,-0.2178,-0.1604,0.2185,-0.6016
1636278626913,-9.6172,-1.7451,-0.3613,-0.1604,0.2556,-0.5962
1636278626915,-9.7031,-2.1680,-0.3687,-0.1699,0.2238,-0.6045
1636278626941,-9.6953,-2.1348,-0.4429,-0.2019,0.1727,-0.5898
1636278626942,-9.6484,-2.0781,-0.5098,-0.1848,0.1396,-0.5737
1636278626946,-9.3594,-2.1133,-1.3496,-0.1604,0.1057,-0.5825
1636278626970,-9.1797,-2.3145,-1.0361,-0.0423,0.0408,-0.5698
1636278626974,-9.3984,-2.9375,-0.0909,0.0715,0.0940,-0.5103
1636278626979,-9.7031,-3.0684,0.1005,0.0854,0.1876,-0.5229
1636278626989,-9.7813,-2.6426,0.4092,0.0492,0.1290,-0.4973
1636278626992,-9.8984,-2.3555,0.1101,-0.0029,0.1461,-0.4187
1636278627018,-9.9688,-2.0938,0.1245,-0.0848,0.1333,-0.4688
1636278627021,-10.1406,-1.9463,0.3374,-0.1827,0.1355,-0.4932
1636278627027,-10.4375,-1.7520,0.5288,-0.2466,0.1333,-0.5430
1636278627037,-10.5547,-1.4746,0.9404,-0.2253,0.0621,-0.6113
1636278627044,-10.5234,-1.3213,1.5586,-0.1508,0.0078,-0.6411
1636278627075,-10.2031,-1.0166,1.6465,-0.1040,0.0121,-0.6929
1636278627078,-10.0078,-0.6270,1.5010,-0.0412,0.0897,-0.7334
1636278627082,-9.8672,-0.4380,1.1250,0.0524,0.1642,-0.7866
1636278627086,-9.9531,-0.5386,1.1846,0.1555,0.2769,-0.8101
1636278627089,-10.3047,-0.8306,1.2158,0.1652,0.4026,-0.8271
1636278627116,-10.2656,-0.6558,0.8018,0.0620,0.3982,-0.8740
1636278627119,-10.0313,-0.4475,0.3757,0.0013,0.3779,-0.8784
1636278627121,-10.2734,-0.6699,0.1029,-0.0338,0.4929,-0.8604
1636278627147,-10.8672,-1.1563,0.0958,-0.0615,0.6089,-0.8750
1636278627150,-10.8281,-1.2256,-0.3135,-0.1731,0.5054,-0.9263
1636278627154,-10.2422,-1.2803,-0.7012,-0.1870,0.3728,-0.9463
1636278627177,-9.8984,-1.6973,-0.7490,-0.1157,0.3887,-0.9380
1636278627181,-10.1719,-2.0527,-0.5024,-0.1731,0.4717,-0.9004
1636278627184,-10.3203,-1.9648,-0.7661,-0.3391,0.4514,-0.9199
1636278627207,-10.3750,-2.2598,-0.9839,-0.3657,0.3855,-0.9326
1636278627211,-10.1797,-2.7207,-0.6367,-0.4094,0.2737,-0.9517
1636278627214,-10.0469,-3.1602,-0.0144,-0.4243,0.2578,-0.9282
1636278627238,-10.3125,-3.5371,0.4954,-0.3838,0.3760,-0.9028
1636278627241,-10.2188,-3.4102,0.2394,-0.2529,0.3706,-0.9507
1636278627244,-9.5000,-2.9941,0.0479,-0.0774,0.1971,-0.9526
1636278627268,-9.1016,-3.1113,1.1006,0.0864,0.1940,-0.8687
1636278627271,-9.4219,-3.5859,1.1699,0.1268,0.4866,-0.8218
1636278627274,-10.1094,-3.2559,0.5840,0.0013,0.6714,-0.8525
1636278627298,-10.2969,-2.6953,-0.2035,-0.0189,0.5630,-0.8804
1636278627301,-10.1875,-2.7598,-0.1652,0.1194,0.4077,-0.8643
1636278627304,-10.0859,-3.4082,0.2297,0.2524,0.3950,-0.8560
1636278627328,-10.0313,-3.3848,-0.4692,0.1003,0.4185,-0.8589
1636278627331,-10.1875,-3.1230,-0.8975,0.0194,0.4045,-0.8579
1636278627334,-10.1172,-3.3965,-1.5938,-0.0221,0.3035,-0.8613
1636278627359,-10.5156,-2.8984,-0.5576,0.0311,0.3206,-0.8794
1636278627362,-10.6875,-2.7207,-0.1101,0.3301,0.3611,-0.9272
1636278627365,-10.4922,-2.5098,-1.4482,0.2725,0.2238,-0.8462
1636278627388,-10.1484,-2.3906,-1.8164,0.0450,0.0940,-0.8462
1636278627391,-10.0078,-2.5566,-1.0938,-0.0806,0.1174,-0.9253
1636278627394,-10.2969,-2.6836,-0.4070,-0.0529,0.2036,-0.9058
1636278627418,-10.4141,-2.1660,-0.4883,-0.0827,0.1971,-0.8613
1636278627421,-10.0781,-1.7715,-0.9453,-0.1104,0.0919,-0.8721
1636278627424,-9.7969,-1.8311,-0.4021,-0.0880,0.0461,-0.8887
1636278627448,-9.7188,-2.5898,0.2944,-0.0572,0.1281,-0.8794
1636278627451,-9.8516,-3.0781,0.4668,-0.1965,0.2111,-0.8486
1636278627454,-9.8984,-2.7949,0.4070,-0.2764,0.2366,-0.8369
1636278627478,-9.5078,-2.9531,0.1340,-0.2114,0.1482,-0.8135
1636278627481,-8.9688,-3.4395,-0.2489,-0.2837,0.0663,-0.7368
1636278627484,-8.9063,-3.5000,0.1245,-0.3721,0.1770,-0.6655
1636278627508,-9.1719,-3.2207,0.3662,-0.2487,0.3909,-0.6709
1636278627511,-9.6797,-2.8379,-0.3064,-0.0104,0.5132,-0.6260
1636278627515,-10.3359,-2.4199,0.1747,0.2544,0.5142,-0.5864
1636278627538,-10.3359,-2.8027,0.0072,0.4353,0.4270,-0.6270
1636278627541,-9.7656,-3.0547,-0.1293,0.3066,0.2566,-0.6748
1636278627545,-9.3203,-2.5781,-0.1986,0.1705,0.2440,-0.6909
1636278627568,-9.1094,-2.2949,-1.0479,0.1141,0.2844,-0.6694
1636278627572,-9.2031,-2.4180,-0.9336,-0.0561,0.2355,-0.6431
1636278627575,-9.5938,-2.9297,-0.3328,-0.2402,0.3015,-0.6558
1636278627597,-9.9219,-3.3438,-0.7637,-0.3040,0.3845,-0.7080
1636278627599,-9.7422,-3.2773,-1.3447,-0.3030,0.2057,-0.7144
1636278627601,-9.1875,-3.3789,-1.4023,-0.2583,-0.0464,-0.6763
1636278627627,-8.6875,-3.8965,-1.3447,-0.1530,-0.1060,-0.6528
1636278627629,-8.8125,-3.9023,-0.7637,-0.0635,0.0376,-0.6206
1636278627632,-9.3281,-3.3086,-0.0431,0.1311,0.1940,-0.6099
1636278627658,-9.4531,-2.9102,-0.4573,0.3662,0.1621,-0.5728
1636278627660,-9.1016,-2.9063,-0.5625,0.4492,-0.1326,-0.4387
1636278627663,-8.3438,-2.9941,0.7324,0.4216,0.0546,-0.4143
1636278627691,-8.4766,-2.3672,0.6484,0.4236,0.2705,-0.4143
1636278627693,-8.7266,-1.7305,0.3926,0.3770,0.3408,-0.3665
1636278627694,-9.0859,-1.7422,0.1819,0.2629,0.3770,-0.3015
1636278627720,-9.3906,-2.3867,0.2847,0.1439,0.4280,-0.3547
1636278627727,-9.4063,-2.8066,-0.4116,0.0088,0.4429,-0.4409
1636278627731,-9.0781,-2.9102,-1.5869,-0.0806,0.2898,-0.4517
1636278627740,-8.7891,-3.1523,-1.6543,-0.0615,0.0897,-0.3835
1636278627745,-8.7188,-3.8125,-0.8975,0.0662,0.0312,-0.3398
1636278627770,-8.7891,-4.0313,-0.6030,0.1396,0.1025,-0.3420
1636278627774,-9.0234,-3.6133,-0.6104,0.2396,0.1418,-0.3164
1636278627779,-9.1016,-3.2070,-0.5361,0.3801,0.0450,-0.2771
1636278627793,-8.8125,-2.9375,-0.2632,0.4302,-0.1188,-0.2527
1636278627798,-8.3125,-2.6660,0.2944,0.4121,-0.1826,-0.2378
1636278627810,-7.9297,-2.5293,0.5981,0.3621,-0.1060,-0.2015
1636278627820,-7.8438,-2.4414,0.1986,0.2258,0.0482,-0.1356
1636278627830,-8.1250,-2.4863,-0.0862,0.0747,0.1780,-0.0739
1636278627834,-8.3672,-2.8223,-0.0790,-0.0242,0.2111,-0.0526
1636278627860,-8.2500,-3.2988,-0.2035,-0.1689,0.1407,-0.0218
1636278627864,-7.9531,-3.8633,-0.3926,-0.3423,0.0641,0.0484
1636278627869,-7.9336,-4.3320,-0.5146,-0.4519,0.1036,0.1102
1636278627880,-8.2578,-4.3633,-0.7612,-0.3955,0.2375,0.1176
1636278627884,-8.7344,-4.1875,-0.6006,-0.1433,0.2898,0.1240
1636278627910,-8.9219,-3.9473,-0.5122,0.0545,0.1823,0.1570
1636278627915,-8.6953,-3.6016,-0.7681,0.1205,0.0269,0.1825
1636278627919,-8.5156,-3.4160,-0.8472,0.1864,-0.0411,0.1803
1636278627930,-8.4922,-3.1504,-0.9839,0.2035,-0.0188,0.1442
1636278627935,-8.6719,-2.6738,-1.1133,0.1864,0.0131,0.1272
1636278627960,-8.8984,-2.5078,-0.9312,0.2418,-0.0092,0.1304
1636278627965,-8.9766,-2.6836,-0.7134,0.2886,-0.0826,0.1080
1636278627969,-8.8750,-2.8223,-0.4500,0.3301,-0.1443,0.0633
1636278627980,-8.6484,-2.7324,0.1029,0.4216,-0.1805,0.0506
1636278627985,-8.4297,-2.5742,0.5957,0.4961,-0.1805,0.0761
1636278628010,-8.4063,-2.3750,0.6392,0.4451,-0.1146,0.1091
1636278628015,-8.5078,-2.0625,0.2106,0.3970,0.0291,0.0910
1636278628020,-8.6797,-1.8838,-0.1221,0.4131,0.1014,0.0825
1636278628037,-8.8594,-1.9990,-0.2466,0.3364,0.0493,0.1304
1636278628042,-8.8516,-2.3008,-0.1843,0.1886,-0.0369,0.1495
1636278628062,-8.7188,-2.5176,-0.2776,0.0524,-0.0667,0.1240
1636278628067,-8.6172,-2.6309,-0.5215,-0.0635,-0.0720,0.1464
1636278628074,-8.6328,-2.6738,-0.7563,-0.1487,-0.0795,0.1985
1636278628080,-8.6797,-2.8105,-0.6509,-0.1625,-0.1060,0.2421
1636278628095,-8.7344,-3.0352,-0.6484,-0.1604,-0.1305,0.2888
1636278628102,-8.6484,-3.2051,-0.5049,-0.1412,-0.1677,0.3389
1636278628106,-8.5234,-3.4609,-0.4524,-0.1242,-0.2061,0.4060
1636278628131,-8.5625,-3.4434,-0.7944,-0.1252,-0.1890,0.4805
1636278628135,-8.7734,-3.2402,-0.6245,-0.0465,-0.1635,0.5273
1636278628140,-9.0547,-2.9102,-0.5718,0.0620,-0.1422,0.5664
1636278628151,-9.2344,-2.5625,-0.3230,0.1715,-0.1869,0.6152
1636278628156,-9.2422,-2.2832,-0.0933,0.2162,-0.2581,0.6313
1636278628188,-9.1641,-2.0254,0.0120,0.1907,-0.2729,0.6206
1636278628192,-9.1719,-2.0820,0.2202,0.1555,-0.2476,0.6050
1636278628197,-9.2500,-2.4004,0.1986,0.0417,-0.2230,0.5845
1636278628203,-9.2813,-2.6543,0.0766,-0.1338,-0.2241,0.5645
1636278628208,-9.3047,-2.8809,-0.0670,-0.2455,-0.2412,0.5635
1636278628221,-9.3359,-3.0859,0.0503,-0.2720,-0.2891,0.5825
1636278628225,-9.2734,-3.0566,-0.0479,-0.2710,-0.3315,0.5962
1636278628251,-9.2969,-2.5605,0.1340,-0.2211,-0.3315,0.5918
1636278628255,-9.3828,-2.4355,0.2274,-0.0242,-0.2996,0.6113
1636278628260,-9.5625,-2.4082,0.0862,0.0545,-0.2751,0.6284
1636278628271,-9.6875,-2.3672,0.4475,0.1237,-0.2944,0.5854
1636278628275,-9.4375,-2.5605,0.2561,0.1609,-0.3464,0.5815
1636278628301,-9.2578,-2.8574,-0.0646,0.1226,-0.3560,0.6484
1636278628306,-9.2422,-3.1543,0.2681,0.0992,-0.3369,0.6646
1636278628310,-9.3594,-3.1328,0.2250,0.0715,-0.2656,0.7153
1636278628321,-9.6563,-2.6348,0.4644,0.0354,-0.2539,0.7944
1636278628326,-9.6563,-2.0586,0.9165,0.0566,-0.3071,0.8101
1636278628351,-9.3984,-1.9678,0.5313,-0.0370,-0.3391,0.8623
1636278628356,-9.5938,-1.7617,0.7705,-0.1125,-0.2305,0.8516
1636278628360,-9.9375,-1.9814,0.9189,-0.0529,-0.0880,0.8081
1636278628371,-10.2188,-2.0684,0.0096,-0.1519,-0.0773,0.8369
1636278628376,-10.2500,-1.8809,-0.0622,-0.2338,-0.1625,0.7974
1636278628401,-10.1406,-2.1387,-0.1221,-0.1242,-0.1614,0.7495
1636278628406,-10.2969,-2.4609,-0.3613,-0.0231,-0.1135,0.7729
1636278628411,-10.6016,-2.5469,-0.0407,0.0279,-0.1284,0.7656
1636278628421,-10.4219,-2.2930,-0.0551,0.1109,-0.2198,0.6880
1636278628426,-10.1172,-2.0508,0.2896,0.2024,-0.2827,0.7051
1636278628451,-10.2891,-1.9463,1.0791,0.3162,-0.1774,0.7061
1636278628456,-10.4766,-1.5410,0.9551,0.3301,-0.0656,0.6333
1636278628461,-10.5781,-0.8760,0.5410,0.1812,-0.0858,0.6401
1636278628471,-10.3594,-0.6196,-0.0239,-0.0200,-0.1337,0.6333
1636278628476,-10.2500,-1.3096,-0.8569,-0.1731,-0.0582,0.6079
1636278628501,-10.3984,-2.3672,-0.8784,-0.3486,-0.0443,0.5581
1636278628506,-10.2891,-3.1914,-1.1221,-0.5347,-0.1316,0.5708
1636278628511,-10.4219,-3.2500,-1.0605,-0.5059,-0.1400,0.6196
1636278628521,-10.4219,-4.2188,-0.6318,-0.1444,-0.1975,0.6729
1636278628526,-10.0391,-4.3633,-0.1986,-0.1263,-0.3274,0.7827
1636278628552,-9.6172,-3.6641,0.2346,0.0450,-0.3125,0.7974
1636278628556,-9.4219,-3.3125,-0.1316,0.2629,-0.2507,0.9102
1636278628561,-9.8281,-3.0781,0.0574,0.1620,-0.1837,1.0586
1636278628572,-10.1484,-2.8008,0.5361,-0.0349,-0.1251,0.9849
1636278628576,-10.1797,-2.7051,-0.3950,-0.0944,-0.1028,0.9570
1636278628602,-10.3594,-2.6230,-0.7612,-0.1838,-0.1805,1.0254
1636278628606,-10.6797,-2.7324,-0.0862,-0.1530,-0.1677,0.9561
1636278628611,-10.7266,-3.2422,0.1221,-0.0721,-0.3103,0.8667
1636278628622,-10.4219,-2.7305,0.4355,0.0662,-0.2401,0.8164
1636278628631,-10.4219,-2.7305,0.4355,0.1843,-0.2847,0.8208
1636278628642,-10.0625,-2.4922,0.0048,0.0471,-0.3113,0.8345
1636278628647,-10.1875,-2.2422,-0.1101,0.0566,-0.2209,0.7539
1636278628672,-10.5156,-2.2422,-0.4211,0.1630,-0.1837,0.7529
1636278628677,-10.6719,-2.2715,-0.0048,0.0917,-0.3093,0.7646
1636278628681,-10.4375,-2.0313,-0.2035,0.0513,-0.2996,0.6934
1636278628691,-10.2266,-1.9844,-0.5239,0.1758,-0.3071,0.6602
1636278628695,-10.1641,-1.8643,0.2394,0.2471,-0.3625,0.6934
1636278628721,-9.9766,-2.3008,0.4812,0.2534,-0.3176,0.6772
1636278628725,-9.7109,-2.4004,0.2274,0.1311,-0.2869,0.6465
1636278628728,-9.5781,-2.1348,0.2322,0.0354,-0.2571,0.6836
1636278628751,-9.8984,-2.4043,-0.1532,0.0279,-0.1220,0.7485
1636278628754,-10.4766,-2.1699,-0.1747,0.0694,-0.0443,0.6973
1636278628757,-10.4219,-2.0156,-0.5649,0.2078,-0.1752,0.6816
1636278628781,-9.9609,-2.3301,-0.5073,0.1141,-0.3794,0.7666
1636278628790,-9.6563,-2.6094,-0.1077,-0.0508,-0.3369,0.7261
1636278628806,-9.6094,-2.5781,-0.3279,-0.0827,-0.2273,0.6377
1636278628811,-9.4922,-2.9824,-0.8066,-0.1061,-0.3337,0.7505
1636278628814,-9.4297,-3.2188,-0.2130,-0.3201,-0.4263,0.8433
1636278628818,-9.9141,-2.7891,0.2944,-0.1327,-0.2092,0.6909
1636278628841,-9.8750,-2.8203,0.9165,0.2407,-0.2455,0.6865
1636278628855,-9.3750,-2.8574,-0.4763,0.0237,-0.4272,0.8823
1636278628859,-9.5391,-2.1465,0.6318,-0.0083,-0.3176,0.7295
1636278628863,-9.6016,-2.0625,-0.0551,0.3003,-0.1210,0.5791
1636278628867,-9.6328,-2.1074,-0.7778,0.2886,-0.3040,0.7231
1636278628892,-9.4297,-1.2256,0.2202,0.0811,-0.4380,0.6230
1636278628895,-10.0547,-1.8555,0.6938,0.4492,-0.0720,0.5986
1636278628898,-10.7969,-3.1523,-0.1005,0.4854,-0.0369,0.6465
1636278628922,-10.0234,-2.0059,-0.1268,0.1843,-0.4592,0.4475
1636278628925,-8.6797,-0.7661,0.2969,0.4077,-0.6392,0.3655
1636278628928,-8.3359,-1.8809,0.0455,0.6504,-0.4507,0.6167
1636278628952,-9.2656,-2.2969,0.5718,0.2162,-0.1305,0.6538
1636278628955,-9.9219,-1.3613,0.2776,-0.0295,-0.0018,0.4260
1636278628959,-9.4609,-1.0625,-0.9336,0.1237,-0.3293,0.4729
1636278628982,-9.1797,-1.4170,0.1555,0.2460,-0.4966,0.6377
1636278628985,-9.6016,-1.9648,1.5508,0.2800,-0.1731,0.5537
1636278629003,-9.7891,-1.6348,-0.1627,0.1812,-0.0401,0.4656
1636278629008,-9.2578,-0.6367,-0.8379,0.0396,-0.4326,0.4858
1636278629011,-8.5078,-0.5386,-0.2274,0.0300,-0.5781,0.4463
1636278629022,-8.9609,-1.8193,0.9717,0.2737,-0.2050,0.4346
1636278629025,-9.8750,-2.7598,1.2520,0.2290,0.0163,0.4697
1636278629052,-9.9531,-2.3047,-0.2178,0.0503,-0.1348,0.4558
1636278629067,-9.3672,-1.2324,-1.0771,0.0939,-0.4104,0.4048
1636278629071,-8.9609,-1.0645,0.1245,0.3364,-0.5200,0.3975
1636278629075,-8.8750,-1.8408,1.2920,0.3821,-0.4167,0.3879
1636278629079,-8.9219,-1.7813,0.7993,0.0907,-0.3081,0.3655
1636278629103,-9.0547,-0.9551,-0.1077,-0.1125,-0.2986,0.3857
1636278629106,-9.5469,-1.1797,0.3064,-0.0200,-0.2954,0.3984
1636278629109,-9.6875,-1.9219,1.4844,0.1120,-0.3081,0.2952
1636278629123,-9.1094,-1.8525,1.7422,0.1385,-0.3889,0.2197
1636278629135,-8.5000,-1.0742,1.3047,0.1183,-0.4072,0.2803
1636278629143,-8.4609,-0.4429,1.1895,0.1428,-0.2761,0.2964
1636278629152,-9.0156,-0.3447,1.1699,0.2195,-0.0826,0.2186
1636278629163,-9.4375,-0.7515,1.3662,0.1938,-0.0571,0.1676
1636278629166,-9.2031,-1.3398,1.5605,0.1035,-0.1560,0.1388
1636278629193,-8.9688,-1.3135,1.8906,0.0747,-0.1316,0.0836
1636278629201,-8.9766,-0.9478,1.2617,0.1428,-0.0071,0.0548
1636278629218,-9.0859,-0.5146,0.8521,0.2333,0.0035,0.0506
1636278629222,-9.2422,-0.3064,1.0723,0.2842,-0.0252,0.0123
1636278629234,-9.3516,-0.5195,1.0645,0.2896,0.0397,-0.0558
1636278629251,-9.4844,-0.5552,0.5674,0.2791,0.0770,-0.1058
1636278629255,-9.5000,-0.4045,0.3877,0.2524,0.0003,-0.1037
1636278629259,-9.4219,-0.6699,0.5215,0.1970,-0.0720,-0.1207
1636278629262,-9.4219,-0.7612,0.7134,0.0822,-0.0592,-0.1846
1636278629273,-9.3281,-0.7275,0.5527,0.0588,-0.0571,-0.2261
1636278629276,-9.1875,-0.9624,0.4260,0.0407,-0.1039,-0.2144
1636278629315,-9.0859,-1.1201,0.4070,0.0066,-0.0964,-0.2144
1636278629333,-9.2500,-1.1318,0.8257,0.0332,-0.0731,-0.2335
1636278629337,-9.3750,-1.0342,1.5605,0.0524,-0.0709,-0.2367
1636278629341,-9.2266,-0.8423,1.2949,0.0535,-0.0326,-0.2568
1636278629345,-9.0469,-0.6606,1.1650,0.0417,-0.0326,-0.2920
1636278629348,-9.0391,-0.6196,1.6660,-0.0370,-0.0156,-0.2952
1636278629353,-9.0313,-0.5479,1.5322,-0.1604,0.0631,-0.3250
1636278629357,-9.1484,-0.7300,1.4746,-0.2391,0.1333,-0.3696
1636278629383,-9.3438,-0.9312,1.7520,-0.2423,0.2003,-0.4143
1636278629387,-9.4531,-0.9336,1.8047,-0.1508,0.2418,-0.4473
1636278629390,-9.4063,-0.8521,1.2637,-0.1030,0.2556,-0.4526
1636278629403,-9.3438,-0.8496,1.0771,-0.0040,0.2493,-0.5034
1636278629407,-9.3281,-0.9741,1.1299,0.0450,0.2588,-0.5376
1636278629433,-9.3594,-1.0508,0.7969,0.0003,0.3057,-0.5645
1636278629449,-9.3828,-1.3545,0.6655,0.0120,0.3110,-0.6196
1636278629466,-9.4531,-1.8457,0.6221,-0.0285,0.2854,-0.6177
1636278629470,-9.5156,-2.0293,0.4788,-0.0923,0.2534,-0.6045
1636278629482,-9.5547,-2.0527,0.3901,-0.0912,0.2142,-0.6079
1636278629499,-9.5234,-2.2031,0.9165,-0.0423,0.1333,-0.6035
1636278629503,-9.3359,-2.0938,0.6606,-0.0678,0.1142,-0.5762
1636278629515,-9.2969,-1.7236,0.5913,-0.1104,0.1025,-0.5674
1636278629532,-9.4141,-1.7236,0.7178,-0.1455,0.1281,-0.5493
1636278629537,-9.6250,-1.9121,0.6318,-0.1987,0.1737,-0.5684
1636278629541,-9.7656,-1.9102,0.5313,-0.2412,0.1780,-0.6016
1636278629545,-9.7578,-1.9248,0.5098,-0.2593,0.1322,-0.5889
1636278629548,-9.5703,-2.0313,0.2944,-0.2285,0.1068,-0.6123
1636278629553,-9.4063,-2.1270,0.7422,-0.1742,0.1545,-0.5972
1636278629556,-9.6797,-2.0078,0.5552,-0.1295,0.2334,-0.5474
1636278629584,-9.9609,-1.9365,0.7134,-0.0997,0.2386,-0.5762
1636278629587,-10.0625,-1.8408,0.6128,-0.0912,0.2100,-0.6152
1636278629591,-10.0625,-1.7949,0.4404,-0.0263,0.1780,-0.6196
1636278629614,-10.0859,-2.0508,0.8496,0.0439,0.1174,-0.6558
1636278629617,-9.9609,-2.3164,0.5049,0.0077,0.1036,-0.6826
1636278629621,-9.8359,-2.4004,0.5386,-0.0785,0.0450,-0.6772
1636278629634,-9.7031,-2.6250,0.5288,-0.0721,0.0291,-0.6631
1636278629637,-9.8516,-2.6484,0.9526,-0.0699,0.0386,-0.6294
1636278629664,-9.8984,-2.2090,1.1650,-0.0785,0.0386,-0.5942
1636278629678,-9.9609,-1.6924,0.8618,-0.0795,0.0631,-0.5654
1636278629681,-10.1094,-1.3594,1.0957,-0.0221,0.0972,-0.6025
1636278629686,-10.2656,-1.1533,1.5273,0.0120,0.1322,-0.6411
1636278629690,-10.2734,-0.9863,1.1387,-0.0476,0.1653,-0.6685
1636278629715,-10.2969,-1.1943,0.9790,-0.0870,0.1705,-0.7227
1636278629730,-10.2969,-1.7305,0.8232,-0.1370,0.1960,-0.7739
1636278629733,-10.2500,-2.2480,0.4858,-0.1615,0.2195,-0.8271
1636278629738,-10.2266,-2.7383,0.2561,-0.1008,0.2100,-0.8345
1636278629742,-10.2422,-3.0645,0.2274,-0.0434,0.1450,-0.7876
1636278629755,-10.2344,-2.8203,0.8140,-0.0391,0.0610,-0.7710
1636278629778,-10.2266,-2.2910,0.7827,-0.0274,0.0854,-0.7603
1636278629782,-10.2422,-1.9512,0.2178,-0.0104,0.0706,-0.7495
1636278629796,-10.3750,-1.8594,0.3494,-0.0402,0.0440,-0.7378
1636278629800,-10.3516,-2.1387,0.5073,-0.0934,0.0163,-0.7593
1636278629804,-10.0859,-2.6230,0.4021,-0.1359,-0.0188,-0.7666
1636278629815,-9.7344,-2.8203,0.4500,-0.2391,-0.0752,-0.7441
1636278629818,-9.7578,-3.2090,0.5410,-0.2455,-0.0039,-0.7026
1636278629845,-10.1797,-3.2344,0.5527,-0.1805,0.1014,-0.6899
1636278629862,-10.4688,-2.9023,0.9932,-0.1050,0.0748,-0.6865
1636278629873,-10.2969,-2.4453,1.1748,-0.0668,-0.0082,-0.7217
1636278629878,-10.1797,-2.0996,2.1855,0.0364,0.0110,-0.7793
1636278629881,-10.7813,-2.3359,2.4199,0.1801,0.2502,-0.7612
1636278629885,-10.7500,-1.8906,1.4141,0.2078,0.2089,-0.8911
1636278629895,-9.9219,-1.3359,1.0742,0.1545,-0.0550,-0.9570
1636278629899,-9.5625,-2.1328,1.1201,0.0907,0.0131,-0.9517
1636278629925,-10.3281,-3.0820,1.5889,0.0109,0.3079,-1.0107
1636278629929,-11.0469,-2.6738,1.0410,-0.0572,0.3345,-1.0459
1636278629932,-10.9844,-1.5869,0.7852,0.0152,0.0919,-1.0059
1636278629945,-10.2266,-1.4141,0.7349,0.2003,-0.1028,-1.0244
1636278629949,-9.8281,-1.9990,1.4648,0.2130,-0.0284,-1.0342
1636278629975,-9.6953,-2.1133,1.3594,0.0364,0.1099,-1.0703
1636278629979,-9.8672,-1.7832,0.4045,-0.0764,0.1407,-1.0010
1636278629994,-10.1719,-1.4912,-0.3972,-0.2051,0.1333,-0.8823
1636278629999,-10.3281,-1.8262,0.1938,-0.2338,0.0801,-0.9434
1636278630002,-10.2188,-2.6777,0.7275,-0.2253,0.0621,-0.9878
1636278630015,-9.9766,-2.6445,0.2274,-0.3359,0.0365,-0.9102
1636278630019,-9.8750,-2.1875,0.0718,-0.3625,-0.0358,-0.8306
1636278630046,-9.8359,-2.2500,0.5146,-0.3838,-0.0507,-0.8008
1636278630061,-9.7031,-2.7637,1.7090,-0.2966,-0.0305,-0.8589
1636278630078,-9.0938,-3.3516,1.8984,-0.3467,-0.0837,-0.8486
1636278630082,-8.4063,-3.5137,1.1055,-0.5488,-0.0922,-0.7422
1636278630094,-8.5391,-3.4277,0.9478,-0.6338,0.0844,-0.6826
1636278630097,-9.3750,-3.7266,1.6396,-0.4658,0.2961,-0.6646
1636278630102,-10.1797,-3.6113,1.6563,-0.2656,0.3345,-0.6323
1636278630110,-10.8047,-2.8867,-1.5029,-0.1146,0.3206,-0.5537
1636278630115,-10.6719,-2.6211,2.1074,-0.0934,-0.2688,-0.6377
1636278630119,-8.7734,-3.0488,0.6055,-0.2051,-0.4041,-0.7368
1636278630146,-8.8828,-3.0898,1.3428,-0.3667,-0.2220,-0.6709
1636278630149,-9.4766,-2.3242,1.8408,-0.5308,-0.0114,-0.6450
1636278630153,-10.0078,-1.5508,-0.7539,-0.8594,-0.0135,-0.5449
1636278630166,-9.8672,-2.2383,-0.5913,-1.0400,-0.2593,-0.6006
1636278630169,-8.7734,-4.2461,2.0273,-1.2383,-0.5137,-0.7539
1636278630196,-7.7813,-5.0195,0.3638,-1.6240,-0.3550,-0.5801
1636278630208,-7.1367,-4.9023,1.9414,-1.8125,-0.3975,-0.3750
1636278630212,-6.4297,-5.7617,0.8066,-1.7793,-0.2178,-0.2559
1636278630216,-6.3984,-7.3828,-0.3782,-1.6436,-0.0901,0.0048
1636278630220,-6.6602,-7.6367,0.1197,-1.7344,0.1078,0.3164
1636278630246,-7.6523,-7.7188,-0.4692,-1.1689,0.4631,0.4187
1636278630249,-8.9375,-7.5547,0.1005,0.0450,0.6235,0.4229
1636278630253,-9.3828,-6.4297,2.4629,1.2422,0.4897,0.3687
1636278630266,-8.8203,-5.0977,4.0469,2.1699,0.2939,0.3452
1636278630270,-8.4141,-3.5059,2.5898,2.7773,0.5693,0.3794
1636278630296,-9.4609,-1.1006,0.4883,3.1211,1.1729,0.2272
1636278630308,-11.3516,1.7617,-0.5073,3.1914,1.4053,0.0506
1636278630311,-12.6953,3.7246,-0.7969,2.7305,0.9409,0.0112
1636278630316,-12.5547,4.5195,-0.9648,1.7500,0.2854,-0.2910
1636278630326,-11.5313,4.4609,-0.2920,0.9194,0.0408,-0.7983
1636278630336,-10.3750,3.3887,-0.5146,0.6895,0.1121,-1.2578
1636278630340,-9.7344,1.9316,-0.9287,0.6523,0.1014,-1.3711
1636278630366,-9.7500,-0.0239,-0.2944,0.6641,0.0578,-1.2285
1636278630370,-9.9688,-1.5010,-0.4092,0.5649,0.1014,-1.2393
1636278630373,-9.9453,-1.1650,-1.2705,0.4099,0.0865,-1.3203
1636278630386,-9.8047,-0.8882,-2.0684,0.4470,-0.1592,-1.1748
1636278630390,-9.5156,-1.6367,-1.8096,0.2385,-0.4688,-0.9561
1636278630416,-8.2734,-4.0273,2.7461,0.1886,-0.5337,-1.1289
1636278630420,-8.2734,-4.0273,2.7461,0.1886,-0.5337,-1.1289
1636278630423,-6.5703,-2.2598,2.6641,0.1109,-0.3774,-0.5942
1636278630437,-6.4648,-2.0156,1.9434,-0.0838,-0.1199,-0.4250
1636278630440,-6.8672,-2.4180,2.9063,-0.1115,0.2227,-0.5430
1636278630467,-7.5117,-2.7715,3.5039,-0.0635,0.5781,-0.5854
1636278630470,-7.8750,-2.4727,2.2266,-0.1284,0.6982,-0.4421
1636278630473,-8.2266,-3.5332,1.0908,0.0407,0.6226,-0.3142
1636278630487,-8.4141,-5.2109,0.4331,-0.1891,0.4771,-0.2590
1636278630490,-8.2578,-5.4023,-0.4883,-0.5552,0.3738,-0.2727
1636278630517,-8.4766,-4.9883,0.3518,-0.3369,0.3494,-0.2546
1636278630520,-8.8047,-4.2656,0.6582,0.0822,0.3823,-0.1462
1636278630524,-8.7266,-3.1719,0.6748,0.3247,0.2375,-0.0601
1636278630537,-8.1875,-3.1016,1.5293,0.4419,0.0121,-0.0569
1636278630540,-7.3281,-4.0859,1.2422,0.3523,-0.0635,-0.0505
1636278630567,-6.8828,-4.7109,1.0391,0.1694,0.0365,-0.0228
1636278630570,-7.2148,-4.8047,0.9575,0.1769,0.3066,0.0091
1636278630574,-7.9414,-4.5977,0.4668,0.3503,0.4653,0.1176
1636278630587,-8.6797,-3.7773,-0.2035,0.3875,0.4226,0.2346
1636278630590,-9.1953,-2.9414,0.5098,0.3950,0.2781,0.2335
1636278630617,-9.1328,-2.3438,1.6680,0.4822,0.1780,0.1464
1636278630620,-8.7500,-2.0645,2.1875,0.5757,0.1599,0.0676
1636278630624,-8.3906,-2.1250,2.3047,0.5288,0.1865,0.0612
1636278630637,-8.1406,-2.6621,2.1328,0.4236,0.2174,0.0612
1636278630641,-8.0469,-3.2656,1.1963,0.2810,0.3396,0.0644
1636278630667,-8.3516,-3.8594,-0.4573,0.2959,0.4856,0.1059
1636278630674,-9.1250,-4.0039,-1.0078,0.3726,0.4707,0.2134
1636278630678,-9.9609,-3.1758,-0.8857,0.4014,0.3779,0.3027
1636278630687,-10.4453,-2.0625,-0.4236,0.5674,0.2174,0.2996
1636278630691,-10.3281,-1.1416,0.4285,0.6895,-0.0305,0.2825
1636278630721,-9.5703,-0.6294,1.4619,0.6885,-0.2347,0.2474
1636278630725,-8.5781,-1.2900,2.0254,0.7036,-0.2678,0.2102
1636278630729,-7.9258,-2.9316,1.8193,0.6567,-0.0964,0.2218
1636278630738,-7.8828,-4.1133,0.8042,0.3865,0.1301,0.2771
1636278630742,-8.6484,-4.3281,0.7251,0.1630,0.3025,0.3579
1636278630768,-9.6875,-3.0898,0.3901,0.1854,0.4397,0.3879
1636278630773,-10.7734,-1.3447,0.1699,0.3311,0.3579,0.5049
1636278630789,-11.1172,-0.0431,0.8447,0.1609,-0.0060,0.6060
1636278630794,-10.1094,-0.2155,1.7236,-0.2328,-0.3816,0.5366
1636278630798,-8.6250,-2.1172,2.1660,-0.4966,-0.4551,0.3889
1636278630808,-7.8359,-3.8008,2.1797,-0.6069,-0.1826,0.3059
1636278630819,-7.9531,-4.8359,1.3809,-0.3945,0.1705,0.3845
1636278630828,-8.8750,-5.2734,-0.0981,-0.0827,0.4248,0.5996
1636278630838,-10.0313,-4.5625,-0.4404,0.1205,0.4333,0.7217
1636278630848,-10.3828,-3.2871,0.9741,0.2927,0.1748,0.7388
1636278630869,-9.8359,-2.4941,2.3398,0.3928,-0.0656,0.7993
1636278630875,-9.2656,-1.6543,2.6973,0.1821,0.0195,0.8477
1636278630886,-8.7109,-1.4619,3.2402,0.1343,0.2280,0.7476
1636278630891,-8.2734,-2.5605,2.7188,0.2428,0.4622,0.7305
1636278630902,-8.4922,-4.0625,-0.5649,0.0790,0.8154,0.8423
1636278630908,-10.0234,-5.0586,-3.7383,-0.2656,1.1182,0.8516
1636278630935,-12.0703,-4.8398,-2.5977,-0.3252,0.9941,0.6826
1636278630952,-12.5234,-4.2656,-1.0576,-0.0731,0.4707,0.6646
1636278630968,-10.9219,-4.9922,0.0670,0.2396,-0.3018,0.8335
1636278630972,-8.2813,-5.4102,0.7993,0.0673,-0.7710,0.9653
1636278630977,-6.8672,-4.8164,-0.2896,-0.3252,-0.4507,1.0615
1636278630981,-7.4805,-3.8438,-0.0383,-0.3540,0.2451,1.0449
1636278631001,-9.2109,-3.7070,-0.2944,-0.0635,0.7471,1.0830
1636278631006,-10.5938,-5.3281,-1.2471,-0.0168,0.5820,1.2246
1636278631019,-10.0234,-7.3516,-0.3662,-0.3018,-0.0922,1.2783
1636278631027,-7.9570,-8.6641,-1.0527,-0.6772,-0.5835,1.3779
1636278631036,-6.4648,-7.5508,-2.0410,-1.4473,-0.7729,1.6865
1636278631041,-6.8516,-3.5977,-6.0430,-2.9395,-0.5508,2.1660
1636278631045,-9.0156,-1.0527,-6.9688,-3.8965,-0.3635,2.2715
1636278631049,-11.0313,-4.2188,0.0670,-3.2324,-0.3699,1.8369
1636278631059,-12.5391,-9.2422,0.7705,-2.7949,-0.3625,1.3887
1636278631069,-12.0938,-8.7266,-0.5361,-2.1777,-0.9487,1.3760
1636278631084,-11.7422,-8.4453,4.2266,0.4917,-1.3721,1.5654
1636278631087,-10.2969,-6.1016,6.2148,2.4063,-1.1572,1.4570
1636278631100,-9.1094,-1.4580,2.7109,2.9004,-0.7441,1.2979
1636278631116,-9.8047,2.1445,1.1797,2.3301,-0.6401,1.3730
1636278631133,-10.5781,2.5938,0.3110,1.5293,-0.7041,1.1719
1636278631138,-10.7734,0.0551,4.7266,0.9634,-0.8477,0.5610
1636278631149,-10.3047,-2.7578,6.1094,0.2822,-0.6509,0.3049
1636278631166,-9.7344,-1.6611,4.7305,-0.3977,-0.2729,0.4326
1636278631182,-9.9688,-0.9023,2.9805,0.4993,-0.0007,0.4709
1636278631199,-10.2656,-1.8291,1.4912,1.5459,-0.0762,0.5430
1636278631215,-9.7891,-3.2344,0.7920,1.7188,-0.3645,0.7441
1636278631220,-9.1406,-3.6387,-3.6543,1.0293,-0.4624,0.9307
1636278631232,-9.5078,-3.1426,-7.8984,-0.1390,-0.5083,1.1416
1636278631235,-10.3672,-3.3203,-6.7539,-0.8721,-0.6846,1.2910
1636278631248,-11.3906,-4.3477,-3.0762,-0.8999,-0.7847,1.1455
1636278631265,-11.3125,-4.0820,-0.1866,-0.5698,-0.9297,0.9741
1636278631281,-10.4453,-2.8770,1.2441,0.1449,-1.1738,1.0889
1636278631297,-9.9922,-1.7324,1.7715,0.8931,-1.1465,1.2510
1636278631314,-9.9141,-0.4714,3.1309,1.1104,-0.9136,1.1982
1636278631318,-9.5313,0.2202,4.1680,1.0049,-0.7393,1.0146
1636278631330,-8.6797,-0.4954,2.9277,0.6567,-0.6357,0.9634
1636278631338,-8.2813,-2.3242,0.8042,0.1300,-0.4146,1.0156
1636278631347,-8.7734,-4.9766,0.0407,-0.1263,-0.2455,0.9956
1636278631351,-9.2109,-7.0352,1.3262,-0.3328,-0.4189,1.1709
1636278631365,-8.8125,-6.6055,2.8008,-0.3721,-0.6304,1.3535
1636278631369,-8.2734,-4.8359,3.6719,0.2258,-0.5391,1.4473
1636278631396,-9.0703,-0.4045,3.6211,1.4707,0.0440,1.4727
1636278631413,-9.9063,0.8975,2.6582,1.7930,0.2238,1.3770
1636278631429,-10.8516,1.9248,1.7734,1.7334,0.2408,1.3740
1636278631446,-11.3281,2.6758,0.6821,1.3232,0.1036,1.2070
1636278631479,-11.2422,2.3262,-0.7012,0.7949,-0.0369,0.9424
1636278631495,-11.1797,1.2520,-1.1484,0.2556,-0.2050,0.6772
1636278631511,-11.3047,0.1293,0.3447,0.1056,-0.3540,0.3953
1636278631528,-11.1875,-0.8857,1.4268,0.2482,-0.4551,0.3208
1636278631533,-10.5859,-0.9717,1.0674,0.3875,-0.5498,0.3708
1636278631540,-9.6719,-0.8232,0.5913,0.6182,-0.6494,0.3794
1636278631561,-8.9844,-1.0742,0.9023,0.7056,-0.6753,0.3984
1636278631577,-8.7734,-1.5674,1.1035,0.6226,-0.5249,0.4177
1636278631581,-9.0703,-1.6826,0.6318,0.4536,-0.3262,0.4548
1636278631585,-9.5547,-1.2539,0.3184,0.2822,-0.2612,0.5835
1636278631594,-9.8672,-0.8184,0.2369,0.1630,-0.3325,0.7324
1636278631598,-9.8047,-0.2776,0.6724,0.0641,-0.3911,0.7505
1636278631611,-9.4375,-0.1149,1.9033,0.2471,-0.4253,0.6729
1636278631614,-8.9141,-0.4141,3.1406,0.3374,-0.3816,0.6982
1636278631627,-8.2500,-0.3208,3.4355,0.3076,-0.2571,0.6450
1636278631643,-7.5977,-0.1986,3.2090,0.3545,-0.1146,0.5908
1636278631647,-7.6133,0.5122,3.3418,0.3237,0.0716,0.6006
1636278631660,-8.8438,1.0625,4.4844,0.5547,0.5088,0.5952
1636278631676,-10.0000,0.3110,3.6582,0.6299,0.7451,0.6167
1636278631693,-9.6797,-0.2561,1.3594,0.2642,0.4292,0.6206
1636278631709,-8.9219,-0.0742,1.0361,-0.0529,0.1152,0.5410
1636278631726,-9.3125,-0.1221,1.7930,0.2013,0.3142,0.4197
1636278631729,-10.5313,-0.7490,1.8027,0.4312,0.4993,0.4922
1636278631738,-10.5859,-0.7349,0.7803,0.1332,0.1886,0.5537
1636278631748,-9.4375,-0.5264,1.0049,-0.0402,-0.2198,0.4688
1636278631752,-8.9063,-0.3469,2.3359,0.2056,-0.1625,0.3547
1636278631756,-9.2891,-0.1963,2.5449,0.4407,0.1014,0.3867
1636278631760,-9.4688,-0.1843,0.8662,0.2502,0.0854,0.4814
1636278631764,-9.0547,-0.2227,0.2322,-0.0848,-0.1486,0.4390
1636278631769,-8.7578,-0.0909,1.6230,-0.0997,-0.2455,0.2771
1636278631773,-9.2422,0.2727,2.9727,0.2236,-0.0231,0.2186
1636278631776,-10.0625,0.7539,2.8125,0.3450,0.1407,0.2686
1636278631780,-9.9375,1.2617,1.6064,0.1812,0.0163,0.2123
1636278631784,-8.8984,0.8926,1.0098,0.0768,-0.2189,0.0974
1636278631787,-8.1719,0.1627,2.7051,-0.0359,-0.2571,-0.0111
1636278631791,-7.9805,-0.2871,3.6875,0.0535,0.0014,-0.1165
1636278631794,-8.1328,-0.8403,2.9805,0.1003,0.1791,0.0080
1636278631798,-8.4844,-1.2090,1.9482,0.0141,0.2524,0.1176
1636278631802,-8.9141,-1.2109,2.2383,0.0098,0.2939,0.0463
1636278631805,-9.0859,-1.0645,2.6094,0.1641,0.3066,0.0208
1636278631809,-9.0391,-0.7134,2.3398,0.2991,0.2683,0.0803
1636278631814,-8.9375,-0.0455,1.6611,0.3206,0.2705,0.0495
1636278631817,-9.2266,0.1245,0.7275,0.3459,0.3035,0.0155
1636278631821,-9.7344,0.0096,1.2637,0.2810,0.2249,-0.0282
1636278631825,-9.9766,0.2035,1.6807,0.2354,0.1450,-0.1473
1636278631830,-10.0313,0.5503,1.7764,0.2216,0.0919,-0.2015
1636278631833,-9.7578,0.9888,1.9336,0.1864,-0.0284,-0.2761
1636278631860,-9.2969,1.0361,2.0254,0.1365,-0.1103,-0.3601
1636278631864,-8.9844,0.2106,1.8145,0.1173,-0.0911,-0.4272
1636278631867,-9.0078,-0.5576,1.9629,0.0364,-0.0507,-0.4590
1636278631890,-9.1328,-0.4907,2.0313,0.0439,-0.0082,-0.4941
1636278631894,-9.2578,-0.1029,1.9316,0.1620,0.0280,-0.4836
1636278631897,-9.3672,0.3423,1.6924,0.2195,0.0323,-0.4634
1636278631910,-9.3281,0.6006,1.4932,0.1152,0.0067,-0.4919
1636278631914,-9.1484,0.1460,2.0391,0.0247,-0.0241,-0.5376
1636278631941,-8.8906,-0.4668,2.3867,-0.0295,-0.0092,-0.5332
1636278631944,-8.7969,-0.4692,2.2656,-0.0934,0.0536,-0.5112
1636278631947,-9.0625,-0.0215,2.4668,-0.1263,0.1514,-0.4985
1636278631961,-9.1563,0.2847,2.2949,-0.0923,0.1971,-0.4868
1636278631964,-9.2031,0.2944,2.4004,-0.0349,0.1802,-0.4878
1636278631991,-9.1719,0.1197,2.6191,-0.1008,0.2185,-0.5249
1636278632008,-9.1641,-0.1724,1.7402,-0.1987,0.3142,-0.5620
1636278632012,-9.5469,-0.3064,0.9863,-0.1359,0.3557,-0.6123
1636278632017,-10.0625,-0.3757,1.4717,-0.0699,0.3035,-0.6250
1636278632020,-10.0859,-0.7705,1.1699,-0.0689,0.2120,-0.6396
1636278632031,-9.7813,-1.2354,1.1387,-0.1061,0.0908,-0.6792
1636278632034,-9.4453,-1.7734,1.4053,-0.1050,0.0259,-0.6890
1636278632061,-9.2188,-2.1348,1.3809,0.0109,0.0046,-0.6567
1636278632064,-9.3516,-2.0430,2.3574,0.0705,0.0035,-0.6240
1636278632074,-9.4609,-1.6660,2.5371,0.0779,0.0727,-0.6528
1636278632080,-9.6016,-1.3359,2.2441,0.0120,0.0993,-0.6528
1636278632091,-9.6563,-1.2734,2.4297,-0.0263,0.0790,-0.6846
1636278632101,-9.5469,-1.4170,1.6875,-0.0529,0.0759,-0.7188
1636278632104,-9.6016,-1.7324,1.6084,-0.1433,0.0195,-0.6929
1636278632131,-9.7969,-1.9365,1.8457,-0.2391,0.0227,-0.7163
1636278632134,-9.9297,-1.8525,1.7715,-0.1785,0.0471,-0.7593
1636278632138,-10.0391,-1.4385,2.0918,-0.0444,-0.0220,-0.7314
1636278632151,-10.0313,-0.6416,2.0586,0.0588,-0.0273,-0.7144
1636278632154,-10.0469,-0.0718,1.6924,0.1130,-0.0018,-0.7451
1636278632181,-10.1484,0.2058,2.0273,0.0758,-0.0156,-0.8071
1636278632184,-10.2109,0.4165,1.9297,0.0034,0.0121,-0.8877
1636278632205,-10.2734,0.3950,1.1172,-0.0880,0.0504,-0.9292
1636278632210,-10.4922,-0.2512,0.6245,-0.1816,0.0259,-0.9634
1636278632213,-10.7578,-1.0674,0.8735,-0.2944,-0.0497,-1.0283
1636278632217,-10.6641,-1.4404,0.9214,-0.3508,-0.1124,-1.0508
1636278632255,-10.4297,-1.3975,0.7729,-0.2849,-0.1837,-0.9897
1636278632258,-10.2344,-1.3213,1.1152,-0.1774,-0.2358,-0.9346
1636278632273,-10.0391,-1.3477,1.5938,-0.1827,-0.2380,-0.9185
1636278632277,-9.8516,-1.1484,1.9033,-0.2371,-0.1912,-0.9316
1636278632289,-9.7188,-1.1250,1.9219,-0.2412,-0.1167,-0.9229
1636278632306,-9.6641,-1.5459,1.7471,-0.3284,-0.0858,-0.8604
1636278632310,-9.6250,-1.8262,1.7998,-0.4573,-0.0358,-0.8379
1636278632322,-9.6016,-2.3672,1.7402,-0.4880,0.0067,-0.8027
1636278632326,-9.6875,-2.6758,1.9219,-0.5317,0.0599,-0.7378
1636278632339,-9.7578,-2.5039,2.0176,-0.4126,0.2195,-0.6719
1636278632343,-10.1953,-2.0059,1.7285,-0.3135,0.2620,-0.6621
1636278632355,-10.3828,-1.6680,1.7832,-0.2371,0.2866,-0.6826
1636278632359,-10.5156,-1.4189,1.4580,-0.2285,0.2715,-0.6880
1636278632363,-10.7500,-1.1631,1.2803,-0.2072,0.2844,-0.7368
1636278632367,-10.9297,-1.4600,0.9263,-0.1221,0.2227,-0.7837
1636278632391,-11.0625,-1.9648,0.8926,-0.2317,0.0919,-0.7813
1636278632394,-10.9922,-2.2168,1.2803,-0.3296,-0.0241,-0.8398
1636278632405,-10.6953,-2.3281,1.4219,-0.3135,-0.1284,-0.8496
1636278632411,-10.2969,-2.1074,1.4648,-0.3040,-0.1943,-0.8145
1636278632414,-10.0391,-1.8115,1.4004,-0.2625,-0.1901,-0.8315
1636278632441,-10.0781,-1.8066,1.5078,-0.1827,-0.1592,-0.8550
1636278632444,-10.2578,-2.0684,2.2344,-0.1530,-0.1646,-0.8472
1636278632448,-10.2891,-2.1230,2.6348,-0.2030,-0.1230,-0.8643
1636278632461,-9.9141,-2.1348,2.5801,-0.2742,-0.1549,-0.8408
1636278632464,-9.5859,-1.5840,1.9941,-0.3062,-0.1018,-0.8540
1636278632491,-9.8516,-0.9478,2.2207,-0.2040,0.0386,-0.9272
1636278632494,-10.2656,-1.3711,2.3496,-0.0487,0.1333,-0.8784
1636278632498,-10.2734,-1.8457,1.8164,-0.1604,0.0972,-0.8623
1636278632511,-9.9297,-1.5059,1.7900,-0.3455,0.0578,-0.9717
1636278632515,-10.2891,-1.6133,1.8555,-0.1125,0.2280,-0.9614
1636278632541,-11.0000,-2.3066,0.7036,-0.0029,0.3579,-0.8794
1636278632544,-10.6250,-2.4648,0.1029,-0.2412,0.0248,-0.8921
1636278632548,-9.7656,-2.4980,0.5957,-0.3201,-0.2092,-0.8696
1636278632571,-9.7344,-2.5625,0.9980,-0.1061,-0.0497,-0.8696
1636278632575,-10.4531,-2.2070,1.2227,-0.1093,0.0780,-0.8345
1636278632578,-11.0156,-1.0820,1.0410,-0.2371,0.0940,-0.8408
1636278632591,-10.5625,-0.9189,0.8521,-0.1274,-0.1071,-0.8667
1636278632595,-9.5859,-1.4316,1.0293,-0.0987,-0.3252,-0.8071
1636278632621,-8.9375,-2.1445,2.4551,-0.3220,-0.3071,-0.7891
1636278632625,-8.7891,-3.0137,2.2500,-0.4871,-0.0156,-0.7822
1636278632637,-9.4219,-3.0293,1.2900,-0.5425,0.1396,-0.7344
1636278632641,-10.3750,-0.1364,-1.6758,-1.0283,0.3472,-0.7495
1636278632653,-11.6641,-0.0191,-1.7021,-0.6401,0.1025,-0.6611
1636278632661,-11.8203,-2.7207,2.6875,-0.0774,-0.3369,-0.7993
1636278632665,-9.3359,-3.4512,1.9150,-0.6772,-0.6348,-0.8315
1636278632692,-7.4453,-4.6641,1.3379,-0.9668,-0.7729,-0.4653
1636278632695,-6.7578,-6.7734,4.7734,-0.8892,-0.6475,-0.4080
1636278632699,-5.6953,-7.1211,4.6758,-0.9775,-0.1848,-0.5103
1636278632711,-5.9375,-5.1758,2.7539,-0.9136,0.4961,-0.3293
1636278632715,-7.9258,-3.8281,1.3018,-0.1008,1.1084,-0.1846
1636278632741,-10.1641,-3.1875,-0.7490,0.5894,1.1748,-0.0941
1636278632745,-12.0469,-2.4043,0.5981,0.5195,0.8271,-0.0292
1636278632748,-12.2344,-2.2598,2.7598,0.0364,0.3462,-0.1345
1636278632761,-10.8672,-1.7930,0.9287,-0.8062,0.0599,-0.1611
1636278632764,-9.7031,-1.3760,1.3477,-1.1455,-0.2124,-0.2505
1636278632791,-8.7891,-3.1953,3.0117,-0.5283,-0.2369,-0.3687
1636278632795,-8.0234,-4.6523,3.1973,-0.1615,-0.1220,-0.3196
1636278632798,-8.0234,-4.7344,2.2813,0.0598,0.1003,-0.2144
1636278632811,-8.6719,-3.5801,0.6055,0.3225,0.5566,-0.2578
1636278632828,-9.9844,-1.0674,-1.1104,0.5459,0.8193,-0.3750
1636278632833,-11.4766,1.0576,-2.0840,0.9268,0.6602,-0.4282
1636278632836,-11.8594,1.3281,-1.0605,1.2568,0.0833,-0.4089
1636278632862,-10.6641,0.3398,0.6416,0.8984,-0.5146,-0.4919
1636278632865,-9.1328,-0.9717,1.7158,0.2460,-0.6743,-0.6973
1636278632869,-8.4375,-1.9941,1.2441,-0.0465,-0.4412,-0.8164
1636278632882,-9.0703,-1.9336,0.6104,0.2301,0.0025,-0.8462
1636278632885,-9.6172,-0.7993,0.2394,0.5737,0.1099,-0.8540
1636278632912,-9.3438,0.1436,-1.3711,0.6416,-0.2412,-0.6890
1636278632915,-9.3672,-0.5742,-1.6631,0.5674,-0.4741,-0.5566
1636278632919,-10.1563,-2.0273,-0.9526,0.3003,-0.2859,-0.6836
1636278632932,-11.1016,-2.2402,-1.2324,0.0492,-0.1783,-0.7695
1636278632941,-10.6563,-1.6826,0.4907,0.2800,-0.7026,-0.5537
1636278632952,-8.6563,-0.6245,2.0723,0.2566,-1.0811,-0.3069
1636278632955,-7.1094,0.1652,1.7158,-0.0817,-0.9316,-0.3196
1636278632982,-6.9609,0.6221,1.7041,-0.2455,-0.4177,-0.4570
1636278632985,-7.5195,-0.1675,1.7949,-0.0785,-0.0294,-0.4580
1636278632989,-7.9414,-1.1777,1.6299,-0.1455,-0.0188,-0.3674
1636278633002,-8.2813,-1.8066,2.1230,-0.2520,-0.0060,-0.3047
1636278633005,-8.5781,-2.6348,2.2539,-0.2338,0.1185,-0.2207
1636278633032,-8.6406,-3.3418,1.3594,-0.2954,0.0440,-0.1133
1636278633035,-8.8672,-3.1230,0.6772,-0.3721,-0.0039,-0.0324
1636278633049,-8.9766,-2.4863,1.3311,-0.1561,-0.0092,-0.0218
1636278633054,-8.6875,-1.9990,1.9551,0.0768,-0.1625,0.0357
1636278633057,-8.5313,-1.5195,3.0020,0.3257,-0.1763,0.0399
1636278633082,-8.2109,-0.9526,4.4063,0.5405,-0.0752,-0.0324
1636278633085,-7.6563,-0.5435,3.7695,0.6919,0.0301,-0.0718
1636278633089,-7.6289,-0.3328,2.9648,0.7075,0.1812,-0.1027
1636278633102,-7.9688,-0.8042,3.2305,0.5811,0.3003,-0.1580
1636278633105,-8.2266,-1.8115,3.2070,0.3855,0.3823,-0.2281
1636278633132,-8.3125,-2.6113,2.9551,0.2971,0.4216,-0.2484
1636278633135,-8.3281,-2.8320,1.7354,0.2428,0.4324,-0.1526
1636278633141,-8.5938,-2.7324,0.5098,0.3450,0.4526,-0.0877
1636278633152,-8.9531,-2.5371,1.1611,0.5322,0.4058,-0.0771
1636278633167,-9.0938,-2.0391,1.8330,0.5918,0.3513,-0.0367
1636278633172,-9.0391,-1.0430,1.3447,0.5830,0.3035,0.0282
1636278633175,-8.8984,-0.1077,1.1729,0.6118,0.1812,0.0899
1636278633202,-8.8750,0.1268,1.4189,0.6196,0.1312,0.1250
1636278633216,-9.1563,-0.8472,1.4863,0.4939,0.1685,0.1048
1636278633233,-9.4844,-2.4121,1.1084,0.0950,0.1833,0.0303
1636278633237,-9.4609,-3.7988,0.1340,-0.2114,0.1290,0.0144
1636278633249,-9.4609,-4.4375,0.1077,-0.1667,0.0323,0.0591
1636278633266,-9.3984,-3.8125,0.5264,0.0481,0.0003,0.1622
1636278633270,-9.3516,-1.8457,0.9575,0.3333,0.0089,0.2208
1636278633282,-9.3438,0.4883,1.9531,0.6270,0.0248,0.2240
1636278633298,-9.0469,2.5039,2.2949,0.8130,0.0184,0.2581
1636278633303,-8.7578,3.1211,2.0996,0.9673,0.0790,0.3069
1636278633315,-8.8203,0.9453,2.4336,0.8789,0.2705,0.2793
1636278633331,-9.1484,-2.9414,2.1543,0.2981,0.5430,0.0963
1636278633341,-9.6563,-5.6016,2.0605,-0.2795,0.7227,-0.0207
1636278633345,-9.7656,-5.2930,1.0693,-0.3467,0.7441,0.1006
1636278633363,-9.4531,-3.2598,0.3518,0.1279,0.5981,0.3994
1636278633366,-9.3672,-1.3311,0.2202,0.5703,0.5088,0.6675
1636278633369,-9.5234,0.0144,0.1604,0.5801,0.6118,0.6421
1636278633374,-9.7656,-0.4644,1.5537,0.3640,0.6377,0.6465
1636278633378,-9.9219,-2.0820,2.4023,-0.0231,0.6279,0.6865
1636278633381,-9.6797,-5.7852,0.7373,-0.1934,0.5449,0.6836
1636278633392,-9.8828,-4.6094,-0.2010,-0.1667,0.4919,0.8008
1636278633396,-10.5938,-1.9727,-1.3184,0.2981,0.4907,0.8525
1636278633422,-11.4063,0.2155,-0.0455,0.8335,0.3430,0.9370
1636278633430,-11.6797,0.7944,1.0029,1.1191,0.1333,0.9922
1636278633434,-10.9922,0.9189,1.9385,1.2256,-0.0443,0.8687
1636278633442,-10.6641,0.4739,2.9336,0.8672,0.0035,0.7847
1636278633446,-10.6563,-2.9395,2.5254,0.1205,0.2227,0.7090
1636278633472,-10.3047,-6.5430,0.9404,-0.8105,0.3494,0.4326
1636278633480,-9.4531,-7.7578,0.0096,-1.3711,0.2131,0.4368
1636278633497,-8.4453,-5.6914,-0.9575,-1.7305,0.0344,0.7153
1636278633501,-8.4922,-4.4922,-0.4116,-1.4316,0.1036,0.9526
1636278633505,-8.8828,-4.1055,0.6748,-1.2998,0.1536,1.0869
1636278633514,-8.8281,-3.6621,1.9482,-1.8154,0.0695,1.2881
1636278633530,-8.1328,-4.2969,1.8457,-2.8184,-0.0688,1.4258
1636278633534,-7.2930,-5.1133,1.0791,-4.0820,-0.0156,1.4619
1636278633541,-7.0000,-6.5273,-0.5410,-4.9023,0.1812,1.5156
1636278633553,-7.7656,-9.7813,-1.3047,-4.6250,0.3545,1.6582
1636278633562,-9.2188,-12.0938,-0.0407,-3.5938,0.4111,1.7969
1636278633573,-10.8984,-11.5469,-0.5024,-2.5078,0.3972,2.0117
1636278633576,-12.1016,-10.4063,-1.4404,-0.4944,0.1121,1.9043
1636278633603,-12.0781,-7.5781,1.4795,1.9189,-0.3496,1.7021
1636278633612,-11.1250,-2.4395,4.5547,3.3457,-0.5601,1.6895
1636278633628,-11.1016,3.4063,5.0469,3.3906,-0.5156,1.6738
1636278633633,-11.7578,7.3789,5.1680,2.7637,-0.5859,1.4580
1636278633643,-11.3281,7.2891,3.5977,1.8633,-0.6211,1.0332
1636278633646,-10.7578,4.0039,2.2969,0.7075,-0.3975,0.3953
1636278633653,-10.9766,-0.4788,1.0049,-0.3147,-0.0922,-0.0750
1636278633659,-11.8281,-3.9102,-2.1641,-1.1748,-0.1890,-0.1239
1636278633683,-12.7969,-4.7422,-2.6484,-1.5010,-0.7241,-0.0324
1636278633686,-12.1016,-4.7344,-0.5024,-0.7231,-1.3281,0.0378
1636278633690,-10.0703,-4.9531,-1.2158,0.2152,-1.7539,0.3484
1636278633703,-8.4922,-4.7422,-2.5234,0.3013,-1.9746,0.7783
1636278633707,-7.8398,-4.3164,-1.9961,-0.0891,-1.7998,0.9678
1636278633733,-7.9336,-3.8359,-0.3757,0.0226,-1.2344,0.8154
1636278633737,-8.6641,-3.3887,1.0146,0.5024,-0.7910,0.6997
1636278633740,-9.4609,-2.4551,1.0029,0.6938,-0.6284,0.9941
1636278633753,-9.9063,-1.3789,-0.1077,0.5820,-0.6665,1.3721
1636278633757,-10.3906,-0.8521,-0.3064,0.4153,-0.6807,1.3672
1636278633783,-10.7188,-0.8662,0.4524,0.4163,-0.5283,1.1328
1636278633787,-10.6250,-1.0479,0.4763,0.4536,-0.5483,1.0293
1636278633790,-10.4922,-1.8770,0.9023,0.5063,-0.6465,1.1426
1636278633803,-10.0625,-2.8711,1.6582,0.6128,-0.6475,1.1348
1636278633807,-9.0078,-3.2246,2.8848,0.7813,-0.6826,1.0283
1636278633840,-7.9336,-3.4961,3.5371,0.9609,-0.6348,1.1387
1636278633842,-7.7227,-2.7793,2.3398,0.9419,-0.2507,1.3252
1636278633843,-8.7891,-1.6230,1.1084,1.1006,0.2461,1.3633
1636278633864,-10.5703,-0.7158,1.4961,1.1396,0.3748,1.3154
1636278633872,-11.6719,0.3518,1.4355,0.9888,0.2502,1.2305
1636278633876,-11.9531,0.9336,0.5527,0.9736,-0.0220,1.1309
1636278633884,-11.6953,1.1367,0.6821,0.7983,-0.3560,0.9985
1636278633891,-11.0625,1.2949,1.2158,0.7397,-0.5347,0.7900
1636278633907,-10.4531,1.0771,1.7617,0.7490,-0.5771,0.6763
1636278633911,-10.1172,0.9048,1.8359,0.5376,-0.5933,0.6655
1636278633940,-9.9453,0.7993,1.5703,0.3044,-0.5420,0.5918
1636278633944,-9.9375,0.1580,1.3809,0.2439,-0.5029,0.5283
1636278633949,-9.8516,-0.5000,1.9697,0.2216,-0.5581,0.4932
1636278633973,-9.7188,-1.0957,2.0723,0.3342,-0.5283,0.4846
1636278633978,-9.5156,-1.1699,1.7979,0.5107,-0.4934,0.5273
1636278633982,-9.3438,-0.8735,1.7832,0.6587,-0.5122,0.6133
1636278633990,-9.4141,-0.1532,2.1953,0.6514,-0.3794,0.6357
1636278634006,-9.3516,0.0407,2.6719,0.6533,-0.2773,0.6196
1636278634019,-8.9063,0.0622,2.8418,0.4641,-0.2964,0.6333
1636278634038,-8.4609,-0.1388,2.7363,0.2876,-0.1975,0.6133
1636278634072,-8.5000,-0.4524,2.5195,0.2524,0.0589,0.5918
1636278634088,-8.8906,-0.5913,2.8477,0.3481,0.2120,0.6060
1636278634093,-9.1250,-0.5288,2.7598,0.3950,0.2386,0.6123
1636278634097,-9.2969,-0.2607,2.5996,0.3821,0.2866,0.5996
1636278634121,-9.6250,0.0718,2.0293,0.4236,0.4004,0.5664
1636278634138,-10.0859,0.3328,1.2158,0.4429,0.3909,0.5024
1636278634154,-10.4844,0.3328,1.2324,0.4780,0.2715,0.4495
1636278634158,-10.6328,-0.0503,1.3164,0.4270,0.1227,0.4304
1636278634171,-10.3438,-0.1747,1.3594,0.2534,-0.0294,0.3718
1636278634187,-9.8281,-0.5791,1.8857,0.1609,-0.1592,0.3379
1636278634191,-9.2188,-1.1729,1.9814,0.0843,-0.2347,0.3696
1636278634195,-8.7266,-1.4883,2.2305,0.0205,-0.2656,0.4260
1636278634206,-8.4609,-1.2275,2.7891,-0.0253,-0.2007,0.4656
1636278634209,-8.4453,-0.6797,2.9219,0.0800,-0.0784,0.4900
1636278634220,-8.4688,-0.1675,3.0703,0.1949,-0.0188,0.5015
1636278634224,-8.4766,0.0479,2.8223,0.2365,0.0461,0.5068
1636278634237,-8.6250,-0.0933,2.8555,0.2035,0.0940,0.4922
1636278634242,-8.7656,-0.1197,2.9648,0.1609,0.1407,0.4368
1636278634245,-8.9453,-0.0144,3.0918,0.1726,0.1802,0.3984
1636278634253,-8.7344,-0.2274,2.8008,0.2109,0.1482,0.3750
1636278634257,-8.3516,0.3088,3.0801,0.1152,0.0333,0.3113
1636278634271,-9.0000,0.9668,4.2422,0.2864,0.3142,0.2229
1636278634281,-9.8047,0.3423,3.4082,0.3684,0.5439,0.2006
1636278634286,-9.1719,-0.3494,1.0869,0.1205,0.2046,0.1761
1636278634319,-8.0625,-0.6748,1.2520,-0.1157,-0.1582,0.0995
1636278634323,-8.3203,-0.8472,3.0605,0.1035,0.1407,0.0218
1636278634335,-9.7813,-0.8711,2.5000,0.1609,0.3281,0.1453
1636278634341,-9.6641,0.5024,0.5454,-0.0487,-0.1709,0.0953
1636278634352,-9.2031,0.3184,1.7832,0.1385,-0.1592,-0.0207
1636278634368,-9.5859,0.0024,2.9551,0.3076,0.0429,-0.0707
1636278634385,-9.2813,0.1053,1.9316,0.1343,-0.0486,-0.0728
1636278634401,-8.4453,0.1388,0.9023,-0.1252,-0.2507,-0.0696
1636278634405,-8.2109,0.0359,2.1738,-0.0625,-0.2156,-0.1356
1636278634418,-8.6953,-0.0981,3.9297,0.2247,0.0440,-0.1729
1636278634434,-9.1250,-0.1245,3.1309,0.2629,0.1685,-0.1409
1636278634467,-9.0391,0.2227,2.1113,0.0088,0.0748,-0.1580
1636278634471,-8.7188,0.6655,1.7881,-0.0253,0.0227,-0.2686
1636278634475,-8.7891,0.3997,2.4551,0.1620,0.0450,-0.2825
1636278634479,-8.9219,0.1221,3.3164,0.1099,0.0844,-0.2771
1636278634485,-8.8828,0.3782,2.5938,-0.0327,0.1471,-0.3462
1636278634489,-9.1406,0.7158,1.6846,-0.0402,0.2238,-0.3835
1636278634500,-9.3984,0.3806,1.9316,0.0460,0.1653,-0.3655
1636278634517,-9.2188,-0.3469,2.7578,0.0343,0.0440,-0.3804
1636278634533,-8.9609,-0.6484,2.6426,-0.1030,0.0790,-0.4368
1636278634541,-8.9453,-0.2035,2.2813,-0.1838,0.1642,-0.4304
1636278634547,-8.9766,-0.3469,1.5127,-0.0870,0.1259,-0.3579
1636278634566,-9.2500,-0.3469,1.6826,-0.2200,0.0940,-0.3611
1636278634584,-9.5703,-0.0168,2.1445,-0.3274,0.1471,-0.4517
1636278634589,-9.9219,0.0287,2.2031,-0.1987,0.1387,-0.4644
1636278634599,-9.8203,-0.0096,2.4043,-0.1530,0.0078,-0.4761
1636278634604,-9.2422,0.0622,2.3066,-0.2306,-0.0901,-0.5215
1636278634615,-8.9531,-0.0239,2.1348,-0.1923,-0.0773,-0.5518
1636278634648,-9.0625,-0.2825,2.5234,-0.1252,-0.0390,-0.5952
1636278634652,-9.2422,-0.3901,3.2715,-0.1541,-0.0209,-0.6465
1636278634667,-9.3125,-0.3733,3.0176,-0.2051,0.0291,-0.6646
1636278634681,-9.3047,-0.3135,2.4922,-0.2030,0.0493,-0.6748
1636278634698,-9.1484,-0.5889,2.1758,-0.1242,0.0248,-0.6992
1636278634714,-9.1797,-1.3330,2.1270,-0.1401,0.0099,-0.6709
1636278634731,-9.1875,-1.6133,2.2969,-0.3433,0.0748,-0.6602
1636278634734,-9.0547,-1.6943,1.9199,-0.2487,0.0865,-0.6694
1636278634738,-9.1328,-1.9531,1.8193,-0.1997,0.0812,-0.5303
1636278634742,-9.6016,-1.4385,1.8193,-0.3721,0.2014,-0.5215
1636278634746,-10.1563,-0.5410,1.9053,-0.3071,0.2866,-0.6162
1636278634750,-10.4453,-0.0886,1.6201,-0.1008,0.2078,-0.5781
1636278634754,-10.2109,0.0766,1.4053,-0.1848,0.0461,-0.5591
1636278634768,-9.8125,-0.5098,1.5654,-0.3774,-0.0114,-0.6323
1636278634771,-9.6484,-1.6729,1.5459,-0.5464,-0.0199,-0.6514
1636278634780,-9.8828,-2.1973,1.6680,-0.6582,0.0184,-0.6270
1636278634784,-10.0469,-2.1172,2.2734,-0.5200,0.0025,-0.6333
1636278634788,-9.9297,-1.6924,2.6211,-0.4031,-0.0379,-0.6006
1636278634791,-9.7813,-0.9907,2.5098,-0.3306,-0.0103,-0.6133
1636278634796,-9.6875,-0.5264,2.5820,-0.2539,0.0259,-0.6953
1636278634800,-9.5859,-0.6533,2.6309,-0.1785,0.0482,-0.7134
1636278634818,-9.6406,-0.9214,2.6777,-0.1753,0.0716,-0.7495
1636278634821,-9.9063,-0.9648,2.5527,-0.2296,0.1610,-0.8262
1636278634831,-10.2266,-1.0342,2.1602,-0.1976,0.2003,-0.8271
1636278634835,-10.4531,-1.1729,2.1699,-0.1349,0.1195,-0.8081
1636278634839,-10.3047,-1.2920,2.3750,-0.2072,0.0567,-0.8408
1636278634846,-10.0078,-1.3857,2.4648,-0.2986,0.0482,-0.8506
1636278634858,-9.8594,-1.2441,1.8291,-0.2571,0.1036,-0.8560
1636278634862,-10.1094,-1.0215,1.5244,-0.1965,0.1450,-0.8730
1636278634866,-10.5391,-0.8618,1.7139,-0.2146,0.1759,-0.8813
1636278634870,-10.7578,-0.7227,1.4141,-0.2487,0.1588,-0.8931
1636278634874,-10.7578,-0.8066,1.1367,-0.2720,0.0940,-0.8994
1636278634879,-10.7500,-1.0264,1.1826,-0.3530,0.0365,-0.9019
1636278634883,-10.7188,-1.2090,1.0576,-0.4263,0.0206,-0.9336
1636278634886,-10.6797,-1.6230,1.1270,-0.4072,-0.0177,-0.9434
1636278634897,-10.5391,-1.8721,1.9463,-0.3752,-0.1093,-0.9292
1636278634900,-10.1797,-1.5986,2.4395,-0.3337,-0.1018,-0.9316
1636278634927,-9.9141,-1.2783,2.3184,-0.2380,-0.0316,-0.9102
1636278634944,-9.8516,-1.1250,2.2109,-0.2274,0.0386,-0.9136
1636278634947,-9.9375,-1.3066,2.1855,-0.2646,0.1152,-0.9644
1636278634952,-10.1172,-1.8643,1.9551,-0.2349,0.1791,-0.9785
1636278634955,-10.2891,-2.1699,1.9365,-0.2402,0.1802,-0.9624
1636278634967,-10.2422,-2.2285,1.8213,-0.2211,0.1588,-0.9326
1636278634970,-10.2734,-2.2070,1.8027,-0.2083,0.1270,-0.8687
1636278634997,-10.3750,-2.0938,1.9150,-0.2795,0.1376,-0.8604
1636278635012,-10.3906,-2.0332,2.1152,-0.3796,0.1290,-0.8804
1636278635017,-10.3906,-1.9102,1.8740,-0.2603,0.1685,-0.8740
1636278635022,-10.6250,-1.6758,1.4404,-0.2040,0.1578,-0.9048
1636278635026,-10.8281,-1.3643,1.4580,-0.1923,0.1770,-0.9624
1636278635037,-10.7500,-1.9170,1.5508,-0.1465,0.0121,-0.9185
1636278635041,-10.6250,-2.3770,1.6826,-0.3049,-0.0880,-0.9219
1636278635070,-10.5156,-2.1816,1.6016,-0.4446,-0.0550,-0.9805
1636278635076,-10.4609,-1.9746,1.2109,-0.3125,-0.0464,-0.9336
1636278635081,-10.3516,-2.0371,1.4072,-0.1774,-0.1837,-0.8838
1636278635099,-9.9609,-1.8477,2.2773,-0.2412,-0.2209,-0.9253
1636278635103,-9.6563,-1.7324,2.3926,-0.2231,-0.1337,-0.9263
1636278635107,-9.7031,-1.6133,2.0801,-0.1689,-0.0486,-0.9399
1636278635121,-9.9531,-1.7813,2.0820,-0.1848,0.0184,-0.9624
1636278635124,-10.0391,-2.2344,1.7783,-0.2507,0.0078,-0.9785
1636278635138,-9.9141,-2.9453,1.9385,-0.2083,-0.0560,-0.9634
1636278635142,-9.6328,-3.5547,2.0703,-0.2008,-0.0944,-0.9209
1636278635168,-9.5547,-3.3398,1.6465,-0.1572,0.0790,-0.8994
1636278635171,-9.7188,-2.7227,1.4004,0.0545,0.1174,-0.9316
1636278635174,-10.7031,-1.5605,1.2275,0.1737,0.0674,-0.9814
1636278635188,-10.7969,-1.3662,1.4844,0.1545,-0.0411,-1.0078
1636278635191,-10.2734,-1.8525,1.1318,0.1003,-0.2487,-0.9985
1636278635218,-9.8438,-2.3457,1.4268,-0.0987,-0.3486,-1.0225
1636278635221,-9.7422,-3.1133,1.8311,-0.1338,-0.2167,-1.0283
1636278635225,-9.5313,-3.4785,1.6660,-0.1656,-0.2783,-0.9678
1636278635238,-9.0781,-3.0059,1.5820,-0.1338,-0.3337,-0.9111
1636278635241,-8.6719,-2.6270,1.6445,-0.0061,-0.2964,-0.7954
1636278635268,-8.8438,-2.5820,1.9912,0.0162,-0.1699,-0.7280
1636278635271,-9.2734,-2.3496,2.2285,-0.0870,0.0110,-0.7793
1636278635275,-9.5000,-1.8330,1.4434,-0.0976,0.0737,-0.8008
1636278635289,-9.7500,-1.2852,1.1826,0.0917,0.0408,-0.7495
1636278635292,-9.8203,-1.3428,2.2227,0.2269,-0.0560,-0.7153
1636278635318,-9.4688,-1.9102,2.1465,0.0503,-0.0826,-0.7017
1636278635321,-9.0000,-2.4258,1.3018,-0.1742,-0.0986,-0.6748
1636278635325,-8.6797,-2.7363,1.1748,-0.2773,-0.1124,-0.6421
1636278635338,-8.7422,-2.8105,1.2969,-0.1805,-0.0475,-0.6304
1636278635342,-9.2109,-2.5508,1.8936,0.0120,0.0621,-0.6045
1636278635368,-9.5781,-2.0703,1.9170,0.1162,0.1121,-0.5449
1636278635372,-9.5859,-1.7998,1.5586,0.1396,0.0003,-0.4910
1636278635375,-9.2656,-1.7900,1.3213,0.0726,-0.0773,-0.4548
1636278635388,-8.7188,-2.1270,1.1846,0.0013,-0.1528,-0.4250
1636278635392,-8.2031,-2.5664,1.4004,-0.1444,-0.2412,-0.3760
1636278635418,-8.3047,-2.4844,1.5146,-0.2603,-0.0752,-0.3889
1636278635422,-8.9766,-2.5566,1.2686,-0.1125,0.1780,-0.4207
1636278635425,-9.4766,-2.7383,1.3838,0.0130,0.1185,-0.3877
1636278635438,-9.1719,-3.0273,2.3086,0.0300,-0.1220,-0.3164
1636278635442,-8.1641,-3.5703,2.2285,-0.0444,-0.2252,-0.2484
1636278635469,-7.4453,-3.7480,1.7832,-0.1040,-0.1975,-0.2080
1636278635472,-7.5000,-3.3457,2.0059,-0.0508,-0.0018,-0.1877
1636278635476,-8.3359,-2.7266,1.7979,0.1821,0.3301,-0.2006
1636278635489,-9.3438,-2.1387,1.4316,0.4248,0.4045,-0.1866
1636278635492,-9.7578,-1.3379,1.3809,0.4556,0.2014,-0.1282
1636278635519,-9.3750,-1.1387,1.4795,0.3472,-0.0529,-0.1037
1636278635522,-8.6953,-1.8262,1.2705,0.1683,-0.1763,-0.1282
1636278635526,-8.3984,0.8545,1.0645,-0.0561,-0.1815,-0.2898
1636278635539,-7.9531,6.0430,0.8784,-0.5381,-0.1359,-1.1826
1636278635542,-8.4609,4.2656,0.3159,-1.7705,-0.1028,-1.7207
1636278635569,-10.6641,-1.6396,0.3110,-3.1094,-0.5752,-1.2295
1636278635572,-12.2656,-4.8633,0.3757,-2.8438,-0.9453,-1.1055
1636278635576,-10.1563,-7.1563,2.1465,-0.8457,-0.9199,-1.0225
1636278635589,-6.8359,-5.9961,0.5674,0.3545,-1.0215,-0.1622
1636278635593,-6.3008,-6.1484,0.8569,0.3406,-0.6221,-0.1239
1636278635619,-7.7656,-5.2500,0.7397,0.6504,-0.1284,-0.1420
1636278635623,-9.2344,-2.6777,1.4717,1.1055,0.1195,-0.1143
1636278635626,-9.7813,-2.8066,1.3330,1.0742,-0.0944,0.0591
1636278635639,-7.7305,-1.7305,1.4746,0.8750,-0.5498,0.2463
1636278635658,-6.0781,0.0287,1.9102,0.6587,-0.4456,0.2134
1636278635663,-7.2578,-0.2607,2.7188,0.5449,0.0163,0.1464
1636278635667,-8.6563,-1.2256,3.7813,0.4419,0.2642,0.3293
1636278635679,-8.7656,-1.8477,4.0234,0.5034,0.1621,0.5186
1636278635683,-8.7578,-2.6094,2.6328,0.8501,0.0961,0.4741
1636278635710,-8.5391,-3.1816,2.6777,0.8569,0.1365,0.3430
1636278635713,-8.0234,-3.3164,2.5469,0.6396,0.1770,0.1836
1636278635717,-8.0938,-2.7793,2.1211,0.5586,0.2822,0.0303
1636278635730,-8.4141,-1.1416,2.8906,0.5864,0.4004,-0.0728
1636278635733,-8.7188,0.4668,2.8359,0.6597,0.4749,-0.0505
1636278635760,-8.9609,0.8306,2.4434,0.5078,0.4355,0.1793
1636278635763,-8.9297,-0.0407,2.5098,0.2556,0.3472,0.3804
1636278635767,-9.0938,-1.6543,2.0391,0.1929,0.3545,0.4783
1636278635780,-9.5000,-3.1211,1.9814,0.2333,0.2917,0.4941
1636278635783,-9.2734,-2.6895,1.9551,0.1577,0.2822,0.3750
1636278635810,-9.3203,-2.4023,-0.1938,-0.1934,0.3845,0.1388
1636278635813,-10.0938,-3.3125,0.2705,-0.1945,0.2429,0.0803
1636278635817,-9.9922,-3.1543,0.6919,-0.1785,0.0876,0.1803
1636278635840,-9.6641,-2.2305,0.9766,0.0056,-0.0326,0.3154
1636278635859,-9.5547,-1.1152,1.4189,0.2428,-0.0199,0.3645
1636278635874,-9.6094,-0.3757,1.3877,0.3396,-0.0124,0.4624
1636278635879,-9.9141,-0.3997,1.6133,0.1183,0.0323,0.5005
1636278635892,-9.7266,-1.0869,2.3086,-0.2391,0.0046,0.3591
1636278635908,-9.1328,-1.9990,2.2070,-0.3550,-0.0060,0.3091
1636278635912,-9.1094,-2.2402,1.9746,-0.3433,0.1025,0.3506
1636278635921,-9.4688,-1.5654,1.9648,-0.1284,0.2832,0.3655
1636278635924,-10.0781,-0.7729,1.7500,0.2035,0.3706,0.5220
1636278635928,-10.3047,-0.9404,2.3652,0.2354,0.2844,0.6323
1636278635931,-9.8281,-2.9922,1.1084,0.0407,0.2588,0.5942
1636278635941,-9.5391,-5.6836,0.5215,-0.4199,0.2344,0.5103
1636278635944,-9.0469,-6.7539,2.1289,-0.8667,0.1418,0.4358
1636278635970,-8.4375,-6.6445,2.2871,-0.8477,0.1344,0.5366
1636278635974,-8.3438,-6.2266,2.2422,-0.6455,0.2334,0.6963
1636278635977,-8.5000,-5.8867,2.4023,-0.8018,0.3345,0.8027
1636278635991,-7.8516,-5.8789,1.6445,-1.0967,0.1365,1.0430
1636278635994,-7.8516,-5.8789,1.6445,-1.4336,-0.2146,1.5332
1636278636021,-6.6211,-6.5742,1.8457,-1.7148,-0.2241,1.7139
1636278636024,-6.7070,-8.1328,0.5864,-1.9844,-0.2401,1.7656
1636278636039,-6.7773,-9.6563,0.4236,-1.9580,-0.3625,2.0938
1636278636044,-6.0195,-10.3047,3.0352,-1.0967,-1.0059,2.8691
1636278636057,-6.2813,-9.9297,5.5273,-0.2094,-0.8423,3.5703
1636278636061,-8.6563,-7.5781,3.8828,0.5088,0.7534,2.6699
1636278636073,-11.3203,-3.6172,3.1348,1.6221,1.7656,1.3887
1636278636081,-13.3906,0.3040,3.6738,2.4395,1.5518,1.5469
1636278636084,-14.4063,3.9063,2.0508,2.5645,0.7261,2.0527
1636278636111,-14.0313,6.2031,0.5195,2.4277,0.0089,1.7510
1636278636115,-13.0859,6.2266,0.0766,1.8535,-0.3293,1.0713
1636278636121,-12.1797,4.9453,0.4739,0.7886,-0.4487,0.5186
1636278636131,-11.7578,2.0547,0.4812,0.0907,-0.4189,0.1548
1636278636139,-11.9219,-0.5718,-0.9360,-0.5381,-0.4263,-0.0856
1636278636151,-12.1953,-1.6943,-2.2285,-1.1133,-0.5317,-0.1558
1636278636155,-12.4141,-2.5039,-2.7383,-0.9487,-0.6719,-0.0984
1636278636181,-11.8750,-3.5156,-2.7813,-0.2986,-1.0137,-0.0154
1636278636185,-11.0313,-4.3281,-2.9199,0.0822,-1.3770,0.3176
1636278636188,-10.2891,-4.4688,-1.8555,0.1279,-1.5059,0.6069
1636278636201,-9.2813,-4.7969,-0.3303,0.1641,-1.5645,0.7217
1636278636205,-8.4531,-4.7773,0.6318,-0.0008,-1.5186,0.9165
1636278636232,-7.8164,-4.3047,2.8203,-0.1359,-1.3232,1.1348
1636278636235,-6.9141,-4.7344,3.9180,-0.0540,-1.1162,1.3359
1636278636253,-6.5273,-4.4531,3.9043,-0.3594,-0.8071,1.5811
1636278636258,-6.9766,-3.7773,4.2422,-0.3220,-0.1986,1.7412
1636278636261,-8.0391,-3.5566,4.1328,0.0875,0.3057,1.8379
1636278636272,-9.3516,-2.7070,3.7930,0.2471,0.4771,1.9297
1636278636275,-10.3125,-2.3125,3.2910,0.5078,0.4036,2.0742
1636278636302,-10.8203,-2.2188,3.0391,0.6377,0.2046,2.1211
1636278636319,-10.7500,-1.9170,3.9102,0.6172,-0.0071,1.9316
1636278636323,-10.1797,-1.7588,3.5176,0.6504,-0.0411,1.7646
1636278636327,-10.0000,-1.2129,2.4238,0.5713,-0.0114,1.7158
1636278636331,-10.5156,-0.1101,2.0801,0.5928,0.0961,1.5596
1636278636342,-11.0781,0.3782,1.5361,0.9727,0.0972,1.3936
1636278636346,-11.3750,0.1053,1.0049,1.0254,-0.0848,1.4951
1636278636372,-11.5781,-0.4021,-0.1125,0.5054,-0.3284,1.4639
1636278636388,-11.9922,0.0263,-0.1508,-0.1030,-0.4465,1.1143
1636278636404,-11.8438,0.1938,0.0790,-0.0455,-0.6147,0.8540
1636278636409,-11.4766,-0.5601,0.3662,0.2290,-0.9414,0.8975
1636278636420,-10.8672,-0.9287,1.9727,0.1503,-1.1104,0.8252
1636278636437,-9.9531,-1.1348,2.3906,0.1854,-1.0811,0.6646
1636278636441,-9.1719,-0.9189,3.2031,0.2800,-1.1016,0.6494
1636278636453,-8.6797,-0.3901,4.0000,0.2109,-0.9976,0.6772
1636278636470,-8.7031,-0.2607,3.4512,0.1598,-0.6978,0.6567
1636278636486,-9.1484,-1.0166,2.8164,0.2056,-0.5498,0.6636
1636278636491,-9.3438,-1.3047,2.6113,0.1609,-0.5625,0.6333
1636278636494,-9.3672,-1.2920,2.7832,0.3843,-0.4902,0.6494
1636278636503,-9.3594,-1.7373,2.4316,0.6011,-0.4146,0.8657
1636278636519,-9.2891,-1.2227,1.9297,0.4014,-0.3528,0.9590
1636278636524,-9.1094,-0.7251,1.9775,0.2725,-0.2612,0.9380
1636278636527,-8.9531,-0.1747,1.8164,0.1205,-0.1880,1.0254
1636278636531,-9.1719,0.1412,1.5771,0.2418,-0.0592,1.0566
1636278636534,-9.7031,0.0551,1.9463,0.4131,0.0248,1.0322
1636278636543,-10.1406,0.2847,2.2305,0.4087,0.0174,1.0029
1636278636547,-10.1641,1.1221,2.3047,0.3640,-0.0890,0.9355
1636278636573,-10.2500,1.9941,2.6836,0.4460,-0.1284,0.8281
1636278636577,-10.2422,1.7236,2.7070,0.5278,-0.1869,0.7993
1636278636580,-9.8125,1.3613,3.0977,0.2725,-0.3943,0.7549
1636278636593,-9.0938,0.8208,4.0664,0.0737,-0.4912,0.6143
1636278636597,-8.7500,-0.0168,4.3672,0.0715,-0.4060,0.5356
1636278636624,-8.5156,-0.9624,4.2813,0.1534,-0.3625,0.5439
1636278636627,-7.8711,-1.5098,4.7500,0.0662,-0.4380,0.5708
1636278636631,-7.2773,-0.9336,5.0234,0.1248,-0.3157,0.5078
1636278636644,-7.3750,-0.2607,4.9258,0.4971,-0.0890,0.4995
1636278636647,-7.7266,0.3230,4.6680,0.6309,0.0184,0.5645
1636278636674,-7.8945,0.8403,4.1914,0.5747,0.0770,0.5239
1636278636677,-8.3281,0.9165,3.8184,0.5576,0.1791,0.4697
1636278636681,-9.1406,0.9146,3.2617,0.6108,0.2886,0.4314
1636278636694,-9.4063,1.4482,3.3105,0.5532,0.2120,0.3943
1636278636701,-9.0938,2.0645,2.8672,0.5366,0.1588,0.3506
1636278636714,-9.1094,2.0742,2.3555,0.5576,0.1621,0.3325
1636278636718,-9.5156,2.2539,2.1563,0.4705,0.1897,0.2218
1636278636744,-9.8281,2.2383,2.4414,0.4163,0.1567,0.1399
1636278636747,-9.7891,1.7471,2.6270,0.3577,0.0865,0.1313
1636278636751,-9.4922,1.5293,2.5977,0.2109,0.0142,0.0974
1636278636764,-9.2578,2.1465,1.9053,0.0598,-0.0262,0.0293
1636278636783,-9.1719,2.1602,1.7813,0.0598,-0.0262,0.0293
1636278636788,-8.8672,0.6006,3.4629,-0.0827,-0.0964,0.0112
1636278636800,-8.4219,0.5815,3.8555,-0.1731,-0.0614,-0.0069
1636278636804,-8.0547,0.7227,3.6387,-0.0231,0.0280,0.0218
1636278636808,-7.8594,0.8447,4.2383,0.0173,0.0865,0.0538
1636278636834,-7.5859,0.7441,4.5000,-0.0508,0.1737,0.0112
1636278636850,-7.5195,0.2681,4.1602,-0.0838,0.2886,0.0133
1636278636866,-7.6758,0.0670,3.8535,-0.0561,0.4036,-0.0282
1636278636871,-7.6758,-0.2537,4.2305,0.1045,0.4568,-0.0345
1636278636874,-7.7656,-0.7729,3.9824,0.1248,0.4929,0.0506
1636278636878,-8.3359,-0.0191,4.1055,-0.0795,0.6470,-0.0239
1636278636897,-8.8359,1.2705,3.3691,0.0162,0.7876,-0.1973
1636278636901,-9.2344,1.4141,2.5352,0.3225,0.7173,-0.1431
1636278636914,-9.2266,1.5654,2.2207,0.2620,0.6152,-0.2047
1636278636917,-9.1797,1.3760,1.9297,0.1162,0.5674,-0.3547
1636278636925,-9.6953,0.9287,1.3066,0.0077,0.5908,-0.3792
1636278636938,-10.1797,0.3374,0.9790,0.0024,0.4824,-0.3940
1636278636945,-10.1797,0.2847,2.1016,-0.2231,0.2493,-0.4292
1636278636949,-10.3984,0.6079,2.2285,-0.1455,0.2898,-0.5518
1636278636976,-10.6719,0.3423,1.9121,0.0279,0.2600,-0.4814
1636278636979,-9.5625,-0.6152,1.5508,-0.1263,-0.1326,-0.3591
1636278636998,-7.8906,-0.3159,2.0508,-0.4902,-0.3645,-0.4707
1636278637002,-7.5469,-0.1053,3.3008,-0.2710,-0.1549,-0.5527
1636278637006,-8.8438,0.0598,3.9688,-0.0263,0.2227,-0.4836
1636278637015,-9.6484,0.5337,3.4258,-0.0231,0.2578,-0.5132
1636278637031,-8.6563,0.6343,3.0254,-0.2328,-0.0656,-0.4900
1636278637036,-7.5273,0.1724,3.5781,-0.1945,-0.1124,-0.5518
1636278637048,-7.8984,-0.3687,4.8750,-0.0827,0.2131,-0.6431
1636278637056,-8.7109,-0.4380,4.2500,-0.1284,0.4749,-0.6558
1636278637059,-8.6719,-0.3015,2.7285,-0.2328,0.3481,-0.5601
1636278637086,-8.1719,-0.3040,2.5586,-0.2529,0.1982,-0.5322
1636278637090,-8.4922,-0.5957,3.9395,-0.1838,0.3481,-0.5566
1636278637093,-9.3438,-0.3972,3.9629,-0.1242,0.6162,-0.6260
1636278637106,-9.8594,0.3064,2.1348,-0.0848,0.6416,-0.6187
1636278637110,-9.8438,0.8423,0.6772,-0.1689,0.4590,-0.5708
1636278637136,-9.5938,0.4668,0.7705,-0.1699,0.3079,-0.6187
1636278637140,-9.7891,-0.4189,1.2305,-0.1636,0.3376,-0.6675
1636278637143,-10.3203,-0.8857,1.0674,-0.2944,0.3684,-0.7046
1636278637156,-10.7813,-0.6655,0.4739,-0.4316,0.2930,-0.6943
1636278637160,-10.8125,-0.5049,0.7202,-0.4019,0.1003,-0.7026
1636278637187,-10.3047,-1.2012,1.8906,-0.2634,-0.1156,-0.7217
1636278637190,-9.4766,-1.4600,3.0547,-0.2795,-0.2007,-0.7568
1636278637194,-8.8516,-0.7876,2.9941,-0.2593,-0.1210,-0.7847
1636278637208,-8.8672,-0.1412,2.4434,-0.0944,0.0057,-0.7549
1636278637211,-9.1953,0.0646,2.5449,0.0354,0.0567,-0.7891
1636278637237,-9.3828,-0.4189,3.1875,0.0088,0.0461,-0.8379
1636278637240,-9.3672,-1.3359,3.3574,-0.1444,0.0812,-0.8613
1636278637244,-9.4219,-2.0957,2.2090,-0.2786,0.2142,-0.9272
1636278637257,-9.5703,-2.7480,2.0488,-0.2849,0.2334,-0.9814
1636278637260,-9.4844,-3.2813,2.5273,-0.1508,0.2025,-0.9849
1636278637287,-9.3047,-2.9297,2.7168,-0.0008,0.2174,-0.9995
1636278637290,-9.4141,-1.9004,3.0234,0.1566,0.3196,-0.9858
1636278637294,-9.9219,-1.0166,2.7813,0.2556,0.4355,-0.9272
1636278637307,-10.3906,-0.4573,2.3438,0.1801,0.4409,-0.9600
1636278637311,-10.5938,-0.4355,2.0215,0.0098,0.3716,-1.0215
1636278637337,-10.6563,-0.5146,1.1748,-0.1913,0.3323,-1.0596
1636278637341,-10.7266,-0.5649,0.8975,-0.2827,0.2813,-1.1162
1636278637344,-10.7109,-1.0264,1.1826,-0.2710,0.1545,-1.1387
1636278637357,-10.5781,-1.5801,1.7686,-0.3135,0.0471,-1.1377
1636278637361,-10.4297,-1.8857,2.3867,-0.3477,0.0355,-1.1396
1636278637388,-10.1563,-1.7832,2.5684,-0.2583,0.0429,-1.1514
1636278637391,-10.0938,-1.2803,2.7148,-0.0635,0.0950,-1.1377
1636278637394,-10.1953,-0.5815,2.8320,0.0928,0.1759,-1.1387
1636278637408,-10.1250,-0.2058,2.6367,0.1598,0.1993,-1.1660
1636278637411,-10.0313,-0.2969,1.9775,0.0705,0.2227,-1.1699
1636278637438,-10.0781,-0.7900,1.2256,-0.1072,0.2600,-1.1758
1636278637441,-10.3359,-1.7305,1.0625,-0.2795,0.2440,-1.1465
1636278637444,-10.7500,-2.5449,1.2539,-0.4478,0.2111,-1.1055
1636278637458,-10.8828,-2.8008,1.5752,-0.4712,0.1599,-1.0820
1636278637461,-10.6797,-2.5273,1.8164,-0.3093,0.0759,-1.0078
1636278637488,-10.3203,-2.0605,1.7881,-0.1040,0.0333,-0.9453
1636278637491,-10.1250,-1.9102,1.8311,0.0332,0.0621,-0.9292
1636278637495,-10.1406,-1.7422,1.8047,0.0194,0.1407,-0.9570
1636278637508,-10.2813,-1.5273,1.4121,-0.0391,0.2515,-0.9912
1636278637512,-10.4844,-1.6514,0.2537,-0.1519,0.3057,-0.9507
1636278637538,-10.7188,-2.3047,0.1436,-0.3455,0.2014,-0.9336
1636278637542,-10.8203,-3.2988,0.2561,-0.5093,0.1206,-0.9868
1636278637545,-10.6719,-4.5117,1.9248,-0.4338,-0.0911,-0.9858
1636278637558,-10.3125,-4.4102,1.9385,-0.3220,-0.1284,-0.9463
1636278637562,-10.0547,-3.5840,1.8115,-0.0242,-0.0199,-1.0156
1636278637588,-9.9531,-3.2734,2.1641,0.3821,-0.0369,-0.9453
1636278637592,-10.0625,-3.7559,2.5703,0.4312,-0.1210,-0.8218
1636278637595,-10.1875,-3.6758,2.5410,0.1300,-0.0560,-0.8784
1636278637609,-10.1641,-3.1875,1.9600,-0.0370,-0.0114,-0.8848
1636278637612,-10.1563,-3.1074,0.9839,-0.0721,-0.1039,-0.7856
1636278637639,-10.2734,-3.4629,1.1631,-0.1019,-0.1923,-0.7939
1636278637642,-10.4688,-3.8105,2.0508,0.0226,-0.1517,-0.8848
1636278637660,-10.3984,-3.5117,2.5078,0.3237,-0.0975,-0.9272
1636278637664,-10.1875,-2.4609,2.7051,0.5811,-0.0582,-0.8613
1636278637676,-9.9766,-1.3760,2.5996,0.7451,-0.0124,-0.7856
1636278637681,-9.8594,-1.1914,1.9365,0.6660,0.0344,-0.7900
1636278637693,-10.3281,-1.2686,1.1250,0.3215,0.1982,-0.9082
1636278637699,-11.1719,-1.3311,0.4834,0.1555,0.3228,-1.0342
1636278637709,-11.7891,-1.9414,0.0933,0.2725,0.1610,-1.0156
1636278637719,-11.9063,-2.2598,0.2155,0.2493,-0.1379,-1.0283
1636278637722,-11.2969,-1.9990,0.7563,0.2693,-0.3315,-1.0996
1636278637749,-10.5703,-1.8770,0.7729,0.4163,-0.4636,-1.0361
1636278637752,-10.3594,-1.1797,0.4932,0.4790,-0.4443,-1.0498
1636278637756,-10.5625,-0.6533,1.1650,0.5811,-0.3975,-1.0947
1636278637769,-10.3750,-0.7778,1.2041,0.6001,-0.5039,-1.0791
1636278637772,-9.8750,-0.9478,1.6826,0.4609,-0.6797,-1.0400
1636278637799,-9.1641,-1.5127,2.8066,0.1832,-0.7690,-1.0029
1636278637802,-8.3203,-2.6016,2.9121,-0.1753,-0.7393,-0.9019
1636278637806,-7.8438,-3.3125,2.6738,-0.4519,-0.6221,-0.7539
1636278637819,-7.7695,-3.2734,2.7109,-0.4966,-0.3857,-0.6250
1636278637823,-8.0313,-2.8535,2.9375,-0.2072,-0.0964,-0.4973
1636278637849,-8.4766,-2.4102,2.8145,0.1514,0.1195,-0.3506
1636278637873,-8.7422,-1.3428,2.6406,0.3491,0.2217,-0.2813
1636278637876,-8.8125,-0.2920,2.7539,0.4780,0.2620,-0.2612
1636278637881,-8.9766,0.3638,2.7051,0.4822,0.3579,-0.2112
1636278637884,-9.3594,0.6919,2.0801,0.3481,0.4622,-0.2207
1636278637888,-9.6016,0.5718,1.3545,0.2141,0.4248,-0.2856
1636278637899,-9.7813,0.2106,1.2324,0.0651,0.3066,-0.3079
1636278637903,-10.3750,-0.1819,1.3955,-0.0370,0.3503,-0.3079
1636278637929,-10.8203,-0.7705,0.9214,-0.1604,0.3291,-0.3782
1636278637941,-10.5156,-0.8784,0.3135,-0.3350,0.0259,-0.4346
1636278637949,-9.7422,-0.7515,0.1412,-0.3572,-0.2634,-0.4143
1636278637954,-9.4688,-0.7466,0.1053,-0.2656,-0.2729,-0.3984
1636278637958,-9.5625,-1.1104,0.6987,-0.1848,-0.2517,-0.4771
1636278637970,-9.4453,-1.1318,1.1465,-0.2296,-0.3645,-0.5698
1636278637973,-9.2500,-0.7729,1.6514,-0.1816,-0.4304,-0.5249
1636278638000,-9.1797,-0.7324,1.5801,-0.1444,-0.3911,-0.4441
1636278638003,-8.8438,-1.5889,-0.3398,-0.3604,-0.4231,-0.4038
1636278638007,-8.4844,-3.2520,-2.0938,-0.8169,-0.7539,-0.1718
1636278638020,-8.6094,-6.0313,-1.8115,-1.4482,-1.0859,0.2069
1636278638023,-8.5859,-6.8281,3.4922,-1.8125,-1.0156,-0.1058
1636278638050,-7.0781,-5.6680,5.2813,-0.7925,-0.6680,-0.6060
1636278638053,-5.8242,-3.6426,2.8047,0.3450,-0.5020,0.0229
1636278638057,-6.0352,-1.4170,1.8330,0.6128,-0.3040,0.7051
1636278638070,-6.7930,-1.3877,4.6211,0.5161,0.0195,0.4868
1636278638073,-6.9258,-3.5469,6.7461,0.3269,0.3503,0.0761
1636278638100,-6.5625,-3.5801,4.3242,-0.2179,0.5151,0.1240
1636278638103,-6.8828,-2.3828,3.0508,-0.5732,0.6812,0.3772
1636278638107,-7.8594,-2.1582,1.0215,-0.2125,0.9609,0.3579
1636278638120,-9.6328,-2.4297,-0.2847,0.0843,1.1895,0.3357
1636278638139,-10.9688,-2.0000,2.2324,-0.0210,0.9482,0.1750
1636278638143,-10.3906,-1.7471,2.3457,0.0162,0.3982,-0.0484
1636278638147,-9.2969,-1.8027,-0.4668,0.1726,0.1504,-0.0367
1636278638170,-8.9531,-1.8291,-1.1133,0.2130,0.0078,0.0346
1636278638174,-8.9531,-2.7324,0.8330,0.3726,-0.1071,-0.0197
1636278638188,-8.8125,-4.7305,2.7813,0.6333,-0.1986,-0.1143
1636278638193,-8.0078,-5.6680,3.4883,0.4800,-0.3252,-0.0739
1636278638205,-7.2227,-4.8984,1.9961,0.1918,-0.2050,0.1006
1636278638210,-7.2578,-3.9824,1.5625,0.1045,-0.0039,0.1879
1636278638213,-7.7461,-3.9336,1.5195,0.0130,0.2025,0.1920
1636278638240,-8.5547,-3.7793,0.0479,-0.2125,0.3259,0.1953
1636278638254,-9.3281,-3.4316,-0.3350,-0.2891,0.2046,0.1868
1636278638258,-9.4219,-3.0254,0.7588,-0.2795,0.0035,0.1697
1636278638269,-9.0547,-2.6152,0.8018,-0.2402,-0.0848,0.1442
1636278638272,-8.5859,-2.7930,0.7012,-0.1423,-0.1826,0.1367
1636278638281,-8.2422,-3.7578,0.6079,-0.1093,-0.2571,0.1367
1636278638284,-8.1406,-4.8047,0.5122,-0.1604,-0.2295,0.1102
1636278638311,-8.2734,-5.7695,1.1563,-0.1093,-0.1326,0.0580
1636278638314,-8.4844,-6.6211,1.9102,0.0651,-0.0529,0.0197
1636278638318,-8.3594,-6.5039,1.5986,0.1981,0.0035,0.0388
1636278638331,-7.9453,-5.3281,1.9746,0.2620,-0.0369,0.1229
1636278638334,-7.6484,-4.3242,2.2207,0.2576,-0.0071,0.2048
1636278638361,-7.7305,-3.6016,1.2471,0.2365,0.1588,0.1782
1636278638364,-8.1953,-3.5254,1.0361,0.2344,0.2111,0.1580
1636278638368,-8.6875,-4.0156,0.9478,0.1406,0.1588,0.1814
1636278638381,-8.7500,-4.5273,1.4287,0.0620,-0.0454,0.1899
1636278638384,-8.3125,-4.6133,2.3789,-0.0572,-0.2252,0.1740
1636278638411,-7.5313,-4.3594,3.2168,0.0034,-0.1774,0.2803
1636278638414,-7.5313,-4.3594,3.2168,0.0034,-0.1774,0.2803
1636278638419,-7.9219,-5.1445,4.4414,-0.1913,-0.0848,0.3164
1636278638431,-7.9023,-5.2539,4.2617,-0.3901,0.0110,0.3430
1636278638435,-7.7852,-4.6133,3.0723,-0.4595,0.1078,0.3145
1636278638461,-7.7969,-3.8730,2.1172,-0.3508,0.1844,0.3091
1636278638469,-8.0313,-3.4082,1.3662,-0.1179,0.2930,0.3154
1636278638486,-8.4922,-3.4492,0.9790,0.1694,0.3896,0.3081
1636278638490,-8.7813,-3.7559,1.1104,0.3970,0.3760,0.2793
1636278638502,-8.6563,-4.1875,1.2061,0.5278,0.2898,0.2432
1636278638518,-8.3359,-4.1914,1.6230,0.5947,0.2908,0.1516
1636278638523,-8.0078,-4.0977,1.8525,0.7905,0.3354,0.0825
1636278638527,-7.9883,-4.2656,1.9121,0.9419,0.4175,0.1431
1636278638530,-8.1563,-4.2344,2.3066,0.8218,0.4609,0.1888
1636278638541,-8.3672,-4.0859,2.3164,0.5439,0.4812,0.1857
1636278638545,-8.6016,-4.0664,2.3008,0.3450,0.4780,0.1527
1636278638572,-8.6797,-3.9551,2.0508,0.2991,0.4622,0.0867
1636278638575,-8.7109,-3.6367,1.6445,0.3269,0.4207,0.0697
1636278638579,-8.7656,-3.4277,1.0693,0.4236,0.3481,0.0580
1636278638591,-8.9766,-3.6914,0.4978,0.5107,0.2769,0.0548
1636278638595,-9.2891,-4.3047,0.0862,0.6206,0.1631,0.0240
1636278638622,-9.4219,-5.0859,0.1915,0.7822,-0.0060,-0.0016
1636278638625,-9.2500,-5.7656,1.3184,0.9375,-0.1837,0.0101
1636278638634,-8.6328,-5.7031,2.6230,1.0020,-0.2720,0.0665
1636278638642,-7.9375,-4.6797,2.9941,0.8716,-0.2241,0.1356
1636278638645,-7.6680,-3.5547,2.8379,0.6025,-0.0784,0.1431
1636278638672,-7.9453,-3.1016,2.5820,0.3193,0.0780,0.1261
1636278638675,-8.2969,-3.3555,2.2441,0.1279,0.1396,0.1016
1636278638679,-8.5078,-3.6230,1.8525,0.0790,0.1653,0.1069
1636278638692,-8.5781,-3.8672,1.4883,0.1981,0.1567,0.1176
1636278638700,-8.5313,-3.9609,1.0625,0.4546,0.1599,0.0920
1636278638712,-8.6016,-4.0000,0.6270,0.8047,0.2003,0.0676
1636278638716,-8.8281,-4.3203,0.6821,1.2305,0.2111,0.0644
1636278638742,-8.8203,-5.0938,2.1172,1.5703,0.1142,0.0857
1636278638745,-8.3203,-5.6992,3.5957,1.6299,0.0525,0.1495
1636278638765,-7.8203,-5.5898,4.0664,1.4082,0.1429,0.2452
1636278638770,-7.7695,-4.8594,3.4277,1.0117,0.3611,0.2484
1636278638773,-8.2422,-3.8359,2.1270,0.6948,0.5547,0.1771
1636278638782,-8.9609,-3.1563,1.3184,0.6406,0.5703,0.1974
1636278638799,-9.4688,-2.8672,0.9097,0.6909,0.4409,0.2474
1636278638804,-9.4766,-2.7695,0.5503,0.8301,0.2578,0.2240
1636278638816,-9.2109,-3.0781,0.5454,1.1045,0.0727,0.1633
1636278638822,-8.9609,-3.6211,0.5815,1.4561,-0.0348,0.0899
1636278638826,-8.8984,-4.2578,0.9502,1.8994,-0.0890,0.0176
1636278638852,-8.7344,-4.9414,2.4648,2.3398,-0.1571,-0.0260
1636278638865,-8.3438,-4.9883,3.9375,2.5840,-0.1241,-0.0111
1636278638869,-8.0703,-4.0195,4.8711,2.5313,0.0110,0.1069
1636278638873,-8.2422,-2.6875,3.9551,2.0527,0.2089,0.1654
1636278638877,-8.6953,-1.8555,2.8047,1.4473,0.2898,0.1644
1636278638913,-9.1719,-1.7354,1.8887,0.8716,0.2418,0.1729
1636278638930,-9.3672,-2.0313,1.2422,0.4885,0.1036,0.1261
1636278638948,-9.2656,-2.2832,0.8164,0.3577,-0.0273,0.0920
1636278638953,-8.9922,-2.3711,0.1843,0.5493,-0.1220,0.0133
1636278638956,-8.4766,-3.1035,-0.9839,2.0859,-0.1475,-0.1080
1636278638960,-9.6484,-1.3281,-0.9023,3.1113,-0.1614,0.0293
1636278638963,-8.7109,0.8906,9.8828,4.1016,-0.4072,-0.3984
1636278638967,-7.9961,1.8809,1.9551,4.2695,0.0652,-0.2612
1636278638973,-8.0313,-2.3711,0.1771,4.2656,-0.2040,-0.0803
1636278638980,-8.2969,-4.6914,4.6680,3.3965,-0.1188,0.0484
1636278638993,-9.6172,-2.3867,6.4531,1.0195,0.0940,0.2834
1636278638997,-9.5156,-4.8516,7.1367,1.5674,-0.1794,0.1580
1636278639023,-8.9375,-5.1133,4.1016,1.0596,-0.2380,-0.1740
1636278639029,-8.0703,-3.3398,5.3047,0.4758,-0.0986,-0.2452
1636278639045,-7.5547,-3.1328,3.1816,0.9746,0.0057,-0.2761
1636278639062,-8.1250,-2.9336,1.6299,1.3652,0.1195,-0.0441
1636278639065,-8.8125,-2.0391,2.4414,1.6543,0.2566,0.2325
1636278639070,-7.8477,0.6724,4.2305,0.9282,0.3003,0.1335
1636278639078,-9.3594,-0.7681,5.2070,-0.2551,0.5107,0.0580
1636278639095,-9.5859,-2.0488,3.2871,-0.3679,0.2269,-0.1420
1636278639099,-8.3984,-1.6924,3.5664,0.1492,-0.0560,-0.0377
1636278639111,-8.2891,-1.3428,3.4102,0.1630,0.0408,0.1133
1636278639128,-8.9297,-2.1445,4.3789,0.1066,0.1886,0.0602
1636278639133,-9.8438,-4.8672,4.3438,0.1790,0.1545,-0.0909
1636278639144,-9.0625,-4.5820,3.1543,0.5449,-0.0964,-0.3430
1636278639148,-7.6719,-1.1797,3.5957,1.1260,-0.1114,-0.4771
1636278639160,-8.3359,2.4355,3.7168,0.9048,0.2355,-0.4485
1636278639164,-10.2031,2.6211,3.7109,0.3896,0.2566,-0.2856
1636278639174,-10.6563,0.7827,4.3906,-0.2507,-0.1890,-0.2207
1636278639193,-8.8438,0.5024,4.1992,-1.0000,-0.6133,-0.3303
1636278639199,-7.7305,0.3877,3.6641,-1.5498,-0.5146,-0.3972
1636278639210,-7.9766,-1.3096,3.4570,-1.9248,-0.2465,-0.4250
1636278639226,-8.3906,-3.5898,3.4629,-1.9297,-0.1411,-0.4612
1636278639230,-8.6172,-5.1172,3.3867,-1.6553,-0.1220,-0.5537
1636278639243,-8.8750,-5.7891,3.0938,-1.1221,-0.1422,-0.5059
1636278639247,-9.3594,-7.1523,2.6992,-0.3965,-0.3423,-0.3186
1636278639259,-8.7031,-7.2930,2.5625,0.2854,-0.6104,-0.2367
1636278639276,-7.5898,-5.2617,2.4219,0.6768,-0.6338,-0.2335
1636278639292,-7.4883,-3.5762,2.5586,0.6152,-0.4304,-0.2006
1636278639309,-8.0234,-3.2656,2.8750,0.5288,-0.2612,-0.0462
1636278639314,-8.2656,-3.6445,2.7422,0.7876,-0.3145,0.2410
1636278639317,-7.9258,-3.9844,2.6055,1.8291,-0.8403,0.8452
1636278639327,-8.1641,-3.9473,3.4297,2.1797,-0.6421,1.0439
1636278639331,-8.6484,-2.3027,4.4531,2.4160,-0.1720,0.6089
1636278639342,-8.8438,-1.4980,5.2422,2.4688,-0.0901,0.4250
1636278639345,-8.3359,-2.6582,5.6797,2.3457,-0.1337,0.3516
1636278639354,-7.2031,-3.3750,5.1992,2.1270,-0.0826,0.2974
1636278639374,-7.6719,-2.5840,4.3008,2.0488,-0.2944,1.0859
1636278639380,-10.0234,-1.4121,4.0781,2.2090,-0.1646,1.2510
1636278639383,-10.1563,-0.7539,4.6992,2.5000,0.0504,0.3687
1636278639394,-7.9648,-0.3350,4.3203,2.5508,-0.3550,0.1825
1636278639410,-6.9180,0.2297,3.7500,2.4453,-0.3613,0.4985
1636278639424,-7.5742,1.1797,3.5234,2.1504,0.0929,0.5537
1636278639457,-8.6406,1.1416,3.8438,1.7900,0.3450,0.5166
1636278639474,-9.1719,0.1005,4.7773,1.6260,0.2588,0.5537
1636278639490,-9.1094,-0.3184,5.6250,1.5293,0.0982,0.5103
1636278639507,-8.7969,0.5313,5.5352,1.2148,0.0323,0.3762
1636278639523,-8.5938,1.5840,4.6875,0.7642,0.0248,0.2166
1636278639540,-8.5859,1.9219,4.4844,0.1821,0.1823,0.0687
1636278639543,-8.9063,1.3359,4.9648,-0.4763,0.4004,-0.0037
1636278639548,-9.6563,-0.9072,5.3477,-1.1494,0.4695,-0.0090
1636278639556,-9.2109,-2.6992,4.2500,-0.8838,0.0684,-0.0207
1636278639572,-7.4453,-2.1855,5.2344,-0.1455,0.0365,-0.1037
1636278639588,-7.9688,-1.0244,5.3711,-0.0848,0.2832,-0.0260
1636278639591,-9.0859,-0.3208,5.2383,0.0162,0.2930,-0.0324
1636278639605,-9.0859,-0.1532,4.5430,-0.0200,0.1174,-0.0994
1636278639619,-8.4844,-0.2394,3.9180,0.2322,-0.0401,-0.0271
1636278639623,-8.3438,-0.2656,4.1836,0.3374,0.0099,-0.0292
1636278639627,-8.7578,0.2632,4.2500,0.1907,0.0621,-0.0292
1636278639638,-8.7891,0.4285,4.3281,0.0790,0.0131,-0.0101
1636278639642,-8.2734,0.6416,4.4375,-0.0434,-0.0337,0.0059
1636278639655,-8.0000,0.3950,4.6367,-0.0987,-0.0475,0.0612
1636278639671,-8.1641,0.3015,5.2109,-0.1050,0.0397,0.1464
1636278639675,-8.4063,-0.4285,5.6406,-0.0966,0.1663,0.1516
1636278639679,-9.1406,-0.4883,5.1680,-0.1359,0.1588,0.1570
1636278639683,-8.5859,-1.0693,4.6172,-0.1221,0.1057,-0.0367
1636278639690,-8.0156,-1.4502,4.4414,0.0460,0.2440,-0.1814
1636278639721,-8.3281,-0.9814,5.2227,0.2939,0.4036,-0.1707
1636278639726,-8.5234,-0.0646,5.9180,0.3440,0.4707,-0.1420
1636278639737,-8.5391,0.2607,5.8320,0.2141,0.3462,-0.1749
1636278639741,-8.4063,0.8403,4.2070,-0.2189,0.1844,-0.1462
1636278639754,-9.0625,0.1938,3.9727,-0.3977,0.2844,0.0495
1636278639772,-9.7891,-1.1914,4.6875,-0.4434,0.3174,0.0910
1636278639803,-9.3281,-1.9268,3.6543,-0.3550,0.0844,-0.0835
1636278639817,-7.9414,-0.9766,2.4414,-0.0912,-0.0050,-0.2632
1636278639822,-8.0703,0.0120,2.7051,0.0779,0.2769,-0.1792
1636278639826,-9.0000,-0.4883,3.9551,0.1141,0.4802,-0.0345
1636278639836,-9.5859,-1.0000,4.4531,0.0875,0.3142,-0.0547
1636278639840,-9.1094,-1.1650,3.7813,-0.0519,-0.1508,-0.0409
1636278639852,-7.5781,-1.3691,3.4063,0.0120,-0.1731,-0.0984
1636278639856,-8.8047,-1.5771,4.0742,0.1843,0.2418,0.0208
1636278639860,-10.3750,-1.1797,3.8711,0.2003,0.2524,0.0729
1636278639869,-9.4609,-0.5693,3.6289,0.1365,-0.1156,0.0218
1636278639885,-7.9375,-0.5239,4.0391,0.0524,-0.1805,-0.0803
1636278639902,-8.2109,-0.9980,4.4531,-0.0157,0.1046,-0.0643
1636278639918,-9.0625,-1.1611,5.1016,0.1183,0.2174,-0.0409
1636278639935,-8.9141,0.0263,4.9453,0.1555,0.0961,-0.0750
1636278639939,-8.6328,0.4907,4.7109,0.0226,0.0823,-0.0696
1636278639948,-9.0078,-0.3997,3.9160,-0.2125,0.1365,0.0250
1636278639968,-9.2344,-0.7300,3.3848,-0.2751,0.1057,0.0293
1636278639984,-9.0859,-0.1293,3.4785,-0.1881,0.0504,-0.0356
1636278639989,-8.8125,0.0503,3.6543,-0.2231,0.0716,-0.1334
1636278640002,-8.6953,-0.6128,3.7070,-0.3315,0.1322,-0.1835
1636278640006,-8.8828,-1.0508,4.1406,-0.3135,0.1556,-0.1516
1636278640019,-9.0625,-0.4812,4.1523,-0.3157,0.1110,-0.0771
1636278640035,-9.5313,-0.4595,4.0742,-0.3784,-0.1305,0.1229
1636278640050,-7.9570,-0.9766,4.1445,-0.3433,-0.2241,0.0303
1636278640054,-8.5547,-1.4453,3.9160,-0.3359,-0.0145,-0.0079
1636278640078,-9.1406,-1.2178,3.8535,-0.1774,-0.0795,0.0825
1636278640082,-8.4844,-1.0049,4.3086,-0.0529,-0.1486,0.0335
1636278640087,-8.2188,-0.6895,4.7031,-0.0178,-0.0699,0.0069
1636278640091,-8.4531,-0.1173,4.9102,-0.0434,0.0801,-0.1122
1636278640095,-8.8047,0.1077,4.4258,-0.1838,0.1588,-0.1814
1636278640099,-9.1797,-0.2106,4.1563,-0.2700,0.1344,-0.1090
1636278640102,-9.3203,-0.6655,3.9336,-0.3337,0.0025,-0.0282
1636278640106,-9.0313,-0.8257,3.6836,-0.2827,-0.1284,0.0431
1636278640110,-8.6953,-0.5742,3.8750,-0.2306,-0.1709,0.0335
1636278640113,-8.6250,-0.7397,4.0078,-0.2529,-0.1060,-0.0016
1636278640117,-8.5859,-0.8569,4.1484,-0.2646,-0.0262,-0.0665
1636278640121,-8.6094,-0.9048,4.2461,-0.3008,0.0408,-0.1260
1636278640124,-8.7109,-0.9502,3.9922,-0.3274,0.0652,-0.1494
1636278640129,-8.9453,-0.9502,3.7930,-0.3315,0.0397,-0.1345
1636278640133,-8.9766,-1.0098,3.7051,-0.3274,-0.0326,-0.1399
1636278640137,-8.8516,-0.9668,3.7441,-0.2976,-0.0529,-0.0643
1636278640140,-8.8359,-0.9692,4.1758,-0.2146,-0.0507,0.0144
1636278640147,-8.8828,-0.7373,4.1211,-0.2040,-0.0518,-0.0090
1636278640150,-8.7969,-0.9287,4.2969,-0.2062,-0.0550,0.0857
1636278640177,-8.7891,-1.2686,4.4180,-0.2136,-0.0784,0.0623
1636278640180,-8.6484,-0.9478,4.0234,-0.2539,-0.0784,-0.0143
1636278640184,-8.6484,-1.0625,3.9082,-0.2805,-0.0114,-0.0739
1636278640197,-8.9609,-1.3574,3.8965,-0.3030,0.0663,-0.1218
1636278640201,-8.8359,-1.2637,3.3027,-0.2998,0.0355,-0.1537
1636278640227,-8.9453,-1.7852,3.2129,-0.1498,0.0429,-0.0665
1636278640230,-8.9609,-1.5986,4.4766,-0.0210,-0.0028,-0.0101
1636278640255,-8.8750,-0.9668,3.8535,-0.0785,0.0440,-0.0973
1636278640266,-8.6875,-1.2520,4.0391,-0.0168,0.0557,-0.1399
1636278640279,-8.5156,-0.8354,3.9766,-0.0551,0.0929,-0.1377
1636278640283,-8.5625,-0.5718,4.2188,-0.1519,0.2174,-0.1782
