1635588428056,0.8447,4.4375,8.6484,-0.1479,-0.0434,-0.1246
1635588428058,0.7202,4.2305,8.8750,-0.0288,-0.0753,-0.0660
1635588428060,0.9888,4.0195,8.7344,-0.0373,-0.1072,-0.0171
1635588428115,1.0605,4.3633,8.6953,0.0074,-0.0923,-0.0235
1635588428116,0.9121,4.6172,8.8281,0.1254,-0.0880,-0.0288
1635588428117,0.8423,4.6445,8.8906,0.1840,-0.1030,-0.0352
1635588428118,0.8975,4.7773,8.9141,0.1510,-0.1136,-0.0586
1635588428119,0.9121,4.8945,8.9453,0.0839,-0.1157,-0.0937
1635588428121,0.9048,4.8477,8.9453,0.0339,-0.1168,-0.1182
1635588428148,0.9146,4.6992,8.9375,-0.0224,-0.1104,-0.1310
1635588428150,0.9312,4.5156,8.8984,-0.0671,-0.1008,-0.1384
1635588428152,0.9502,4.3828,8.8594,-0.0788,-0.0901,-0.1299
1635588428175,0.9692,4.3320,8.8906,-0.0639,-0.0817,-0.1086
1635588428176,0.9526,4.3125,8.9375,-0.0416,-0.0731,-0.0873
1635588428177,0.9668,4.3633,8.9375,-0.0139,-0.0689,-0.0607
1635588428201,0.9814,4.3828,8.9531,0.0116,-0.0646,-0.0341
1635588428204,0.9741,4.4297,8.9141,0.0286,-0.0657,-0.0129
1635588428206,0.9502,4.5625,8.9297,0.0297,-0.0646,0.0031
1635588428218,0.9404,4.5703,8.9141,0.0212,-0.0604,0.0084
1635588428220,0.9287,4.5625,8.9063,0.0063,-0.0615,0.0105
1635588428251,0.9453,4.5313,8.9141,0.0084,-0.0604,0.0127
1635588428252,0.9575,4.4531,8.9297,0.0297,-0.0583,0.0095
1635588428253,0.9766,4.5234,8.9141,0.0478,-0.0615,-0.0043
1635588428279,0.9648,4.6133,8.8984,0.0520,-0.0583,-0.0203
1635588428284,0.9551,4.6133,8.8594,0.0329,-0.0561,-0.0373
1635588428286,0.9429,4.5977,8.8438,0.0031,-0.0583,-0.0533
1635588428314,0.9478,4.6875,8.7891,-0.0139,-0.0625,-0.0618
1635588428317,0.9575,4.7500,8.7734,-0.0214,-0.0699,-0.0692
1635588428318,0.9526,4.7969,8.7891,-0.0299,-0.0742,-0.0809
1635588428339,0.9717,4.8477,8.8047,-0.0437,-0.0838,-0.0937
1635588428340,0.9600,4.8477,8.7656,-0.0746,-0.0912,-0.1097
1635588428347,0.9888,4.8359,8.7344,-0.1129,-0.0934,-0.1267
1635588428369,0.9692,4.8555,8.6875,-0.1277,-0.0944,-0.1362
1635588428371,0.9863,4.8711,8.6875,-0.1277,-0.0976,-0.1437
1635588428372,0.9956,4.7734,8.7031,-0.1193,-0.0976,-0.1490
1635588428400,1.0557,4.6914,8.6719,-0.1012,-0.0976,-0.1490
1635588428401,1.0674,4.7070,8.6641,-0.0724,-0.0944,-0.1597
1635588428403,1.0000,4.7227,8.6719,-0.0565,-0.0966,-0.1906
1635588428432,1.0391,4.8672,8.6250,-0.0692,-0.1061,-0.2267
1635588428434,1.0313,4.9141,8.5781,-0.0884,-0.1125,-0.2416
1635588428435,1.0361,4.9336,8.5313,-0.1214,-0.1210,-0.2788
1635588428460,1.1055,4.9336,8.3984,-0.1650,-0.1295,-0.3289
1635588428464,1.1318,4.9219,8.2813,-0.1895,-0.1349,-0.3809
1635588428466,1.1172,4.9414,8.1641,-0.2032,-0.1487,-0.4385
1635588428489,1.1611,4.9766,7.9883,-0.2267,-0.1604,-0.4971
1635588428492,1.1797,5.0117,7.8711,-0.2458,-0.1699,-0.5576
1635588428498,1.1777,5.0195,7.8086,-0.2747,-0.1796,-0.6182
1635588428520,1.1367,4.9727,7.6563,-0.3108,-0.1913,-0.6724
1635588428524,1.1201,5.0117,7.4766,-0.3416,-0.2125,-0.7163
1635588428526,1.1914,5.0469,7.3672,-0.3789,-0.2295,-0.7671
1635588428548,1.2207,5.0469,7.1914,-0.4128,-0.2360,-0.8291
1635588428549,1.2637,4.9883,6.9922,-0.4299,-0.2487,-0.8979
1635588428551,1.3428,4.9063,6.8867,-0.4214,-0.2571,-0.9502
1635588428580,1.2041,4.7852,6.7891,-0.3958,-0.2742,-0.9834
1635588428582,1.0742,4.6758,6.7773,-0.3970,-0.3201,-1.0156
1635588428587,1.0244,4.7031,6.7891,-0.4556,-0.3796,-1.0576
1635588428598,1.0479,4.7344,6.6992,-0.5342,-0.4380,-1.1279
1635588428600,1.1533,4.5625,6.6367,-0.5957,-0.4944,-1.2158
1635588428618,1.2998,4.4297,6.5352,-0.6514,-0.5542,-1.3057
1635588428619,1.4336,4.4766,6.3359,-0.6851,-0.6094,-1.3750
1635588428647,1.4883,4.3359,6.3164,-0.7012,-0.6616,-1.4473
1635588428649,1.9365,4.4141,6.4336,-0.7915,-0.7188,-1.4932
1635588428651,3.3086,4.8984,6.5430,-1.1025,-0.6411,-1.1875
1635588428680,1.2207,3.9805,6.2266,-1.4668,-0.4529,-0.9790
1635588428681,0.2871,3.1133,6.3438,-1.3770,-0.6084,-1.4629
1635588428683,1.1270,2.8809,6.2500,-1.1660,-0.9009,-1.7080
1635588428711,2.1484,3.0117,6.2578,-1.0820,-1.0303,-1.6807
1635588428713,2.5156,3.4141,6.1641,-1.1494,-1.0469,-1.7188
1635588428715,2.3594,3.6191,6.0117,-1.3066,-1.0752,-1.7578
1635588428738,2.2930,3.7578,5.8164,-1.5771,-1.1299,-1.8066
1635588428739,2.5449,3.8516,5.4531,-1.9160,-1.1738,-1.9570
1635588428741,2.8457,3.7266,5.0313,-2.2578,-1.2031,-2.1328
1635588428768,3.2070,3.3730,4.6523,-2.6152,-1.2285,-2.2871
1635588428770,3.4824,2.9336,4.2969,-2.9414,-1.2412,-2.4297
1635588428772,3.6934,2.4512,3.9375,-3.1895,-1.2578,-2.5723
1635588428798,3.9023,2.0039,3.6602,-3.3750,-1.2939,-2.7188
1635588428800,4.1172,1.6807,3.4512,-3.5137,-1.3506,-2.8652
1635588428802,4.4805,1.4814,3.3223,-3.6309,-1.4229,-3.0234
1635588428830,4.9453,1.3477,3.2617,-3.7559,-1.5107,-3.1934
1635588428831,5.4531,1.2617,3.1934,-3.9121,-1.6045,-3.3613
1635588428833,6.1016,1.1084,3.1738,-4.1094,-1.6982,-3.5469
1635588428860,6.8711,0.8760,3.2813,-4.3320,-1.7813,-3.7480
1635588428862,7.6953,0.5410,3.3672,-4.5664,-1.8496,-3.9512
1635588428863,8.5078,0.1029,3.3984,-4.7461,-1.8955,-4.1563
1635588428890,9.2656,-0.2512,3.4355,-4.8438,-1.9238,-4.3750
1635588428892,10.0391,-0.4788,3.6836,-4.8945,-1.9834,-4.6094
1635588428893,10.9063,-0.5122,3.9238,-4.9648,-2.0742,-4.8438
1635588428920,11.8750,-0.4858,4.1250,-5.1094,-2.1621,-5.0703
1635588428922,12.8828,-0.4644,4.2422,-5.3477,-2.2207,-5.2969
1635588428923,13.9844,-0.4883,4.2578,-5.6563,-2.2754,-5.5234
1635588428951,15.1953,-0.6846,4.0664,-5.9844,-2.3125,-5.7539
1635588428953,16.3438,-0.9600,3.5684,-6.2969,-2.3301,-5.9922
1635588428954,17.4844,-1.2520,3.0664,-6.5977,-2.3418,-6.2109
1635588428980,18.6250,-1.5059,2.5156,-6.9219,-2.3652,-6.3984
1635588428982,19.6875,-1.8242,2.0586,-7.2930,-2.3906,-6.5547
1635588428983,18.5469,-2.5586,1.6250,-7.7227,-2.3711,-6.6172
1635588429010,17.7188,-3.3027,2.0840,-8.1875,-2.7012,-6.5547
1635588429012,19.6719,-3.2832,1.6016,-8.4531,-3.4004,-6.6094
1635588429013,21.7344,-3.4609,1.3926,-8.4219,-3.7168,-6.7344
1635588429040,23.4531,-3.8867,1.3711,-8.2813,-3.6074,-6.6992
1635588429042,24.5625,-4.3398,1.4932,-7.8398,-2.3672,-5.9414
1635588429043,24.3750,-5.5586,0.9692,-7.4180,-1.3857,-5.5039
1635588429070,23.4844,-6.3242,0.4739,-6.8594,-0.4392,-5.1641
1635588429072,21.6250,-6.9180,-0.6533,-6.1523,0.4492,-4.9375
1635588429073,18.8281,-7.0430,-1.0840,-5.2969,1.1240,-4.7539
1635588429100,16.5781,-7.3438,-0.9048,-4.3320,1.3486,-4.5078
1635588429102,14.8984,-7.2578,-1.3877,-3.3828,1.2275,-4.2305
1635588429103,13.8516,-7.1484,-1.2539,-2.4688,1.0313,-3.9297
1635588429130,13.2109,-6.7969,-1.3115,-1.6709,0.7842,-3.5723
1635588429132,12.7500,-5.8906,-1.5078,-1.0254,0.5811,-3.2188
1635588429133,12.4531,-4.9883,-1.2305,-0.5361,0.4470,-2.8652
1635588429160,12.1797,-4.1289,-1.0645,-0.2756,0.3567,-2.5352
1635588429162,11.9141,-3.3438,-0.8735,-0.1884,0.3174,-2.2402
1635588429163,11.6797,-2.7637,-0.6006,-0.2905,0.2981,-1.9639
1635588429190,11.4844,-2.3477,-0.3831,-0.5981,0.2842,-1.7236
1635588429200,11.2891,-2.1035,-0.2297,-1.0264,0.2896,-1.5205
1635588429201,11.0391,-2.0508,-0.2512,-1.4990,0.3076,-1.3486
1635588429209,10.7891,-2.1816,-0.2991,-2.0117,0.3491,-1.1777
1635588429211,10.5703,-2.3887,-0.3687,-2.5488,0.4067,-1.0244
1635588429241,10.2969,-2.5703,-0.6079,-3.0371,0.4514,-0.8887
1635588429242,9.9766,-2.7402,-0.9097,-3.4551,0.4939,-0.7915
1635588429244,9.5703,-2.9160,-1.1611,-3.8203,0.5352,-0.7021
1635588429270,8.8047,-2.9512,-1.3398,-4.1133,0.5566,-0.6108
1635588429272,8.5703,-3.2773,-1.3711,-4.2930,0.4685,-0.4905
1635588429274,8.4219,-3.7363,-1.4170,-4.4141,0.4067,-0.4639
1635588429300,7.8828,-3.9336,-1.5010,-4.4414,0.3779,-0.4863
1635588429302,7.9336,-4.3398,-1.3662,-4.3281,0.2247,-0.4841
1635588429304,8.1406,-4.8398,-1.1416,-4.1406,0.1226,-0.4768
1635588429330,8.0703,-5.1367,-1.0459,-3.8691,0.0939,-0.5088
1635588429332,7.9727,-5.2188,-1.0078,-3.4746,0.1003,-0.5820
1635588429334,7.9414,-5.4102,-0.8257,-3.0020,0.0928,-0.6309
1635588429360,7.8047,-5.6055,-0.6392,-2.5508,0.0939,-0.6724
1635588429362,7.4258,-5.5938,-0.5454,-2.1016,0.0896,-0.7329
1635588429364,7.1367,-5.5820,-0.3711,-1.6064,0.0077,-0.7524
1635588429390,6.9531,-5.6875,-0.0814,-1.0859,-0.1349,-0.7246
1635588429392,6.9453,-5.8359,0.2441,-0.5713,-0.3201,-0.6831
1635588429394,7.1328,-5.9258,0.5410,-0.0692,-0.5156,-0.6406
1635588429420,7.4219,-5.9375,0.7300,0.4106,-0.6826,-0.5576
1635588429422,7.7734,-5.7344,0.8257,0.8403,-0.8198,-0.4534
1635588429424,8.0625,-5.4922,0.9121,1.2109,-0.9434,-0.3245
1635588429450,8.3203,-5.2188,1.0215,1.5117,-1.0498,-0.1820
1635588429452,8.5313,-4.9336,1.2539,1.7402,-1.1357,-0.0161
1635588429454,8.7656,-4.7227,1.5322,1.9082,-1.2158,0.1808
1635588429480,9.0313,-4.6055,1.8672,2.0430,-1.2803,0.3958
1635588429482,9.2969,-4.5742,2.1465,2.1543,-1.3330,0.6309
1635588429484,9.6250,-4.4336,2.3516,2.2383,-1.3867,0.8726
1635588429510,10.0234,-4.1602,2.4746,2.2832,-1.4355,1.1025
1635588429512,10.4375,-3.7754,2.6484,2.2949,-1.4512,1.3184
1635588429514,10.8281,-3.3516,2.7754,2.2734,-1.4229,1.5322
1635588429540,11.1328,-3.0293,2.8242,2.2305,-1.3555,1.7480
1635588429542,11.4219,-2.7676,2.8750,2.1719,-1.2793,1.9551
1635588429545,11.7266,-2.6152,2.8789,2.1094,-1.2090,2.1504
1635588429571,11.9922,-2.5059,2.8066,2.0547,-1.1328,2.3164
1635588429573,12.2500,-2.2754,2.6953,2.0195,-1.0400,2.4512
1635588429575,12.3750,-2.0410,2.5996,2.0039,-0.9224,2.5840
1635588429599,12.3516,-1.7979,2.5078,1.9854,-0.7871,2.6992
1635588429601,12.2188,-1.5557,2.3359,1.9277,-0.6646,2.7852
1635588429602,12.0000,-1.3447,2.1797,1.8271,-0.5605,2.8477
1635588429629,11.7500,-1.2441,2.0469,1.6895,-0.4849,2.8867
1635588429631,11.5000,-1.3135,1.9199,1.5439,-0.4478,2.9023
1635588429632,11.2891,-1.5059,1.7686,1.4238,-0.4402,2.8945
1635588429661,11.1328,-1.7637,1.6924,1.3662,-0.4626,2.8613
1635588429662,11.0625,-2.0215,1.8379,1.3887,-0.5020,2.8164
1635588429664,11.1016,-2.2871,2.2871,1.4834,-0.5400,2.7637
1635588429691,11.1719,-2.3828,2.5098,1.6289,-0.5669,2.7168
1635588429692,11.1875,-2.2734,2.5586,1.7861,-0.5723,2.6699
1635588429694,11.1250,-2.1055,2.5488,1.9111,-0.5488,2.6191
1635588429721,10.9844,-1.9199,2.4746,1.9531,-0.5049,2.5547
1635588429722,10.7500,-1.7090,2.2813,1.9180,-0.4487,2.4766
1635588429724,10.4531,-1.5176,2.0488,1.8135,-0.3901,2.3770
1635588429751,10.1875,-1.4355,1.8145,1.6611,-0.3486,2.2539
1635588429753,9.9688,-1.4287,1.5586,1.4805,-0.3220,2.1172
1635588429754,9.7500,-1.4717,1.3691,1.2959,-0.3071,1.9795
1635588429781,9.5469,-1.5391,1.2422,1.1318,-0.2998,1.8447
1635588429782,9.3125,-1.5439,1.1650,0.9839,-0.2922,1.7070
1635588429784,9.0547,-1.4482,1.0986,0.8447,-0.2849,1.5674
1635588429811,8.8516,-1.3760,1.0557,0.7114,-0.2795,1.4199
1635588429812,8.6953,-1.4238,1.0527,0.5850,-0.2859,1.2725
1635588429814,8.5859,-1.5059,1.1084,0.4775,-0.3115,1.1133
1635588429841,8.5313,-1.5723,1.0869,0.3723,-0.3350,0.9556
1635588429843,8.4844,-1.5586,1.0342,0.2563,-0.3433,0.8213
1635588429844,8.4141,-1.5605,0.9766,0.1488,-0.3423,0.7075
1635588429871,8.3672,-1.6709,0.8833,0.0743,-0.3455,0.5913
1635588429873,8.3516,-1.7734,0.8066,0.0318,-0.3499,0.4617
1635588429874,8.3203,-1.8984,0.7852,0.0084,-0.3550,0.3159
1635588429901,8.3984,-2.0117,0.7705,0.0052,-0.3594,0.1637
1635588429903,8.5000,-2.1074,0.7349,0.0265,-0.3572,0.0201
1635588429904,8.5313,-2.1777,0.7227,0.0574,-0.3423,-0.1097
1635588429931,8.5625,-2.2109,0.7539,0.0946,-0.3188,-0.2321
1635588429933,8.5703,-2.2344,0.7681,0.1328,-0.2922,-0.3523
1635588429934,8.5078,-2.2090,0.7852,0.1605,-0.2656,-0.4714
1635588429961,8.4297,-2.1641,0.8164,0.1776,-0.2477,-0.5811
1635588429963,8.4063,-2.1445,0.8354,0.1819,-0.2423,-0.6777
1635588429964,8.4219,-2.1055,0.8662,0.1680,-0.2477,-0.7705
1635588429997,8.4922,-2.0586,0.8950,0.1371,-0.2583,-0.8652
1635588430002,8.5859,-2.0156,0.9692,0.0882,-0.2668,-0.9556
1635588430003,8.7031,-2.0215,1.0264,0.0308,-0.2678,-1.0400
1635588430011,8.8516,-2.0469,1.1035,-0.0267,-0.2634,-1.1211
1635588430012,9.0234,-2.1348,1.1299,-0.0948,-0.2529,-1.1973
1635588430041,9.1172,-2.1602,1.1914,-0.1639,-0.2423,-1.2617
1635588430043,9.2188,-2.2227,1.2061,-0.2203,-0.2371,-1.3291
1635588430045,9.3203,-2.3184,1.1563,-0.2725,-0.2328,-1.3936
1635588430072,9.3984,-2.3379,1.1484,-0.3362,-0.2211,-1.4463
1635588430076,9.4688,-2.3926,1.2158,-0.3875,-0.2125,-1.4932
1635588430077,9.5547,-2.4863,1.2734,-0.4192,-0.2189,-1.5381
1635588430102,9.6563,-2.5801,1.3115,-0.4458,-0.2242,-1.5684
1635588430104,9.7578,-2.6855,1.3447,-0.4607,-0.2253,-1.5713
1635588430105,9.8438,-2.7500,1.4004,-0.3831,-0.2477,-1.5625
1635588430133,10.0234,-2.9102,1.5391,-0.3108,-0.2539,-1.5537
1635588430135,10.0547,-2.9727,1.5967,-0.2289,-0.2455,-1.5313
1635588430137,10.0625,-3.0020,1.6660,-0.1448,-0.2274,-1.4951
1635588430164,10.0547,-2.9492,1.6631,-0.0692,-0.2083,-1.4561
1635588430166,10.0781,-2.8984,1.5938,-0.0097,-0.1923,-1.4141
1635588430168,10.0547,-2.8125,1.5410,0.0201,-0.1656,-1.3545
1635588430180,10.0313,-2.6719,1.4668,0.0329,-0.1412,-1.2803
1635588430181,10.0156,-2.4961,1.4072,0.0446,-0.1232,-1.2148
1635588430209,10.0078,-2.3516,1.3447,0.0350,-0.1050,-1.1592
1635588430212,9.9844,-2.2813,1.2471,-0.0256,-0.0731,-1.0928
1635588430213,9.9375,-2.1992,1.1914,-0.1214,-0.0338,-1.0127
1635588430240,9.8828,-2.1992,1.1299,-0.2150,0.0013,-0.9375
1635588430242,9.8438,-2.1875,1.0908,-0.3181,0.0332,-0.8706
1635588430243,9.7813,-2.1895,1.0840,-0.4192,0.0620,-0.8003
1635588430271,9.7188,-2.2480,1.0840,-0.5000,0.0864,-0.7246
1635588430276,9.6484,-2.3477,1.0645,-0.5723,0.1109,-0.6577
1635588430279,9.5391,-2.4395,1.0625,-0.6436,0.1257,-0.5894
1635588430294,9.4531,-2.5039,1.0479,-0.7095,0.1311,-0.5342
1635588430296,9.3750,-2.5684,1.0508,-0.7769,0.1354,-0.4958
1635588430330,9.2969,-2.5625,1.0098,-0.8340,0.1385,-0.4673
1635588430332,9.2188,-2.6309,0.9814,-0.8789,0.1460,-0.4407
1635588430340,9.1250,-2.7461,0.9668,-0.9131,0.1503,-0.4087
1635588430345,9.0234,-2.9121,0.9360,-0.9131,0.1406,-0.3726
1635588430356,9.0078,-3.0801,0.8447,-0.8862,0.1205,-0.3542
1635588430362,9.0391,-3.1523,0.8521,-0.8291,0.1024,-0.3406
1635588430365,9.0469,-3.2031,0.8662,-0.7490,0.0970,-0.3203
1635588430393,9.0156,-3.2891,0.8950,-0.6499,0.0950,-0.2915
1635588430396,9.0234,-3.3418,0.8662,-0.5342,0.0843,-0.2639
1635588430405,9.0859,-3.4004,0.8208,-0.4141,0.0630,-0.2416
1635588430411,9.1875,-3.4473,0.8164,-0.2979,0.0439,-0.2161
1635588430414,9.2344,-3.4043,0.7778,-0.1788,0.0354,-0.1820
1635588430442,9.2656,-3.3125,0.7563,-0.0618,0.0375,-0.1394
1635588430446,9.2500,-3.1973,0.7441,0.0350,0.0407,-0.0884
1635588430450,9.2344,-3.0605,0.7275,0.0925,0.0385,-0.0288
1635588430474,9.2344,-2.9707,0.7036,0.1180,0.0279,0.0403
1635588430477,9.2266,-2.8535,0.6963,0.1244,0.0141,0.1234
1635588430479,9.2344,-2.7285,0.6392,0.1169,0.0035,0.2117
1635588430511,9.2344,-2.5801,0.5913,0.0946,-0.0040,0.2966
1635588430513,9.2813,-2.4746,0.5742,0.0637,-0.0221,0.3777
1635588430517,9.3828,-2.4785,0.5840,0.0222,-0.0465,0.4563
1635588430525,9.4922,-2.5605,0.5313,-0.0235,-0.0678,0.5327
1635588430527,9.6172,-2.6465,0.5215,-0.0511,-0.0817,0.6011
1635588430558,9.7031,-2.6777,0.5337,-0.0554,-0.0901,0.6519
1635588430565,9.6797,-2.7070,0.5146,-0.0405,-0.0901,0.6934
1635588430567,9.6328,-2.6563,0.5073,-0.0235,-0.0848,0.7285
1635588430574,9.5391,-2.6777,0.5576,0.0042,-0.0955,0.7583
1635588430577,9.5000,-2.6875,0.5674,0.0414,-0.1252,0.7808
1635588430606,9.4609,-2.6719,0.5527,0.0701,-0.1572,0.7988
1635588430608,9.4688,-2.6582,0.5552,0.1010,-0.1699,0.8140
1635588430610,9.4141,-2.6328,0.5981,0.1371,-0.1656,0.8330
1635588430624,9.2656,-2.6230,0.6055,0.1797,-0.1678,0.8501
1635588430626,9.1641,-2.5938,0.6055,0.2180,-0.1827,0.8530
1635588430650,9.1563,-2.5684,0.6221,0.2542,-0.2125,0.8511
1635588430652,9.1875,-2.5840,0.6460,0.2988,-0.2466,0.8501
1635588430654,9.2734,-2.6094,0.6343,0.3552,-0.2786,0.8438
1635588430681,9.3047,-2.5703,0.6128,0.4063,-0.2827,0.8423
1635588430683,9.2813,-2.4980,0.6177,0.4553,-0.2751,0.8394
1635588430685,9.2109,-2.4355,0.6245,0.4990,-0.2688,0.8296
1635588430712,9.1797,-2.3340,0.6294,0.5220,-0.2773,0.8125
1635588430715,9.2031,-2.2500,0.6460,0.5273,-0.2922,0.7935
1635588430717,9.2813,-2.2188,0.6152,0.5273,-0.3062,0.7764
1635588430742,9.3203,-2.2383,0.6055,0.5273,-0.3008,0.7607
1635588430744,9.3203,-2.2539,0.6270,0.5234,-0.2764,0.7446
1635588430746,9.2578,-2.2266,0.6245,0.5127,-0.2477,0.7222
1635588430772,9.1641,-2.1738,0.6460,0.4990,-0.2274,0.6934
1635588430774,9.1406,-2.1660,0.7300,0.4797,-0.2253,0.6597
1635588430776,9.1953,-2.1543,0.7349,0.4575,-0.2360,0.6211
1635588430802,9.2656,-2.1230,0.7202,0.4265,-0.2349,0.5820
1635588430804,9.2813,-2.0508,0.6821,0.3872,-0.2136,0.5479
1635588430806,9.2266,-2.0098,0.6533,0.3479,-0.1838,0.5146
1635588430832,9.1641,-1.9893,0.6484,0.3010,-0.1572,0.4819
1635588430834,9.1328,-2.0078,0.5938,0.2467,-0.1476,0.4446
1635588430836,9.1797,-2.0527,0.6221,0.2052,-0.1476,0.3977
1635588430862,9.2656,-2.1211,0.6104,0.1840,-0.1465,0.3467
1635588430864,9.3047,-2.1523,0.6558,0.1691,-0.1295,0.2979
1635588430866,9.2891,-2.1465,0.7251,0.1414,-0.1050,0.2510
1635588430892,9.2422,-2.0801,0.7661,0.1052,-0.0795,0.2074
1635588430894,9.1719,-2.0820,0.8164,0.0701,-0.0657,0.1691
1635588430896,9.1094,-2.1133,0.7803,0.0350,-0.0615,0.1328
1635588430922,9.0859,-2.1328,0.7300,0.0031,-0.0572,0.0967
1635588430926,9.0547,-2.1348,0.7490,-0.0182,-0.0551,0.0595
1635588430927,9.0391,-2.2129,0.7754,-0.0129,-0.0646,0.0212
1635588430953,9.0859,-2.2344,0.8066,-0.0224,-0.0678,-0.0139
1635588430954,9.1250,-2.1992,0.8403,-0.0416,-0.0561,-0.0416
1635588430956,9.1563,-2.1816,0.8687,-0.0629,-0.0465,-0.0767
1635588430983,9.2188,-2.2637,0.8662,-0.0756,-0.0370,-0.1140
1635588430984,9.2656,-2.3867,0.8784,-0.0746,-0.0316,-0.1522
1635588430986,9.2891,-2.3965,0.9189,-0.0831,-0.0210,-0.1895
1635588431013,9.3125,-2.3770,0.9385,-0.1065,-0.0082,-0.2181
1635588431014,9.2969,-2.3789,0.8687,-0.1267,0.0088,-0.2458
1635588431016,9.2422,-2.3340,0.8018,-0.1394,0.0247,-0.2756
1635588431043,9.2109,-2.2637,0.7729,-0.1799,0.0407,-0.3013
1635588431044,9.1563,-2.2773,0.7349,-0.1937,0.0566,-0.3193
1635588431046,9.1250,-2.3496,0.7251,-0.2043,0.0684,-0.3438
1635588431073,9.1328,-2.3867,0.7227,-0.2490,0.0790,-0.3713
1635588431075,9.1328,-2.4395,0.6938,-0.2712,0.0875,-0.3958
1635588431076,9.1016,-2.4707,0.6919,-0.2639,0.0960,-0.4268
1635588431103,9.0625,-2.4922,0.6606,-0.2585,0.1066,-0.4556
1635588431105,9.0234,-2.4727,0.6245,-0.2778,0.1205,-0.4822
1635588431106,8.9609,-2.4648,0.6030,-0.2778,0.1162,-0.4990
1635588431133,8.9766,-2.4727,0.6152,-0.2756,0.1077,-0.5278
1635588431135,9.0781,-2.4766,0.5288,-0.3276,0.1077,-0.5767
1635588431136,9.1406,-2.5137,0.4739,-0.3438,0.1130,-0.5957
1635588431163,9.1641,-2.5625,0.4355,-0.3555,0.1216,-0.6147
1635588431165,9.1875,-2.6055,0.4548,-0.3628,0.1311,-0.6279
1635588431167,9.2344,-2.6250,0.4331,-0.3608,0.1343,-0.6333
1635588431193,9.2734,-2.6758,0.4355,-0.3533,0.1322,-0.6382
1635588431195,9.3438,-2.6797,0.3972,-0.3577,0.1279,-0.6406
1635588431197,9.4219,-2.6035,0.3159,-0.3745,0.1268,-0.6333
1635588431223,9.5234,-2.5781,0.2800,-0.3916,0.1257,-0.6182
1635588431225,9.5547,-2.5918,0.2346,-0.4097,0.1322,-0.5928
1635588431227,9.5625,-2.6348,0.2466,-0.4258,0.1460,-0.5552
1635588431253,9.5000,-2.6641,0.2489,-0.4373,0.1545,-0.5161
1635588431255,9.4609,-2.6895,0.2561,-0.4490,0.1492,-0.4778
1635588431257,9.4688,-2.6855,0.2489,-0.4565,0.1162,-0.4458
1635588431283,9.5469,-2.6953,0.2394,-0.4587,0.0790,-0.4150
1635588431285,9.6563,-2.7305,0.2489,-0.4597,0.0630,-0.3757
1635588431287,9.6953,-2.7402,0.2394,-0.4543,0.0566,-0.3374
1635588431313,9.7031,-2.7852,0.2227,-0.4470,0.0524,-0.3076
1635588431315,9.7109,-2.8105,0.2561,-0.4321,0.0396,-0.2874
1635588431317,9.7031,-2.8496,0.2441,-0.4087,0.0247,-0.2747
1635588431344,9.6953,-2.8887,0.2250,-0.3745,0.0205,-0.2607
1635588431346,9.6172,-2.9395,0.2489,-0.3320,0.0290,-0.2469
1635588431347,9.4531,-2.9375,0.2512,-0.2810,0.0385,-0.2384
1635588431374,9.2891,-2.9160,0.3230,-0.2278,0.0439,-0.2332
1635588431376,9.1328,-2.9102,0.3662,-0.1735,0.0364,-0.2257
1635588431377,9.0234,-2.9297,0.3806,-0.1214,0.0205,-0.2203
1635588431404,8.9453,-2.8984,0.3711,-0.0724,0.0045,-0.2150
1635588431406,8.8750,-2.8281,0.3831,-0.0352,-0.0072,-0.2075
1635588431407,8.8047,-2.8027,0.3972,0.0010,-0.0146,-0.2001
1635588431434,8.7266,-2.7813,0.3638,0.0297,-0.0189,-0.1926
1635588431436,8.6641,-2.7832,0.3687,0.0520,-0.0274,-0.1884
1635588431437,8.7031,-2.8105,0.3159,0.0797,-0.0423,-0.1863
1635588431464,8.7422,-2.8320,0.3135,0.1074,-0.0583,-0.1842
1635588431466,8.7656,-2.8496,0.3230,0.1445,-0.0668,-0.1820
1635588431467,8.8125,-2.8945,0.2800,0.1840,-0.0742,-0.1842
1635588431494,8.8672,-2.8789,0.2727,0.2126,-0.0806,-0.1895
1635588431496,8.9063,-2.8477,0.2561,0.2340,-0.0944,-0.1948
1635588431497,8.9922,-2.8672,0.2202,0.2510,-0.1136,-0.2012
1635588431524,9.1016,-2.9160,0.1891,0.2700,-0.1327,-0.1991
1635588431526,9.2266,-2.9590,0.1508,0.2998,-0.1487,-0.1948
1635588431528,9.3281,-3.0137,0.0622,0.3362,-0.1604,-0.1969
1635588431554,9.3984,-3.0781,0.0479,0.3787,-0.1615,-0.1958
1635588431558,9.4922,-3.0938,0.0598,0.4255,-0.1625,-0.1874
1635588431560,9.5625,-3.1211,0.0431,0.4744,-0.1742,-0.1799
1635588431585,9.7266,-3.1016,0.1866,0.5210,-0.1956,-0.1725
1635588431587,9.9453,-3.1680,0.2871,0.5796,-0.2220,-0.1459
1635588431591,10.1563,-3.3418,0.3423,0.6465,-0.2423,-0.0873
1635588431612,10.3047,-3.3789,0.3494,0.6841,-0.2455,-0.0192
1635588431616,10.3203,-3.1992,0.3613,0.7041,-0.2200,0.0563
1635588431631,10.1797,-3.0430,0.4211,0.7466,-0.1827,0.1456
1635588431642,9.9453,-2.9902,0.5024,0.7905,-0.1636,0.2563
1635588431645,9.7109,-2.9219,0.5479,0.8052,-0.1656,0.3777
1635588431647,9.6094,-2.7695,0.5410,0.7998,-0.1891,0.4937
1635588431672,9.5781,-2.6445,0.5957,0.8105,-0.2104,0.6050
1635588431675,9.5234,-2.5723,0.6680,0.8159,-0.2114,0.7192
1635588431677,9.4453,-2.5195,0.7202,0.7969,-0.1965,0.8232
1635588431703,9.4063,-2.4453,0.7490,0.7637,-0.1891,0.9243
1635588431706,9.3984,-2.3809,0.7300,0.7275,-0.1923,1.0156
1635588431710,9.4453,-2.3379,0.6895,0.6880,-0.1987,1.0869
1635588431733,9.5156,-2.3086,0.6367,0.6733,-0.1880,1.1426
1635588431737,9.4453,-2.3047,0.6318,0.7319,-0.1349,1.1924
1635588431740,9.3672,-2.1875,0.7085,0.7129,-0.1030,1.1963
1635588431763,9.2969,-1.9814,0.7588,0.6030,-0.1210,1.2002
1635588431767,9.3281,-1.9219,0.6631,0.4937,-0.1189,1.1914
1635588431770,9.2969,-2.0801,0.6436,0.4329,-0.0572,1.1709
1635588431793,9.2266,-2.2031,0.6177,0.3669,0.0109,1.1279
1635588431797,9.1484,-2.1895,0.5693,0.2988,0.0364,1.0703
1635588431800,9.1094,-2.1426,0.5625,0.2712,0.0332,1.0186
1635588431823,9.1484,-2.1523,0.5195,0.2690,0.0300,0.9673
1635588431827,9.2656,-2.1641,0.4595,0.2563,0.0269,0.9072
1635588431830,9.3828,-2.0898,0.4211,0.2212,0.0343,0.8374
1635588431853,9.4766,-2.0293,0.3972,0.1786,0.0588,0.7764
1635588431857,9.4609,-2.0254,0.3279,0.1318,0.1035,0.7310
1635588431860,9.3594,-2.0801,0.3230,0.0935,0.1406,0.6895
1635588431884,9.2891,-2.1289,0.2656,0.0637,0.1503,0.6338
1635588431887,9.2813,-2.1582,0.2155,0.0457,0.1375,0.5732
1635588431890,9.3203,-2.1523,0.2010,0.0414,0.1205,0.5210
1635588431914,9.3672,-2.1484,0.1986,0.0339,0.1183,0.4744
1635588431917,9.3750,-2.1035,0.1771,0.0201,0.1257,0.4341
1635588431920,9.3281,-2.0547,0.2010,-0.0118,0.1375,0.3945
1635588431944,9.2734,-2.0215,0.2035,-0.0554,0.1417,0.3530
1635588431947,9.1953,-2.0371,0.1268,-0.0948,0.1375,0.3127
1635588431950,9.1406,-2.0586,0.1101,-0.1299,0.1332,0.2776
1635588431974,9.0859,-2.0898,0.0958,-0.1479,0.1237,0.2404
1635588431977,9.0313,-2.1367,0.1197,-0.1565,0.1120,0.1946
1635588431980,9.0078,-2.1699,0.1412,-0.1586,0.1013,0.1467
1635588432004,8.9531,-2.2031,0.1221,-0.1490,0.0864,0.1052
1635588432007,8.9297,-2.2598,0.1316,-0.1351,0.0673,0.0680
1635588432010,8.9375,-2.2617,0.1293,-0.1182,0.0513,0.0212
1635588432034,8.9141,-2.2520,0.1173,-0.0969,0.0343,-0.0384
1635588432037,8.9219,-2.2441,0.1460,-0.0905,0.0237,-0.0991
1635588432040,8.8984,-2.2188,0.1675,-0.1203,0.0141,-0.2043
1635588432064,8.9219,-2.2383,0.1747,-0.1320,0.0077,-0.2576
1635588432068,8.9375,-2.2520,0.1915,-0.1459,-0.0008,-0.3149
1635588432071,8.9844,-2.2617,0.2297,-0.1682,-0.0168,-0.3735
1635588432094,9.0703,-2.2520,0.1604,-0.1980,-0.0338,-0.4277
1635588432098,9.1797,-2.2715,0.2106,-0.2224,-0.0391,-0.4800
1635588432101,9.2344,-2.3281,0.2681,-0.2469,-0.0338,-0.5332
1635588432124,9.2500,-2.4102,0.2656,-0.2712,-0.0221,-0.5776
1635588432128,9.2734,-2.4297,0.2920,-0.2937,-0.0200,-0.6138
1635588432131,9.3672,-2.4609,0.2632,-0.2991,-0.0380,-0.6616
1635588432154,9.5313,-2.5625,0.2512,-0.2896,-0.0625,-0.7148
1635588432158,9.6797,-2.6191,0.3279,-0.2810,-0.0689,-0.7563
1635588432161,9.7578,-2.6250,0.3374,-0.2766,-0.0583,-0.7876
1635588432185,9.7578,-2.6406,0.4092,-0.2639,-0.0370,-0.8184
1635588432188,9.7422,-2.6855,0.5215,-0.2512,-0.0200,-0.8364
1635588432191,9.6797,-2.6738,0.4788,-0.2661,-0.0029,-0.8481
1635588432215,9.6094,-2.6973,0.4619,-0.2639,0.0088,-0.8555
1635588432218,9.5469,-2.7500,0.5215,-0.2406,0.0183,-0.8491
1635588432221,9.5000,-2.7715,0.5435,-0.2267,0.0215,-0.8428
1635588432245,9.4609,-2.7324,0.5791,-0.2214,0.0173,-0.8311
1635588432248,9.4453,-2.6973,0.5693,-0.2107,0.0183,-0.8096
1635588432251,9.4141,-2.6895,0.5767,-0.2001,0.0215,-0.7876
1635588432275,9.4531,-2.6680,0.5791,-0.2032,0.0290,-0.7598
1635588432278,9.5156,-2.6875,0.5742,-0.2172,0.0417,-0.7256
1635588432281,9.5156,-2.6875,0.5693,-0.2278,0.0598,-0.6797
1635588432305,9.4453,-2.7285,0.5215,-0.2321,0.0875,-0.6265
1635588432308,9.3828,-2.7051,0.5454,-0.2373,0.1120,-0.5767
1635588432311,9.2734,-2.6211,0.5288,-0.2554,0.1205,-0.5288
1635588432335,9.2344,-2.5313,0.4834,-0.2861,0.1183,-0.4778
1635588432338,9.2188,-2.4551,0.5171,-0.3320,0.1183,-0.4141
1635588432341,9.2422,-2.4648,0.5552,-0.3958,0.1257,-0.3523
1635588432365,9.2813,-2.4570,0.5000,-0.4692,0.1354,-0.2991
1635588432368,9.2656,-2.5059,0.4524,-0.5269,0.1492,-0.2458
1635588432371,9.2578,-2.5527,0.4763,-0.5684,0.1641,-0.1969
1635588432395,9.2266,-2.5840,0.4429,-0.6118,0.1683,-0.1565
1635588432398,9.1797,-2.6152,0.4070,-0.6445,0.1705,-0.1224
1635588432402,9.1875,-2.6543,0.4404,-0.6563,0.1737,-0.0927
1635588432424,9.1875,-2.7109,0.3926,-0.6577,0.1769,-0.0618
1635588432426,9.1797,-2.7324,0.3350,-0.6436,0.1747,-0.0341
1635588432428,9.1641,-2.7480,0.3230,-0.6074,0.1694,-0.0192
1635588432454,9.1797,-2.7402,0.3374,-0.5684,0.1631,-0.0171
1635588432457,9.2188,-2.7480,0.3469,-0.5415,0.1652,-0.0118
1635588432459,9.2109,-2.7695,0.3950,-0.5088,0.1641,-0.0033
1635588432484,9.2109,-2.7930,0.3950,-0.4629,0.1588,0.0010
1635588432487,9.1953,-2.7813,0.3328,-0.4182,0.1577,0.0042
1635588432489,9.1563,-2.7578,0.3901,-0.3843,0.1620,0.0095
1635588432516,9.1094,-2.6953,0.3901,-0.3726,0.1652,0.0127
1635588432521,9.0938,-2.6328,0.3997,-0.3691,0.1609,0.0169
1635588432525,9.0703,-2.6094,0.4285,-0.3726,0.1503,0.0159
1635588432539,9.0859,-2.5684,0.5146,-0.3853,0.1439,0.0265
1635588432547,9.0703,-2.5410,0.4954,-0.4011,0.1471,0.0489
1635588432557,9.0078,-2.5723,0.4236,-0.4097,0.1555,0.0743
1635588432562,9.0156,-2.6191,0.4189,-0.4150,0.1555,0.0903
1635588432587,9.0625,-2.6680,0.4404,-0.4246,0.1343,0.0967
1635588432591,9.1719,-2.6426,0.3733,-0.4353,0.1120,0.1063
1635588432594,9.2500,-2.6309,0.3997,-0.4353,0.1099,0.1254
1635588432606,9.2969,-2.6348,0.4692,-0.4258,0.1300,0.1456
1635588432610,9.2656,-2.6641,0.5171,-0.4246,0.1481,0.1605
1635588432636,9.2422,-2.6836,0.4668,-0.4277,0.1449,0.1702
1635588432640,9.2266,-2.6680,0.4595,-0.4341,0.1365,0.1808
1635588432659,9.2422,-2.6348,0.4812,-0.4353,0.1216,0.1935
1635588432663,9.2813,-2.6191,0.4668,-0.4321,0.1077,0.2117
1635588432667,9.3125,-2.6680,0.4380,-0.4192,0.0981,0.2318
1635588432676,9.3906,-2.7324,0.4211,-0.3948,0.0928,0.2393
1635588432680,9.4844,-2.7637,0.4070,-0.3682,0.0864,0.2383
1635588432706,9.6094,-2.7480,0.3901,-0.3352,0.0726,0.2457
1635588432725,9.7344,-2.7539,0.4021,-0.2927,0.0577,0.2563
1635588432741,9.8672,-2.7324,0.4404,-0.2458,0.0524,0.2649
1635588432746,9.9688,-2.6973,0.4380,-0.2140,0.0577,0.2754
1635588432749,10.0313,-2.6328,0.4092,-0.2001,0.0694,0.2893
1635588432752,10.0547,-2.5234,0.4021,-0.2118,0.0875,0.3074
1635588432756,10.0391,-2.4453,0.4644,-0.2438,0.1024,0.3286
1635588432772,9.9922,-2.3984,0.5049,-0.2905,0.1141,0.3542
1635588432790,9.9531,-2.3691,0.4619,-0.3479,0.1237,0.3818
1635588432805,9.9141,-2.4004,0.4788,-0.4043,0.1332,0.4138
1635588432808,9.8359,-2.4355,0.5000,-0.4512,0.1428,0.4490
1635588432813,9.7578,-2.4258,0.5049,-0.4778,0.1449,0.4807
1635588432817,9.6797,-2.4355,0.5195,-0.4895,0.1417,0.5054
1635588432827,9.5938,-2.4141,0.5674,-0.4971,0.1417,0.5317
1635588432830,9.5078,-2.3906,0.5742,-0.4990,0.1417,0.5571
1635588432857,9.4297,-2.3887,0.5864,-0.4895,0.1417,0.5820
1635588432872,9.3672,-2.4238,0.6079,-0.4673,0.1406,0.5923
1635588432876,9.2969,-2.4395,0.6699,-0.4417,0.1365,0.5957
1635588432880,9.2578,-2.3828,0.6416,-0.4141,0.1385,0.5859
1635588432889,9.1563,-2.3340,0.6152,-0.3777,0.1385,0.5894
1635588432897,9.0547,-2.2734,0.6343,-0.3533,0.1354,0.5806
1635588432900,8.9922,-2.2832,0.6606,-0.3438,0.1417,0.5571
1635588432927,8.9063,-2.2930,0.6606,-0.3108,0.1492,0.4788
1635588432931,8.8516,-2.2832,0.6748,-0.3108,0.1492,0.4788
1635588432938,8.6406,-2.3164,0.7036,-0.2512,0.1683,0.3945
1635588432947,8.5703,-2.2852,0.7134,-0.2310,0.1641,0.3276
1635588432951,8.5469,-2.1875,0.7134,-0.2278,0.1534,0.2520
1635588432977,8.5469,-2.1602,0.7061,-0.2373,0.1492,0.1860
1635588432981,8.5859,-2.1758,0.6919,-0.2427,0.1566,0.1265
1635588432984,8.6250,-2.2500,0.6221,-0.2448,0.1672,0.0637
1635588432997,8.6719,-2.3184,0.5503,-0.2352,0.1663,-0.0107
1635588433001,8.7734,-2.3574,0.5195,-0.2224,0.1683,-0.0905
1635588433028,8.9141,-2.4238,0.5288,-0.2043,0.1641,-0.1650
1635588433031,9.0156,-2.4355,0.5361,-0.1809,0.1598,-0.2299
1635588433034,9.1094,-2.4121,0.5098,-0.1543,0.1652,-0.2874
1635588433048,9.1719,-2.3887,0.4619,-0.1331,0.1769,-0.3416
1635588433051,9.2031,-2.3984,0.4429,-0.1299,0.1821,-0.3894
1635588433078,9.2578,-2.4121,0.3926,-0.1384,0.1790,-0.4341
1635588433081,9.3359,-2.4336,0.3711,-0.1459,0.1737,-0.4756
1635588433085,9.4141,-2.4648,0.3733,-0.1501,0.1747,-0.5054
1635588433098,9.4766,-2.4551,0.3806,-0.1692,0.1769,-0.5234
1635588433101,9.5469,-2.4258,0.3733,-0.1926,0.1832,-0.5371
1635588433128,9.5625,-2.4102,0.3518,-0.2161,0.1960,-0.5459
1635588433131,9.5547,-2.4023,0.3230,-0.2480,0.2087,-0.5513
1635588433135,9.5625,-2.3828,0.2705,-0.2969,0.2227,-0.5552
1635588433148,9.5313,-2.3770,0.2896,-0.3428,0.2365,-0.5532
1635588433151,9.4844,-2.3984,0.2537,-0.3821,0.2512,-0.5425
1635588433178,9.3828,-2.4102,0.2178,-0.4224,0.2693,-0.5269
1635588433181,9.2969,-2.4258,0.2489,-0.4597,0.2832,-0.5127
1635588433185,9.2813,-2.4355,0.2776,-0.5000,0.2876,-0.5010
1635588433198,9.2578,-2.4355,0.2969,-0.5488,0.2864,-0.4854
1635588433202,9.2578,-2.3984,0.2871,-0.6030,0.2886,-0.4629
1635588433228,9.2109,-2.3789,0.2705,-0.6641,0.3013,-0.4373
1635588433232,9.1484,-2.3965,0.2607,-0.7246,0.3225,-0.4150
1635588433235,9.0859,-2.4082,0.2489,-0.7905,0.3364,-0.3926
1635588433248,9.0156,-2.4648,0.2155,-0.8501,0.3406,-0.3726
1635588433267,8.9766,-2.5254,0.2274,-0.8979,0.3374,-0.3523
1635588433271,8.9453,-2.5742,0.2155,-0.9302,0.3279,-0.3311
1635588433275,8.9297,-2.6152,0.1891,-0.9438,0.3174,-0.3096
1635588433298,8.9375,-2.6348,0.1652,-0.9419,0.3076,-0.2883
1635588433314,8.9375,-2.6348,0.1747,-0.9302,0.2971,-0.2671
1635588433318,8.9375,-2.6016,0.1077,-0.9238,0.2864,-0.2522
1635588433322,8.9844,-2.6035,0.0694,-0.9258,0.2683,-0.2438
1635588433325,9.0703,-2.6523,0.0814,-0.9277,0.2461,-0.2352
1635588433338,9.1797,-2.6836,0.0790,-0.9277,0.2311,-0.2246
1635588433342,9.2344,-2.7402,0.1101,-0.9160,0.2236,-0.2140
1635588433368,9.2578,-2.8340,0.1532,-0.8926,0.2216,-0.2054
1635588433372,9.1953,-2.8535,0.2083,-0.8618,0.2184,-0.1969
1635588433375,9.1641,-2.8262,0.2155,-0.8267,0.1938,-0.1917
1635588433389,9.1875,-2.7598,0.2058,-0.7915,0.1577,-0.1895
1635588433392,9.2109,-2.7578,0.2202,-0.7642,0.1311,-0.1852
1635588433419,9.2422,-2.7578,0.2969,-0.7510,0.1226,-0.1725
1635588433422,9.2344,-2.7637,0.3950,-0.7437,0.1237,-0.1597
1635588433425,9.2656,-2.7891,0.4668,-0.7437,0.1077,-0.1543
1635588433439,9.3906,-2.7793,0.4165,-0.7446,0.0758,-0.1554
1635588433442,9.5469,-2.7852,0.3806,-0.7471,0.0513,-0.1543
1635588433469,9.6172,-2.7852,0.3926,-0.7490,0.0577,-0.1384
1635588433472,9.6016,-2.7949,0.4045,-0.7407,0.0822,-0.1203
1635588433480,9.5391,-2.8574,0.4739,-0.7202,0.0981,-0.1118
1635588433489,9.4219,-2.9238,0.6270,-0.7046,0.0960,-0.1044
1635588433492,9.3672,-2.8906,0.8472,-0.7109,0.0854,-0.0937
1635588433519,9.3984,-2.6270,1.0215,-0.8105,0.1056,-0.0969
1635588433522,9.4063,-2.3613,1.0293,-0.9556,0.1864,-0.0852
1635588433530,9.3438,-2.3613,1.2129,-1.0732,0.2120,-0.0214
1635588433539,9.2813,-2.4961,1.2637,-1.2070,0.2024,0.0531
1635588433542,9.2656,-2.6211,1.2568,-1.3398,0.2512,0.0967
1635588433569,9.1719,-2.8145,1.4482,-1.4131,0.3003,0.1339
1635588433579,9.0781,-3.0605,1.5146,-1.4219,0.3342,0.1605
1635588433582,8.9375,-3.2793,1.3711,-1.3516,0.3481,0.1903
1635588433597,8.7109,-3.5352,1.3760,-1.2070,0.3374,0.2212
1635588433600,8.5313,-3.7188,1.4268,-1.0332,0.3025,0.2318
1635588433609,8.4453,-3.8301,1.4482,-0.8330,0.2311,0.2318
1635588433612,8.5313,-3.9512,1.6611,-0.6030,0.1620,0.2383
1635588433639,8.6641,-3.9492,1.8691,-0.4001,0.1268,0.2573
1635588433642,8.8359,-3.8242,1.7930,-0.2554,0.1035,0.2957
1635588433646,8.9688,-3.7480,1.5889,-0.2012,0.0917,0.3628
1635588433659,9.0625,-3.7324,1.5488,-0.2810,0.1099,0.4436
1635588433662,9.1875,-3.7715,1.4121,-0.5479,0.0886,0.5479
1635588433689,9.4531,-3.9688,1.1367,-0.8472,0.0950,0.6914
1635588433692,9.7500,-4.3359,0.9189,-1.0996,0.2078,0.8540
1635588433696,9.9766,-4.8203,0.8140,-1.3613,0.2778,1.0430
1635588433709,10.1406,-5.3594,0.4858,-1.6045,0.2854,1.2500
1635588433712,10.2188,-5.8672,0.0622,-1.7744,0.2927,1.4619
1635588433739,10.2031,-6.3711,-0.2394,-1.8350,0.3140,1.6846
1635588433742,10.1406,-6.8555,-0.3926,-1.8467,0.3279,1.9004
1635588433759,9.9297,-7.1172,-0.4404,-1.8340,0.3098,2.0879
1635588433764,9.0625,-6.9180,-0.5098,-1.7754,0.2588,2.2559
1635588433767,7.3984,-6.3477,-0.6006,-1.6191,0.0833,2.4180
1635588433779,7.9258,-6.9883,-0.3567,-1.4561,-0.4541,2.6797
1635588433792,8.4922,-7.8242,-0.5024,-1.5127,-0.6836,3.0488
1635588433799,8.8750,-8.3203,-1.2920,-1.6123,-0.6987,3.1934
1635588433802,9.3438,-8.6094,-1.5391,-1.5088,-0.5317,3.0977
1635588433829,9.5938,-8.9219,-1.4453,-1.2920,-0.3201,3.0195
1635588433842,9.0625,-8.7734,-1.6084,-1.1270,-0.0795,2.9199
1635588433845,7.9609,-8.0391,-1.7070,-0.9800,0.0864,2.7813
1635588433850,7.0234,-7.4102,-1.6279,-0.8247,0.0641,2.7813
1635588433858,6.4258,-7.1445,-1.6035,-0.7095,-0.0976,2.8965
1635588433869,6.2656,-7.1680,-1.6992,-0.6694,-0.3252,2.9902
1635588433872,6.3906,-7.3750,-1.8262,-0.6733,-0.5190,3.0078
1635588433899,6.5195,-7.5625,-1.8643,-0.6904,-0.6221,2.9844
1635588433902,6.4492,-7.6172,-1.9795,-0.6821,-0.6338,2.9570
1635588433906,6.2383,-7.6172,-2.0859,-0.6309,-0.6104,2.9121
1635588433919,5.8906,-7.5508,-2.0586,-0.5278,-0.6421,2.7676
1635588433922,5.5078,-7.4570,-1.9844,-0.5278,-0.6421,2.7676
1635588433949,4.9805,-7.4453,-2.0195,-0.4534,-0.7925,2.6563
1635588433952,4.9805,-7.4453,-2.0195,-0.4011,-0.8774,2.5996
1635588433956,4.7266,-7.6211,-2.0996,-0.3225,-0.9468,2.5332
1635588433969,4.5547,-7.7539,-2.1641,-0.2065,-0.9893,2.4551
1635588433972,4.3086,-7.8906,-2.1699,-0.1012,-1.0088,2.3750
1635588433999,3.9824,-8.0078,-2.1270,-0.0352,-1.0322,2.2969
1635588434002,3.8438,-8.2109,-2.0957,-0.0118,-1.1064,2.2266
1635588434006,3.7012,-8.2344,-2.1055,-0.0139,-1.1719,2.1719
1635588434019,3.5664,-8.2500,-2.0488,-0.0065,-1.2109,2.1191
1635588434022,3.3359,-8.3984,-2.0605,-0.0086,-1.2031,2.0605
1635588434049,3.0254,-8.5859,-2.3027,-0.0469,-1.1553,1.9961
1635588434052,2.6895,-8.9219,-2.7227,-0.1086,-1.0889,1.9238
1635588434056,2.3691,-9.3281,-2.9531,-0.2289,-1.0508,1.8359
1635588434069,2.0996,-9.4922,-3.0430,-0.4321,-1.0508,1.7725
1635588434072,1.7568,-9.2578,-3.2168,-0.6011,-1.0723,1.7227
1635588434099,1.4219,-9.7734,-3.2285,-0.6470,-1.0957,1.6797
1635588434102,1.0938,-10.4531,-3.4102,-0.6821,-1.0791,1.6172
1635588434106,0.7324,-10.6875,-3.7852,-0.6777,-1.0771,1.5713
1635588434119,0.3254,-11.0078,-3.7402,-0.5244,-1.1279,1.5693
1635588434122,-0.0766,-11.7109,-3.2715,-0.3044,-1.2559,1.5811
1635588434149,-0.3350,-12.2656,-3.1426,-0.1012,-1.4307,1.6045
1635588434152,-0.5024,-12.4219,-3.3086,0.1339,-1.6006,1.7041
1635588434156,-0.5718,-12.1563,-3.4375,0.3796,-1.7393,1.8936
1635588434169,-0.5435,-11.6406,-3.4063,0.5532,-1.8535,2.0488
1635588434187,-0.4500,-11.0234,-3.2363,0.6563,-1.9570,2.1074
1635588434192,-0.2825,-10.4844,-3.1035,0.7373,-2.0293,2.1328
1635588434195,-0.1555,-10.1172,-2.9238,0.8179,-2.0742,2.1855
1635588434219,-0.0431,-9.9375,-2.6836,0.9180,-2.1055,2.2598
1635588434222,0.1101,-9.8828,-2.4727,1.0479,-2.1367,2.3398
1635588434226,0.3567,-9.7500,-2.4141,1.2188,-2.1543,2.4121
1635588434239,0.6919,-9.5703,-2.5000,1.4043,-2.1309,2.4824
1635588434242,1.1436,-9.2578,-2.4766,1.5244,-2.0801,2.5234
1635588434276,1.6465,-8.7500,-2.4023,1.5459,-2.0176,2.5410
1635588434286,2.2227,-8.1719,-2.3887,1.4512,-1.9375,2.5488
1635588434289,2.7598,-7.6445,-2.2344,1.2510,-1.8086,2.5488
1635588434294,3.2148,-7.1992,-2.0059,0.9702,-1.6182,2.5410
1635588434297,3.5391,-6.8945,-1.9316,0.6445,-1.3652,2.5098
1635588434308,3.6816,-6.7461,-1.7373,0.3074,-1.0918,2.4473
1635588434314,3.5918,-6.7734,-1.4980,-0.0235,-0.8340,2.3594
1635588434339,3.3789,-6.9922,-1.1748,-0.3127,-0.6211,2.2617
1635588434342,3.0801,-7.3438,-0.7515,-0.5459,-0.4722,2.1816
1635588434345,2.8379,-7.6055,-0.5239,-0.7163,-0.3955,2.1172
1635588434369,2.6973,-7.6875,-0.3662,-0.7861,-0.3699,2.0391
1635588434384,2.5820,-7.7148,-0.0909,-0.7490,-0.3550,1.9434
1635588434388,2.4238,-7.7461,0.1819,-0.6597,-0.3359,1.8477
1635588434392,2.1855,-7.7656,0.3350,-0.5820,-0.3167,1.7510
1635588434401,1.9336,-7.7305,0.4500,-0.5088,-0.3115,1.6475
1635588434409,1.5986,-7.7617,0.5049,-0.4065,-0.3350,1.5332
1635588434412,1.2900,-7.8711,0.6724,-0.2788,-0.3743,1.4141
1635588434439,0.9336,-7.8516,0.8950,-0.1565,-0.3997,1.2881
1635588434442,0.4116,-7.6602,0.9741,-0.0129,-0.4019,1.1396
1635588434446,-0.1053,-7.5352,0.9790,0.1542,-0.3816,0.9702
1635588434459,-0.6006,-7.4805,1.0674,0.2700,-0.3530,0.8032
1635588434462,-1.1006,-7.2734,1.1533,0.3245,-0.3252,0.6519
1635588434489,-1.5674,-7.0195,1.2422,0.4106,-0.2805,0.5010
1635588434499,-2.0859,-6.9258,1.1514,0.5571,-0.1689,0.3362
1635588434503,-2.6582,-6.8203,0.9502,0.6914,0.0152,0.1616
1635588434509,-3.2793,-6.6484,0.6270,0.7544,0.2344,-0.0150
1635588434512,-3.8848,-6.3555,0.2035,0.7466,0.4438,-0.2012
1635588434539,-4.3945,-6.0391,-0.2656,0.6987,0.6226,-0.3853
1635588434542,-4.3828,-5.7930,-0.6460,0.5977,0.7598,-0.5503
1635588434546,-4.0508,-5.7266,-1.0244,0.4446,0.9492,-0.7056
1635588434559,-4.4531,-5.9297,-1.2227,0.2659,1.3037,-0.9639
1635588434562,-4.8242,-6.1367,-1.3096,0.0584,1.5371,-1.1992
1635588434596,-5.2422,-6.4258,-1.4219,-0.0948,1.7119,-1.3076
1635588434600,-5.7383,-6.6953,-1.5342,-0.1650,1.7539,-1.3516
1635588434604,-6.1328,-6.9766,-1.5869,-0.1511,1.6904,-1.3613
1635588434608,-6.4063,-7.1172,-1.6348,-0.1394,1.5391,-1.3018
1635588434612,-6.5117,-6.9766,-1.7568,-0.1692,1.3506,-1.1807
1635588434639,-6.2188,-6.6211,-1.8477,-0.2406,1.1152,-1.0371
1635588434643,-5.4961,-6.1914,-1.9033,-0.3096,0.8652,-0.9438
1635588434646,-4.6992,-5.8633,-1.7617,-0.3298,0.7144,-0.9780
1635588434659,-4.0508,-5.6484,-1.4648,-0.3108,0.7012,-1.0859
1635588434663,-3.7363,-5.6875,-1.2324,-0.2310,0.8408,-1.1846
1635588434689,-3.6699,-5.9727,-1.5010,-0.1224,1.0654,-1.2441
1635588434692,-3.7344,-6.3906,-2.1152,-0.0756,1.2832,-1.2656
1635588434696,-3.9668,-6.5547,-2.5313,-0.2023,1.3828,-1.2803
1635588434709,-4.1094,-6.2188,-2.6738,-0.4309,1.2998,-1.3135
1635588434712,-3.9941,-5.8008,-2.8027,-0.6045,1.1006,-1.3535
1635588434747,-3.5664,-5.7930,-2.8984,-0.6948,0.9185,-1.3906
1635588434750,-3.0996,-6.1875,-2.8027,-0.7373,0.7993,-1.4512
1635588434753,-2.7383,-6.7070,-2.5000,-0.6938,0.7363,-1.5332
1635588434758,-2.4453,-7.3008,-2.3770,-0.5020,0.7407,-1.5957
1635588434761,-2.2344,-7.8555,-2.3965,-0.1958,0.8022,-1.6143
1635588434789,-2.0898,-8.0703,-2.4453,0.1063,0.8662,-1.6250
1635588434793,-1.9512,-7.8047,-2.7461,0.3479,0.8984,-1.6641
1635588434796,-1.8359,-7.5117,-3.0762,0.4690,0.9121,-1.7207
1635588434809,-1.7783,-7.1133,-3.0137,0.3445,0.9004,-1.7881
1635588434813,-1.7422,-6.6328,-3.0078,0.0457,0.8472,-1.8906
1635588434839,-1.5029,-6.7148,-3.3477,-0.1969,0.7749,-2.0195
1635588434843,-1.1797,-7.5859,-3.5215,-0.3745,0.7173,-2.1250
1635588434846,-0.8784,-8.6797,-3.3203,-0.5713,0.6470,-2.2246
1635588434859,-0.5313,-9.3984,-3.1602,-0.6680,0.5737,-2.3438
1635588434863,-0.1412,-9.8984,-3.2656,-0.5308,0.5566,-2.4141
1635588434889,0.1794,-10.2656,-3.4043,-0.2788,0.5938,-2.4316
1635588434893,0.4092,-10.2422,-3.4746,-0.1671,0.6079,-2.4727
1635588434896,0.5767,-9.7422,-3.5801,-0.2416,0.5894,-2.5566
1635588434909,0.7441,-9.2969,-3.8223,-0.4512,0.5405,-2.6328
1635588434913,0.9717,-9.2500,-3.8730,-0.7085,0.4270,-2.6992
1635588434939,1.2734,-9.4766,-3.6523,-0.8916,0.2661,-2.7871
1635588434943,1.5752,-9.8906,-3.3867,-0.8872,0.1641,-2.8750
1635588434959,1.8906,-10.4688,-3.2383,-0.6587,0.1354,-2.8926
1635588434964,2.1348,-10.9609,-3.1445,-0.2915,0.1120,-2.8633
1635588434976,2.3477,-11.1641,-3.1035,0.0946,0.0566,-2.8281
1635588434980,2.5410,-10.8906,-2.9551,0.3733,0.0120,-2.7793
1635588434992,2.6191,-10.1484,-2.5625,0.3489,-0.0487,-2.7051
1635588434999,2.7363,-9.0234,-2.1289,0.0244,-0.1572,-2.6348
1635588435008,3.0156,-8.1328,-2.0898,-0.2778,-0.2922,-2.6113
1635588435019,3.4648,-8.0313,-1.9844,-0.3745,-0.3699,-2.6094
1635588435023,3.8496,-8.6953,-1.7637,-0.3511,-0.3381,-2.5840
1635588435049,4.0039,-9.5234,-1.6445,-0.2065,-0.2114,-2.5215
1635588435053,4.0508,-10.2031,-1.7070,0.1191,-0.0859,-2.4180
1635588435056,4.0742,-10.6250,-1.6543,0.5308,-0.0104,-2.2695
1635588435069,4.1406,-10.2500,-1.3447,0.8438,0.0077,-2.1289
1635588435073,4.2422,-9.0234,-1.0605,1.0664,-0.0082,-2.0469
1635588435099,4.5273,-6.5000,-0.5576,1.2998,0.0779,-2.0137
1635588435102,4.5273,-6.5000,-0.5576,1.2998,0.0779,-2.0137
1635588435121,4.7070,-5.6992,-0.3518,0.9395,0.1003,-1.8574
1635588435126,5.1445,-6.0000,-0.7275,0.5635,0.0928,-1.7236
1635588435129,5.5703,-6.4844,-1.2178,0.0850,0.0684,-1.6240
1635588435139,6.2578,-6.7188,-1.4795,-0.5073,0.0194,-1.5146
1635588435156,7.1484,-6.7422,-1.6807,-1.1084,-0.0412,-1.4111
1635588435160,8.1094,-6.7695,-1.9893,-1.6025,-0.0200,-1.3545
1635588435164,9.2109,-6.8672,-2.1816,-1.9746,0.1523,-1.3301
1635588435189,10.2266,-7.0508,-2.2813,-2.2246,0.5054,-1.2988
1635588435193,10.8516,-7.3320,-2.4395,-2.2715,0.9800,-1.2754
1635588435196,10.9141,-7.8594,-2.6113,-2.0762,1.4727,-1.2744
1635588435209,10.4297,-8.4922,-2.7227,-1.7656,1.8555,-1.2676
1635588435222,9.4297,-8.6406,-2.7402,-1.4961,2.0723,-1.2725
1635588435229,8.7344,-8.2188,-2.5605,-1.2813,2.0137,-1.2676
1635588435238,8.5547,-7.6250,-2.4414,-1.0723,1.8096,-1.2158
1635588435249,8.6328,-7.1016,-2.4121,-0.9536,1.6123,-1.1270
1635588435253,8.9375,-6.6992,-2.2969,-0.9854,1.4736,-1.0186
1635588435279,9.3438,-6.4180,-2.0195,-1.0674,1.4014,-0.9150
1635588435283,9.3359,-6.4219,-1.6416,-1.1035,1.4414,-0.8545
1635588435286,9.0391,-6.5273,-1.2949,-1.0566,1.4893,-0.8159
1635588435300,8.5625,-6.6953,-1.0479,-0.9438,1.4844,-0.7471
1635588435303,8.1719,-6.7773,-0.8809,-0.7715,1.3887,-0.6704
1635588435329,8.0234,-6.7695,-0.7637,-0.5288,1.2383,-0.6074
1635588435333,8.0938,-6.6406,-0.7515,-0.2469,1.0918,-0.5640
1635588435336,8.2578,-6.4063,-0.7251,0.0265,0.9961,-0.5332
1635588435349,8.4531,-6.1211,-0.6797,0.2681,0.9580,-0.5181
1635588435361,8.5703,-5.6758,-0.7612,0.2998,0.9863,-0.4756
1635588435369,8.6016,-5.1992,-0.7900,0.2000,1.0605,-0.4160
1635588435372,8.6328,-5.1133,-0.6680,0.3552,1.0967,-0.3650
1635588435399,8.7266,-5.1484,-0.6987,0.2722,1.1201,-0.3181
1635588435404,8.8203,-4.9180,-0.7227,-0.0278,1.2002,-0.2671
1635588435407,8.9531,-4.6680,-0.6128,-0.1831,1.2715,-0.2023
1635588435420,9.1484,-4.2109,-0.8423,-0.6099,1.3848,-0.0980
1635588435423,9.2500,-3.8594,-0.9790,-1.4199,1.6064,0.0850
1635588435450,9.1953,-4.3281,-0.8208,-2.0059,1.8447,0.1084
1635588435453,8.9531,-4.9805,-0.5913,-2.3945,2.0742,-0.0469
1635588435457,8.7031,-5.1250,-0.5718,-2.7266,2.2168,-0.1842
1635588435469,7.9727,-4.4258,-0.4714,-2.9102,2.2383,-0.3225
1635588435473,7.6172,-3.5840,-0.4380,-2.8887,2.0254,-0.5967
1635588435500,7.5430,-3.0996,-0.4978,-2.7617,1.6699,-0.6860
1635588435503,7.6133,-3.1133,-0.5791,-2.5332,1.2070,-0.5063
1635588435507,7.8945,-3.6934,-0.7612,-2.2832,0.7441,-0.1958
1635588435520,8.7188,-4.6797,-0.7539,-2.0820,0.3918,0.2393
1635588435523,9.5469,-5.6641,-0.7827,-1.8193,0.3567,0.7529
1635588435550,9.9766,-6.4258,-0.9717,-1.2422,0.5000,0.9712
1635588435553,10.4375,-6.9570,-1.0605,-0.6958,0.5215,0.5923
1635588435557,11.1328,-6.6953,-1.1582,-0.8203,0.6460,-0.0480
1635588435579,10.8359,-5.2617,-1.3096,-1.0869,1.0352,-0.4258
1635588435582,9.0234,-4.3828,-1.4004,-0.6074,1.2432,-0.6172
1635588435590,8.2031,-4.4961,-1.1172,-0.1820,1.2266,-0.5415
1635588435593,7.9766,-4.3633,-0.8496,-0.8535,1.1875,-0.2032
1635588435620,8.2500,-4.0313,-1.0938,-0.7808,1.0410,-0.3428
1635588435628,8.6484,-4.7852,-1.1611,-0.4204,0.8408,-0.3704
1635588435631,9.0234,-5.1563,-1.4004,-0.5479,0.8301,-0.4011
1635588435640,9.0781,-4.7422,-1.3232,-0.4534,0.8687,-0.4448
1635588435643,8.8281,-4.4961,-1.3281,-0.2905,0.9185,-0.3799
1635588435671,8.5156,-4.3633,-1.4404,-0.3704,0.9438,-0.3438
1635588435675,8.3281,-4.1484,-1.4434,-0.4756,0.9409,-0.3374
1635588435680,8.2188,-4.1211,-1.5010,-0.5469,0.9268,-0.2693
1635588435690,8.1328,-4.1289,-1.5723,-0.6733,0.9312,-0.1958
1635588435694,8.1016,-4.0742,-1.5703,-0.7705,0.9268,-0.1469
1635588435720,8.1797,-4.0078,-1.6348,-0.8364,0.9121,-0.0692
1635588435724,8.1563,-3.8770,-1.7813,-0.9404,0.9258,0.0116
1635588435728,8.1328,-3.7402,-1.8408,-1.0449,0.9419,0.0839
1635588435746,8.0703,-3.6426,-1.8906,-1.1514,0.9526,0.1711
1635588435750,8.0469,-3.6016,-1.9365,-1.2598,0.9482,0.2542
1635588435763,8.0391,-3.6406,-1.9268,-1.3467,0.9282,0.3264
1635588435769,8.0391,-3.6875,-1.9990,-1.4072,0.8950,0.3926
1635588435783,8.0234,-3.7109,-2.0527,-1.4482,0.8569,0.4446
1635588435788,8.0078,-3.6934,-2.0488,-1.4541,0.8184,0.4893
1635588435801,7.9453,-3.6934,-2.0117,-1.4365,0.7749,0.5298
1635588435804,7.8516,-3.6738,-1.9961,-1.4072,0.7280,0.5605
1635588435830,7.7617,-3.6406,-2.0313,-1.3643,0.6821,0.5786
1635588435834,7.6797,-3.6133,-2.0156,-1.3057,0.6396,0.5742
1635588435838,7.5547,-3.6367,-1.9941,-1.2295,0.5781,0.5688
1635588435853,7.5625,-3.6484,-1.9893,-1.1387,0.4907,0.5488
1635588435859,7.5430,-3.6543,-1.9336,-1.0381,0.4353,0.5352
1635588435873,7.5352,-3.6934,-1.7998,-0.9312,0.3982,0.5073
1635588435878,7.4883,-3.7246,-1.7207,-0.8120,0.3555,0.4648
1635588435891,7.4922,-3.7051,-1.7451,-0.6812,0.3057,0.4063
1635588435895,7.5742,-3.6719,-1.8291,-0.5386,0.2576,0.3340
1635588435921,7.6563,-3.6875,-1.8027,-0.3875,0.1929,0.2627
1635588435927,7.8086,-3.6758,-1.8164,-0.2427,0.1503,0.1829
1635588435931,7.7969,-3.6230,-1.8887,-0.1044,0.1354,0.1042
1635588435943,7.2227,-3.5098,-1.8770,0.0382,0.1152,0.0074
1635588435948,7.3828,-3.6016,-1.7354,0.1893,-0.0465,-0.0788
1635588435963,8.1328,-3.8418,-1.8691,0.3147,-0.2104,-0.1628
1635588435968,8.4453,-3.8965,-2.0547,0.4211,-0.2062,-0.3054
1635588435981,8.7031,-3.8105,-1.9893,0.5361,-0.1465,-0.4661
1635588435985,9.0547,-3.7344,-1.9912,0.6191,-0.1232,-0.5542
1635588436026,9.2813,-3.7109,-1.9746,0.6572,-0.0764,-0.6226
1635588436031,9.2891,-3.7109,-1.8838,0.6606,0.0003,-0.7173
1635588436036,9.2422,-3.7617,-1.8047,0.6455,0.0407,-0.7949
1635588436044,9.2109,-3.8008,-1.7979,0.6157,0.0183,-0.8472
1635588436048,9.2500,-3.8809,-1.8262,0.5776,-0.0295,-0.8989
1635588436053,9.3828,-3.9453,-1.7783,0.5371,-0.0604,-0.9448
1635588436063,9.4766,-4.0000,-1.7373,0.4851,-0.0668,-0.9736
1635588436068,9.4531,-4.0000,-1.6758,0.4180,-0.0583,-0.9844
1635588436091,9.3594,-3.9551,-1.6152,0.3381,-0.0519,-0.9834
1635588436095,9.2031,-3.9766,-1.5752,0.2573,-0.0604,-0.9746
1635588436107,9.0859,-4.0078,-1.4814,0.1754,-0.0848,-0.9565
1635588436111,9.0313,-4.0664,-1.4189,0.0999,-0.1146,-0.9331
1635588436121,8.9531,-4.1445,-1.3877,0.0371,-0.1465,-0.9077
1635588436136,8.8281,-4.2773,-1.3691,0.0042,-0.1731,-0.8833
1635588436143,8.4766,-4.6523,-1.1299,0.0467,-0.2274,-0.8354
1635588436148,8.3438,-4.7852,-1.0889,0.1350,-0.2827,-0.8174
1635588436163,8.1953,-4.9141,-1.1582,0.2798,-0.3464,-0.8086
1635588436168,8.0469,-4.9570,-1.2471,0.4712,-0.4136,-0.8022
1635588436181,7.9570,-4.8984,-1.3115,0.6968,-0.4817,-0.7979
1635588436185,7.9102,-4.8477,-1.3164,0.9331,-0.5562,-0.7969
1635588436222,7.8789,-4.7969,-1.3311,1.1641,-0.6357,-0.7915
1635588436227,7.9219,-4.7344,-1.3496,1.3936,-0.7148,-0.7808
1635588436232,7.9648,-4.6797,-1.3311,1.6211,-0.7773,-0.7734
1635588436277,8.0469,-4.6484,-1.2871,1.8359,-0.8447,-0.7715
1635588436287,8.1875,-4.6133,-1.3359,2.0332,-0.9287,-0.7734
1635588436293,8.3750,-4.5391,-1.5059,2.2266,-1.0020,-0.7607
1635588436303,8.6094,-4.4141,-1.5986,2.4277,-1.0654,-0.7417
1635588436308,8.8672,-4.2969,-1.6846,2.6152,-1.1133,-0.7256
1635588436322,9.0859,-4.1094,-1.7617,2.7832,-1.1357,-0.7021
1635588436327,9.1641,-3.8926,-1.7520,2.9219,-1.1592,-0.6587
1635588436330,9.2344,-3.6426,-1.7109,3.0293,-1.1768,-0.6255
1635588436347,9.2422,-3.4355,-1.7715,3.0957,-1.1592,-0.5957
1635588436355,9.2891,-3.2832,-1.7070,3.1250,-1.1650,-0.5684
1635588436366,9.4453,-3.2188,-1.3525,3.1855,-1.2686,-0.5342
1635588436374,9.1641,-3.4160,-1.4170,3.3750,-1.4502,-0.4958
1635588436410,8.2031,-3.4219,-1.3066,3.6738,-1.6445,-0.5137
1635588436419,8.6484,-3.3164,-1.0293,3.8984,-1.9922,-0.5010
1635588436424,9.6484,-3.3027,-1.5869,3.8789,-2.1563,-0.3853
1635588436434,10.6719,-3.0430,-1.8457,3.7773,-2.0840,-0.4587
1635588436439,11.2969,-2.5703,-1.7500,3.7012,-1.7666,-0.5884
1635588436444,11.2266,-2.0313,-1.9697,3.5234,-1.3945,-0.6074
1635588436450,10.7500,-1.6016,-2.0508,3.3652,-0.9990,-0.5884
1635588436470,10.1250,-1.4668,-1.9863,3.2129,-0.6797,-0.5640
1635588436490,9.7109,-1.4980,-1.9199,2.9531,-0.5020,-0.5298
1635588436501,9.6250,-1.5361,-1.9482,2.6152,-0.3879,-0.4895
1635588436516,9.6094,-1.5098,-1.8984,2.1797,-0.2263,-0.4363
1635588436524,9.5000,-1.4268,-1.6230,1.7051,-0.0827,-0.3511
1635588436529,9.3359,-1.1826,-1.4551,1.2021,0.0194,-0.2480
1635588436533,9.1250,-1.0146,-1.5918,0.6011,0.1609,-0.0756
1635588436536,8.9688,-1.2178,-1.6016,0.0403,0.2365,0.0818
1635588436540,8.7031,-1.8311,-1.4219,-0.3596,0.2725,0.1914
1635588436543,8.4609,-2.5000,-1.4004,-0.5352,0.1938,0.2499
1635588436549,8.4453,-2.7598,-1.6543,-0.6396,0.0715,0.2925
1635588436558,8.6172,-2.6191,-1.8887,-0.7734,-0.0040,0.3628
1635588436567,8.8281,-2.4570,-1.9863,-0.8799,-0.0200,0.4255
1635588436575,8.9766,-2.4844,-2.0840,-0.9756,0.0077,0.4797
1635588436580,8.9922,-2.6836,-2.2207,-1.0605,0.0577,0.5469
1635588436598,8.9609,-2.9082,-2.3359,-1.1191,0.1003,0.6084
1635588436603,8.9766,-3.1074,-2.4297,-1.0928,0.1088,0.6318
1635588436609,9.0078,-3.2559,-2.4746,-0.9790,0.0790,0.6318
1635588436618,9.0859,-3.3164,-2.5098,-0.8223,0.0375,0.6221
1635588436623,9.1875,-3.2461,-2.4883,-0.6353,-0.0221,0.6094
1635588436629,9.2734,-3.1445,-2.3887,-0.4277,-0.0710,0.5850
1635588436634,9.3203,-3.0762,-2.2734,-0.2075,-0.1179,0.5713
1635588436638,9.3672,-3.0820,-2.0332,0.0382,-0.1785,0.5552
1635588436663,9.3516,-3.1016,-1.8027,0.3201,-0.2583,0.5435
1635588436678,9.3125,-3.1211,-1.6230,0.6797,-0.3806,0.5181
1635588436681,9.3203,-3.1250,-1.4980,1.1113,-0.5200,0.4563
1635588436686,9.3672,-3.0176,-1.3662,1.5645,-0.6411,0.3530
1635588436690,9.4219,-2.8457,-1.2705,1.9639,-0.7231,0.2266
1635588436711,9.3906,-2.6094,-1.3213,2.2539,-0.7690,0.1042
1635588436717,9.2656,-2.4258,-1.5244,2.4512,-0.7925,-0.0054
1635588436729,9.1172,-2.2695,-1.6250,2.5547,-0.7783,-0.1086
1635588436739,9.0078,-2.1758,-1.5176,2.5625,-0.7358,-0.1852
1635588436763,8.9375,-2.0840,-1.3955,2.5000,-0.6934,-0.2246
1635588436764,8.8906,-1.9365,-1.2969,2.3848,-0.6636,-0.2384
1635588436766,8.8906,-1.7451,-1.1611,2.2227,-0.6392,-0.2299
1635588436769,8.8359,-1.5459,-1.0264,2.0059,-0.6040,-0.1980
1635588436793,8.8359,-1.4238,-0.9741,1.7363,-0.5518,-0.1479
1635588436797,8.8906,-1.3877,-0.9790,1.4180,-0.4849,-0.0884
1635588436802,8.9766,-1.4531,-1.0479,1.0752,-0.4082,-0.0299
1635588436816,9.1172,-1.6230,-1.2012,0.7554,-0.3188,0.0233
1635588436821,9.2734,-1.8506,-1.2686,0.4883,-0.2200,0.0786
1635588436837,9.3828,-2.0273,-1.3330,0.2722,-0.1115,0.1287
1635588436840,9.4844,-2.1074,-1.4121,0.0914,-0.0263,0.1627
1635588436853,9.6641,-2.1680,-1.4355,-0.0544,0.0471,0.1829
1635588436857,9.8750,-2.1992,-1.4766,-0.1725,0.1311,0.2052
1635588436884,9.9766,-2.2168,-1.4863,-0.2810,0.2130,0.2361
1635588436888,10.0703,-2.2207,-1.4453,-0.3767,0.2917,0.2583
1635588436892,10.0234,-2.1758,-1.3594,-0.4800,0.3630,0.2786
1635588436907,9.9141,-2.0859,-1.2012,-0.6021,0.4163,0.2754
1635588436911,9.8047,-1.9961,-1.0820,-0.7461,0.4397,0.2712
1635588436923,9.6953,-1.9629,-1.0166,-0.8960,0.4387,0.2690
1635588436926,9.6719,-1.9863,-1.0527,-1.0322,0.4248,0.2722
1635588436952,9.5859,-2.0625,-1.1650,-1.1455,0.4172,0.2764
1635588436955,9.4922,-2.1484,-1.2617,-1.2334,0.4185,0.2776
1635588436957,9.3516,-2.2266,-1.2998,-1.2920,0.4290,0.2712
1635588436987,9.1953,-2.2852,-1.3496,-1.3223,0.4353,0.2615
1635588436990,9.0000,-2.3672,-1.3662,-1.3359,0.4333,0.2424
1635588436994,8.7969,-2.4531,-1.3906,-1.3389,0.4172,0.2063
1635588437007,8.7891,-2.5586,-1.4746,-1.3291,0.3779,0.1531
1635588437011,8.7734,-2.6484,-1.5439,-1.3057,0.3523,0.1212
1635588437033,8.5625,-2.7813,-1.5840,-1.2002,0.3418,0.0148
1635588437035,8.5625,-2.7813,-1.5840,-1.2002,0.3418,0.0148
1635588437037,8.4531,-2.9902,-1.6924,-1.0840,0.2693,-0.1022
1635588437063,8.4688,-3.0781,-1.7109,-1.0107,0.2418,-0.1597
1635588437065,8.4531,-3.1387,-1.7139,-0.9194,0.2205,-0.2257
1635588437068,8.4219,-3.2031,-1.7305,-0.8237,0.1992,-0.2896
1635588437093,8.4297,-3.2891,-1.7305,-0.7300,0.1758,-0.3469
1635588437095,8.4453,-3.3730,-1.7158,-0.6470,0.1545,-0.3992
1635588437098,8.4844,-3.4414,-1.7207,-0.5659,0.1322,-0.4470
1635588437123,8.5469,-3.5273,-1.6660,-0.4822,0.1120,-0.4885
1635588437125,8.6094,-3.6074,-1.5938,-0.3970,0.0907,-0.5200
1635588437128,8.7109,-3.6797,-1.4863,-0.3311,0.0715,-0.5361
1635588437158,8.8281,-3.7246,-1.4072,-0.2915,0.0577,-0.5405
1635588437168,8.9141,-3.7363,-1.3213,-0.2681,0.0492,-0.5269
1635588437174,9.0078,-3.7715,-1.2227,-0.2585,0.0417,-0.5010
1635588437186,9.0859,-3.8125,-1.2227,-0.2725,0.0311,-0.4683
1635588437193,9.1563,-3.8203,-1.1748,-0.2861,0.0300,-0.4172
1635588437205,9.1875,-3.8184,-1.1729,-0.2883,0.0417,-0.3416
1635588437214,9.1875,-3.8125,-1.1963,-0.2959,0.0450,-0.2661
1635588437223,9.2422,-3.8105,-1.2178,-0.3096,0.0300,-0.1969
1635588437227,9.3047,-3.8066,-1.3096,-0.3013,0.0183,-0.1246
1635588437234,9.3438,-3.7441,-1.4355,-0.2820,0.0205,-0.0448
1635588437237,9.3828,-3.6484,-1.4482,-0.2563,0.0343,0.0446
1635588437269,9.3906,-3.5840,-1.4531,-0.2341,0.0535,0.1328
1635588437272,9.3516,-3.5527,-1.4912,-0.2161,0.0694,0.2126
1635588437274,9.2734,-3.5664,-1.5361,-0.2097,0.0811,0.2839
1635588437288,9.2422,-3.5391,-1.5605,-0.2140,0.0960,0.3413
1635588437293,9.1484,-3.4844,-1.5654,-0.2097,0.1099,0.3872
1635588437310,9.0313,-3.4512,-1.5654,-0.1884,0.1141,0.4180
1635588437316,8.9453,-3.3574,-1.5986,-0.1628,0.1046,0.4341
1635588437327,8.8828,-3.2656,-1.6348,-0.1351,0.0896,0.4392
1635588437332,8.8516,-3.2168,-1.6543,-0.1065,0.0779,0.4382
1635588437356,8.8359,-3.1738,-1.6758,-0.0767,0.0715,0.4329
1635588437361,8.8203,-3.1543,-1.7021,-0.0405,0.0684,0.4202
1635588437366,8.7891,-3.1191,-1.6826,-0.0043,0.0641,0.3999
1635588437374,8.7578,-3.0859,-1.6582,0.0308,0.0556,0.3777
1635588437379,8.7266,-3.0332,-1.6494,0.0669,0.0492,0.3499
1635588437411,8.6719,-2.9863,-1.6152,0.0967,0.0364,0.3201
1635588437418,8.6875,-2.9063,-1.5654,0.1127,0.0183,0.2893
1635588437424,8.7578,-2.8359,-1.5322,0.1212,0.0045,0.2563
1635588437437,8.7656,-2.8066,-1.5508,0.1276,-0.0125,0.2361
1635588437440,8.8125,-2.8066,-1.5029,0.1350,-0.0391,0.2191
1635588437443,8.8828,-2.7852,-1.4668,0.1404,-0.0465,0.2009
1635588437464,8.9297,-2.7617,-1.3789,0.1393,-0.0412,0.1808
1635588437467,8.9453,-2.7695,-1.1943,0.1414,-0.0444,0.1754
1635588437470,8.9766,-2.8223,-0.9238,0.1307,-0.0529,0.1765
1635588437496,9.0234,-2.8047,-0.7754,0.0807,-0.0434,0.1946
1635588437499,9.0703,-2.6973,-0.7202,-0.0043,-0.0434,0.2308
1635588437502,9.1563,-2.6348,-0.6343,-0.1320,-0.0487,0.2605
1635588437520,9.3047,-2.5781,-0.4092,-0.3416,-0.0136,0.3254
1635588437525,9.2734,-2.5137,-0.2058,-0.6714,0.0247,0.4458
1635588437536,9.2031,-2.3125,-0.4045,-1.1514,0.0439,0.5732
1635588437538,8.8984,-2.0684,-0.8882,-1.7393,0.0545,0.7285
1635588437565,9.0703,-1.9053,-1.1465,-2.3965,0.0162,0.8999
1635588437567,9.4688,-1.8887,-1.4404,-3.1328,0.0503,1.1221
1635588437570,9.3359,-1.9551,-1.8691,-3.9316,0.2046,1.4004
1635588437594,9.0703,-2.0078,-2.2715,-4.7266,0.3364,1.7129
1635588437613,9.0781,-2.1348,-2.7930,-5.4414,0.3716,2.0156
1635588437627,8.8281,-2.5742,-3.3242,-6.0391,0.4609,2.2988
1635588437635,8.4844,-3.2813,-3.7598,-6.5234,0.5728,2.5879
1635588437640,7.9844,-4.0625,-4.3828,-6.9258,0.6704,2.8965
1635588437643,7.4570,-4.9219,-4.9883,-7.1875,0.6758,3.1387
1635588437647,7.2422,-5.9102,-5.4492,-7.2305,0.5874,3.3125
1635588437649,6.9961,-6.9219,-6.0938,-7.0586,0.4854,3.4434
1635588437675,6.6211,-7.7930,-6.8750,-6.6523,0.2778,3.4727
1635588437678,6.2344,-8.7031,-7.6406,-5.9336,-0.0668,3.3809
1635588437681,6.0313,-9.6094,-8.0781,-5.0078,-0.5073,3.1895
1635588437705,6.1992,-10.2734,-8.1172,-4.1094,-0.9199,2.9707
1635588437708,6.5117,-10.1484,-8.1172,-3.4258,-1.2666,2.7813
1635588437710,6.6719,-8.8984,-8.3828,-2.9043,-1.5420,2.5723
1635588437735,6.6328,-7.3906,-8.8438,-2.4551,-1.7773,2.3984
1635588437739,6.3242,-6.3320,-9.1016,-2.2227,-1.9482,2.3867
1635588437742,6.0859,-5.6641,-9.3047,-2.2930,-2.1133,2.4941
1635588437765,6.0039,-5.1641,-9.7734,-2.5664,-2.3125,2.6133
1635588437773,6.0352,-4.6172,-10.2344,-2.9102,-2.4570,2.6855
1635588437774,5.9531,-4.1680,-10.6094,-3.2617,-2.5293,2.7598
1635588437795,5.6289,-3.8867,-11.0469,-3.6289,-2.5605,2.8633
1635588437798,5.1641,-3.7051,-11.6484,-3.9844,-2.5801,2.9590
1635588437800,4.6641,-3.5781,-12.0547,-4.2930,-2.6211,2.9922
1635588437826,4.3164,-3.5273,-12.2109,-4.5156,-2.7012,2.9258
1635588437828,4.0000,-3.7402,-12.2891,-4.5703,-2.7852,2.8066
1635588437831,3.7715,-4.3711,-12.3359,-4.4258,-2.8477,2.6602
1635588437856,3.6016,-5.1211,-12.3125,-4.1758,-2.8789,2.4941
1635588437859,3.2949,-5.6211,-12.1953,-3.8633,-2.8926,2.2871
1635588437863,2.9707,-5.6953,-12.0078,-3.5449,-2.9297,2.0488
1635588437886,2.6328,-5.3555,-11.7969,-3.2363,-3.0293,1.8643
1635588437889,2.3691,-4.6758,-11.5781,-2.9395,-3.1855,1.7246
1635588437892,2.1777,-3.8223,-11.2969,-2.6230,-3.3770,1.6025
1635588437916,2.1133,-3.1074,-11.2891,-2.4082,-3.5645,1.5508
1635588437919,2.0684,-2.4082,-11.4141,-2.3750,-3.6953,1.5313
1635588437923,2.0332,-1.6826,-11.1250,-2.3516,-3.8242,1.3770
1635588437946,1.9268,-0.9165,-10.4844,-2.3047,-3.7598,1.3604
1635588437949,1.9268,-0.9165,-10.4844,-2.3047,-3.7598,1.3604
1635588437953,1.5078,-1.0693,-10.6484,-2.4297,-3.4199,1.3340
1635588437976,1.2490,-1.1055,-10.2656,-2.4355,-3.2422,1.2012
1635588437979,0.9048,-1.3213,-9.6563,-2.2754,-3.0898,1.0967
1635588437983,0.5146,-1.6895,-9.1406,-2.0488,-2.9707,1.0166
1635588438006,0.1771,-1.9912,-8.9297,-1.8877,-2.8516,0.9243
1635588438012,-0.1316,-2.1074,-8.8906,-1.7793,-2.7422,0.8340
1635588438014,-0.4189,-1.9170,-8.6484,-1.6123,-2.6816,0.7266
1635588438036,-0.6772,-1.5322,-8.4453,-1.4063,-2.6523,0.6382
1635588438040,-0.9336,-1.0264,-8.3828,-1.2471,-2.6328,0.5977
1635588438043,-1.1416,-0.4668,-8.2656,-1.1377,-2.6348,0.5586
1635588438056,-1.3164,0.1245,-8.0156,-1.0186,-2.6309,0.4946
1635588438059,-1.4795,0.5649,-7.9414,-0.9258,-2.5938,0.4478
1635588438087,-1.6230,0.8975,-7.8594,-0.8374,-2.5195,0.3904
1635588438091,-1.7422,1.1748,-7.5273,-0.6831,-2.4375,0.2871
1635588438094,-1.8887,1.2227,-7.2148,-0.4841,-2.3555,0.1840
1635588438117,-2.0703,1.1514,-7.1641,-0.3438,-2.2559,0.1339
1635588438121,-2.2969,1.0986,-7.1992,-0.2532,-2.1211,0.0903
1635588438123,-2.4883,1.1348,-6.9570,-0.1129,-1.9678,0.0020
1635588438147,-2.7051,1.2109,-6.5898,0.0701,-1.8037,-0.0788
1635588438149,-2.9375,1.3545,-6.5664,0.1797,-1.6318,-0.0905
1635588438152,-3.1133,1.5986,-6.7969,0.2009,-1.4580,-0.0576
1635588438176,-3.2988,1.9990,-7.0117,0.2117,-1.3105,-0.0437
1635588438179,-3.5098,2.5371,-7.1484,0.1946,-1.2021,-0.0033
1635588438182,-3.6797,3.0293,-6.9922,0.1573,-1.1250,0.0520
1635588438207,-3.7559,3.4141,-6.5391,0.1786,-1.0488,0.0712
1635588438212,-3.8887,3.5664,-6.1523,0.2159,-0.9434,0.0850
1635588438219,-4.0508,3.5156,-5.9102,0.2126,-0.8486,0.0882
1635588438229,-4.2344,3.3164,-5.7930,0.1860,-0.7773,0.0414
1635588438234,-4.3711,3.0332,-5.6836,0.1797,-0.7124,-0.0107
1635588438257,-4.6250,2.7207,-5.5664,0.1840,-0.6636,-0.0427
1635588438260,-4.9570,2.4941,-5.4258,0.1488,-0.6890,-0.0650
1635588438263,-5.1914,2.4824,-5.3477,0.1935,-0.7446,-0.0650
1635588438287,-5.3516,2.5566,-5.2734,0.2700,-0.8096,-0.0522
1635588438291,-5.3281,2.7676,-5.1094,0.3286,-0.8457,-0.0767
1635588438295,-5.2227,2.9316,-4.9648,0.3850,-0.8179,-0.1011
1635588438309,-5.1563,3.0371,-4.9961,0.4233,-0.7295,-0.1203
1635588438312,-5.1133,3.1191,-5.0273,0.4075,-0.5957,-0.1288
1635588438336,-5.1641,3.1992,-4.9922,0.3809,-0.4263,-0.1394
1635588438338,-5.3242,3.2871,-4.9453,0.3628,-0.2466,-0.1543
1635588438340,-5.5000,3.4199,-4.9023,0.3445,-0.1019,-0.1565
1635588438371,-5.7383,3.5586,-4.7539,0.3362,-0.0051,-0.1617
1635588438382,-5.9727,3.6328,-4.5508,0.3286,0.0726,-0.2086
1635588438383,-6.0781,3.6484,-4.5156,0.2966,0.1056,-0.3140
1635588438385,-6.0352,3.5488,-4.8164,0.2286,0.1162,-0.4214
1635588438387,-5.9766,3.3359,-5.3594,0.2020,0.1523,-0.5034
1635588438416,-5.9688,2.9023,-5.7773,0.2191,0.2258,-0.5874
1635588438418,-6.0117,2.4531,-5.9961,0.2457,0.2959,-0.6948
1635588438419,-6.0742,2.0840,-6.1094,0.2871,0.3555,-0.8042
1635588438446,-6.1328,1.8193,-6.3203,0.3350,0.4077,-0.8799
1635588438448,-6.2070,1.5840,-6.5664,0.3818,0.4280,-0.9277
1635588438450,-6.2305,1.2900,-6.5781,0.4807,0.4172,-0.9927
1635588438476,-6.2031,0.9385,-6.6758,0.6182,0.4172,-1.0342
1635588438478,-6.1836,0.6343,-7.2109,0.6880,0.3918,-0.9980
1635588438480,-6.2813,0.5601,-7.7227,0.6914,0.3608,-0.9653
1635588438506,-6.4141,0.7681,-8.0469,0.6118,0.3513,-0.9482
1635588438508,-6.5195,0.9814,-8.3750,0.4648,0.3342,-0.9512
1635588438510,-6.6211,0.9238,-8.6406,0.3264,0.3088,-0.9600
1635588438536,-6.6953,0.4189,-8.5859,0.2489,0.2620,-0.9683
1635588438541,-6.7266,-0.4524,-8.5000,0.2084,0.2290,-0.9854
1635588438543,-6.7891,-1.3096,-8.8594,0.1754,0.2130,-0.9458
1635588438568,-6.9023,-1.7881,-9.5859,0.1520,0.1268,-0.8247
1635588438570,-7.0781,-2.1211,-10.1094,0.1648,0.0152,-0.6948
1635588438572,-7.2969,-2.3711,-10.4922,0.1488,-0.0997,-0.6299
1635588438598,-7.3633,-2.2324,-11.0391,0.1052,-0.2615,-0.5288
1635588438600,-7.3203,-2.0254,-11.6250,0.0829,-0.4861,-0.3523
1635588438602,-7.1992,-2.0801,-11.2813,0.2084,-0.7222,-0.2532
1635588438628,-7.1367,-2.4551,-10.4844,0.4192,-0.8647,-0.2289
1635588438630,-7.3906,-2.9121,-10.0859,0.5508,-0.9858,-0.1065
1635588438632,-7.6992,-3.0684,-9.9688,0.6689,-1.1504,0.0276
1635588438659,-7.9766,-2.9512,-9.8828,0.8701,-1.3652,0.1520
1635588438660,-8.1484,-2.7852,-9.3594,1.2285,-1.6084,0.2361
1635588438662,-8.3516,-2.8008,-8.3125,1.6475,-1.8525,0.2957
1635588438689,-8.5391,-2.9590,-7.5391,2.0176,-2.0469,0.3232
1635588438690,-8.7344,-2.9238,-7.2539,2.4375,-2.1777,0.3372
1635588438692,-9.0703,-2.7930,-7.2422,3.0605,-2.3066,0.4160
1635588438720,-9.4141,-2.5391,-7.6719,3.7285,-2.4063,0.5869
1635588438727,-9.5859,-1.9551,-7.8594,4.3125,-2.5664,0.7871
1635588438729,-9.4375,-1.0693,-7.7109,4.7578,-2.6875,0.9585
1635588438749,-9.5313,0.3877,-7.9453,4.9766,-2.5566,1.2354
1635588438751,-10.1719,2.8105,-9.0391,5.0234,-2.2852,1.6807
1635588438752,-11.5938,6.5117,-10.7109,4.8984,-2.1113,2.3301
1635588438779,-13.6250,11.2656,-11.6484,4.5313,-2.3867,3.0723
1635588438782,-15.5078,16.1875,-10.9531,3.9219,-3.1992,3.5371
1635588438785,-15.8906,20.2188,-9.7891,3.6094,-4.2539,3.3125
1635588438808,-14.2734,21.6250,-9.5078,3.5586,-5.1367,2.6836
1635588438810,-12.0156,20.3438,-9.3594,3.3418,-5.5820,2.0488
1635588438811,-10.5000,18.1406,-8.6328,2.8125,-5.7266,1.6172
1635588438838,-10.1953,16.3281,-7.6406,1.9365,-5.7695,1.5010
1635588438839,-11.0469,15.8828,-6.4375,0.6563,-5.6914,1.4854
1635588438840,-12.4766,17.8906,-5.2852,-0.5894,-5.4453,1.3809
1635588438869,-14.0156,20.3906,-4.6875,-1.3926,-5.0781,1.2656
1635588438871,-15.7266,21.5781,-4.2656,-1.8350,-4.6563,1.0762
1635588438873,-17.6094,20.7969,-4.1289,-1.9473,-4.0898,0.5796
1635588438899,-19.1719,18.9375,-5.1250,-1.8047,-3.4629,-0.4236
1635588438901,-19.2344,17.2813,-6.3242,-0.0756,-3.4551,-3.5215
1635588438903,-12.9688,13.4844,-5.5938,1.3555,-3.9922,-4.8125
1635588438937,-8.3750,11.1406,-3.3125,2.9336,-4.5273,-6.1445
1635588438939,-4.3555,8.2891,-0.7227,4.7930,-4.9063,-7.5977
1635588438941,-1.1631,5.4063,1.0889,6.8398,-5.3359,-9.0156
1635588438949,1.3691,3.2617,1.0391,8.8516,-6.1484,-10.4141
1635588438950,3.0586,4.0352,-3.4844,10.7266,-7.7109,-11.9141
1635588438979,6.1836,7.6992,-8.1484,13.0313,-10.6406,-13.2188
1635588438981,13.1563,11.8281,-7.0703,14.3203,-15.4844,-14.5859
1635588438983,68.1875,32.5313,37.1875,11.3203,-12.9375,-19.5938
1635588439009,78.4375,52.8750,15.9766,-0.8364,-7.0352,-9.4531
1635588439011,40.3438,4.4023,7.7344,-10.9219,-8.1406,4.0859
1635588439012,25.6719,-13.4844,-2.5195,-15.9531,-5.5547,2.0313
1635588439039,34.9063,-23.0000,-29.8594,-17.2500,-3.1348,3.2441
1635588439041,32.1563,-43.7188,-27.3438,-12.1875,4.1484,8.5781
1635588439043,-0.8882,-55.0000,17.8906,-10.6094,8.7734,10.5547
1635588439069,-2.6406,-29.2500,15.2578,-13.2109,3.9023,7.0352
1635588439071,16.9531,-15.0313,13.8516,-9.6016,1.0898,7.1172
1635588439073,23.3125,-14.8203,8.9766,-4.4219,0.3162,7.3477
1635588439099,19.5313,-13.0781,2.9199,-3.0742,-0.1902,7.1836
1635588439101,15.3516,-10.4297,1.6133,-3.9648,-0.0306,7.5156
1635588439103,12.0313,-6.6680,1.1387,-4.9336,0.1598,7.0391
1635588439130,9.8281,-4.0313,1.9697,-5.4766,-0.0912,6.5859
1635588439131,7.9023,-3.0234,2.1797,-6.4219,-0.4966,6.5234
1635588439133,5.1992,-2.3340,1.7832,-7.4336,-0.4731,6.2617
1635588439160,1.2207,-2.3984,1.8330,-7.3906,-0.0955,5.9141
1635588439161,-3.0449,-3.0879,2.1973,-6.8008,0.7026,5.5977
1635588439163,-6.1406,-3.7793,2.2168,-6.2734,1.8740,4.7695
1635588439190,-7.3516,-3.7539,0.9478,-5.8359,3.2480,2.8926
1635588439192,-7.4297,-2.5508,-1.4141,-5.2813,4.8359,0.9170
1635588439193,-7.9023,-1.4316,-2.7852,-4.6641,6.8047,0.5327
1635588439222,-11.5703,-2.0605,-3.9824,-4.2422,8.7656,1.2227
1635588439223,-20.3125,-2.8633,-8.7891,-4.3672,9.6016,1.5986
1635588439225,-30.2344,-0.3518,-10.8984,-4.9727,6.1914,2.4707
1635588439249,-28.7031,4.4688,-8.6563,-3.7949,2.0215,3.1074
1635588439250,-18.5000,7.4023,-8.5469,-2.2363,0.3342,2.6445
1635588439251,-11.5625,8.5938,-8.0313,-1.6240,-0.1242,1.9277
1635588439280,-9.7422,8.6328,-7.8438,-1.8545,0.5249,2.0684
1635588439282,-11.8750,9.0938,-8.8047,-2.0586,1.8350,2.4629
1635588439283,-17.1406,10.8750,-10.6250,-1.8516,2.9219,2.7051
1635588439310,-22.8750,13.2109,-12.0469,-1.1914,2.6660,2.7480
1635588439312,-24.2813,14.7891,-11.8594,0.0212,1.0107,2.2813
1635588439314,-20.0469,14.9375,-10.5156,1.3691,-0.6592,1.4424
1635588439339,-15.3828,14.5703,-8.8594,2.0957,-1.4375,0.8286
1635588439341,-14.3750,15.3047,-7.7344,2.2988,-1.5068,0.6543
1635588439342,-15.5703,15.9609,-7.3789,2.4316,-1.6338,0.4712
1635588439369,-16.0781,15.4609,-7.1797,2.4063,-2.1855,0.0052
1635588439371,-14.9688,13.9531,-6.4258,2.3574,-2.9883,-0.5225
1635588439372,-13.5938,12.6016,-6.0586,2.4141,-3.5000,-0.7925
1635588439399,-12.5156,12.0313,-6.9375,2.3281,-3.8242,-0.8691
1635588439401,-11.6094,11.7109,-7.7461,2.3184,-4.1172,-0.8940
1635588439402,-10.9453,10.7422,-6.0703,2.6387,-4.4453,-0.8799
1635588439429,-10.6953,9.7109,-2.8047,3.3242,-4.5039,-0.8096
1635588439431,-11.2891,9.2422,0.1963,4.1055,-4.3711,-0.5044
1635588439432,-12.7813,9.6016,2.9023,4.8672,-4.2383,-0.0884
1635588439459,-13.8594,10.7734,4.9375,5.3047,-4.1133,0.2457
1635588439461,-13.4219,13.7109,5.3398,4.9844,-4.0352,0.8276
1635588439462,-13.0234,19.2344,3.3047,3.9785,-4.1445,2.0742
1635588439489,-15.8203,27.3906,1.3398,3.2402,-4.1406,2.5020
1635588439491,-21.1563,34.4063,1.6729,3.5059,-2.7324,0.0839
1635588439492,-21.3906,29.1094,1.7666,3.6973,-0.8135,-4.3438
1635588439520,-11.6953,16.0313,-0.9551,2.9453,-1.1738,-7.6523
1635588439521,-5.3867,8.2969,-3.1855,3.6699,-2.2402,-8.5156
1635588439522,-2.6641,3.8984,-2.3984,6.8672,-2.9141,-9.0781
1635588439550,0.4978,0.0215,1.5889,10.6563,-4.4336,-10.3281
1635588439551,5.2734,-0.3469,3.3945,13.3828,-6.7188,-12.6250
1635588439552,11.7422,1.3447,4.7852,16.4219,-10.1875,-15.8125
1635588439580,42.4063,-2.2012,12.2891,17.6094,-15.4609,-19.3125
1635588439581,78.4375,10.2734,13.0938,11.0703,-8.7031,-18.4375
1635588439582,64.3125,6.5234,10.6719,0.9180,-5.7109,-2.0859
1635588439610,32.7813,-17.8125,27.5938,-5.9375,-2.5664,2.5430
1635588439611,25.1563,-23.8125,10.0469,-9.8203,-0.7251,3.5000
1635588439612,34.0313,-40.8125,5.5664,-7.9805,2.6563,4.9063
1635588439641,24.5313,-50.7188,15.9531,-6.1211,5.1914,6.1289
1635588439643,21.1406,-28.2969,19.5938,-5.0742,3.8535,5.6211
1635588439644,26.5156,-15.4063,17.9688,-1.9414,2.6973,5.4258
1635588439671,26.8281,-16.6406,14.1250,0.5635,2.4219,6.1367
1635588439673,25.1563,-18.7813,9.8516,1.1406,2.2305,6.7617
1635588439674,21.1406,-16.0469,7.5859,1.2529,2.1641,6.9727
1635588439701,16.1563,-10.9297,8.4141,1.5713,2.2305,6.7852
1635588439703,12.6484,-6.3438,8.0156,1.0801,2.1973,6.4766
1635588439704,9.1328,-2.7480,6.3086,0.3711,2.3457,6.0117
1635588439731,4.3828,-1.2393,4.9961,0.2266,2.8926,5.6211
1635588439733,-0.9287,-0.7827,4.7383,-0.0724,3.6211,5.3789
1635588439734,-5.0352,0.6846,4.7539,-0.8408,4.2109,4.8555
1635588439760,-7.2891,2.2109,4.1563,-1.9521,4.9883,3.8711
1635588439761,-7.6406,3.5527,1.7236,-3.3613,6.0977,2.7949
1635588439761,-8.2500,5.9492,-1.3447,-4.7422,7.5313,2.8066
1635588439790,-11.1875,9.6094,-4.3438,-6.2617,8.8438,4.3281
1635588439791,-20.3906,17.9844,-12.5313,-9.0625,9.1719,6.2344
1635588439792,-38.6250,33.7813,-19.1406,-11.1328,7.2656,5.1758
1635588439820,-36.5938,31.3281,-10.8203,-8.0703,1.9736,1.8672
1635588439821,-18.7969,18.3438,-14.8750,-6.7969,-0.3679,0.3660
1635588439822,-10.8125,15.8047,-18.0938,-7.8633,-0.4041,0.1084
1635588439852,-10.9297,13.9297,-12.6953,-6.6406,0.2407,0.7959
1635588439853,-15.3828,12.1797,-5.9648,-4.1211,-0.6807,1.2363
1635588439854,-15.6641,20.0313,-3.7461,-3.0039,-2.2637,1.2002
1635588439881,-11.6484,18.6563,-1.7666,-0.8906,-3.0820,0.9053
1635588439882,-9.5703,14.9141,1.6416,0.7573,-3.0957,0.6201
1635588439885,-8.7578,12.8125,3.4844,1.3477,-3.0938,0.7021
1635588439910,-8.3672,12.5313,4.3477,1.5674,-3.2695,0.8755
1635588439913,-8.5313,13.8281,5.6797,1.8076,-3.2227,0.8789
1635588439916,-8.9688,15.2813,7.1836,1.8135,-3.1055,0.9268
1635588439940,-8.9531,15.3438,7.5391,1.1836,-3.0527,0.9126
1635588439943,-8.7891,14.7109,7.4375,-0.0756,-2.9102,0.6650
1635588439946,-8.9063,14.7891,7.8047,-1.4111,-2.5352,0.3574
1635588439970,-9.4688,14.6094,7.9141,-2.5840,-1.8857,0.3318
1635588439973,-10.2813,13.7578,6.8438,-3.6348,-0.9082,0.1743
1635588439976,-10.6953,12.7266,5.4219,-4.3398,0.2544,-0.4309
1635588440000,-10.5469,10.9063,4.4883,-4.1680,1.3105,-1.1152
1635588440003,-10.3203,8.7344,3.5039,-3.1777,2.1953,-1.8408
1635588440006,-9.9844,7.3672,1.9414,-1.7158,2.7695,-2.6016
1635588440030,-9.4766,7.2227,-0.0239,0.2532,3.0234,-3.1133
1635588440033,-11.5078,8.1563,-1.9941,2.3535,3.5215,-3.4902
1635588440037,-15.5703,10.3984,-4.4297,4.6523,3.5391,-4.0898
1635588440060,-20.4375,13.5234,-7.1680,7.2266,2.3906,-4.9102
1635588440063,-21.1563,16.2188,-8.7188,9.4844,-0.2349,-6.1875
1635588440067,-15.3281,16.6250,-8.2578,11.5313,-3.1016,-7.7773
1635588440090,-8.9141,14.6641,-6.8125,13.4609,-5.1250,-9.2656
1635588440093,-5.2930,11.8672,-7.3164,14.9609,-6.5820,-10.7500
1635588440097,-3.6055,11.2813,-13.3672,15.6484,-8.6719,-12.4297
1635588440120,-1.2256,16.1563,-22.2969,15.6016,-12.4063,-14.7031
1635588440124,8.2266,29.1875,-21.5156,17.0313,-17.6563,-18.8281
1635588440127,53.5938,42.4063,-6.9063,21.7031,-19.0938,-26.6719
1635588440151,78.4375,61.5000,29.9219,23.2188,0.1152,-24.8750
1635588440154,45.1563,5.0313,49.5000,17.9688,-4.8516,-0.0544
1635588440157,13.6172,-5.3555,44.1250,11.6484,-3.3418,2.1641
1635588440181,5.8320,7.2227,34.1250,1.0098,-1.6523,1.8770
1635588440184,8.9844,6.6602,12.5078,-9.9063,-2.1582,-0.1766
1635588440187,22.7969,6.7813,13.8906,-21.0625,0.7598,-0.2001
1635588440211,20.4063,-4.4570,18.2031,-20.6094,3.0215,2.4824
1635588440214,11.1016,-12.9609,9.1016,-10.0313,1.8135,4.3867
1635588440217,20.4063,-14.7344,6.8789,0.1478,2.1855,4.1523
1635588440241,31.8750,-20.3750,15.8203,2.7305,3.1270,7.8164
1635588440244,17.6250,-8.6250,11.7813,-0.4863,5.4063,5.9453
1635588440247,12.7969,2.1582,13.9531,-0.0469,5.5742,1.8203
1635588440271,15.4766,4.2344,14.4609,0.9692,4.8984,1.9072
1635588440274,16.6875,1.4863,9.8672,1.4082,4.3047,3.7363
1635588440277,15.5547,-0.6558,6.7383,0.9702,3.9961,4.1563
1635588440301,12.1406,0.0407,6.1484,-0.7329,3.9785,3.5938
1635588440304,8.3125,2.0371,6.7695,-2.6582,4.3203,3.5938
1635588440307,4.5039,2.6992,7.0000,-4.5820,4.5234,3.9023
1635588440331,0.9312,2.6348,6.3320,-7.0273,4.2109,4.2031
1635588440334,-2.2402,2.5723,5.0547,-8.9844,3.6543,4.2500
1635588440338,-5.5938,1.8643,4.4023,-9.7969,3.3418,3.8008
1635588440361,-9.1953,0.2202,5.2578,-9.7344,3.4688,3.0117
1635588440364,-10.9375,-1.6104,4.7656,-9.0547,3.4492,2.0547
1635588440368,-10.4609,-2.4316,2.4629,-7.8789,3.1641,1.1240
1635588440391,-10.2578,-3.1602,0.9741,-6.6563,3.0605,0.7246
1635588440394,-11.6250,-4.6797,0.0455,-5.8164,3.3652,0.8970
1635588440398,-13.3906,-6.1328,-1.5195,-5.3398,4.2227,0.8467
1635588440421,-15.4609,-7.0898,-4.0664,-5.3945,5.3086,0.8320
1635588440425,-18.0156,-6.6953,-6.7461,-6.3594,4.9922,1.4512
1635588440428,-18.4219,-3.3652,-6.9883,-7.3477,2.5215,2.0488
1635588440452,-15.5781,0.0024,-6.6602,-7.4258,0.6855,2.2871
1635588440456,-12.6094,1.3428,-7.9141,-7.1602,0.5767,2.3613
1635588440460,-11.2969,1.8574,-8.6797,-7.1914,0.7876,2.3984
1635588440471,-11.4141,2.0625,-8.2656,-6.9844,0.9878,2.7402
1635588440474,-12.2031,1.8262,-7.9375,-5.9883,1.0352,3.3594
1635588440501,-13.3125,1.6348,-7.9102,-4.6953,0.7192,3.8379
1635588440505,-14.0625,2.3457,-7.3906,-3.7188,0.0226,3.9355
1635588440508,-14.0156,3.9590,-6.4375,-2.9531,-0.7549,3.8555
1635588440532,-13.2969,5.8164,-5.7813,-2.3320,-1.4453,3.7578
1635588440535,-12.2188,7.6172,-5.3789,-1.7822,-1.9287,3.5996
1635588440538,-11.3359,9.0547,-5.1953,-1.2188,-2.1680,3.4277
1635588440562,-11.1641,10.1484,-4.6484,-0.6851,-2.2168,3.1855
1635588440565,-11.4688,10.9219,-3.7129,-0.1437,-2.2129,2.7773
1635588440568,-11.8750,11.1484,-2.6367,0.4373,-2.2598,2.2578
1635588440592,-12.0859,10.7422,-1.7090,0.9243,-2.3555,1.6631
1635588440595,-11.7422,9.9531,-0.8257,1.2676,-2.5117,0.9980
1635588440598,-11.0313,9.0625,0.1077,1.5273,-2.6914,0.4106
1635588440622,-9.9063,8.2188,1.1484,1.6523,-2.8613,-0.0171
1635588440625,-8.7969,7.8047,2.1367,1.5850,-2.8828,-0.3086
1635588440628,-8.1094,8.0234,2.8262,1.4404,-2.7070,-0.5171
1635588440652,-7.6484,8.3984,3.2520,1.4199,-2.4141,-0.6382
1635588440655,-7.4844,8.4766,3.4180,1.3984,-2.0273,-0.7275
1635588440658,-8.0156,8.5078,3.2891,1.1162,-1.4971,-0.8057
1635588440682,-8.6719,8.4141,2.8340,0.5542,-0.9722,-0.9702
1635588440685,-9.3125,8.4141,2.4609,-0.0416,-0.5552,-1.2822
1635588440688,-10.0391,8.5078,2.4023,-0.5073,-0.3232,-1.6279
1635588440712,-10.7266,8.4531,2.4023,-0.7896,-0.1827,-1.9111
1635588440715,-11.0313,7.9688,1.9170,-0.8970,-0.0380,-2.1875
1635588440718,-11.0703,7.2109,1.0244,-0.8076,0.1938,-2.5918
1635588440742,-10.9844,6.7461,0.4812,-0.4543,0.3896,-3.1758
1635588440745,-11.3906,6.6953,0.9932,0.2903,0.3982,-3.6875
1635588440749,-12.3672,6.9375,1.9961,1.3486,0.2620,-3.9551
1635588440775,-13.0156,7.5273,1.9170,2.4355,0.1268,-4.2227
1635588440777,-13.1797,8.4531,0.9360,3.4141,-0.0359,-4.8047
1635588440778,-12.4375,9.0313,0.2322,5.3789,-1.0244,-6.3359
1635588440804,-10.2891,8.2031,-0.7515,6.2227,-1.7979,-7.0156
1635588440809,-8.0313,7.2656,-3.1855,7.1641,-2.3535,-7.6016
1635588440813,-5.6328,5.8008,-5.1133,8.4219,-3.1504,-8.2422
1635588440824,-2.4668,3.8359,-4.1406,10.1172,-4.6602,-9.0000
1635588440829,0.9023,2.7266,-1.1914,12.0000,-6.8672,-9.8750
1635588440854,4.0938,3.6816,0.5840,14.1953,-9.8750,-11.6875
1635588440859,9.5859,7.4883,-0.1794,16.9688,-13.8516,-16.1875
1635588440863,59.0938,24.3594,20.1094,18.6094,-12.2734,-24.5469
1635588440874,78.4375,39.2188,30.2813,16.9219,-3.4629,-17.8438
1635588440879,44.2188,-4.0547,30.6875,13.7578,-10.6094,1.8828
1635588440904,20.9844,-14.5781,31.2031,8.3359,-5.9453,0.5605
1635588440909,13.2500,-7.2188,23.9688,-0.5161,-1.4355,1.2041
1635588440913,14.5078,-5.9414,14.5078,-6.0469,2.6270,0.5884
1635588440924,13.2656,-2.9453,12.3984,-13.7813,8.2969,2.4082
1635588440929,8.6406,-3.7480,16.7188,-21.1250,8.9375,7.0234
1635588440954,8.4063,-14.2344,18.5000,-21.8906,6.2305,9.9453
1635588440959,9.9688,-15.5156,10.3594,-15.2344,2.5820,6.8711
1635588440964,20.6719,-13.1797,-4.1406,-6.2891,0.7256,2.9141
1635588440974,37.3438,-37.3750,7.1172,0.4766,-0.1455,10.0391
1635588440979,19.2031,-32.3125,10.1797,-2.3945,2.8125,12.4141
1635588441005,12.1719,-10.3906,9.6328,-4.4453,1.8926,6.0117
1635588441009,15.2969,-0.3711,9.3984,-5.4297,1.2051,4.1992
1635588441014,15.3047,4.8789,7.9023,-7.5586,0.7739,5.9531
1635588441025,10.8672,5.2578,5.0742,-9.0859,0.1503,7.5547
1635588441029,6.2578,3.5703,2.9902,-9.7891,-0.4294,8.2109
1635588441055,1.7900,0.1915,0.6367,-9.4688,-0.3955,8.4219
1635588441059,-1.3115,-2.8809,-0.4714,-8.6797,0.2322,8.1719
1635588441064,-3.7363,-4.8398,0.5215,-8.1172,1.0859,7.0703
1635588441075,-6.1523,-6.3477,2.2129,-8.0313,1.7793,5.1836
1635588441079,-8.5781,-5.4414,3.3418,-7.9648,1.8320,3.6816
1635588441105,-11.1406,-3.1230,3.8633,-7.2383,1.6260,3.3711
1635588441109,-12.9609,-1.5820,3.0781,-6.1211,1.2949,3.8438
1635588441114,-13.5938,-0.5049,1.0293,-5.2266,1.0615,4.3320
1635588441125,-14.1172,0.5791,-1.4531,-5.0898,0.7256,4.4727
1635588441129,-14.6172,1.8330,-2.9336,-5.4453,-0.5356,4.1250
1635588441155,-14.4922,2.0840,-2.2813,-4.8906,-1.7871,3.7031
1635588441168,-13.7656,1.1992,-1.2354,-3.7539,-2.3789,3.3418
1635588441173,-12.3906,1.7666,0.2825,-2.8262,-2.7695,2.9102
1635588441179,-11.2109,3.3965,1.2393,-1.9326,-3.0410,3.1035
1635588441183,-10.1016,4.5938,1.1270,-1.0146,-3.0566,3.5254
1635588441195,-9.8047,5.8164,1.0938,-0.3726,-2.8516,3.5996
1635588441212,-9.9141,7.4805,2.4492,0.2776,-2.7383,3.3691
1635588441219,-10.1484,9.1719,4.2344,1.2734,-2.8770,3.2969
1635588441223,-10.0234,10.6328,4.7070,2.3281,-3.2637,3.3926
1635588441236,-9.5781,12.2656,4.6211,3.0840,-3.7324,3.2500
1635588441241,-9.5469,14.6172,5.4570,3.6953,-4.1211,2.7383
1635588441265,-9.8281,17.0313,7.4648,4.2734,-4.4805,2.0605
1635588441270,-10.1172,18.6094,9.8438,4.6484,-4.5703,1.1709
1635588441274,-9.2813,17.7500,10.9531,4.4805,-4.0938,-0.1501
1635588441285,-7.3984,16.0156,10.4766,3.5723,-3.1855,-1.3213
1635588441290,-5.9883,15.8672,9.7578,2.6934,-2.0156,-1.8330
1635588441315,-5.8672,16.1875,9.4219,2.3730,-0.8379,-2.1250
1635588441320,-6.6328,15.6250,9.0000,2.1992,0.0428,-2.4199
1635588441324,-7.6914,15.1172,8.8594,2.0332,0.5557,-2.5820
1635588441335,-9.0781,15.3281,9.4766,2.2324,0.8408,-2.7148
1635588441340,-10.5391,15.3594,10.2578,2.8164,0.9150,-2.9668
1635588441365,-11.4063,14.8359,9.6563,3.2793,0.8057,-3.4492
1635588441370,-11.5781,13.8125,7.7617,3.6230,0.7471,-4.2656
1635588441375,-11.7109,12.7500,5.9805,4.2031,0.8535,-5.3203
1635588441385,-11.9219,12.3750,4.7383,4.9570,0.9517,-6.2539
1635588441390,-12.3984,12.5156,3.2148,5.6289,0.9004,-6.9961
1635588441416,-12.7188,12.5391,0.5889,6.3359,0.5820,-8.0234
1635588441420,-11.8359,11.0078,-1.7520,7.6875,-0.7529,-9.0703
1635588441425,-8.4844,8.4453,-2.9551,9.5859,-3.3066,-9.8359
1635588441436,-3.1035,6.3086,-3.0996,11.8828,-6.2734,-10.5625
1635588441440,2.4922,5.5977,-2.4141,14.2031,-9.2578,-11.5234
1635588441466,6.7227,5.9102,-2.6328,16.5469,-12.6250,-13.5391
1635588441470,25.0313,4.7305,0.3184,19.4375,-16.7813,-17.8594
1635588441475,78.4375,9.0391,9.9141,21.1406,-10.5078,-24.4219
1635588441486,76.2500,26.2500,19.3438,18.5313,-5.7109,-14.1250
1635588441490,38.4375,11.1641,46.5938,17.8594,-8.1250,0.0946
1635588441528,20.5000,1.9072,44.5313,14.1641,-6.2227,-0.9023
1635588441533,9.2031,6.3555,21.0938,6.3750,-4.1055,-0.9883
1635588441537,4.3711,7.4023,11.4766,3.4688,-4.5391,-1.3320
1635588441542,13.3672,10.5859,13.6250,-0.6021,-2.6699,-2.6660
1635588441566,26.0938,10.9844,17.1094,-6.9648,2.6504,-2.1504
1635588441572,21.1719,4.6055,12.8203,-9.9141,5.6914,1.8613
1635588441578,10.5000,-2.5371,12.4688,-9.5078,6.5938,5.3320
1635588441600,3.7227,-6.1367,11.7031,-7.7773,5.4570,4.9961
1635588441605,2.1113,-4.1211,6.5117,-5.2188,4.0313,1.8652
1635588441609,4.6445,-1.6133,1.8623,-2.6250,1.6973,1.6270
1635588441615,7.2266,-4.0977,6.2539,-0.8896,0.5513,4.7969
1635588441621,10.3984,-7.1211,9.5859,-0.5938,1.2676,6.6328
1635588441626,9.4688,-7.0117,5.7734,0.2595,2.5781,5.6016
1635588441634,7.3945,-5.3477,3.9688,2.1328,3.4766,3.3438
1635588441647,5.9648,-2.2813,6.0859,3.3535,3.4941,1.9736
1635588441651,2.8574,2.0918,6.8594,3.2969,3.0332,1.8691
1635588441675,0.0718,4.6758,6.9648,3.3633,2.3770,2.3184
1635588441679,-1.7549,5.1914,8.0000,3.5977,1.8877,2.5098
1635588441682,-2.4531,4.6133,8.6953,3.2090,1.5586,2.3438
1635588441696,-2.3457,3.7227,8.2969,1.8340,1.2920,1.6660
1635588441699,-1.8721,2.4121,8.0703,1.8340,1.2920,1.6660
1635588441725,-1.0342,1.1914,8.3828,1.8271,0.9556,1.3945
1635588441729,-0.9863,2.1992,7.8164,2.0703,0.8652,1.4150
1635588441732,-1.1680,3.6758,7.3633,2.3281,0.9321,1.4600
1635588441745,-1.5869,4.8984,7.2031,2.3516,1.1660,1.4248
1635588441758,-2.2871,5.5898,7.0625,2.1133,1.3975,1.3184
1635588441765,-3.1074,5.4531,6.8555,1.8418,1.4609,1.1484
1635588441769,-3.6074,4.2188,6.5977,1.7637,1.3438,0.9009
1635588441796,-3.4727,2.9844,6.6680,1.7520,1.1777,0.6543
1635588441800,-3.3477,2.8906,6.9180,1.8076,1.0801,0.5605
1635588441803,-3.5449,3.7813,6.9023,2.0137,1.1094,0.5820
1635588441815,-4.0938,4.9531,6.8438,2.1719,1.2383,0.5947
1635588441819,-4.7070,5.5938,6.9180,2.0566,1.3867,0.5586
1635588441846,-4.7930,5.6680,6.8867,1.6348,1.3926,0.3860
1635588441864,-4.8594,5.8984,6.5195,1.2432,1.2998,0.1903
1635588441880,-5.6211,5.3984,6.3828,1.0947,1.2148,0.2009
1635588441885,-6.4453,4.0664,6.5273,1.1709,1.0576,0.2223
1635588441888,-6.4414,3.2988,6.2383,1.2246,0.7803,0.0797
1635588441892,-6.0352,3.6016,6.1289,1.2959,0.4451,-0.0224
1635588441895,-5.3398,4.2070,6.4844,1.4717,0.1566,0.0169
1635588441906,-4.7070,4.5195,6.4258,1.6455,-0.0125,0.1180
1635588441909,-4.5078,4.4805,5.6602,1.7354,0.0035,0.2009
1635588441936,-4.8633,4.3281,5.2422,1.8779,0.1555,0.2266
1635588441939,-5.3945,4.9844,5.7422,2.0703,0.1949,0.1925
1635588441942,-5.0625,6.9258,6.0625,2.0645,-0.0391,-0.0448
1635588441956,-4.4531,8.5234,6.6094,1.8574,-0.1200,-0.2532
1635588441959,-4.7969,9.2500,6.4141,1.8350,-0.0189,-0.0299
1635588441986,-5.3945,8.0938,5.8125,1.8389,0.0960,0.1201
1635588441989,-6.3242,6.5273,6.0156,1.8105,0.0396,0.2478
1635588441992,-6.8242,5.9883,6.4180,1.7412,-0.1965,0.2690
1635588442016,-6.3008,7.1055,6.1758,1.5850,-0.5073,0.0733
1635588442045,-5.3477,7.3828,5.9375,1.5332,-0.7700,0.0489
1635588442049,-4.8438,7.0625,6.0859,1.4268,-0.8423,0.1276
1635588442054,-4.6758,7.3516,6.2031,1.2256,-0.7573,0.0659
1635588442058,-4.7188,7.9102,6.2852,1.0146,-0.6304,-0.0033
1635588442062,-4.8594,8.3281,6.3320,0.7646,-0.5879,0.0052
1635588442067,-4.8672,8.5547,6.3516,0.4956,-0.6445,0.0286
1635588442074,-4.6172,8.4063,6.3789,0.2106,-0.7202,0.0350
1635588442086,-4.2539,7.8320,6.0898,-0.0618,-0.7500,0.0137
1635588442090,-4.0352,7.1914,5.8867,-0.2214,-0.7148,0.0137
1635588442116,-3.9512,6.7617,5.9961,-0.2448,-0.6689,0.0510
1635588442119,-3.8340,6.7422,6.0664,-0.1777,-0.6509,0.0765
1635588442123,-3.6504,6.8711,6.1484,-0.0842,-0.6465,0.0680
1635588442136,-3.5176,6.7578,6.1289,-0.0331,-0.6294,0.0446
1635588442139,-3.5000,6.4688,5.9336,-0.0171,-0.5625,0.0020
1635588442166,-3.5879,6.1563,5.8906,0.0286,-0.4966,-0.0480
1635588442169,-3.6113,6.0117,5.8516,0.1127,-0.4839,-0.0927
1635588442173,-3.5020,6.2500,5.8945,0.2148,-0.5146,-0.1224
1635588442186,-3.2910,6.6172,6.1758,0.3137,-0.5635,-0.1299
1635588442189,-2.8145,7.4297,6.1484,0.3232,-0.5879,-0.1310
1635588442216,-1.4697,10.3984,5.8008,0.5298,-0.5308,0.1808
1635588442219,-2.5977,7.8945,7.0000,0.6401,-0.3752,0.6597
1635588442223,-3.2148,6.5430,6.8594,0.1063,-0.1838,0.2595
1635588442236,-3.2617,7.1211,6.2266,-0.2607,-0.2253,0.0542
1635588442240,-3.2461,6.8828,6.3008,-0.3342,-0.3464,0.0978
1635588442266,-2.8379,6.9766,6.3359,-0.3064,-0.5488,0.0637
1635588442270,-2.4199,7.0430,6.4063,-0.3577,-0.6021,-0.0161
1635588442273,-2.1074,7.0000,6.4063,-0.4065,-0.5308,-0.1193
1635588442286,-2.0254,6.8867,6.4492,-0.3586,-0.4348,-0.2075
1635588442289,-2.1367,6.9609,6.5117,-0.3064,-0.3784,-0.2490
1635588442316,-0.8208,7.2031,6.3828,-0.2607,-0.3350,-0.5117
1635588442319,-2.6953,6.8711,6.3789,-0.2532,0.1216,-0.7065
1635588442323,-3.0391,7.1445,6.3086,-0.1277,0.0162,-0.5586
1635588442336,-2.7363,7.5313,6.3711,-0.0650,-0.1530,-0.4927
1635588442340,-2.5996,7.4375,6.3828,-0.0969,-0.2200,-0.4971
1635588442366,-2.7188,7.5977,6.4180,-0.1416,-0.2168,-0.5117
1635588442369,-3.0391,7.7422,6.4180,-0.1692,-0.2242,-0.5020
1635588442373,-3.0059,7.6719,6.5039,-0.2043,-0.3594,-0.4714
1635588442386,-2.7520,7.5703,6.5898,-0.2416,-0.4412,-0.3894
1635588442390,-2.6895,7.6094,6.6602,-0.3181,-0.4827,-0.3235
1635588442416,-2.7617,7.5508,6.6914,-0.4033,-0.5083,-0.3108
1635588442420,-2.5352,7.3203,6.8203,-0.4661,-0.5645,-0.3469
1635588442423,-2.5273,6.5664,6.9531,-0.4470,-0.5273,-0.2979
1635588442436,-2.2754,6.5117,6.8359,-0.3108,-0.5464,-0.1171
1635588442440,-2.0195,6.7227,6.9063,-0.1351,-0.5112,-0.0150
1635588442467,-2.3340,6.5547,7.0586,0.0212,-0.3914,0.0244
1635588442495,-2.2441,6.5742,6.8828,0.0733,-0.3892,0.0754
1635588442496,-2.1523,6.9688,6.8516,0.0329,-0.4221,0.1339
1635588442509,-1.8838,7.3359,7.1875,-0.0522,-0.4658,-0.0948
1635588442511,-2.6543,7.0898,7.3008,-0.1256,-0.2487,-0.2629
1635588442521,-2.7832,6.7891,7.2656,-0.0958,-0.3730,-0.2299
1635588442540,-2.4668,6.6484,7.3906,-0.0161,-0.5762,-0.1809
1635588442543,-2.2598,6.7031,7.4492,0.0574,-0.7041,-0.1831
1635588442545,-2.2266,6.7070,7.4453,0.1223,-0.7349,-0.2544
1635588442546,-2.1465,6.6953,7.4609,0.1669,-0.7402,-0.3000
1635588442571,-2.0957,6.8242,7.4883,0.2180,-0.7266,-0.3022
1635588442572,-2.2188,7.0742,7.4453,0.2925,-0.6953,-0.2896
1635588442573,-2.3359,7.3945,7.6055,0.3296,-0.7251,-0.2576
