1624364959512,0.6447,8.6326,5.2837,-0.0526,-0.0102,0.0138
1624364959513,0.8792,8.4388,5.0827,-0.1051,-0.1128,0.0089
1624364959543,0.8266,8.4986,5.2191,-0.0599,-0.1018,0.0296
1624364959544,0.6016,8.6230,5.3196,0.0012,-0.0114,0.0419
1624364959545,0.4509,8.7211,5.3531,0.0403,0.0655,0.0467
1624364959568,0.4317,8.7235,5.3770,0.0403,0.0704,0.0480
1624364959570,0.6040,8.6661,5.3315,-0.0037,0.0130,0.0419
1624364959590,0.7907,8.5513,5.2047,-0.0574,-0.0688,0.0333
1624364959591,0.9294,8.4914,5.1736,-0.0904,-0.1202,0.0284
1624364959592,0.9630,8.4532,5.0874,-0.0929,-0.1238,0.0309
1624364959602,0.9462,8.4484,5.0133,-0.0685,-0.0921,0.0357
1624364959604,0.8888,8.4986,5.0133,-0.0281,-0.0542,0.0443
1624364959609,0.8912,8.5991,4.9630,0.0061,-0.0346,0.0492
1624364959619,0.9653,8.6757,4.9463,0.0256,-0.0420,0.0394
1624364959636,1.0252,8.7331,4.9200,0.0342,-0.0566,0.0272
1624364959639,1.0539,8.7235,4.8338,0.0366,-0.0615,0.0125
1624364959649,1.0204,8.6948,4.7860,0.0293,-0.0468,0.0040
1624364959658,0.9318,8.6924,4.8195,0.0207,-0.0175,-0.0009
1624364959667,0.8194,8.6494,4.8721,0.0170,0.0142,-0.0058
1624364959677,0.7380,8.6350,4.9223,0.0195,0.0338,-0.0107
1624364959686,0.6806,8.7116,5.0013,0.0403,0.0399,-0.0155
1624364959697,0.6423,8.8384,5.0396,0.0610,0.0423,-0.0229
1624364959705,0.5753,8.8599,5.0372,0.0745,0.0435,-0.0302
1624364959716,0.5275,8.8456,5.0516,0.0818,0.0484,-0.0363
1624364959725,0.4676,8.7953,5.0516,0.0794,0.0484,-0.0363
1624364959737,0.4485,8.7618,5.0396,0.0623,0.0423,-0.0302
1624364959744,0.4748,8.7020,5.0109,0.0500,0.0252,-0.0217
1624364959754,0.5011,8.7140,5.0252,0.0476,0.0106,-0.0131
1624364959763,0.5370,8.7953,5.0276,0.0525,-0.0017,-0.0094
1624364959773,0.5681,8.8575,4.9774,0.0452,-0.0126,-0.0070
1624364959782,0.6160,8.8384,4.9415,0.0305,-0.0224,-0.0021
1624364959792,0.6758,8.7762,4.8769,0.0170,-0.0285,0.0016
1624364959802,0.7117,8.7164,4.8338,-0.0062,-0.0334,0.0003
1624364959811,0.7787,8.7044,4.8147,-0.0269,-0.0359,0.0016
1624364959822,0.7931,8.6829,4.8219,-0.0220,-0.0322,0.0150
1624364959830,0.7931,8.7283,4.8649,-0.0000,-0.0224,0.0309
1624364959840,0.7859,8.7905,4.9295,0.0244,-0.0066,0.0394
1624364959850,0.7787,8.8575,4.9487,0.0488,0.0093,0.0370
1624364959859,0.7907,8.9054,4.8721,0.0671,0.0130,0.0296
1624364959870,0.8026,8.9126,4.8338,0.0659,0.0142,0.0211
1624364959881,0.7763,8.8360,4.8553,0.0635,0.0203,0.0199
1624364959890,0.7476,8.7570,4.9343,0.0671,0.0313,0.0235
1624364959898,0.7045,8.7475,5.0157,0.0696,0.0497,0.0174
1624364959907,0.6997,8.7307,5.0540,0.0708,0.0570,0.0040
1624364959916,0.7308,8.7379,5.0851,0.0842,0.0582,-0.0058
1624364959928,0.7069,8.7762,5.1114,0.0965,0.0582,-0.0217
1624364959938,0.6686,8.7523,5.0659,0.1013,0.0606,-0.0375
1624364959947,0.6471,8.7881,5.0468,0.1111,0.0716,-0.0375
1624364959957,0.5945,8.7666,5.0109,0.1148,0.0790,-0.0314
1624364959966,0.5753,8.7786,4.8458,0.1307,0.0790,-0.0314
1624364959976,0.4246,8.8863,4.6807,0.1380,0.0680,-0.0302
1624364959986,0.1853,9.0394,4.9535,0.1661,0.0729,-0.0217
1624364959996,0.3791,9.2117,4.8314,0.1808,0.0900,-0.0021
1624364960005,0.3408,9.3002,4.5921,0.1759,0.0484,-0.0339
1624364960015,0.4126,9.3840,4.6783,0.1575,0.0497,-0.0155
1624364960025,0.4150,9.3696,4.5969,0.1172,0.0570,0.0150
1624364960034,0.4054,9.3217,4.4988,0.1185,0.0631,0.0235
1624364960044,0.3671,9.3170,4.5610,0.1062,0.0765,0.0504
1624364960053,0.3839,9.3553,4.5156,0.1062,0.0997,0.0785
1624364960063,0.4150,9.4055,4.3433,0.1392,0.1132,0.0932
1624364960072,0.4652,9.4629,4.1878,0.1588,0.1181,0.1030
1624364960082,0.4868,9.4892,4.0394,0.1673,0.1401,0.1249
1624364960092,0.4820,9.4414,3.9509,0.1747,0.1657,0.1567
1624364960101,0.4485,9.3816,3.9389,0.1808,0.1999,0.1811
1624364960111,0.4628,9.4318,4.0298,0.1710,0.2305,0.1970
1624364960121,0.5035,9.5228,4.1662,0.1783,0.2500,0.2019
1624364960130,0.5562,9.6161,4.2835,0.1942,0.2598,0.1994
1624364960140,0.6160,9.7118,4.4103,0.2040,0.2720,0.2007
1624364960149,0.6471,9.8649,4.5299,0.2052,0.2964,0.1958
1624364960159,0.6232,9.9319,4.5658,0.2052,0.3294,0.1848
1624364960168,0.6208,9.9798,4.5395,0.2248,0.3649,0.1799
1624364960176,0.5753,10.0468,4.5180,0.2663,0.4027,0.1921
1624364960186,0.5155,10.1449,4.4869,0.3164,0.4406,0.2068
1624364960196,0.4437,10.2861,4.5562,0.3714,0.4711,0.2141
1624364960205,0.4270,10.5086,4.5108,0.4349,0.5054,0.2215
1624364960218,0.4700,10.5301,4.2571,0.4862,0.5298,0.2410
1624364960226,0.5442,10.6306,4.0107,0.5509,0.5420,0.2667
1624364960236,0.5059,10.7144,3.8575,0.6157,0.5652,0.2728
1624364960245,0.4509,10.6904,3.6924,0.6780,0.5970,0.2813
1624364960255,0.3767,10.8819,3.7451,0.7587,0.6336,0.3070
1624364960265,0.3982,11.1068,3.8073,0.8124,0.6654,0.3412
1624364960274,0.5490,11.1642,3.7499,0.8368,0.6850,0.3913
1624364960284,0.7404,11.2743,3.8528,0.8649,0.6837,0.4255
1624364960293,0.9007,11.3557,3.8551,0.9052,0.6923,0.4181
1624364960303,0.9821,11.0183,3.7929,0.9028,0.7143,0.4291
1624364960313,0.9510,10.5517,3.5106,0.9419,0.7534,0.4719
1624364960322,0.9007,10.2095,3.1971,1.0238,0.8071,0.4939
1624364960331,0.8577,10.1425,3.1086,1.1423,0.8743,0.5012
1624364960342,0.9055,10.3698,2.9196,1.3158,0.9305,0.5208
1624364960351,0.9869,10.6115,2.6611,1.4941,0.9611,0.5403
1624364960361,1.0371,10.7263,2.6683,1.6456,0.9855,0.5574
1624364960370,0.9893,10.9465,2.8956,1.7446,1.0197,0.5721
1624364960380,0.9270,11.0039,3.0009,1.7067,1.0588,0.5965
1624364960389,0.8601,10.7072,3.0727,1.5943,1.0759,0.6503
1624364960399,0.8888,10.3507,3.0847,1.5076,1.0661,0.7260
1624364960409,0.9294,10.0324,3.0033,1.4416,1.0368,0.7761
1624364960418,1.0515,9.5084,3.0727,1.4013,0.9843,0.7993
1624364960428,1.2070,9.0346,3.0153,1.4892,0.9183,0.8262
1624364960438,1.3075,8.9078,2.7281,1.6444,0.8548,0.8482
1624364960447,1.2716,8.8240,2.6013,1.8374,0.8230,0.8775
1624364960456,1.3554,9.0920,2.2185,2.0793,0.8022,0.9191
1624364960466,1.5013,9.7118,1.9648,2.2516,0.7888,0.9423
1624364960476,1.5923,10.0468,1.8236,2.2809,0.8083,0.9618
1624364960486,1.6880,10.2119,1.6011,2.2235,0.8230,0.9765
1624364960495,1.6353,10.2741,1.5891,2.0292,0.8291,0.9630
1624364960503,1.5492,9.9654,1.8236,1.6481,0.8254,0.9459
1624364960512,1.4654,9.2380,2.0821,1.2547,0.7680,0.9252
1624364960522,1.4128,8.4316,2.1969,0.9272,0.6605,0.8910
1624364960531,1.4989,7.8621,2.1826,0.6487,0.5420,0.8665
1624364960545,1.7382,7.7401,2.0007,0.4984,0.4259,0.8372
1624364960553,2.0636,8.0272,1.7997,0.5070,0.3282,0.7810
1624364960562,2.2910,8.3311,1.5844,0.6169,0.2867,0.7089
1624364960572,2.3484,8.5345,1.3858,0.7354,0.3111,0.6552
1624364960582,2.2072,8.5608,1.2015,0.7733,0.3649,0.6124
1624364960591,2.0325,8.5369,1.1967,0.6988,0.3966,0.5928
1624364960601,1.9632,8.3239,1.2757,0.5888,0.3758,0.5843
1624364960610,2.0708,8.1110,1.3235,0.5155,0.3026,0.5831
1624364960620,2.2335,8.2402,1.2470,0.4703,0.2158,0.5709
1624364960629,2.3604,8.5393,1.0962,0.3982,0.1535,0.5305
1624364960639,2.4776,8.7858,0.9742,0.3127,0.1217,0.4854
1624364960648,2.5087,8.9126,0.8426,0.2345,0.1278,0.4511
1624364960658,2.4561,8.9030,0.7397,0.1282,0.1327,0.4218
1624364960668,2.4441,8.7235,0.6631,0.0061,0.1034,0.3937
1624364960678,2.5542,8.2474,0.6559,-0.0685,0.0521,0.3815
1624364960687,2.7121,8.0320,0.5722,-0.0562,-0.0029,0.3900
1624364960697,2.8676,8.3718,0.4095,-0.0013,-0.0322,0.3790
1624364960706,2.9825,8.8839,0.1439,0.0623,-0.0102,0.3534
1624364960716,3.0758,9.3983,-0.0428,0.1820,0.0350,0.3106
1624364960726,3.0375,9.8721,-0.1768,0.2480,0.1022,0.2703
1624364960735,2.9466,9.9630,-0.2007,0.2028,0.1437,0.2410
1624364960745,2.9275,9.8051,-0.0260,0.1185,0.1376,0.2532
1624364960754,2.8796,9.9534,0.0219,0.0354,0.1144,0.2935
1624364960764,2.8485,10.1449,-0.3371,-0.0172,0.0838,0.3009
1624364960774,2.9897,10.4847,-0.6577,0.0073,0.0545,0.3009
1624364960783,3.1763,11.0518,-0.9018,0.0855,0.0521,0.3119
1624364960793,3.3223,11.7098,-1.1434,0.1148,0.0753,0.3387
1624364960802,3.4563,12.1453,-1.3971,0.0867,0.0985,0.3815
1624364960812,3.6979,12.2003,-1.4952,0.0500,0.0973,0.4450
1624364960822,3.9205,12.2266,-1.5000,0.0110,0.1022,0.5464
1624364960829,4.0090,12.2314,-1.7201,-0.0611,0.1168,0.6295
1624364960838,4.1765,12.0232,-1.7704,-0.1320,0.1413,0.7040
1624364960848,4.3967,11.8629,-1.5335,-0.1442,0.2060,0.8054
1624364960857,4.5139,11.7433,-1.3253,-0.1686,0.2818,0.8739
1624364960867,4.5857,11.5878,-1.0860,-0.2114,0.3636,0.9081
1624364960878,4.6144,11.4394,-0.7319,-0.2590,0.4540,0.9618
1624364960889,4.5474,11.1212,-0.5476,-0.3055,0.5408,1.0119
1624364960898,4.6096,10.7263,-0.2773,-0.3397,0.6129,1.0742
1624364960908,4.7771,10.5349,-0.1768,-0.3446,0.6593,1.1499
1624364960918,4.9805,10.4081,-0.3155,-0.3470,0.6459,1.2037
1624364960927,5.3442,10.3889,-0.3562,-0.3079,0.6080,1.2477
1624364960937,5.6505,10.5158,-0.1337,-0.2322,0.5958,1.2807
1624364960946,5.7318,10.6115,0.0817,-0.1686,0.6471,1.2941
1624364960956,5.6194,10.6330,0.6105,-0.1833,0.7521,1.3149
1624364960966,5.4040,10.5517,1.3403,-0.2309,0.8621,1.3393
1624364960975,5.1121,10.4823,1.9385,-0.3140,0.9195,1.3503
1624364960985,4.8800,10.5062,2.4410,-0.4240,0.9427,1.3748
1624364960994,4.6455,10.5588,2.4482,-0.5962,0.9244,1.4346
1624364961004,4.6431,10.4320,2.2543,-0.7868,0.8364,1.4847
1624364961014,4.7221,10.1760,2.1706,-0.9847,0.7057,1.5519
1624364961023,4.7340,9.7788,2.1419,-1.2059,0.5701,1.6484
1624364961033,4.7460,9.2571,2.1921,-1.4221,0.4577,1.7547
1624364961042,4.7604,8.8264,2.4290,-1.6042,0.3856,1.8329
1624364961052,4.6814,8.5752,2.7257,-1.7422,0.3343,1.8696
1624364961062,4.6192,8.2857,2.8765,-1.8827,0.2879,1.8818
1624364961071,4.6120,7.9722,2.9746,-2.0244,0.2072,1.9001
1624364961081,4.6575,7.8813,2.8502,-2.1808,0.1083,1.9062
1624364961090,4.8872,8.2139,2.8143,-2.4618,-0.0041,1.8964
1624364961100,5.0164,8.5393,2.4195,-2.8515,-0.1422,1.8940
1624364961110,5.2485,7.6276,2.2185,-3.1289,-0.3279,1.9196
1624364961119,5.5237,6.2589,2.3860,-3.1460,-0.5135,2.0870
1624364961129,5.5883,5.4430,2.5894,-3.0079,-0.6638,2.2727
1624364961138,5.7366,4.6438,2.9052,-2.8259,-0.7078,2.3790
1624364961148,6.2822,3.8183,2.6037,-2.4472,-0.6773,2.5391
1624364961158,6.7608,4.3734,1.7327,-2.0220,-0.6846,2.5940
1624364961167,7.0479,5.2803,1.4049,-1.8473,-0.6174,2.3729
1624364961175,6.9546,5.7325,1.1417,-1.7935,-0.4195,2.1909
1624364961187,6.5741,5.5435,0.8689,-1.8277,-0.2130,2.1286
1624364961194,6.3516,4.8783,1.1632,-2.0501,-0.0652,2.1554
1624364961204,6.3468,4.0934,1.6466,-2.4178,-0.0041,2.2593
1624364961214,6.4425,3.5694,1.7112,-2.8283,-0.0273,2.3436
1624364961223,6.7344,2.8085,1.6537,-3.1167,-0.1055,2.3497
1624364961236,7.0527,2.0930,1.6011,-3.1325,-0.1568,2.3521
1624364961244,7.2991,1.5451,1.5796,-2.9676,-0.1434,2.3020
1624364961254,7.3637,1.0354,1.7734,-2.7379,-0.0273,2.2006
1624364961263,7.2513,0.6382,1.7543,-2.4496,0.1535,2.0980
1624364961273,7.1101,0.4803,1.5078,-2.1124,0.3270,1.9490
1624364961283,7.0383,0.6047,1.2829,-1.8033,0.4882,1.7914
1624364961292,6.8924,0.9469,1.1369,-1.5871,0.6336,1.6497
1624364961302,6.5885,1.3082,0.9359,-1.4734,0.7839,1.5104
1624364961311,6.0692,1.4565,0.9838,-1.4551,0.9586,1.3980
1624364961321,5.5356,1.0067,1.4504,-1.5137,1.1260,1.3479
1624364961331,5.0355,0.3917,1.6944,-1.5321,1.2763,1.3601
1624364961341,4.7699,-0.2687,1.9002,-1.5064,1.3557,1.3723
1624364961350,4.2220,-0.9100,1.3403,-1.3574,1.3801,1.3723
1624364961360,3.8271,-1.6158,3.4603,-1.1375,1.3215,1.2673
1624364961369,4.4062,-2.8003,7.1884,-1.0764,1.2433,0.4792
1624364961379,2.8748,-4.1929,12.1080,-1.6872,1.1345,-0.7547
1624364961388,1.5444,-9.4404,13.0197,-3.6224,0.6349,-0.4358
1624364961398,2.7743,-12.9530,9.1959,-4.1001,-0.1189,1.1964
1624364961408,5.3825,-8.6914,3.5656,-1.9499,-0.8703,1.4542
1624364961418,7.7849,-2.5658,0.2851,0.4825,-1.1953,-0.1279
1624364961427,8.6319,2.0284,-1.2176,2.0317,-0.6614,-1.2153
1624364961436,7.8615,5.2587,-2.3112,3.0066,0.0179,-1.4352
1624364961446,5.9161,6.0412,0.3616,3.0616,0.6532,-1.4755
1624364961456,3.4323,5.2204,4.9152,2.2418,1.3410,-1.2361
1624364961466,1.2405,4.2466,6.3748,1.2400,1.7234,-0.9380
1624364961475,0.8696,3.0191,5.8819,0.3567,1.4962,-0.8280
1624364961485,2.9011,2.1241,5.5325,-0.1894,0.7301,-0.7474
1624364961494,5.4902,1.0354,5.7646,-0.5022,-0.0468,-0.6179
1624364961503,6.2343,0.3822,6.8677,-0.6903,-0.4317,-0.5372
1624364961536,5.1743,0.0878,7.9780,-0.7624,-0.2472,-0.6154
1624364961537,3.6094,-0.5439,8.3608,-0.8088,0.2476,-0.7938
1624364961538,2.8389,-0.8717,8.5259,-0.3910,0.4699,-1.0235
1624364961544,3.3103,-0.9554,7.7602,-0.0049,0.3490,-1.1493
1624364961552,3.6716,1.3632,4.0849,0.2162,0.0790,-1.1811
1624364961564,4.7245,1.4087,1.9624,0.2956,-0.2057,-1.2006
1624364961569,6.2678,0.6837,0.7110,0.8100,-0.2668,-1.1212
1624364961581,6.6028,2.7463,-0.7128,1.4636,-0.2179,-1.3387
1624364961588,6.4664,3.0549,0.7110,1.1814,0.0863,-1.5708
1624364961599,5.2126,1.9686,3.2833,0.8698,0.7350,-1.4266
1624364961607,3.6381,1.5211,5.9537,0.9615,1.2616,-1.4193
1624364961618,1.8124,2.1696,5.9465,0.6902,1.5340,-1.5647
1624364961627,1.5947,0.5856,7.6167,0.3518,1.5939,-1.5122
1624364961637,2.2910,0.2601,7.6621,0.5241,1.3386,-1.4144
1624364961646,2.8030,1.1790,7.0950,0.7464,0.9794,-1.4865
1624364961656,2.8461,1.8131,6.8199,0.4703,0.9061,-1.5720
1624364961666,2.5566,1.8801,6.7457,0.3213,0.9916,-1.6294
1624364961675,2.0756,1.8561,6.1068,0.2064,1.1443,-1.6795
1624364961684,1.6521,1.6049,5.6282,0.0268,1.2543,-1.7284
1624364961694,1.3219,1.5403,4.3194,-0.1625,1.3215,-1.7345
1624364961704,1.2860,1.5116,3.3885,-0.3543,1.3569,-1.7357
1624364961716,1.9464,1.8011,2.6707,-0.5486,1.3936,-1.7528
1624364961723,3.0399,2.6458,1.9146,-0.8430,1.4021,-1.8005
1624364961736,4.1885,3.4665,1.7351,-1.3183,1.3984,-1.8261
1624364961742,4.9183,3.5670,1.7136,-1.8070,1.5169,-1.7834
1624364961753,4.7795,2.7032,1.6466,-2.1136,1.8920,-1.7516
1624364961761,3.8415,1.2220,1.9696,-2.1332,2.4711,-1.7675
1624364961771,2.4034,0.1261,2.6085,-1.8974,3.1284,-1.8054
1624364961782,0.9127,-0.3165,3.1301,-1.5956,3.7906,-1.8713
1624364961791,-0.1378,-0.0246,3.1828,-1.3305,4.3941,-1.9666
1624364961801,-0.6474,1.1670,3.0129,-1.2010,4.8535,-2.0180
1624364961809,-0.6115,3.2823,3.3287,-1.3561,5.1381,-1.9630
1624364961820,-0.5254,5.1654,3.1780,-1.6921,5.3141,-1.8628
1624364961829,-0.9968,4.6557,2.3955,-1.9585,5.4521,-1.7993
1624364961838,-2.3392,1.8968,2.9076,-1.8839,5.6073,-1.7467
1624364961848,-4.7607,-0.8932,4.5634,-1.6933,5.8651,-1.6563
1624364961859,-8.1346,-2.2787,6.9467,-1.7862,6.1986,-1.6246
1624364961869,-11.1998,-1.2785,10.3971,-1.9670,6.4038,-1.6783
1624364961879,-12.5350,1.7245,14.0270,-2.0208,6.3061,-1.6356
1624364961887,-11.5970,3.4258,15.5776,-1.9682,5.9115,-1.3106
1624364961896,-9.8861,2.7080,15.4962,-1.7141,5.4387,-0.8475
1624364961905,-9.3477,1.4398,15.0081,-1.3769,5.2053,-0.6582
1624364961915,-10.1254,1.1431,14.3955,-1.2877,5.1785,-0.8109
1624364961925,-11.4175,1.5164,13.3044,-1.3427,5.1186,-0.9771
1624364961939,-12.4727,1.9088,12.2420,-1.3183,4.9659,-0.8707
1624364961946,-12.9298,2.1552,11.8352,-1.4172,4.8070,-0.5788
1624364961956,-12.6403,3.0382,12.6655,-1.8754,4.6543,-0.3479
1624364961965,-11.9057,3.2703,13.8643,-2.6988,4.4980,-0.2684
1624364961975,-11.4965,1.9423,14.4171,-3.4502,4.3489,-0.2416
1624364961985,-11.9870,0.2529,14.4290,-3.6432,4.2988,-0.2025
1624364961994,-13.1858,-0.2687,14.1826,-3.3304,4.4002,-0.1304
1624364962004,-14.5258,0.5329,13.9505,-2.7856,4.5517,-0.0204
1624364962013,-15.3250,1.8561,13.4934,-2.1649,4.6311,0.1628
1624364962023,-15.5140,2.3419,13.0388,-1.6042,4.6018,0.3962
1624364962032,-15.2556,2.7008,12.9527,-1.1985,4.5016,0.6258
1624364962042,-14.6789,3.4904,13.7686,-1.0849,4.3978,0.7737
1624364962051,-14.0377,3.5431,14.3070,-1.2022,4.2634,0.8409
1624364962061,-13.6859,3.2464,14.4865,-1.1814,4.0190,0.8555
1624364962070,-13.8462,3.2081,14.6970,-1.0422,3.7612,0.8470
1624364962080,-14.0999,3.1028,14.3764,-1.0251,3.5389,0.8812
1624364962090,-13.8965,3.0980,13.9122,-1.0556,3.2848,0.9447
1624364962100,-13.2193,3.9690,13.9672,-1.1350,2.9855,0.9606
1624364962110,-12.2598,4.8376,14.1969,-1.2890,2.6629,0.8690
1624364962119,-11.3697,5.4167,13.9720,-1.3635,2.2756,0.7248
1624364962128,-11.0897,5.8426,13.9744,-1.2486,1.8847,0.5880
1624364962138,-11.4893,5.2492,14.2783,-1.1118,1.5573,0.5098
1624364962148,-11.8817,4.1509,14.0629,-0.8198,1.2359,0.4572
1624364962157,-12.1449,3.6795,14.1299,-0.4765,0.8975,0.3754
1624364962167,-12.0947,3.8853,14.3501,-0.3042,0.5945,0.3302
1624364962176,-11.7477,4.0432,14.2137,-0.1601,0.2903,0.3729
1624364962186,-11.4606,4.2442,13.7160,0.0537,-0.0481,0.4633
1624364962196,-11.4749,4.3806,13.2087,0.1258,-0.3401,0.5648
1624364962205,-11.7286,4.0839,12.9192,-0.0489,-0.5392,0.6833
1624364962215,-12.0588,3.4881,12.8282,-0.2957,-0.7481,0.7834
1624364962223,-12.0899,3.0693,12.6607,-0.4851,-1.0365,0.8299
1624364962232,-12.0373,3.1459,12.9024,-0.6060,-1.3822,0.8506
1624364962242,-12.2119,3.3373,13.3882,-0.6915,-1.7280,0.8726
1624364962251,-12.6068,3.0358,13.7782,-0.7697,-2.0578,0.8848
1624364962264,-13.1715,2.1481,14.1180,-0.8198,-2.3901,0.8531
1624364962273,-13.7768,1.3537,14.2352,-0.8577,-2.7175,0.7859
1624364962282,-14.3774,0.7100,14.5750,-0.9298,-3.0303,0.6979
1624364962292,-14.8823,0.1572,14.7999,-0.9737,-3.3528,0.5941
1624364962301,-15.3752,-0.1323,15.3718,-0.8956,-3.7084,0.4682
1624364962311,-15.9615,0.0926,16.0705,-0.7746,-4.0480,0.3253
1624364962321,-16.4353,0.1285,16.1423,-0.6769,-4.3644,0.1921
1624364962330,-16.7679,-0.2543,15.8958,-0.5865,-4.6980,0.0932
1624364962340,-16.8708,-0.8956,15.5345,-0.5486,-5.0315,-0.0131
1624364962349,-16.7487,-2.0561,15.2857,-0.6622,-5.3418,-0.1426
1624364962359,-16.4137,-3.1281,15.5321,-0.7526,-5.6130,-0.2819
1624364962369,-15.8323,-3.7526,15.8767,-0.7001,-5.8488,-0.4273
1624364962378,-15.0761,-3.8244,15.7451,-0.4619,-6.0736,-0.5470
1624364962388,-14.0879,-3.4894,15.2282,-0.0074,-6.3094,-0.6203
1624364962398,-13.2863,-2.8027,14.4841,0.4740,-6.5037,-0.6130
1624364962407,-12.1186,-2.2595,13.3714,0.8429,-6.5953,-0.5592
1624364962417,-10.7810,-2.1518,12.1152,1.1032,-6.6588,-0.5348
1624364962426,-9.4458,-2.0848,11.2633,1.3011,-6.6613,-0.5006
1624364962436,-8.2111,-1.6565,10.8685,1.4391,-6.6173,-0.4529
1624364962446,-6.9932,-0.8956,10.3230,1.5625,-6.5464,-0.3918
1624364962455,-5.8781,-0.1203,9.7654,1.7189,-6.4524,-0.2978
1624364962465,-4.6961,0.1740,9.0356,1.8863,-6.3387,-0.1719
1624364962475,-3.6480,0.1477,8.1048,2.0219,-6.1934,-0.0119
1624364962484,-2.8560,-0.0605,7.3439,2.0989,-6.0260,0.1042
1624364962494,-2.3870,-0.2089,6.8677,2.1294,-5.8097,0.1982
1624364962504,-2.1214,-0.2615,6.5112,2.0940,-5.5617,0.3363
1624364962513,-1.8510,0.0974,6.2599,2.0585,-5.3174,0.5440
1624364962522,-1.5902,0.8177,5.8986,2.0207,-5.1023,0.7688
1624364962532,-1.0829,1.2077,5.2310,1.9547,-4.9069,0.9679
1624364962542,-0.4799,1.1933,4.3433,1.9339,-4.7334,1.1463
1624364962549,-0.0014,1.0474,3.4723,1.8594,-4.5599,1.3064
1624364962559,0.3647,1.0546,3.3096,1.5833,-4.3644,1.4603
1624364962568,0.6160,1.2867,3.1158,1.1569,-4.1531,1.6154
1624364962578,0.8122,1.4135,2.7640,0.7330,-3.9942,1.7242
1624364962590,0.9007,1.2149,2.5654,0.3567,-3.8415,1.7950
1624364962600,0.9630,0.8320,2.4649,-0.0037,-3.6852,1.8561
1624364962609,0.9845,0.1979,2.1180,-0.4252,-3.5178,1.9062
1624364962619,1.0156,-0.4266,1.9888,-0.9188,-3.3761,1.9429
1624364962628,1.1281,-0.5080,1.9983,-1.3867,-3.2576,1.9551
1624364962638,1.3578,-0.2591,2.0222,-1.8400,-3.1732,1.9514
1624364962647,1.4750,-0.0079,1.4552,-2.1356,-3.1012,1.9245
1624364962657,1.4654,-0.1658,0.9192,-2.2272,-3.0083,1.8781
1624364962667,1.4630,-0.5128,0.6057,-2.2224,-2.8703,1.8366
1624364962676,1.4989,-0.7903,0.2396,-2.2627,-2.7200,1.7755
1624364962686,1.7526,-0.8741,-0.1361,-2.4508,-2.6088,1.6900
1624364962695,2.1953,-0.8382,-0.3084,-2.7440,-2.5538,1.6130
1624364962704,2.7025,-0.9052,-0.3060,-3.0360,-2.5245,1.5715
1624364962715,3.3151,-0.7807,-0.7199,-3.3085,-2.4842,1.5348
1624364962724,3.9827,-0.7544,-0.9616,-3.6102,-2.4463,1.4334
1624364962734,4.3703,-0.5343,-0.9353,-3.9364,-2.3327,1.2892
1624364962744,4.4493,-0.2926,-0.7223,-4.2651,-2.0749,1.1084
1624364962753,4.2698,-0.0820,-0.6840,-4.5119,-1.7365,0.8714
1624364962763,4.1239,0.1357,-0.6912,-4.5620,-1.4592,0.6234
1624364962772,4.2866,0.0567,-1.2128,-4.4593,-1.3101,0.4475
1624364962782,4.7627,-0.3859,-2.0264,-4.1747,-1.3003,0.3424
1624364962791,5.4279,-1.0416,-2.8806,-3.7788,-1.3761,0.2911
1624364962801,6.1745,-1.4436,-3.4190,-3.3634,-1.4066,0.3082
1624364962810,6.8421,-1.5249,-3.2563,-3.0030,-1.2906,0.3803
1624364962820,7.1077,-1.4771,-2.6533,-2.6072,-0.9986,0.4438
1624364962830,6.8397,-1.3526,-2.0695,-2.0122,-0.6027,0.4157
1624364962840,6.2583,-0.9554,-1.2822,-1.3513,-0.1837,0.3143
1624364962849,5.5691,-0.2759,-0.8348,-0.7404,0.2121,0.1934
1624364962859,5.1097,0.3463,-0.8443,-0.1674,0.4956,0.0858
1624364962868,5.1480,0.9205,-1.0669,0.3262,0.6251,0.0419
1624364962876,5.4878,1.1885,-1.2081,0.6841,0.6251,0.0724
1624364962886,5.8132,0.7507,-1.2942,0.8710,0.6092,0.1567
1624364962895,5.8706,-0.0103,-1.2511,0.9016,0.6801,0.2691
1624364962905,5.8084,-0.3931,-0.5883,0.8332,0.8474,0.3900
1624364962918,5.5907,-0.2543,0.2587,0.7354,1.0820,0.4805
1624364962926,5.2030,0.1716,0.8450,0.7269,1.3154,0.5049
1624364962936,4.8752,0.6932,1.2254,0.8014,1.4766,0.4768
1624364962945,4.8034,1.3321,1.6346,0.8063,1.5670,0.4792
1624364962955,4.8274,1.8801,1.4288,0.6866,1.6122,0.5257
1624364962965,4.9733,1.7676,1.3188,0.4654,1.5964,0.5733
1624364962974,5.1049,0.9660,1.3546,0.2968,1.5524,0.6014
1624364962984,5.1312,-0.0462,1.5796,0.1319,1.5548,0.6417
1624364962993,3.2218,-1.6541,1.2613,-0.0513,1.6355,0.6979
1624364963003,3.8559,-2.5036,11.6270,-0.1955,1.7430,0.6979
1624364963012,0.5777,-18.2579,17.7766,-1.0825,2.4234,-0.7144
1624364963022,-2.9110,-22.0912,6.8821,-3.6921,2.2744,-3.0747
1624364963032,-3.2341,-14.0968,20.2460,-8.8710,-0.6064,-2.8377
1624364963041,2.5829,-12.5989,5.5110,-9.0689,-2.6247,-1.3949
1624364963049,5.1504,-10.9455,0.1893,-1.1167,-2.3364,0.4279
1624364963060,8.5362,-3.7814,1.6897,6.9051,-0.7420,0.0565
1624364963069,9.8188,1.7748,2.1371,9.1617,0.6593,-1.3937
1624364963079,7.9428,3.6555,-3.9502,8.6412,0.7815,-1.8860
1624364963088,5.7773,5.7684,-5.3931,6.9736,-0.0542,-2.1524
1624364963099,3.9683,2.6912,-0.2103,4.1245,-0.1898,-2.4676
1624364963107,2.3005,-1.3957,3.1923,1.9156,1.1321,-1.9471
1624364963118,1.6545,-2.7405,5.5229,0.6548,2.2598,-1.2813
1624364963128,2.2742,-1.5345,5.7335,0.0403,2.1413,-1.1285
1624364963137,3.7889,-0.4051,4.7046,-0.0795,1.2054,-1.3423
1624364963147,5.5452,-0.5750,3.4268,0.3249,0.4149,-1.2923
1624364963156,6.6962,-1.8360,3.7738,1.0751,0.1938,-0.9783
1624364963166,6.4880,-1.8073,3.7092,1.8179,0.4724,-0.8011
1624364963175,5.1145,-0.4936,2.7162,2.2809,1.0087,-1.1285
1624364963186,3.9779,0.6908,2.5894,2.4214,1.5719,-1.5720
1624364963195,3.7506,1.6384,3.2593,2.4776,1.9983,-1.6637
1624364963203,4.2052,2.6530,3.9269,2.3359,2.0362,-1.4547
1624364963212,4.8656,2.8611,3.7068,1.8496,1.7650,-1.2373
1624364963222,5.3131,1.8920,3.9293,1.2876,1.5609,-1.1334
1624364963231,5.2030,0.4707,3.9389,0.8210,1.6367,-1.0687
1624364963241,4.7149,-0.3740,4.8386,0.4117,1.8993,-1.0565
1624364963250,4.0904,-0.4960,5.1497,0.1490,2.2732,-1.1432
1624364963262,3.9037,-0.2089,5.2837,0.0940,2.6470,-1.2690
1624364963272,4.4230,-0.0103,5.5588,0.1966,2.8828,-1.2910
1624364963281,5.1456,-0.0079,6.2623,0.3200,2.8572,-1.1896
1624364963291,5.4662,-0.2448,6.1810,0.2455,2.7949,-1.0626
1624364963301,4.9853,-0.5391,5.8675,0.1111,2.9781,-1.1114
1624364963310,3.7841,-0.6994,5.7144,0.1356,3.4375,-1.3142
1624364963320,2.5470,-0.1873,5.8364,0.3164,4.0190,-1.5012
1624364963329,1.6114,0.8847,5.6378,0.4984,4.5260,-1.6539
1624364963339,1.3913,2.2677,5.6928,0.4679,4.8425,-1.7651
1624364963349,1.7430,4.0551,5.2717,0.1796,4.9475,-1.8164
1624364963358,2.0158,4.1198,3.7738,-0.3678,4.9390,-1.8115
1624364963367,1.7717,1.2412,5.5732,-0.9481,5.0404,-1.6954
1624364963377,0.6710,-1.8073,7.2625,-1.0092,5.4130,-1.5952
1624364963387,-1.4873,-2.7835,7.3606,-1.0910,5.9567,-1.7504
1624364963397,-3.7940,-1.6134,7.0065,-1.2206,6.4564,-2.0729
1624364963407,-5.0287,1.0354,5.2693,-0.6598,6.7630,-2.2220
1624364963415,-6.4261,4.4571,7.8416,0.5277,6.9964,-1.9899
1624364963426,-7.8211,6.7136,11.4739,1.6701,7.2847,-1.5793
1624364963435,-8.4696,6.4408,12.9072,2.4410,7.2041,-1.5793
1624364963445,-8.9457,4.9907,14.0892,2.7647,6.5908,-2.0741
1624364963455,-9.3549,3.3636,14.5774,2.4630,5.8822,-2.5079
1624364963464,-9.7904,1.8394,13.9241,1.9083,5.4265,-2.5531
1624364963474,-10.4197,1.4661,12.8881,1.6749,5.2383,-2.3222
1624364963483,-11.2046,2.5142,12.4286,1.6334,5.1931,-2.0790
1624364963493,-11.8387,4.0719,12.5914,1.5344,5.0990,-1.9923
1624364963503,-12.3076,5.1439,13.0556,1.3072,4.9121,-1.9935
1624364963512,-12.6020,5.4526,13.2948,0.9663,4.7093,-1.9251
1624364963521,-12.7049,5.4406,13.3355,0.5619,4.5273,-1.7651
1624364963529,-12.4727,5.4406,12.9359,0.1966,4.3244,-1.5965
1624364963539,-12.1497,5.8761,12.7469,-0.0599,4.0862,-1.4621
1624364963549,-11.7693,6.2374,12.7325,-0.2603,3.8333,-1.3313
1624364963558,-11.4773,6.2159,12.4023,-0.3983,3.5597,-1.1762
1624364963568,-11.4462,6.1034,12.1774,-0.4985,3.2677,-1.0308
1624364963579,-11.5898,5.9694,11.9812,-0.6781,3.0184,-0.8769
1624364963589,-11.5348,5.6918,11.5983,-0.9224,2.7973,-0.7021
1624364963599,-11.3768,5.6177,11.2274,-1.1533,2.5713,-0.5360
1624364963608,-11.0371,5.8665,10.9427,-1.4111,2.3587,-0.3857
1624364963618,-10.5059,5.8498,10.8278,-1.6995,2.1596,-0.2538
1624364963628,-10.0440,5.4406,10.6867,-1.9084,1.9445,-0.1695
1624364963637,-9.8598,4.9309,10.4976,-2.0391,1.7430,-0.1585
1624364963647,-10.0488,4.2633,10.6149,-2.1894,1.6061,-0.1695
1624364963656,-10.5441,3.7991,10.8613,-2.2896,1.5206,-0.1438
1624364963666,-10.9605,3.6412,11.0815,-2.2492,1.4265,-0.0852
1624364963675,-11.0347,3.8398,11.5361,-2.0464,1.3092,-0.0070
1624364963685,-10.7691,4.1796,11.8950,-1.6726,1.1687,0.0504
1624364963694,-10.5681,4.3327,12.0386,-1.2071,0.9965,0.0565
1624364963705,-10.6710,4.2633,12.1606,-0.7331,0.8401,0.0529
1624364963714,-11.1208,4.1461,12.2540,-0.2945,0.7411,0.0956
1624364963724,-11.7358,4.3160,12.6488,0.1111,0.6287,0.1775
1624364963733,-12.3866,5.1128,13.4552,0.5167,0.4467,0.2435
1624364963743,-12.9106,6.2039,14.0318,0.8906,0.1828,0.2740
1624364963752,-13.2265,7.0557,14.1539,1.1936,-0.1531,0.2886
1624364963762,-13.3868,7.7233,14.0366,1.3707,-0.5380,0.3070
1624364963771,-13.5136,8.3790,14.0175,1.2876,-0.9387,0.3167
1624364963781,-13.8008,8.4053,14.7234,0.9407,-1.3517,0.3241
1624364963791,-14.4014,8.4412,16.7022,0.4605,-1.7731,0.3546
1624364963800,-14.8967,8.1612,18.7146,-0.1051,-2.1824,0.4108
1624364963810,-15.2532,7.2017,19.5760,-0.6427,-2.6088,0.5220
1624364963820,-15.5332,6.1393,19.7770,-0.9652,-3.0645,0.6454
1624364963829,-15.9830,4.9883,18.6380,-1.1362,-3.4799,0.7040
1624364963837,-16.1697,3.4282,17.9585,-1.1326,-3.8733,0.6869
1624364963848,-16.3300,2.0189,17.8077,-0.9346,-4.2117,0.6600
1624364963858,-16.2534,1.3560,17.7144,-0.5425,-4.5770,0.6124
1624364963866,-15.7677,1.7652,17.6474,-0.0208,-4.9484,0.6124
1624364963875,-14.8129,2.7702,17.2143,0.5216,-5.3125,0.6405
1624364963885,-13.5878,3.5742,16.3529,0.9834,-5.6118,0.6992
1624364963895,-12.4297,3.8015,15.0607,1.3292,-5.8012,0.7981
1624364963908,-11.5132,3.6268,13.9050,1.5870,-5.8610,0.9154
1624364963916,-10.8983,3.0956,13.0747,1.7702,-5.8427,1.0156
1624364963925,-10.4365,2.5740,12.1822,1.9535,-5.7914,1.1182
1624364963935,-9.9077,2.5883,11.6007,2.1367,-5.7279,1.2563
1624364963945,-9.0989,2.9401,10.9642,2.3041,-5.6534,1.4077
1624364963954,-8.0006,3.1602,10.3086,2.4923,-5.5910,1.5421
1624364963964,-6.8879,3.3684,9.8396,2.6890,-5.5116,1.6509
1624364963973,-5.8853,3.2966,9.1935,2.8160,-5.3662,1.7596
1624364963983,-5.0311,2.8372,8.3848,2.8771,-5.1708,1.8854
1624364963992,-4.5741,2.3658,8.6336,2.9370,-4.9570,2.0174
1624364964002,-4.9282,2.4256,11.2777,2.9614,-4.7175,2.1554
1624364964012,-5.9140,3.8876,12.8163,2.8221,-4.5428,2.2837
1624364964021,-6.0289,3.1076,6.1977,2.2760,-4.5318,2.2935
1624364964031,-3.7892,-0.2471,-2.7395,1.0983,-4.4512,2.1261
1624364964040,-1.4825,-3.5947,-2.7108,-0.1747,-3.8598,1.9526
1624364964050,-0.6953,-7.6266,5.5636,-1.5003,-3.2185,1.9001
1624364964060,-1.5567,-9.0240,11.9357,-1.9585,-3.6949,1.5055
1624364964069,0.5442,-4.5758,4.4534,-0.5510,-5.2697,0.7627
1624364964079,3.6142,-1.5800,5.1090,2.1502,-6.3167,0.9618
1624364964089,4.7484,1.9782,5.0994,4.1770,-5.4322,2.3424
1624364964098,3.5950,4.4404,2.8119,5.4635,-3.4640,2.9117
1624364964107,2.0254,7.2783,0.3904,6.1636,-1.7927,2.3033
1624364964117,0.4341,8.8623,0.7301,6.1416,-0.8605,1.6350
1624364964127,-0.4440,8.6494,0.4837,4.7708,-0.7750,2.0308
1624364964137,-0.1330,6.2685,0.1199,2.8148,-1.6131,2.9667
1624364964145,0.6399,3.1339,-0.0667,1.1056,-2.6626,3.5494
1624364964156,1.1041,0.5114,-0.0140,-0.1857,-3.0132,3.5946
1624364964165,1.3147,-1.0559,0.2851,-1.1375,-2.7200,3.4053
1624364964175,1.2908,-1.6015,0.9527,-1.7825,-2.3547,3.2794
1624364964184,1.3027,-2.1997,1.8571,-2.0953,-2.1995,3.2953
1624364964192,1.7765,-2.6304,2.0294,-2.0513,-2.2374,3.3454
1624364964202,2.4369,-3.0252,1.1991,-1.7117,-2.3730,3.1829
1624364964211,3.3055,-3.3793,0.0697,-1.1106,-2.4463,2.8689
1624364964221,4.2626,-3.5827,-0.7750,-0.3898,-2.4231,2.5928
1624364964235,5.0930,-3.3028,-1.0812,0.2516,-2.2643,2.4535
1624364964242,5.8276,-2.3313,-0.4041,0.6988,-1.9454,2.3546
1624364964252,6.0788,-0.2735,0.0003,0.9505,-1.5190,2.0931
1624364964261,5.9161,2.0763,-0.7439,0.9847,-1.0829,1.6374
1624364964271,5.9568,3.6077,-1.2846,0.8405,-0.7139,1.2123
1624364964281,6.2248,3.8039,-1.9068,0.5180,-0.5441,0.9936
1624364964290,6.5861,2.5524,-1.4497,-0.1234,-0.6394,1.0082
1624364964300,6.3779,0.8871,-0.8755,-1.0019,-0.7359,1.2282
1624364964309,5.8898,-0.7712,-0.6984,-1.8082,-0.5966,1.4517
1624364964319,5.8658,-2.0202,0.1917,-1.9817,-0.3071,1.5018
1624364964329,5.9520,-2.2428,0.2659,-1.4319,-0.0456,1.2624
1624364964338,5.9998,-1.4244,-0.3084,-0.7392,0.1339,0.8555
1624364964347,6.2319,-0.4721,-0.4663,-0.2969,0.2928,0.5819
1624364964358,6.2439,0.2529,-1.2631,0.0207,0.4675,0.4719
1624364964367,6.3420,0.5832,-1.3038,0.2492,0.6581,0.3167
1624364964377,6.1649,0.5999,-0.3921,0.3420,0.8658,0.1579
1624364964386,5.5069,0.3702,0.5219,0.2675,1.1174,0.0846
1624364964396,4.8250,-0.1036,1.0460,0.2492,1.3288,-0.0045
1624364964406,4.5833,-0.3524,1.3188,0.4911,1.4461,-0.1182
1624364964415,4.8513,0.2721,0.6990,0.9174,1.4656,-0.2684
1624364964425,5.5237,0.6262,-0.0739,1.3390,1.3593,-0.4700
1624364964435,6.0788,0.9588,-0.2749,1.7421,1.2604,-0.5971
1624364964444,5.8276,1.4661,0.1893,1.9205,1.2970,-0.6961
1624364964454,4.9685,1.9255,0.5339,1.8044,1.4803,-0.7913
1624364964463,4.1430,2.4807,0.6703,1.6200,1.7002,-0.8365
1624364964473,4.0545,2.9042,0.7756,1.3781,1.7906,-0.8316
1624364964482,4.3057,3.5479,0.2731,1.2034,1.7100,-0.8378
1624364964492,5.1241,2.7965,6.1690,0.9785,1.5670,-0.8683
1624364964502,1.5827,5.3999,8.5355,0.2797,1.7576,-0.9746
1624364964511,-2.5928,3.1650,22.5766,-1.4673,1.8627,-1.6380
1624364964520,-2.3990,2.3826,13.7232,-3.4587,1.1834,-0.8451
1624364964528,2.9011,0.1309,6.2958,-3.1252,-0.6993,0.0174
1624364964538,8.0983,1.0952,1.3714,-0.8430,-1.7267,-0.0058
1624364964548,10.6898,1.2340,-1.6770,0.5241,-1.9894,-0.6179
1624364964557,9.9384,2.1241,2.7186,0.2577,-1.5850,-0.8659
1624364964567,4.8704,3.2105,4.6328,-0.5266,-0.3877,-0.8231
1624364964578,0.4054,0.5353,6.0948,-0.9383,0.6263,-0.9990
1624364964588,-0.7886,-1.2617,5.0396,0.0061,0.8878,-1.3423
1624364964597,1.3530,-0.6468,2.6228,0.7073,0.3746,-1.5158
1624364964607,5.3921,1.2651,1.1106,0.6071,-0.5807,-1.4792
1624364964616,7.9596,3.1554,0.1630,0.6010,-1.0548,-1.4266
1624364964626,7.1628,4.3136,1.6059,0.7318,-0.6821,-1.6514
1624364964636,4.2028,4.0863,5.2765,0.7330,0.2158,-1.8836
1624364964646,1.4056,3.0741,8.0211,0.5375,0.9696,-1.8494
1624364964655,0.5514,2.0069,8.4207,0.3164,1.0331,-1.7516
1624364964665,1.5444,1.2484,7.6430,0.0781,0.5994,-1.6624
1624364964674,2.9586,0.7004,6.3700,-0.1735,0.1559,-1.5623
1624364964684,3.8319,0.6143,4.6783,-0.2603,-0.0542,-1.5244
1624364964694,4.3057,1.3848,3.4101,-0.1796,0.0106,-1.5745
1624364964703,4.6503,2.5644,2.0725,-0.1222,0.2195,-1.6759
1624364964712,4.7771,3.3134,1.8069,-0.0574,0.3966,-1.8322
1624364964721,4.2363,2.9712,2.0486,0.0403,0.5994,-1.9495
1624364964732,3.0662,2.1433,3.0153,0.0146,0.8596,-2.0253
1624364964742,1.8004,1.3800,3.7116,-0.1662,1.1443,-2.0583
1624364964752,0.9845,0.6023,4.0777,-0.4802,1.3581,-2.0485
1624364964761,0.9414,0.0663,4.5084,-0.7612,1.4534,-2.0363
1624364964771,1.4798,0.0520,4.7572,-1.0886,1.4888,-2.0595
1624364964781,1.9655,0.2147,5.1210,-1.4942,1.5243,-2.1328
1624364964790,2.0636,-0.3740,4.9152,-1.7972,1.6452,-2.2464
1624364964800,1.6712,-1.5991,4.3313,-1.7960,1.8859,-2.3735
1624364964809,1.0276,-2.3983,3.7714,-1.5675,2.2194,-2.4969
1624364964817,0.4916,-1.9006,2.7305,-1.4184,2.5957,-2.6679
1624364964829,0.3073,-0.4625,1.3331,-1.4747,2.9720,-2.9269
1624364964838,0.5035,0.9134,-0.7415,-1.6579,3.3422,-3.1713
1624364964846,0.7954,1.5283,-3.5459,-1.9499,3.6733,-3.3154
1624364964855,0.7859,1.2938,-6.1708,-2.4398,4.0202,-3.3728
1624364964865,0.0058,0.1740,-5.8262,-3.1093,4.3941,-3.3643
1624364964875,-1.8008,-1.9484,-2.5385,-3.7336,4.9598,-3.2165
1624364964885,-5.5551,-2.6256,3.4221,-4.1319,5.8687,-3.0515
1624364964894,-10.2833,-0.8932,9.0237,-4.2810,6.8486,-3.0979
1624364964905,-12.2072,0.1237,9.0835,-3.8619,7.2212,-3.2177
1624364964915,-11.9655,0.0591,9.9114,-2.5388,6.9939,-2.9208
1624364964924,-10.9007,1.7748,10.3971,-1.2767,6.8095,-2.2525
1624364964934,-10.6135,3.3708,9.8181,-0.9139,6.8119,-1.9129
1624364964944,-12.3914,3.8159,10.1889,-0.8210,6.8449,-1.9996
1624364964953,-15.6696,5.1391,12.6129,-0.6915,6.9060,-2.1866
1624364964963,-18.4716,6.3235,14.8837,-1.0067,6.8828,-2.1915
1624364964972,-19.0698,5.6583,16.1423,-1.4588,6.5761,-1.9129
1624364964982,-18.8329,4.7706,17.0827,-1.4795,6.1962,-1.5048
1624364964992,-18.7372,5.0123,17.1162,-1.2438,5.9836,-1.2568
1624364965001,-18.9573,5.7995,16.4151,-1.0019,5.9200,-1.1469
1624364965010,-19.3617,6.5437,15.3431,-0.8467,5.7649,-0.9893
1624364965021,-20.0413,6.6274,14.6875,-0.9909,5.4875,-0.7437
1624364965030,-20.5916,6.2206,14.6516,-1.4954,5.1821,-0.5201
1624364965040,-20.6658,5.7158,14.8956,-2.2150,4.8938,-0.4065
1624364965049,-20.2207,4.1820,15.8360,-2.9749,4.6152,-0.3540
1624364965059,-19.4718,2.1552,16.9439,-3.3244,4.3416,-0.3088
1624364965068,-18.7802,1.2699,17.3985,-2.9639,4.0239,-0.3527
1624364965078,-18.2012,2.1385,17.3315,-2.0782,3.6769,-0.4566
1624364965086,-17.3158,4.2418,16.7166,-1.0593,3.2603,-0.5152
1624364965097,-15.9711,6.2374,15.9150,-0.2933,2.7277,-0.5604
1624364965107,-14.5473,7.9842,15.4651,0.0562,2.1473,-0.6435
1624364965117,-13.2145,9.0849,15.0272,0.0268,1.5878,-0.7669
1624364965126,-12.2119,9.5084,14.6875,-0.2224,0.9953,-0.9001
1624364965136,-11.8458,9.3768,14.2879,-0.4936,0.3893,-1.0003
1624364965146,-11.7884,8.8216,13.8213,-0.7074,-0.1434,-1.0064
1624364965155,-11.6544,8.6422,13.5939,-0.7380,-0.5539,-0.9147
1624364965165,-11.1998,8.7570,13.2757,-0.5999,-0.8727,-0.7816
1624364965172,-10.6422,9.1160,13.1465,-0.3849,-1.1256,-0.6044
1624364965182,-10.2450,9.4222,13.1058,-0.1564,-1.3211,-0.3955
1624364965192,-10.1756,9.4031,12.7253,-0.0404,-1.4702,-0.1731
1624364965201,-10.4053,9.0442,12.3090,-0.0428,-1.5887,0.0443
1624364965213,-10.6016,8.5106,11.8902,-0.1173,-1.6913,0.2557
1624364965223,-10.5178,7.7760,11.3399,-0.2395,-1.8037,0.4756
1624364965232,-10.2809,7.1491,11.0743,-0.3592,-1.9405,0.6894
1624364965242,-10.0393,6.5963,11.3423,-0.4899,-2.0847,0.8543
1624364965251,-9.9579,6.2542,11.8735,-0.6671,-2.2130,0.9814
1624364965261,-10.0704,6.1728,12.2875,-0.9249,-2.3290,1.0901
1624364965270,-10.3479,6.0412,12.4693,-1.2645,-2.4476,1.1915
1624364965280,-10.6279,5.6368,12.4358,-1.5968,-2.5844,1.2843
1624364965290,-10.8552,4.8232,12.4932,-1.9499,-2.7395,1.3430
1624364965299,-11.1256,3.4426,12.9503,-2.3690,-2.9093,1.3760
1624364965309,-11.4271,1.7604,14.0486,-2.7807,-3.0975,1.3919
1624364965318,-11.9487,-0.4601,15.8097,-3.0372,-3.3162,1.3577
1624364965328,-12.7144,-3.3052,17.6474,-2.8430,-3.5508,1.2709
1624364965338,-13.9156,-5.7171,19.5234,-2.0061,-3.7658,1.1377
1624364965347,-15.3370,-6.1981,20.3991,-0.7160,-3.9723,0.9227
1624364965357,-16.6171,-5.3319,20.5906,0.3029,-4.2471,0.6368
1624364965367,-17.2512,-5.0471,20.0881,0.7525,-4.6027,0.4035
1624364965376,-17.3421,-5.2529,19.2458,0.9529,-4.9948,0.2581
1624364965386,-16.8971,-5.6454,18.3102,0.9248,-5.3223,0.1042
1624364965395,-16.1242,-6.0282,17.3555,0.7330,-5.5617,-0.0669
1624364965405,-15.0355,-6.1502,16.8410,0.5534,-5.7621,-0.2477
1624364965415,-13.4897,-5.7458,15.9126,0.5192,-6.0015,-0.4847
1624364965424,-11.7477,-5.1046,14.9626,0.6866,-6.2825,-0.7498
1624364965434,-9.9579,-4.5590,13.6753,1.0250,-6.5257,-0.9184
1624364965444,-8.3595,-3.9058,12.4837,1.5784,-6.6539,-0.9612
1624364965453,-6.9764,-2.8075,11.3854,2.2125,-6.6674,-0.9294
1624364965463,-5.7513,-1.3909,10.0909,2.7439,-6.6197,-0.8475
1624364965472,-4.5717,-0.2448,8.7150,3.1276,-6.5342,-0.6973
1624364965482,-3.3537,0.0328,7.4181,3.4721,-6.4023,-0.4725
1624364965491,-2.2937,-0.0533,6.3341,3.8044,-6.2300,-0.2232
1624364965499,-1.4442,0.2649,5.4847,4.0206,-6.0211,-0.0094
1624364965509,-0.7025,0.9852,5.0587,4.0231,-5.7841,0.2007
1624364965518,0.0058,1.4637,4.7740,3.9681,-5.5532,0.4548
1624364965528,0.5657,1.4876,4.0322,4.0182,-5.3357,0.7492
1624364965538,0.8170,1.4015,3.1612,4.1282,-5.1072,1.0486
1624364965549,1.4248,1.2268,2.3788,4.1893,-4.8311,1.3467
1624364965559,2.0517,1.0809,2.0773,4.2430,-4.5550,1.6594
1624364965568,2.4585,1.2388,1.9098,4.2137,-4.2520,1.9099
1624364965578,2.5853,1.6599,1.3499,4.0231,-3.9356,2.0602
1624364965587,2.6499,1.9997,0.5315,3.7152,-3.6057,2.1371
1624364965596,2.7456,1.9279,-0.0547,3.3475,-3.2502,2.2043
1624364965606,2.7959,1.6958,-0.7032,2.9382,-2.8715,2.2886
1624364965616,2.7911,1.3441,-1.0908,2.4153,-2.5233,2.3521
1624364965626,2.6810,0.7650,-1.0023,1.8448,-2.2447,2.3827
1624364965636,2.5159,0.1453,-0.4376,1.3548,-2.0065,2.3864
1624364965645,2.3388,-0.0103,0.1439,0.9248,-1.7341,2.3754
1624364965655,2.0732,0.0687,0.1247,0.5742,-1.4286,2.3314
1624364965664,1.8507,-0.1443,-0.1337,0.3872,-1.1708,2.2324
1624364965673,1.6928,-0.4769,-0.2318,0.3921,-0.9717,2.1029
1624364965683,1.6042,-0.5367,-0.0810,0.3652,-0.7860,1.9917
1624364965693,1.4798,-0.4816,0.1535,0.1759,-0.6198,1.9062
1624364965703,1.4511,-0.5056,0.4789,0.0085,-0.5062,1.8244
1624364965712,1.5659,-0.5008,0.6895,-0.0123,-0.3975,1.7376
1624364965722,1.8411,-0.5056,0.6990,0.0170,-0.2985,1.6362
1624364965732,2.3747,-0.5032,0.9790,0.0317,-0.2594,1.5067
1624364965741,3.0160,-0.1323,1.3977,-0.0037,-0.2655,1.3809
1624364965750,3.4323,0.3271,1.0436,-0.1161,-0.2912,1.2453
1624364965760,3.8702,0.4827,0.6129,-0.2212,-0.3205,1.0986
1624364965770,4.4804,0.6908,0.4286,-0.1650,-0.3584,0.9581
1624364965779,4.9853,1.1407,0.3999,-0.1442,-0.3584,0.8384
1624364965789,5.2868,1.5642,0.3592,-0.2163,-0.3156,0.7443
1624364965799,5.4088,1.7820,0.3784,-0.2285,-0.2399,0.6649
1624364965808,5.5380,2.0093,0.9120,-0.2529,-0.1263,0.6429
1624364965818,5.7031,2.4113,1.7016,-0.3336,-0.0322,0.6185
1624364965826,5.8587,2.5644,1.7854,-0.4667,0.0325,0.5525
1624364965835,6.1793,2.4161,1.1967,-0.6231,0.0570,0.5037
1624364965845,6.9259,2.3132,1.0795,-0.7025,-0.0249,0.5000
1624364965855,7.5623,2.0882,1.0484,-0.6891,-0.1324,0.5024
1624364965865,7.7131,1.6862,0.7828,-0.6048,-0.1043,0.4890
1624364965875,7.5791,1.3010,0.7947,-0.4288,0.0619,0.4426
1624364965885,7.3231,1.3704,1.0723,-0.2102,0.2952,0.4023
1624364965895,7.2298,1.7245,1.7567,-0.0318,0.5041,0.3290
1624364965904,7.3326,2.0643,2.7090,0.1527,0.6568,0.2251
1624364965914,7.2728,2.4113,3.1110,0.3396,0.7595,0.1359
1624364965924,7.1388,2.6721,3.1110,0.4520,0.8083,0.0748
1624364965933,7.0479,2.6721,2.5989,0.5424,0.8303,0.0431
1624364965943,7.2944,2.6553,2.3094,0.6756,0.8328,-0.0143
1624364965952,7.5935,2.7846,2.4386,0.7281,0.8267,-0.0742
1624364965962,7.5623,2.8492,2.4793,0.6743,0.8499,-0.0864
1624364965972,7.2082,2.8061,2.6133,0.6059,0.9268,-0.0656
1624364965981,6.8971,2.8324,2.9220,0.6133,1.0515,-0.0388
1624364965991,6.7512,2.9664,3.3766,0.6389,1.1480,-0.0302
1624364966000,6.7823,3.1794,3.8217,0.6523,1.1797,-0.0278
1624364966010,6.7703,3.4641,3.8217,0.6218,1.1687,-0.0094
1624364966020,6.6746,3.5814,3.6039,0.5399,1.1492,0.0174
1624364966029,6.5574,3.5574,3.4795,0.4349,1.1419,0.0529
1624364966039,6.3755,3.4593,3.4890,0.2883,1.1590,0.1054
1624364966048,6.1075,3.1339,3.5680,0.1111,1.1712,0.1714
1624364966057,5.9807,2.6864,3.6135,-0.0110,1.1797,0.2276
1624364966068,5.7175,2.9521,3.9054,-0.0599,1.1785,0.2532
1624364966077,5.2198,1.5307,5.5445,-0.1576,1.1736,0.2215
1624364966087,4.7915,1.5259,5.1257,-0.4460,1.2213,-0.1512
1624364966097,4.8130,-0.1347,10.4904,-1.1717,0.9146,-0.6753
1624364966106,4.8872,-2.0178,13.2805,-2.2456,0.5212,0.2178
1624364966116,4.8800,-2.1901,10.3612,-2.1124,-0.0188,0.8897
1624364966125,5.3131,-1.0200,7.9636,-0.9481,-0.4366,0.3558
1624364966135,5.9137,1.3034,6.3006,0.1478,-0.4036,-0.2135
1624364966145,6.3133,3.7345,4.5060,0.5424,-0.3254,-0.4309
1624364966153,6.4832,4.7060,3.8408,0.4117,-0.3401,-0.6020
1624364966162,6.2008,3.8637,3.5536,-0.0025,-0.3071,-0.6496
1624364966172,5.8467,1.9949,3.4843,-0.5620,-0.2680,-0.5446
1624364966181,5.5978,0.2195,3.9365,-0.9933,-0.2692,-0.4370
1624364966191,5.2892,-1.0488,4.5539,-1.0971,-0.2228,-0.4541
1624364966201,4.7269,-1.4771,4.7668,-0.9334,-0.0872,-0.6069
1624364966212,4.4493,-0.9482,4.8960,-0.6280,0.0753,-0.8316
1624364966221,4.6000,0.0807,5.7503,-0.2798,0.2085,-1.0406
1624364966231,4.7269,0.8775,5.8867,0.0684,0.2610,-1.1774
1624364966241,5.0188,1.2747,4.8984,0.3860,0.2598,-1.3118
1624364966250,5.6313,1.1838,4.7668,0.6670,0.2280,-1.4279
1624364966260,5.8323,1.5307,4.3553,0.9174,0.1889,-1.4621
1624364966270,5.0906,1.7820,3.9006,0.9590,0.2561,-1.5561
1624364966279,3.9588,1.7700,4.4366,0.9040,0.4577,-1.6514
1624364966289,3.3151,2.1170,4.4845,0.8246,0.6740,-1.6832
1624364966298,3.6046,2.5070,4.7142,0.5571,0.7387,-1.7150
1624364966308,4.2411,2.3586,4.9391,0.2736,0.6434,-1.6673
1624364966318,4.5043,1.5905,4.6472,0.1429,0.5628,-1.5916
1624364966327,4.2698,1.0641,4.9463,0.2223,0.6116,-1.6124
1624364966336,3.7243,1.5235,4.6735,0.4166,0.7595,-1.6820
1624364966345,3.2457,2.1576,3.8169,0.5754,0.9244,-1.7675
1624364966356,3.2002,2.6960,3.4221,0.7049,1.0295,-1.8176
1624364966366,3.4084,3.0382,3.3431,0.6511,1.0808,-1.8078
1624364966375,3.4874,3.2559,3.3072,0.3359,1.1174,-1.7516
1624364966384,3.2648,2.9497,3.6996,-0.1173,1.1981,-1.6698
1624364966394,2.9801,2.5237,4.3864,-0.4032,1.3630,-1.5989
1624364966404,2.6786,2.1241,4.8051,-0.4838,1.5072,-1.6526
1624364966414,2.3005,1.8442,4.6735,-0.4802,1.6073,-1.7516
1624364966423,1.8722,1.1239,4.3409,-0.4985,1.7210,-1.8213
1624364966433,1.4559,0.5592,4.1925,-0.4789,1.8590,-1.8836
1624364966442,1.0539,0.5520,4.2835,-0.5070,2.0301,-1.9618
1624364966452,0.8433,0.8057,4.3624,-0.7050,2.2206,-2.0204
1624364966462,0.6399,0.8679,4.3505,-0.9371,2.4051,-2.0766
1624364966471,0.2834,0.4300,4.0801,-1.2279,2.5957,-2.1536
1624364966479,-0.2143,-0.5271,3.8528,-1.5516,2.8327,-2.2550
1624364966489,-0.9896,-1.2043,3.3742,-1.8241,3.1223,-2.3820
1624364966498,-1.8845,-1.6924,2.0462,-2.0684,3.4656,-2.5237
1624364966508,-2.6335,-2.3648,0.4932,-2.2016,3.8590,-2.6288
1624364966519,-3.2412,-2.7692,-0.3299,-2.1222,4.2707,-2.6227
1624364966529,-4.0381,-2.7165,0.0314,-1.9817,4.6714,-2.5482
1624364966539,-5.2057,-0.9961,2.3596,-1.9132,5.0648,-2.5005
1624364966548,-6.6055,0.7052,5.5660,-1.9548,5.4570,-2.5824
1624364966558,-7.3808,0.7578,7.0233,-1.9328,5.7087,-2.7632
1624364966567,-7.9958,0.0400,7.4372,-1.5553,5.7942,-2.9831
1624364966577,-9.1970,-0.6276,8.4039,-1.1973,5.9225,-3.1322
1624364966587,-10.8145,0.2505,9.3610,-0.8748,6.1424,-3.1908
1624364966596,-12.5685,2.3945,10.4713,-0.6439,6.3232,-3.1920
1624364966606,-13.8343,4.3973,11.4500,-0.5510,6.3574,-3.0564
1624364966616,-14.1190,6.1130,11.5385,-0.5584,6.2255,-2.7803
1624364966625,-13.9037,7.2017,11.1533,-0.8357,6.0349,-2.4260
1624364966635,-13.7840,7.4362,11.0169,-1.2535,5.8785,-2.0436
1624364966644,-14.2434,6.4049,11.4691,-1.4771,5.7673,-1.7272
1624364966654,-15.2389,5.5507,11.6773,-1.3488,5.6219,-1.5183
1624364966664,-16.7224,5.5172,11.8520,-1.1240,5.4448,-1.3839
1624364966673,-18.2538,5.4765,12.0530,-1.0470,5.2908,-1.1530
1624364966682,-19.3880,6.0220,12.1104,-1.0300,5.1442,-0.8146
1624364966692,-19.9336,6.6442,12.6225,-1.1411,5.0196,-0.5201
1624364966702,-20.0173,6.7207,13.1226,-1.3781,4.9463,-0.3039
1624364966712,-20.0221,6.9935,14.1180,-1.5528,4.8633,-0.2440
1624364966721,-20.1705,6.4528,15.1756,-1.6823,4.7789,-0.3234
1624364966731,-20.1489,5.7612,15.5752,-1.5284,4.6201,-0.4077
1624364966740,-19.8833,5.7445,15.4412,-1.1216,4.3354,-0.4981
1624364966750,-19.1487,6.2254,14.7975,-0.7575,3.9152,-0.5739
1624364966760,-18.0169,6.6920,13.9744,-0.5547,3.3507,-0.6301
1624364966769,-16.7655,6.8356,13.1058,-0.5229,2.7069,-0.6582
1624364966779,-15.4518,6.6561,12.6129,-0.6133,2.0520,-0.6741
1624364966788,-14.4708,7.2687,13.1034,-0.7477,1.4363,-0.7266
1624364966798,-13.5112,8.3742,13.7255,-0.9359,0.8670,-0.8243
1624364966808,-11.9990,9.7620,13.7710,-1.0971,0.3441,-0.9245
1624364966815,-10.7499,10.6067,13.1561,-1.1949,-0.1214,-1.1176
1624364966825,-9.8981,9.5347,11.6988,-1.2608,-0.4818,-1.3155
1624364966835,-9.8287,6.9505,9.7726,-0.9896,-0.6980,-1.3032
1624364966844,-10.1206,3.8661,8.3991,-0.6256,-0.7335,-0.9563
1624364966854,-9.8765,1.8896,7.7028,-0.5364,-0.7274,-0.4297
1624364966865,-9.3382,1.9854,7.5353,-0.4582,-0.8764,-0.1230
1624364966875,-8.6969,3.6938,7.9660,-0.0428,-1.0523,-0.0644
1624364966885,-7.9168,5.4908,8.5211,0.4544,-1.1378,0.0944
1624364966894,-7.0722,6.8715,9.0141,0.7305,-1.1757,0.4243
1624364966904,-6.6678,7.6468,9.1002,0.6804,-1.2160,0.7162
1624364966914,-7.1248,7.5774,8.8920,0.3029,-1.2478,0.8201
1624364966923,-8.3475,6.6035,8.7365,-0.2700,-1.2295,0.7224
1624364966933,-9.6995,5.1511,9.1409,-0.8723,-1.1843,0.5745
1624364966942,-10.8791,3.6532,10.2871,-1.3574,-1.2014,0.5770
1624364966952,-11.7310,2.5118,11.4548,-1.5186,-1.3529,0.7272
1624364966961,-12.4393,2.5070,12.5124,-1.3012,-1.6046,0.8714
1624364966971,-13.1164,3.8518,13.6514,-0.7661,-1.8770,0.9191
1624364966980,-13.6787,5.3856,14.7186,-0.1014,-2.1556,0.9081
1624364966990,-14.1142,6.4934,15.2641,0.5070,-2.5086,0.8946
1624364966999,-14.5904,6.8284,15.6207,0.9248,-2.8886,0.9264
1624364967009,-15.1360,6.4456,15.5345,1.1166,-3.1977,1.0266
1624364967019,-15.7294,6.1249,15.7929,1.2473,-3.4213,1.1402
1624364967029,-16.1146,6.4886,16.3313,1.3072,-3.6069,1.2514
1624364967038,-16.0165,6.7399,16.5419,1.2498,-3.8098,1.3992
1624364967048,-15.5260,6.2996,16.5132,1.1239,-4.0419,1.6191
1624364967058,-14.9422,5.5004,16.2739,1.0152,-4.2520,1.8109
1624364967067,-14.5593,4.5193,15.9102,0.8772,-4.4109,1.8806
1624364967077,-14.3296,3.5790,15.3575,0.7757,-4.5526,1.8830
1624364967086,-14.0281,2.6123,14.8071,0.7403,-4.6833,1.9245
1624364967096,-13.5663,1.7317,14.3596,0.7953,-4.8079,2.0272
1624364967105,-12.9298,1.3225,14.1826,0.9773,-4.9460,2.1005
1624364967115,-12.0349,1.2484,13.7471,1.2119,-5.0865,2.1200
1624364967125,-10.9725,1.0474,13.2087,1.4501,-5.2001,2.1261
1624364967135,-9.8981,0.9038,12.5961,1.7043,-5.2636,2.1322
1624364967142,-8.9721,1.1024,11.9190,1.8875,-5.2575,2.1225
1624364967151,-8.0795,1.3489,11.0695,1.9914,-5.1928,2.1225
1624364967161,-7.3569,1.2890,10.2823,2.0476,-5.1023,2.1591
1624364967171,-6.6702,1.4326,9.6410,2.1050,-5.0022,2.2214
1624364967183,-5.8422,1.4709,9.1361,2.0622,-4.8849,2.2715
1624364967191,-4.9928,1.2268,8.5858,1.9816,-4.7652,2.3277
1624364967202,-4.2797,1.1670,8.1694,1.9865,-4.6491,2.3705
1624364967211,-3.7581,1.1455,8.5475,2.0036,-4.4939,2.4303
1624364967221,-4.1362,3.2248,9.0165,2.0097,-4.3473,2.5415
1624364967230,-3.8371,2.8492,5.8197,1.9095,-4.2887,2.5745
1624364967240,-2.7866,-2.6591,2.5128,1.7104,-4.2313,2.5354
1624364967250,-1.6333,-6.3249,2.0916,1.7018,-3.9662,2.2483
1624364967259,-0.6235,-5.4156,4.8745,1.1215,-3.5495,1.8390
1624364967269,0.6351,-1.7116,5.4320,0.2443,-3.4335,1.7095
1624364967279,2.1259,0.8224,3.7044,0.6756,-3.7462,1.8903
1624364967288,2.4944,1.3393,2.6707,2.2504,-3.8269,2.2348
1624364967298,2.2144,1.9255,2.4721,3.3487,-3.2478,2.4853
1624364967307,1.5324,4.5505,4.0825,3.3243,-2.4402,2.5122
1624364967317,1.0945,7.5702,4.4390,2.6291,-2.0419,2.4633
1624364967326,1.2525,7.8454,2.9363,1.8924,-2.1323,2.4621
1624364967336,1.5468,5.1199,1.8260,1.4110,-2.2875,2.5745
1624364967345,1.5588,2.0763,1.3020,0.8796,-2.2460,2.7101
1624364967355,1.3625,0.2745,1.3068,-0.0159,-2.1042,2.7040
1624364967365,1.2932,-0.4386,1.5915,-1.0238,-2.0260,2.6038
1624364967375,1.5157,-0.7712,1.7184,-1.5382,-2.0212,2.5171
1624364967384,2.0756,-0.8645,1.6011,-1.3574,-2.0102,2.5000
1624364967394,2.7265,-0.3596,1.2518,-0.8504,-1.9528,2.4963
1624364967403,3.1476,0.5281,1.0197,-0.4789,-1.8220,2.4218
1624364967413,3.3199,1.0952,0.8569,-0.4093,-1.6229,2.2642
1624364967423,3.3558,1.2340,0.7253,-0.5303,-1.4103,2.0821
1624364967432,3.3893,0.9373,0.5435,-0.7856,-1.2612,1.9319
1624364967442,3.5950,0.5329,0.4143,-1.0629,-1.2209,1.8512
1624364967451,4.0832,0.1261,0.5507,-1.2938,-1.2722,1.8097
1624364967461,4.7316,-0.1873,0.4741,-1.3745,-1.3529,1.7352
1624364967469,5.2844,-0.3979,0.2181,-1.3232,-1.3736,1.6167
1624364967478,5.5883,-0.4649,-0.0763,-1.2034,-1.2722,1.4859
1624364967487,5.6146,-0.4218,-0.3610,-1.0300,-1.0719,1.3430
1624364967497,5.5931,0.0448,-0.6625,-0.8577,-0.8104,1.1842
1624364967507,5.5643,0.3798,-0.8396,-0.7783,-0.5636,1.0253
1624364967517,5.6840,0.3654,-0.8443,-0.7270,-0.4060,0.9044
1624364967528,5.8922,0.1477,-0.5094,-0.6989,-0.2924,0.8201
1624364967538,5.9998,-0.1179,0.0434,-0.7685,-0.1788,0.7590
1624364967547,5.8945,-0.2735,0.3066,-0.8540,-0.0481,0.7150
1624364967557,5.6242,-0.5606,0.3856,-0.8137,0.0900,0.6417
1624364967567,5.5428,-0.9650,0.6344,-0.5645,0.2244,0.5330
1624364967576,5.5308,-0.6013,0.4573,-0.2346,0.3673,0.3998
1624364967586,5.7462,0.0520,0.3927,-0.0013,0.4711,0.2141
1624364967596,6.0309,0.4898,0.3257,0.2162,0.5420,0.0394
1624364967605,6.0621,0.7722,0.3497,0.4068,0.6581,-0.0925
1624364967615,5.8084,0.9445,0.9311,0.4508,0.8083,-0.1915
1624364967624,5.3633,0.9564,1.4815,0.4190,0.9892,-0.2562
1624364967634,5.0738,0.7746,1.9002,0.4385,1.1492,-0.3246
1624364967644,4.9925,0.7219,2.0366,0.5705,1.2482,-0.3894
1624364967653,5.0547,0.8751,2.0007,0.7672,1.2946,-0.4664
1624364967663,5.1719,1.1550,2.0414,0.9541,1.3300,-0.5507
1624364967672,5.0882,1.5379,2.1658,1.1313,1.3972,-0.6374
1624364967682,5.0068,2.0643,2.4075,1.2510,1.4913,-0.7400
1624364967691,5.0427,2.4663,2.7186,1.3109,1.5707,-0.8414
1624364967701,4.9996,2.5213,2.9602,1.3475,1.6061,-0.9086
1624364967711,4.7484,2.4209,3.1971,1.3890,1.6269,-0.9514
1624364967720,3.9994,2.1313,2.9100,1.3695,1.7002,-0.9795
1624364967730,3.5639,-0.0749,0.4095,1.3561,1.7515,-1.0100
1624364967740,3.0782,0.7985,4.3337,1.3475,1.6599,-1.1603
1624364967749,0.9294,5.9574,22.2823,0.6047,1.4791,-1.1029
1624364967759,-3.6049,10.1138,17.7335,-0.6830,1.5695,-0.7327
1624364967768,-1.4395,5.0625,9.8133,-1.4478,0.6617,-0.7816
1624364967778,3.0638,1.0378,6.7481,-0.5205,-0.3486,-0.5665
1624364967788,4.5833,1.5570,4.3696,-0.8540,-0.7225,-0.6924
1624364967797,5.3394,-1.4962,5.1257,-2.9310,-1.1623,-1.2434
1624364967805,5.0906,-4.9155,5.0564,-3.6322,-1.0377,-1.1066
1624364967815,3.9994,-6.3273,4.3744,-2.8735,-0.6113,-1.1676
1624364967824,2.6068,-5.9325,4.7620,-1.4612,-0.1458,-1.7418
1624364967834,1.2285,-3.7120,4.7716,0.0708,0.4211,-2.2085
1624364967848,0.5586,-1.2067,3.4843,1.2876,0.7937,-2.5176
1624364967855,0.7069,0.6406,1.9218,2.1245,0.8975,-2.7241
1624364967865,1.3003,1.9399,0.6990,2.3994,0.8914,-2.7498
1624364967874,1.9895,2.8611,-0.0093,2.0647,0.8328,-2.6997
1624364967884,2.6475,3.0765,0.2037,1.3353,0.8254,-2.6899
1624364967893,3.0734,2.5285,0.1343,0.4862,0.9501,-2.6740
1624364967903,3.2289,1.6025,0.0625,-0.1808,1.1382,-2.6520
1624364967912,3.0495,0.6502,0.3473,-0.5694,1.3508,-2.6447
1624364967922,2.2192,0.3893,1.3499,-0.6927,1.6550,-2.6386
1624364967932,0.8912,0.6526,2.1515,-0.6707,2.0960,-2.6545
1624364967941,-0.5421,1.1168,3.4149,-0.5058,2.5310,-2.7339
1624364967951,-1.7074,1.4422,3.8695,-0.3067,2.8462,-2.8267
1624364967961,-2.1118,1.0737,3.4699,-0.3568,3.0087,-2.8414
1624364967970,-1.7074,0.4181,3.4747,-0.6634,3.0551,-2.7718
1624364967980,-1.2337,-0.0318,3.9676,-1.1326,3.0526,-2.7241
1624364967989,-1.3509,-0.5750,4.1973,-1.6249,3.1528,-2.7669
1624364967999,-2.1142,-1.2473,3.9198,-1.8839,3.4705,-2.9001
1624364968009,-3.0235,-1.6709,3.3335,-1.8228,3.9689,-3.0955
1624364968018,-3.6241,-1.6111,2.3668,-1.6261,4.5322,-3.2714
1624364968028,-3.6887,-1.3048,0.1128,-1.4282,5.0795,-3.3680
1624364968037,-3.7844,0.1692,-3.1151,-1.2682,5.5889,-3.4034
1624364968047,-4.2917,1.5379,-3.4956,-1.1668,6.1033,-3.4266
1624364968057,-6.3065,0.8440,-0.9185,-0.7685,6.5089,-3.4681
1624364968066,-9.8717,-1.0918,2.4242,0.1722,6.8095,-3.6587
1624364968076,-14.4923,-1.8551,6.6859,0.9077,7.1027,-4.0509
1624364968085,-18.5888,0.2673,10.5694,0.9932,7.2896,-4.4406
1624364968093,-20.4935,3.9164,12.9766,0.9419,7.1295,-4.4981
1624364968104,-20.2351,6.8236,14.3142,1.4220,6.6775,-4.0985
1624364968113,-18.4955,8.2282,14.0486,2.3994,6.2120,-3.5304
1624364968124,-17.3756,10.0204,11.5768,3.0689,5.7710,-3.3753
1624364968132,-18.1150,10.3555,9.1816,3.0029,5.4643,-3.6453
1624364968141,-19.9216,8.7307,8.7198,2.7232,5.3141,-3.7772
1624364968151,-20.7998,12.0209,9.4185,2.4458,5.1528,-3.4975
1624364968160,-23.5419,13.6384,11.1796,1.3023,4.8009,-2.8658
1624364968173,-24.7336,15.3876,12.3545,-0.0868,4.2731,-1.5146
1624364968182,-24.0277,15.6316,13.0436,-0.8479,3.6757,-0.5641
1624364968191,-21.8789,15.3660,12.7732,-1.3122,2.6910,-0.6863
1624364968200,-19.5316,13.9854,12.5244,-2.0757,1.6819,-1.4608
1624364968211,-18.3615,11.5423,12.8091,-3.1802,1.0759,-2.0448
1624364968220,-18.3495,8.9580,13.2589,-4.0879,0.9672,-2.1805
1624364968230,-18.5434,7.0557,13.2661,-4.4178,1.0783,-2.1707
1624364968239,-18.3567,6.4360,13.1584,-4.0635,1.1138,-2.2293
1624364968249,-17.7465,6.4264,13.0675,-3.2071,0.9659,-2.2855
1624364968258,-16.4185,7.1132,12.8617,-2.0977,0.5713,-2.2232
1624364968268,-14.8129,8.0799,12.4454,-1.0568,-0.0493,-1.9996
1624364968277,-13.0877,9.2093,11.5624,-0.1466,-0.7689,-1.7309
1624364968287,-11.3792,10.3531,10.4785,0.5888,-1.3517,-1.5390
1624364968297,-10.1948,11.0278,9.4113,0.9639,-1.5911,-1.3924
1624364968306,-9.7808,11.2791,8.8226,1.0262,-1.5129,-1.2189
1624364968315,-9.6971,11.4179,8.8274,0.8503,-1.3590,-1.0271
1624364968325,-9.5296,11.3389,9.0380,0.4911,-1.3492,-0.8451
1624364968335,-9.0367,10.6282,9.0045,0.0842,-1.5264,-0.6728
1624364968345,-8.6155,9.5850,8.8777,-0.1882,-1.7121,-0.5323
1624364968355,-8.5653,8.5441,8.9973,-0.3214,-1.7438,-0.4248
1624364968364,-8.7806,7.7497,9.0284,-0.3287,-1.6375,-0.3088
1624364968374,-9.1467,7.2400,9.2270,-0.1711,-1.5374,-0.1512
1624364968383,-9.4363,7.2711,9.3850,0.1050,-1.5093,0.0467
1624364968392,-9.7043,7.7616,9.9664,0.4190,-1.5386,0.2715
1624364968403,-9.8311,8.3287,10.3373,0.6743,-1.5801,0.5122
1624364968412,-9.8526,8.6494,10.3086,0.8759,-1.6339,0.7211
1624364968422,-10.1828,8.7738,10.8470,0.9602,-1.6681,0.8848
1624364968431,-10.9150,8.7810,11.6605,0.9358,-1.6717,1.0180
1624364968441,-11.6712,8.5082,12.1415,0.8979,-1.7304,1.1255
1624364968450,-12.3866,8.3311,12.3066,0.8686,-1.8611,1.2648
1624364968460,-13.0303,8.4795,12.6105,0.8759,-2.0285,1.4432
1624364968468,-13.3222,8.8719,12.7158,0.8942,-2.2142,1.6338
1624364968477,-13.2145,9.1160,12.5244,0.8588,-2.4549,1.8317
1624364968487,-13.1667,9.4773,12.8737,0.7550,-2.7212,2.0369
1624364968497,-13.2576,9.6424,13.6155,0.5058,-2.9314,2.2581
1624364968510,-13.3342,9.3457,13.8907,0.1759,-3.1097,2.4780
1624364968518,-13.3964,8.8551,14.0725,-0.1112,-3.3089,2.6637
1624364968527,-13.3246,7.8358,13.8954,-0.3446,-3.5056,2.8091
1624364968537,-12.9513,6.3331,13.5461,-0.4924,-3.7035,2.9324
1624364968547,-12.4369,4.9166,13.5246,-0.5449,-3.8819,3.0412
1624364968556,-11.7740,3.9427,13.4480,-0.4961,-4.0150,3.1426
1624364968566,-10.9461,3.4881,13.4815,-0.3152,-4.1384,3.2354
1624364968575,-10.0345,3.5455,13.3140,0.0024,-4.2899,3.3112
1624364968585,-9.1276,3.5885,12.8019,0.3506,-4.4451,3.3588
1624364968595,-8.2733,2.9568,12.1606,0.6499,-4.5440,3.3857
1624364968604,-7.5124,1.9566,11.4883,0.8906,-4.5440,3.3625
1624364968614,-6.9190,1.5475,11.4212,1.0274,-4.4414,3.2611
1624364968624,-6.3136,1.4948,11.5050,0.9944,-4.2948,3.1389
1624364968633,-5.5862,1.2101,11.5672,0.9651,-4.2056,3.0717
1624364968642,-4.8732,1.0713,11.5792,1.1435,-4.1934,3.0265
1624364968652,-4.4688,1.7030,11.8328,1.3622,-4.1665,2.9435
1624364968662,-3.8921,1.6815,11.4595,1.4782,-4.0810,2.8787
1624364968672,-3.2460,0.8823,10.4904,1.6077,-4.0101,2.9166
1624364968681,-2.6502,0.0950,9.5860,1.8289,-3.9662,2.8604
1624364968690,-2.1334,-0.1825,8.7724,1.9498,-3.8733,2.7126
1624364968700,-1.6069,0.2290,8.1503,1.9462,-3.7377,2.6075
1624364968710,-1.0087,0.9014,7.4372,1.9437,-3.6290,2.6111
1624364968720,-0.3172,1.3393,6.8031,1.9901,-3.5654,2.6967
1624364968729,0.3073,2.0619,6.5303,2.0244,-3.5031,2.7871
1624364968739,0.7404,2.8109,6.7146,1.9205,-3.4164,2.8286
1624364968748,1.2621,3.1483,6.1953,1.7140,-3.3467,2.8408
1624364968758,1.4774,2.8252,5.5086,1.5845,-3.3162,2.8457
1624364968768,1.3745,2.0715,4.7381,1.4941,-3.2270,2.8787
1624364968777,1.2022,1.5164,3.4819,1.4245,-3.0719,2.9264
1624364968787,1.0850,1.1216,2.3405,1.2950,-2.9033,3.0070
1624364968795,1.1424,0.8105,1.1249,1.2192,-2.7921,3.1475
1624364968804,1.4942,0.9947,0.7852,1.2278,-2.7298,3.3087
1624364968814,1.8268,1.4039,0.2707,1.1960,-2.6662,3.4322
1624364968823,2.0876,1.6839,-0.0834,0.9981,-2.6186,3.5201
1624364968833,2.2551,1.7054,-0.3131,0.6438,-2.4940,3.5128
1624364968842,2.2311,1.3608,-0.6075,0.1380,-2.3144,3.3882
1624364968854,2.0182,0.4587,-0.6529,-0.5547,-2.0774,3.2098
1624364968864,1.7574,-0.8143,-0.5476,-1.3073,-1.8208,3.0497
1624364968873,1.7167,-1.9532,-0.4854,-1.9474,-1.5948,2.8836
1624364968883,2.0589,-2.7907,-0.6242,-2.4288,-1.4274,2.7101
1624364968892,2.8054,-3.3195,-1.1482,-2.6109,-1.3565,2.5488
1624364968902,3.7889,-3.5134,-1.6340,-2.4435,-1.3712,2.3729
1624364968911,4.6216,-3.2765,-2.1269,-2.0672,-1.3871,2.1811
1624364968921,5.0906,-3.0109,-2.5720,-1.6885,-1.2893,1.9917
1624364968931,5.2461,-2.7668,-2.5337,-1.4221,-1.0389,1.8256
1624364968941,5.0930,-2.2763,-1.9379,-1.2389,-0.6528,1.6020
1624364968950,4.7221,-1.6063,-1.0549,-1.1839,-0.2362,1.2978
1624364968960,4.2459,-1.0320,-0.6673,-1.1741,0.0887,1.0192
1624364968969,4.0425,-1.2210,-0.9975,-1.1216,0.2341,0.8470
1624364968977,4.2842,-1.8073,-1.5000,-0.9530,0.2121,0.7834
1624364968989,4.8321,-2.0753,-1.9355,-0.7612,0.1034,0.7370
1624364968998,5.4184,-2.0154,-2.3590,-0.6817,0.0484,0.6491
1624364969008,5.8826,-1.8551,-2.6150,-0.6207,0.0985,0.5305
1624364969018,5.8706,-1.6517,-2.6246,-0.4887,0.2879,0.4072
1624364969027,5.3346,-1.2785,-2.2418,-0.3775,0.6177,0.2838
1624364969037,4.4421,-0.9818,-1.7560,-0.3287,1.0356,0.1543
1624364969046,3.5639,-1.0392,-1.3971,-0.2859,1.4168,0.0602
1624364969056,2.9418,-1.1349,-1.3612,-0.1821,1.6672,-0.0217
1624364969066,2.6834,-1.2426,-1.5550,-0.0929,1.7405,-0.1340
1624364969075,2.7265,-1.2737,-1.9474,-0.0281,1.6855,-0.2477
1624364969085,2.7599,-1.2306,-2.3351,-0.0147,1.6037,-0.3503
1624364969095,2.6690,-1.4412,-2.3590,-0.0086,1.5902,-0.4541
1624364969104,2.2814,-1.8049,-2.0336,0.0671,1.7002,-0.5446
1624364969114,1.6353,-2.0418,-1.6603,0.1649,1.9238,-0.6655
1624364969124,0.8361,-2.2308,-1.4162,0.2406,2.1779,-0.8255
1624364969136,0.1398,-2.2356,-1.2511,0.3188,2.3880,-1.0100
1624364969140,-0.9681,-1.6781,-2.0240,0.4190,2.5200,-1.1957
1624364969151,-1.4418,-4.5853,-5.3046,0.4422,2.5664,-1.3655
1624364969159,-3.4590,-5.2194,4.6328,0.5534,2.3844,-1.6453
1624364969173,-10.6973,1.2531,28.2930,-0.4484,1.7784,-2.0436
1624364969180,-6.7300,7.2974,17.1951,-3.1606,0.0313,-2.1438
1624364969190,-2.8392,0.0472,6.6930,-4.8906,-1.7585,-1.7333
1624364969198,-1.0207,-6.5786,5.4177,-1.8155,-1.4225,-1.0198
1624364969209,-0.0947,-6.8178,5.9919,0.7318,0.3795,-1.2923
1624364969219,0.2355,-3.9656,4.9439,0.1722,1.1040,-2.1792
1624364969229,0.4317,-2.4940,3.3622,-0.0513,0.2940,-2.9465
1624364969238,0.2523,-3.1257,0.5746,0.5742,-0.0517,-2.8634
1624364969246,0.1135,-3.2741,-0.6505,1.2168,0.7424,-2.5176
1624364969258,-0.2454,-1.9173,-0.7415,1.5479,1.6880,-2.6362
1624364969267,-0.6307,-0.5152,-1.1219,1.4086,2.1156,-2.9819
1624364969277,-0.5996,-0.2113,-1.7704,1.1325,2.2744,-3.1810
1624364969286,-0.1593,-0.3405,-2.2609,0.8796,2.5566,-3.1896
1624364969296,0.3982,0.1955,-2.5696,0.4740,2.9818,-3.1871
1624364969305,0.7285,1.1383,-2.6629,-0.1870,3.4045,-3.2763
1624364969315,0.3360,1.4302,-2.1030,-0.8846,3.8565,-3.3802
1624364969325,-0.9920,0.8871,-0.5764,-1.3439,4.5016,-3.4254
1624364969335,-3.1695,-0.6300,1.4815,-1.6933,5.3666,-3.4559
1624364969344,-5.7752,-2.7692,4.4821,-2.0452,6.2707,-3.4620
1624364969354,-8.1800,-3.6713,7.8368,-2.3311,6.9866,-3.4633
1624364969363,-8.2255,-1.5225,6.0781,-2.6475,7.4423,-3.4840
1624364969373,-6.8688,2.1098,-1.1147,-3.0226,7.9261,-3.4694
1624364969382,-6.7922,4.0695,-5.6587,-3.4404,8.8668,-3.2238
1624364969392,-9.9579,2.9879,-4.1512,-3.5149,10.1277,-2.7375
1624364969400,-16.7846,0.7411,2.0007,-2.6915,11.0659,-2.5103
1624364969411,-25.0781,-1.5201,9.5309,-1.4698,11.2736,-2.7620
1624364969421,-31.8498,-2.2691,12.0912,-0.6976,10.8815,-2.9856
1624364969431,-32.3763,-1.4364,14.1826,0.2211,10.1374,-2.7314
1624364969440,-28.6554,2.6817,16.1949,1.7837,9.0501,-1.7919
1624364969450,-25.8558,9.9439,17.5397,3.1728,7.9677,-0.7132
1624364969458,-25.0446,15.9235,17.2956,3.6480,7.1796,-0.3259
1624364969467,-28.1577,15.8446,15.9509,3.0115,7.1918,-0.6081
1624364969476,-30.6175,12.5999,14.1252,1.7348,7.8418,-1.2361
1624364969486,-30.3878,9.6304,13.8093,-0.2016,8.1375,-1.7724
1624364969496,-29.2058,7.3261,15.6350,-2.3457,7.8186,-1.8604
1624364969506,-28.0931,4.9979,17.8819,-3.6884,7.0966,-1.5537
1624364969517,-26.8321,3.0286,20.5642,-3.8570,6.2059,-1.2519
1624364969526,-25.4036,2.1337,22.3732,-3.1399,5.2322,-1.1603
1624364969534,-24.1856,2.6434,22.1483,-2.0489,4.3269,-1.0613
1624364969546,-22.6423,4.8017,20.2149,-0.9566,3.5108,-0.8989
1624364969555,-20.2925,6.5652,17.1712,-0.2810,2.6348,-0.9062
1624364969565,-18.0504,7.5463,14.7545,-0.0770,1.7417,-1.0345
1624364969575,-16.2462,8.6781,13.8667,-0.1906,0.9806,-1.1909
1624364969584,-14.4468,9.9080,13.6849,-0.6170,0.3404,-1.3546
1624364969594,-12.3746,10.3578,13.2398,-1.2022,-0.3584,-1.4718
1624364969604,-10.4771,9.7668,12.7397,-1.7056,-1.0230,-1.5305
1624364969613,-9.4243,8.5058,12.3975,-2.0195,-1.3944,-1.5085
1624364969622,-9.1802,7.4697,12.1511,-2.1637,-1.4298,-1.3790
1624364969632,-9.3262,7.0318,11.5864,-2.1588,-1.3345,-1.1566
1624364969642,-9.2759,6.9218,10.6699,-2.0024,-1.3101,-0.8463
1624364969651,-8.7519,6.7758,9.5429,-1.6897,-1.4042,-0.4896
1624364969661,-8.0197,6.5724,8.7939,-1.4111,-1.5459,-0.1512
1624364969671,-7.4694,6.5221,8.7700,-1.2975,-1.6363,0.1115
1624364969680,-7.4526,6.2326,8.9495,-1.3623,-1.6827,0.2740
1624364969690,-8.1633,5.1487,9.4544,-1.4661,-1.7096,0.3620
1624364969697,-9.5439,3.6675,10.3708,-1.4380,-1.6754,0.4633
1624364969709,-11.0227,2.3515,11.1796,-1.2364,-1.5716,0.6087
1624364969717,-12.0995,1.6192,11.3519,-0.8723,-1.4873,0.7566
1624364969727,-12.5876,1.6743,11.1317,-0.3458,-1.4983,0.8763
1624364969739,-12.7934,2.0428,11.2035,0.1514,-1.6107,0.9801
1624364969748,-12.9106,2.1983,11.4572,0.5778,-1.8196,1.0742
1624364969757,-13.1906,2.1887,11.7156,0.8930,-2.0981,1.1109
1624364969767,-13.6859,2.3299,11.9884,1.0457,-2.3852,1.0486
1624364969777,-14.4014,2.5046,12.5411,0.9944,-2.6113,0.9398
1624364969786,-15.1551,2.7128,13.2135,0.8332,-2.8251,0.8580
1624364969794,-15.8730,2.8683,14.1898,0.6866,-3.0938,0.8116
1624364969804,-16.4664,2.9879,15.2689,0.5338,-3.4188,0.7883
1624364969813,-16.7727,2.9042,15.8504,0.4141,-3.7646,0.7761
1624364969823,-16.9904,2.2222,15.5537,0.3591,-4.0773,0.7700
1624364969837,-17.3398,1.0761,15.0679,0.4337,-4.3082,0.7407
1624364969844,-17.7226,-0.0294,14.9698,0.6047,-4.4500,0.6662
1624364969854,-18.0385,-0.3788,15.4675,0.7855,-4.5648,0.5525
1624364969863,-17.8494,-0.1658,15.8575,0.9895,-4.7969,0.5513
1624364969873,-17.2105,0.4659,15.7260,1.3952,-5.1915,0.7224
1624364969882,-16.2247,1.7628,15.2976,1.9706,-5.6668,0.9471
1624364969892,-14.9900,2.7032,14.9531,2.3713,-6.0260,1.1035
1624364969901,-13.8462,2.3347,14.4721,2.5069,-6.1750,1.2062
1624364969911,-12.9346,1.6839,13.9122,2.5265,-6.1591,1.2526
1624364969921,-12.4847,1.1646,13.7638,2.4043,-6.0040,1.2196
1624364969930,-12.1713,0.7219,13.2470,2.2345,-5.7865,1.2000
1624364969938,-11.6927,0.4683,12.4382,2.2626,-5.6485,1.2355
1624364969950,-10.8672,0.6765,12.1487,2.4214,-5.6582,1.2990
1624364969959,-10.2187,1.3177,12.7421,2.5619,-5.7474,1.3723
1624364969967,-9.7737,2.8300,12.5746,2.5668,-5.9136,1.4762
1624364969978,-7.9886,3.4306,7.9660,2.1942,-6.0993,1.5654
1624364969988,-4.7703,1.5522,0.9957,1.0922,-5.9991,1.5922
1624364969997,-3.0331,-0.9626,0.8282,-0.1466,-5.2624,1.3638
1624364970007,-3.4422,-3.6856,9.1864,-1.0947,-4.1005,1.1060
1624364970016,-3.4087,-7.7056,11.2849,-1.6176,-3.6522,0.8225
1624364970026,-2.8536,-9.1485,6.9251,-0.2700,-4.3473,0.2166
1624364970036,-2.2674,-5.4228,5.6761,2.5314,-4.9521,-0.0974
1624364970046,-1.8702,0.0017,5.3267,3.8985,-4.7969,0.5904
1624364970055,-1.0805,3.5550,3.6183,4.2076,-4.1653,1.7999
1624364970065,0.0226,4.7610,2.8789,4.8160,-3.9503,2.6698
1624364970075,1.2046,5.3568,2.5463,5.5637,-4.0932,2.8616
1624364970084,2.1378,6.1513,0.4478,5.5295,-4.1054,2.5855
1624364970094,1.9512,6.4408,-0.9520,4.3603,-3.6705,2.3069
1624364970103,0.5394,5.6703,0.0577,2.5118,-2.8299,2.3974
1624364970113,-0.8532,3.5144,1.3451,0.6462,-2.1824,2.6698
1624364970123,-1.1954,0.6789,2.3644,-0.6793,-2.1898,2.6893
1624364970130,-0.7216,-1.8288,2.8406,-1.3537,-2.5331,2.4401
1624364970140,0.5203,-4.2934,2.9172,-1.4160,-2.7945,2.1933
1624364970149,1.9129,-5.4803,1.6514,-0.9542,-2.8886,2.2165
1624364970159,3.1141,-4.6380,-0.2174,0.0036,-2.9509,2.3949
1624364970169,3.9229,-2.4031,-0.7821,1.2498,-2.9020,2.5794
1624364970178,4.5498,-0.0462,-1.3684,2.3982,-2.6491,2.7871
1624364970190,4.8010,1.7174,-2.0121,3.1948,-2.2386,2.9337
1624364970198,4.6192,2.9042,-2.4715,3.4171,-1.7304,2.9276
1624364970209,4.0880,3.5933,-2.4523,2.9968,-1.2576,2.7516
1624364970219,3.5472,3.4641,-1.6747,2.0854,-0.9558,2.5110
1624364970228,3.2218,2.3658,-0.9257,0.9566,-0.8666,2.3314
1624364970238,3.1978,0.8847,-0.8156,-0.1283,-0.9399,2.2434
1624364970247,3.3725,-0.5271,-1.0597,-1.0507,-1.0768,2.1970
1624364970257,3.6836,-1.4101,-1.6364,-1.6322,-1.1843,2.1457
1624364970267,4.1263,-1.7714,-2.0192,-1.8326,-1.2332,2.0834
1624364970276,4.6670,-2.1901,-2.6007,-1.7141,-1.2148,2.0259
1624364970286,5.2676,-2.1758,-3.2444,-1.3891,-1.1268,1.9673
1624364970295,5.8347,-1.6565,-3.2755,-1.0996,-0.9387,1.8598
1624364970305,6.2415,-0.9554,-2.8591,-0.8809,-0.6846,1.6924
1624364970315,6.3851,-0.2448,-2.6007,-0.6769,-0.4036,1.4908
1624364970324,6.2056,0.1357,-2.4380,-0.5645,-0.1079,1.2880
1624364970334,5.7486,-0.0318,-2.5480,-0.5486,0.1523,1.1109
1624364970344,5.5285,-0.5774,-2.6438,-0.6170,0.3795,0.9581
1624364970353,5.4232,-0.9315,-2.7802,-0.8174,0.5310,0.7957
1624364970361,5.4256,-1.0870,-2.7897,-1.1448,0.5835,0.6478
1624364970370,5.4734,-1.4029,-2.6079,-1.4294,0.6410,0.5623
1624364970380,5.5308,-1.8647,-2.3877,-1.4466,0.7570,0.5220
1624364970389,5.4423,-2.2858,-2.1891,-1.1595,0.9061,0.4353
1624364970399,5.1791,-2.4222,-2.0216,-0.7001,1.1052,0.2789
1624364970409,4.8609,-2.3815,-1.9235,-0.1808,1.3618,0.0883
1624364970420,4.5450,-1.9939,-1.9307,0.3396,1.6000,-0.1060
1624364970430,4.2818,-1.4077,-1.9666,0.7660,1.7930,-0.3112
1624364970439,3.9994,-0.7401,-2.0264,1.0201,1.9787,-0.5079
1624364970449,3.6190,-0.3548,-2.0862,1.1068,2.1486,-0.6899
1624364970461,3.1452,-0.6539,-2.1293,1.0836,2.3245,-0.8304
1624364970466,2.6475,-1.6302,-2.0623,1.0531,2.4760,-0.9184
1624364970476,2.1043,-2.5275,-2.0958,1.0531,2.5884,-1.0051
1624364970486,1.5444,-3.2382,-2.1054,1.0176,2.6690,-1.1591
1624364970495,1.0108,-3.9321,-1.8804,1.0897,2.7374,-1.3875
1624364970505,0.4198,-4.4705,-1.7153,1.3609,2.8449,-1.6490
1624364970514,-0.2359,-4.6547,-1.7488,1.7043,3.0282,-1.9263
1624364970524,-0.9657,-3.9967,-2.6270,2.0256,3.2579,-2.2049
1624364970535,-1.8989,-1.9317,-7.9343,2.2919,3.4827,-2.4761
1624364970545,-3.4686,-5.2123,-5.4912,2.2980,3.6928,-2.7192
1624364970553,-18.3663,-2.4844,23.9166,2.4984,3.7576,-3.0723
1624364970562,-21.6612,12.5162,27.0440,0.2883,2.2439,-3.5952
1624364970572,-0.7982,13.6504,15.3144,-5.4049,-1.9503,-2.9685
1624364970581,6.1697,0.0711,6.2240,-4.8197,-3.9002,-0.5165
1624364970591,4.0593,-7.2438,6.5255,1.9779,-1.6815,0.3852
1624364970600,-1.6285,-2.9271,7.5880,4.1587,1.9824,-1.3069
1624364970610,-6.7922,4.2609,8.2053,1.3451,2.3111,-3.2995
1624364970620,-4.5932,3.9953,6.0350,-2.3653,0.6287,-3.8909
1624364970629,-0.8389,-1.0990,3.7427,-4.6634,0.0863,-3.1138
1624364970639,1.0180,-5.5233,4.8673,-5.1007,0.7253,-2.7095
1624364970648,1.3697,-7.2868,4.6328,-4.6756,1.5084,-2.8377
1624364970658,0.7308,-6.8178,3.4125,-3.7849,1.9164,-3.0919
1624364970668,-0.4153,-4.7839,2.4936,-2.2920,2.4687,-3.4217
1624364970677,-1.3174,-2.4940,1.7303,-0.8076,3.4460,-3.7259
1624364970687,-1.4610,-1.0009,0.5866,-0.0685,4.5028,-3.8933
1624364970697,-0.6761,-0.0079,-3.2420,-0.1357,5.2872,-3.9324
1624364970706,0.1590,0.3487,-6.3550,-0.8064,5.7624,-3.9141
1624364970716,-0.4727,1.0091,-6.0559,-1.5687,6.1949,-3.8224
1624364970725,-3.0474,1.0569,-3.5291,-2.0183,6.6751,-3.8286
1624364970735,-7.5675,0.2601,0.3880,-2.1014,7.2664,-4.0167
1624364970745,-13.2791,-0.1610,4.8458,-2.0012,7.9224,-4.2806
1624364970754,-18.3232,-0.1299,8.9973,-2.0061,8.3134,-4.4492
1624364970764,-21.2927,0.9349,12.3999,-2.0183,8.3415,-4.2122
1624364970774,-21.9196,3.2344,15.2593,-1.5785,8.1570,-3.4645
1624364970783,-20.7998,5.6512,15.8217,-0.5168,7.9456,-2.4957
1624364970793,-20.4791,7.3740,14.7305,0.9407,7.7575,-1.9007
1624364970803,-22.2570,9.1208,13.7614,2.0976,7.6439,-1.9752
1624364970812,-25.4490,10.1903,13.8595,2.3750,7.6060,-2.2977
1624364970822,-27.4662,11.0230,13.9959,2.0683,7.4215,-2.3112
1624364970831,-27.0738,12.4276,14.0821,1.2913,6.9035,-1.9471
1624364970841,-25.3031,12.7483,14.2304,0.0134,6.2523,-1.4841
1624364970852,-24.5948,11.2384,14.6994,-1.5516,5.8932,-1.1518
1624364970863,-24.9729,8.4077,15.2187,-3.0971,5.8883,-1.1236
1624364970872,-25.4873,5.1941,15.7068,-4.2565,5.8577,-1.2666
1624364970882,-25.3892,1.7365,16.3433,-4.7049,5.5902,-1.2849
1624364970891,-24.6594,-0.4242,16.4893,-4.2810,5.2041,-1.0296
1624364970901,-23.5204,0.5784,16.9104,-3.1851,4.8425,-0.6814
1624364970910,-21.4602,2.8276,16.6376,-2.1234,4.3049,-0.4945
1624364970920,-19.1990,4.7251,15.8767,-1.3928,3.5157,-0.4138
1624364970930,-16.9067,5.8522,14.9100,-0.9701,2.7032,-0.3454
1624364970938,-14.6167,6.1800,13.3331,-0.8455,1.9910,-0.5042
1624364970949,-12.9657,5.9670,12.4813,-1.0263,1.3923,-0.8097
1624364970958,-11.9320,5.4406,12.4047,-1.3476,0.9207,-1.0797
1624364970968,-11.2740,4.7754,12.2731,-1.6836,0.5005,-1.2104
1624364970978,-10.7882,4.3782,12.0003,-1.7337,0.0936,-1.2605
1624364970987,-10.3025,4.2705,11.2777,-1.4832,-0.2338,-1.2336
1624364970996,-9.9292,4.3255,10.4952,-1.1008,-0.4488,-1.0821
1624364971006,-9.5463,4.5193,9.5931,-0.6243,-0.6150,-0.8964
1624364971016,-9.1515,4.7204,8.7724,-0.1857,-0.7457,-0.7645
1624364971026,-8.7376,4.6868,8.1886,0.1356,-0.8520,-0.6313
1624364971035,-8.2255,4.6629,7.8990,0.3872,-0.9314,-0.4615
1624364971044,-7.7733,4.8567,7.8201,0.5265,-0.9754,-0.2733
1624364971055,-7.5076,4.9788,7.5377,0.5461,-1.0071,-0.1011
1624364971064,-7.6369,4.8663,7.1860,0.4996,-0.9973,0.0345
1624364971074,-8.1274,4.5648,6.8462,0.3994,-0.9094,0.1481
1624364971083,-8.7567,4.1604,6.5040,0.1918,-0.7726,0.2703
1624364971093,-9.2688,3.6723,6.2216,-0.0721,-0.6638,0.4010
1624364971102,-9.5176,2.9233,6.1068,-0.3262,-0.6247,0.5391
1624364971112,-9.5774,2.2222,6.3580,-0.4692,-0.6431,0.6759
1624364971122,-9.6301,1.9112,6.5638,-0.5461,-0.6956,0.7920
1624364971129,-9.7186,1.7891,6.5782,-0.6524,-0.7579,0.8824
1624364971139,-9.9483,1.4063,6.5040,-0.7098,-0.7945,0.9643
1624364971149,-10.3288,1.0426,6.3413,-0.6366,-0.8019,1.0058
1624364971158,-10.7260,0.8775,6.2982,-0.5755,-0.8141,0.9924
1624364971168,-10.9629,0.7100,6.1427,-0.6219,-0.8666,0.9606
1624364971180,-11.2404,0.4228,6.4825,-0.6744,-0.9644,0.9484
1624364971189,-11.3864,0.3415,6.8988,-0.6549,-1.0780,0.9423
1624364971198,-11.3027,0.2099,7.0256,-0.6194,-1.2307,0.9117
1624364971208,-11.1902,-0.1849,7.2218,-0.5804,-1.4128,0.8629
1624364971218,-11.1663,-0.2543,7.4540,-0.4741,-1.5887,0.7957
1624364971227,-11.3074,0.1333,7.5640,-0.4337,-1.7426,0.7016
1624364971237,-11.4582,0.3630,7.4875,-0.4472,-1.9051,0.5977
1624364971247,-11.5491,0.6334,7.6382,-0.3800,-2.0713,0.5073
1624364971256,-11.4821,0.9445,7.6191,-0.3067,-2.2557,0.4035
1624364971266,-11.4079,0.8871,7.7411,-0.3128,-2.4671,0.3009
1624364971276,-11.2955,0.7387,8.0665,-0.3067,-2.6699,0.2202
1624364971285,-11.0466,0.6526,8.3058,-0.3348,-2.8299,0.1579
1624364971294,-10.8552,0.6956,8.7102,-0.3617,-2.9436,0.1225
1624364971304,-10.6375,0.7459,9.0045,-0.2945,-3.0462,0.1066
1624364971314,-10.5441,0.8894,9.2581,-0.1320,-3.1403,0.0968
1624364971324,-10.5202,1.0617,9.5525,0.0635,-3.2172,0.0919
1624364971333,-10.4317,1.2197,9.6673,0.2321,-3.2771,0.0956
1624364971343,-10.1900,1.3010,9.8635,0.3799,-3.3357,0.1091
1624364971351,-9.9746,1.2938,10.2895,0.4972,-3.3797,0.1396
1624364971362,-9.7162,1.3871,10.6005,0.6206,-3.4225,0.1762
1624364971371,-9.5104,1.4350,10.9068,0.7024,-3.4640,0.2068
1624364971381,-9.3310,1.3967,11.3758,0.7647,-3.4823,0.2495
1624364971391,-9.2113,1.3201,11.7323,0.8381,-3.4909,0.2874
1624364971400,-9.0869,1.4278,11.9357,0.9187,-3.5214,0.2899
1624364971410,-8.9529,1.4972,12.0554,0.9749,-3.5764,0.2691
1624364971420,-8.8213,1.3417,12.0195,1.0335,-3.6387,0.2630
1624364971429,-8.6801,1.2699,12.0841,1.1154,-3.7059,0.2789
1624364971439,-8.5318,1.2747,12.3856,1.1423,-3.7670,0.2923
1624364971448,-8.2805,1.2053,12.3377,1.1557,-3.8428,0.3119
1624364971458,-7.9575,1.1000,12.4095,1.2058,-3.9356,0.3448
1624364971466,-7.5914,1.1168,12.7110,1.2718,-4.0077,0.3815
1624364971475,-7.4909,1.2747,13.7782,1.3561,-4.0602,0.4206
1624364971485,-7.6871,2.0954,14.4673,1.4782,-4.1494,0.4658
1624364971495,-7.5699,3.5359,12.9622,1.5125,-4.3192,0.5049
1624364971508,-6.0385,2.7032,8.4685,1.1594,-4.4854,0.5440
1624364971516,-4.3060,-0.5199,5.2502,0.5290,-4.3669,0.5049
1624364971525,-4.0165,-2.5969,7.4324,0.0439,-3.8489,0.2850
1624364971534,-4.5549,-3.2741,11.6677,-0.5083,-3.3761,-0.0400
1624364971545,-4.6482,-4.9969,10.9379,-0.6133,-3.5874,-0.4212
1624364971554,-4.7368,-5.0280,9.4017,0.8197,-4.1274,-0.6838
1624364971564,-4.5047,-1.8862,8.4637,2.1429,-4.3070,-0.6472
1624364971574,-4.0357,1.5953,8.2460,1.8985,-4.0443,-0.2574
1624364971582,-2.9589,3.0669,7.9493,1.3158,-3.8770,0.2019
1624364971590,-1.1595,2.6888,7.2075,1.3793,-4.0944,0.3045
1624364971600,0.5705,1.8920,6.8701,1.6273,-4.3656,0.0419
1624364971610,1.6449,1.2938,6.9969,1.5564,-4.3522,-0.2574
1624364971619,2.0014,1.0522,7.0280,1.3817,-4.0883,-0.3418
1624364971629,1.8914,1.4541,6.6691,1.4746,-3.8342,-0.2440
1624364971638,1.7837,2.3156,6.3365,1.8802,-3.6998,-0.0449
1624364971648,1.8124,3.3875,6.2288,2.3848,-3.6412,0.2398
1624364971658,2.1330,4.2992,6.0326,2.8441,-3.6241,0.5489
1624364971667,2.7121,4.7371,5.7168,3.1606,-3.6265,0.8286
1624364971677,3.7434,4.9668,4.9463,3.3108,-3.6277,1.0510
1624364971687,4.6575,5.1989,3.6230,3.2583,-3.5764,1.2135
1624364971696,5.2605,5.1367,2.1802,2.9724,-3.4237,1.3173
1624364971706,5.5117,4.6892,1.1919,2.6144,-3.2001,1.3796
1624364971715,5.4734,3.8996,0.9909,2.2846,-2.9729,1.4187
1624364971725,5.4136,3.2799,1.4049,2.0182,-2.8031,1.4517
1624364971735,5.6194,3.0406,2.4147,1.8264,-2.7029,1.4945
1624364971744,6.0094,3.1172,3.2761,1.7226,-2.6186,1.5702
1624364971754,6.4641,3.6173,3.5249,1.7837,-2.5233,1.6301
1624364971764,6.7153,4.1437,2.9961,1.9266,-2.3547,1.6814
1624364971773,6.5574,4.1245,2.5128,2.0439,-2.1177,1.7352
1624364971782,6.2032,3.8589,2.1921,2.1416,-1.8611,1.7706
1624364971794,5.8132,3.8589,1.8069,2.0732,-1.6119,1.7694
1624364971802,5.5763,3.7441,1.5509,1.7617,-1.4030,1.7535
1624364971812,5.5452,3.2990,1.5628,1.4232,-1.2857,1.7486
1624364971822,5.6840,2.8013,1.3140,1.2302,-1.2539,1.7523
1624364971833,5.8467,2.2414,1.1895,1.0580,-1.2356,1.7523
1624364971842,5.8754,1.8992,1.3331,0.9211,-1.1989,1.7608
1624364971851,5.7294,1.9686,1.5772,0.8307,-1.1268,1.7511
1624364971860,5.4686,2.2629,1.7016,0.7391,-1.0035,1.7181
1624364971869,5.3490,2.4161,1.5126,0.6743,-0.8691,1.6582
1624364971879,5.3969,2.3203,1.0675,0.6230,-0.7823,1.5800
1624364971888,5.6194,2.0189,0.7636,0.5070,-0.7310,1.5214
1624364971907,6.0285,1.7700,0.4358,0.2858,-0.6773,1.4859
1624364971910,6.3516,1.4613,0.0817,0.0317,-0.6259,1.4432
1624364971927,6.4712,0.8464,-0.0595,-0.1442,-0.5710,1.3968
1624364971928,6.5095,0.5305,-0.0978,-0.1601,-0.4708,1.3381
1624364971938,6.5334,0.7124,-0.2198,-0.1381,-0.3266,1.2391
1624364971948,6.7057,1.0186,-0.5955,-0.1466,-0.2057,1.1365
1624364971969,7.1053,1.5738,-1.5909,-0.1405,-0.1214,1.0498
1624364971970,7.5504,2.0978,-2.2011,-0.2053,-0.0627,0.9716
1624364971975,7.7968,2.6027,-2.2753,-0.3250,-0.0188,0.9081
1624364971984,7.6892,2.9616,-1.5598,-0.4973,0.0900,0.8030
1624364971994,7.1747,2.4352,-0.6362,-0.7318,0.3539,0.7077
1624364972003,6.5765,1.2244,-0.1385,-0.8589,0.6373,0.6759
1624364972013,6.3659,0.2912,-0.1815,-0.8577,0.8425,0.6759
1624364972022,6.6268,-0.0725,-0.3155,-0.7954,0.9781,0.6808
1624364972032,7.0096,0.2051,-0.8300,-0.6488,1.0759,0.7077
1624364972042,7.2393,1.0833,-1.6196,-0.4545,1.1981,0.6942
1624364972051,7.1939,1.7413,-1.9139,-0.3262,1.3789,0.6417
1624364972061,6.8995,1.9279,-1.7106,-0.2664,1.6061,0.5990
1624364972071,6.2989,1.8370,-1.3181,-0.3226,1.8688,0.5513
1624364972080,5.5763,1.2627,-0.6434,-0.5119,2.0997,0.5098
1624364972090,5.0595,0.7746,-0.0116,-0.6512,2.2732,0.5012
1624364972099,4.7795,0.6095,0.3640,-0.7184,2.4015,0.4572
1624364972109,4.7867,0.5544,1.0986,-0.7294,2.4711,0.3693
1624364972119,4.8274,0.7363,1.9576,-0.6524,2.5126,0.2911
1624364972129,4.7484,0.8224,2.5080,-0.5388,2.6030,0.2239
1624364972138,4.5761,0.4994,2.7569,-0.3861,2.7399,0.1824
1624364972148,4.3297,0.1070,2.9602,-0.1051,2.8303,0.1371
1624364972157,4.3320,0.0256,2.3525,0.2076,2.8804,0.0492
1624364972167,4.3440,0.4181,1.2135,0.4337,2.8755,-0.0485
1624364972176,3.8583,4.0264,-5.2519,0.5852,2.8401,-0.1316
1624364972186,2.9011,1.1742,0.0242,0.5033,2.7301,-0.2550
1624364972196,-2.9254,-1.9748,19.8033,0.5509,2.6617,-0.8475
1624364972205,-8.4456,5.3975,23.4141,-0.4619,2.1180,-2.2953
1624364972215,-4.8923,6.3355,18.1259,-7.0970,0.5664,-1.5708
1624364972225,2.1163,-0.9219,6.9874,-8.0866,-1.6314,0.2679
1624364972234,7.0694,-5.5425,4.5132,-1.8742,-2.5526,0.7321
1624364972244,9.4264,-6.9949,1.1441,1.7702,-1.5801,0.1408
1624364972253,8.3400,-2.3504,-2.0910,1.7324,-0.9888,-0.5934
1624364972264,6.9833,-0.0844,1.8763,0.1783,-1.1012,-1.0968
1624364972277,3.6501,-0.1275,5.7574,-0.8430,0.2463,-0.8976
1624364972282,-0.0253,0.3582,6.0924,-0.4826,1.6367,-1.1542
1624364972292,-1.1284,0.3319,6.1259,0.4532,1.5878,-1.8213
1624364972301,0.5633,0.3391,6.3461,1.0335,1.0038,-1.7199
1624364972311,2.8748,0.6621,5.6474,1.0592,0.4504,-1.3203
1624364972321,4.0018,1.2986,3.5991,0.9688,0.1144,-1.4401
1624364972330,4.1574,1.7939,2.1563,0.7611,0.2830,-1.8090
1624364972340,3.9635,2.0906,2.6133,0.3530,0.6691,-1.8995
1624364972351,3.7243,1.9471,3.7116,0.0232,0.9427,-1.8359
1624364972361,3.2529,1.3345,4.6496,-0.2493,1.1968,-1.7822
1624364972371,2.5566,0.2529,5.9202,-0.3946,1.3899,-1.7504
1624364972381,1.7454,-0.9100,7.1931,-0.4142,1.5695,-1.6905
1624364972390,0.9821,-1.1325,8.0713,-0.3580,1.7442,-1.6832
1624364972398,0.6399,-1.2952,8.0761,-0.2945,1.8627,-1.7565
1624364972409,0.5825,-1.4842,8.1646,-0.2871,1.9995,-1.7944
1624364972419,0.5107,-1.2258,7.4827,-0.2835,2.1339,-1.8836
1624364972429,0.4987,-1.2354,6.9419,-0.4008,2.2903,-2.0228
1624364972437,0.7667,-1.3742,5.9297,-0.5669,2.4809,-2.1450
1624364972448,1.0539,-1.6302,4.6950,-0.6146,2.6446,-2.3429
1624364972457,1.1328,-2.0944,3.5728,-0.6304,2.8987,-2.5408
1624364972467,0.9223,-2.3026,2.3261,-0.5425,3.2958,-2.6960
1624364972477,0.7045,-1.7116,0.8904,-0.4484,3.7808,-2.8402
1624364972486,0.8648,-0.1825,-1.6747,-0.4447,4.3159,-2.9599
1624364972496,1.3003,0.8081,-3.9191,-0.5095,4.8620,-3.0344
1624364972506,0.9510,1.0258,-2.5720,-0.4008,5.3300,-3.0686
1624364972514,-1.1021,0.7937,2.4147,-0.0367,5.6452,-3.1346
1624364972525,-4.9210,1.5044,7.5903,0.3066,5.8272,-3.3448
1624364972532,-8.6562,2.7415,11.2370,0.3555,5.9164,-3.6856
1624364972544,-11.0753,4.1389,12.6488,0.3921,5.8382,-3.8444
1624364972553,-11.2094,5.6392,14.1921,0.6523,5.5731,-3.5488
1624364972563,-9.8694,7.3740,15.3072,0.8332,5.2957,-2.9086
1624364972572,-8.5724,8.3120,15.4771,0.7073,4.9427,-2.4065
1624364972582,-8.8046,8.1421,15.2115,0.4104,4.6128,-2.2721
1624364972590,-10.3671,7.5295,15.3216,-0.0868,4.4173,-2.3893
1624364972599,-12.0349,7.0988,15.7355,-0.9151,4.2597,-2.4150
1624364972609,-12.8819,6.7734,16.6424,-1.8473,3.9494,-2.1719
1624364972619,-12.9537,6.6035,17.8005,-2.6145,3.5230,-1.7602
1624364972633,-12.4440,6.3092,18.6715,-3.1350,3.0832,-1.4071
1624364972639,-11.7860,5.3664,19.1525,-3.4661,2.6983,-1.2165
1624364972649,-11.4510,4.4906,19.4181,-3.5614,2.3929,-1.1322
1624364972659,-11.4630,3.8685,19.4372,-3.4490,2.1742,-1.0711
1624364972669,-11.6113,3.7106,18.7481,-3.1216,1.9849,-0.9294
1624364972678,-11.6113,4.2083,18.1906,-2.6597,1.7735,-0.7290
1624364972688,-11.3457,4.9572,18.2001,-2.2761,1.5450,-0.5409
1624364972698,-10.7978,5.5435,18.1906,-2.0415,1.2738,-0.4212
1624364972707,-10.2020,5.9239,18.2863,-1.9841,0.9916,-0.3845
1624364972717,-9.9077,5.8785,18.8390,-1.9963,0.7619,-0.3894
1624364972726,-9.5942,5.8880,18.7720,-1.9474,0.5542,-0.4138
1624364972736,-9.3286,6.0962,18.6404,-1.8424,0.3087,-0.4725
1624364972746,-9.1180,6.3738,18.4729,-1.6555,0.0704,-0.4713
1624364972755,-8.6203,6.6059,17.7957,-1.3989,-0.1544,-0.3686
1624364972764,-7.9790,7.0127,17.1640,-1.0629,-0.3706,-0.2342
1624364972775,-7.4311,7.3692,16.7644,-0.7416,-0.5734,-0.1096
1624364972784,-7.0817,7.4960,16.3768,-0.4973,-0.7872,-0.0119
1624364972794,-7.1009,7.3357,16.4677,-0.3397,-1.0230,0.0907
1624364972803,-7.2636,7.0510,16.3792,-0.2835,-1.2515,0.2251
1624364972813,-7.4598,6.4145,16.3122,-0.3556,-1.4824,0.3778
1624364972822,-7.3641,5.5794,15.7164,-0.4789,-1.7255,0.5293
1624364972832,-7.1176,4.6701,15.1230,-0.5828,-1.9466,0.6564
1624364972841,-6.9070,3.7800,14.6659,-0.6402,-2.1140,0.7761
1624364972851,-6.8592,3.0262,14.2304,-0.6194,-2.2484,0.8555
1624364972861,-6.7324,2.3395,13.6155,-0.6390,-2.3840,0.9129
1624364972871,-6.5816,1.4254,13.1369,-0.7111,-2.5160,0.9801
1624364972880,-6.1437,0.5042,12.2755,-0.7355,-2.6332,1.0278
1624364972890,-5.7920,-0.2831,11.7012,-0.6817,-2.7188,1.0107
1624364972899,-5.4666,-0.9052,11.2370,-0.5596,-2.7774,0.9594
1624364972909,-5.0957,-1.2880,10.9594,-0.3629,-2.8263,0.9129
1624364972918,-4.7822,-1.4077,10.6723,-0.1124,-2.8935,0.8836
1624364972926,-4.4831,-1.4579,10.3852,0.1124,-2.9497,0.8494
1624364972936,-4.0883,-1.5800,10.1267,0.2871,-2.9790,0.8213
1624364972946,-3.7198,-1.6470,9.9353,0.4190,-2.9863,0.7932
1624364972955,-3.2173,-1.7714,9.7152,0.4789,-2.9851,0.7419
1624364972968,-2.6526,-1.7594,9.3874,0.4899,-2.9668,0.6772
1624364972976,-2.2650,-1.6805,9.3610,0.5131,-2.9301,0.5965
1624364972986,-1.9707,-1.7139,9.4520,0.5277,-2.8800,0.5110
1624364972995,-1.6572,-2.1040,9.1217,0.5473,-2.8348,0.4291
1624364973005,-1.3677,-2.6376,8.6982,0.6890,-2.7921,0.3412
1624364973015,-1.0446,-2.7357,8.1814,0.8930,-2.7383,0.2471
1624364973024,-0.7384,-2.2595,7.6119,1.0677,-2.6748,0.1396
1624364973034,-0.5661,-1.6158,7.9899,1.1948,-2.6247,0.0626
1624364973044,-0.3459,-0.8358,8.2173,1.3047,-2.6198,0.0370
1624364973053,-0.0899,-0.0246,8.1838,1.4037,-2.6345,0.0162
1624364973063,0.1853,0.5592,8.0426,1.4220,-2.6198,-0.0045
1624364973072,0.5442,0.6549,7.6789,1.3732,-2.5709,-0.0461
1624364973082,1.0132,0.3941,7.1285,1.3035,-2.5282,-0.1133
1624364973091,1.4080,0.2171,6.6165,1.1862,-2.4891,-0.1731
1624364973100,1.7598,0.1237,6.2815,1.0115,-2.3975,-0.2025
1624364973111,1.9871,0.0735,6.1140,0.9126,-2.2814,-0.2049
1624364973120,2.1283,0.1309,6.1140,0.9468,-2.1690,-0.1903
1624364973130,2.2263,0.4922,5.8843,1.0555,-2.0725,-0.1829
1624364973139,2.2335,0.6956,6.0374,1.1948,-1.9686,-0.1854
1624364973149,2.2910,0.9325,6.4777,1.3634,-1.8648,-0.1768
1624364973158,2.4489,1.3465,6.4442,1.4697,-1.8061,-0.1903
1624364973168,2.6499,1.6073,6.3557,1.4391,-1.7585,-0.2000
1624364973177,2.8724,1.7078,6.4561,1.3597,-1.6717,-0.1756
1624364973187,3.1332,1.8825,6.3939,1.3133,-1.5728,-0.1658
1624364973197,3.3797,2.0308,6.3006,1.2559,-1.4983,-0.1878
1624364973205,3.5089,2.1217,6.6930,1.1630,-1.4030,-0.1988
1624364973216,3.5735,2.2175,6.7170,1.0885,-1.3040,-0.1866
1624364973226,3.5903,2.2438,6.5567,1.0592,-1.2344,-0.1927
1624364973236,3.5879,2.1959,6.5662,1.0946,-1.1525,-0.2061
1624364973245,3.6932,2.3347,6.4083,1.1972,-1.0645,-0.2257
1624364973255,3.8080,2.7798,6.2504,1.2742,-1.0083,-0.2489
1624364973262,3.9875,3.1866,6.1977,1.2718,-0.9509,-0.2306
1624364973272,4.1119,3.4521,6.4155,1.2400,-0.8886,-0.1707
1624364973281,4.2579,3.9068,6.4561,1.1948,-0.8349,-0.1426
1624364973291,4.2770,4.0934,6.7720,1.0396,-0.7799,-0.1646
1624364973301,4.1191,3.6077,6.9921,0.8698,-0.7176,-0.1841
1624364973313,3.9827,3.0023,7.0855,0.7928,-0.6760,-0.1915
1624364973322,3.8631,2.8420,7.2697,0.7342,-0.6284,-0.1805
1624364973332,3.8654,3.0286,7.3056,0.7073,-0.5893,-0.1573
1624364973341,3.9875,3.2105,7.1836,0.7965,-0.5783,-0.1145
1624364973351,4.1693,3.4258,6.9347,0.9663,-0.5722,-0.0583
1624364973360,4.3368,3.8159,6.6452,1.1166,-0.5343,-0.0302
1624364973370,4.3368,4.1652,6.4753,1.1203,-0.4855,-0.0559
1624364973380,4.2459,4.3399,6.5495,1.0030,-0.4402,-0.0925
1624364973389,4.1837,4.4930,6.5279,0.8234,-0.4134,-0.1157
1624364973399,4.2244,4.6342,6.4442,0.5852,-0.4085,-0.1279
1624364973408,4.3249,4.6414,6.5064,0.3371,-0.4060,-0.1292
1624364973418,4.4780,4.5098,6.6021,0.1392,-0.4036,-0.1340
1624364973428,4.7101,4.3184,6.6667,-0.0318,-0.4109,-0.1487
1624364973437,4.8465,4.1317,6.7361,-0.1686,-0.4085,-0.1621
1624364973447,4.8896,3.8613,6.8366,-0.2639,-0.3816,-0.1719
1624364973456,4.8034,3.5072,7.0496,-0.2871,-0.3217,-0.1683
1624364973466,4.7412,3.2488,7.2218,-0.2260,-0.2619,-0.1536
1624364973475,4.7651,3.4713,7.2266,-0.0892,-0.2240,-0.1573
1624364973485,4.8537,3.9738,7.1453,0.0842,-0.2057,-0.1621
1624364973495,4.9805,4.3877,7.0089,0.2590,-0.1873,-0.1487
1624364973505,5.0618,4.7060,6.8366,0.3897,-0.1629,-0.1402
1624364973514,5.1001,4.9501,6.5351,0.4178,-0.1275,-0.1524
1624364973524,5.0738,5.0290,6.4035,0.3017,-0.0762,-0.1671
1624364973533,5.0092,5.0147,6.4944,0.1087,-0.0175,-0.1671
1624364973543,4.9613,5.0338,6.5255,-0.0660,0.0203,-0.1793
1624364973553,4.9446,4.9357,6.6787,-0.2065,0.0362,-0.2037
1624364973562,4.9326,4.7778,6.9634,-0.2664,0.0472,-0.2269
1624364973572,4.8034,4.5696,7.2362,-0.2651,0.0558,-0.2538
1624364973581,4.6622,4.2633,7.4635,-0.2419,0.0777,-0.2733
1624364973589,4.4732,4.1245,7.6908,-0.1931,0.1168,-0.2550
1624364973599,4.3990,4.2538,7.7531,-0.0868,0.1413,-0.2281
1624364973608,4.4493,4.5672,7.7722,0.0415,0.1413,-0.2049
1624364973618,4.5378,4.9285,7.8655,0.1673,0.1303,-0.1793
1624364973627,4.5761,5.1702,7.9110,0.2577,0.1205,-0.1646
1624364973637,4.5833,5.3760,7.9086,0.2724,0.1107,-0.1756
1624364973649,4.4660,5.4382,7.9660,0.2003,0.1107,-0.1951
1624364973658,4.3440,5.2444,8.0498,0.0989,0.1168,-0.2037
1624364973667,4.2172,5.1870,8.1886,0.0256,0.1095,-0.2049
1624364973678,4.1502,5.1199,8.2843,-0.0318,0.0875,-0.2013
1624364973687,4.2100,4.9931,8.3800,-0.0782,0.0606,-0.1768
1624364973697,4.2555,4.9166,8.3824,-0.0733,0.0325,-0.1377
1624364973706,4.3273,4.9429,8.2627,-0.0135,0.0020,-0.1121
1624364973716,4.4134,4.9668,8.1096,0.0293,-0.0236,-0.0937
1624364973726,4.4852,4.9213,7.9038,0.0794,-0.0322,-0.0742
1624364973735,4.4565,4.8998,7.7698,0.1258,-0.0359,-0.0656
1624364973745,4.4684,5.0266,7.6573,0.1453,-0.0578,-0.0791
1624364973754,4.4876,5.0936,7.6262,0.1295,-0.0786,-0.0864
1624364973764,4.4900,5.0219,7.5999,0.1209,-0.0921,-0.0693
1624364973774,4.4948,4.9955,7.5832,0.1246,-0.1116,-0.0669
1624364973783,4.5306,4.9907,7.5951,0.0806,-0.1250,-0.0803
1624364973793,4.5618,4.8855,7.5832,0.0207,-0.1287,-0.0815
1624364973802,4.6359,4.8280,7.5616,-0.0074,-0.1385,-0.0815
1624364973812,4.7364,4.8544,7.4851,-0.0025,-0.1519,-0.0950
1624364973821,4.7915,4.9596,7.2673,0.0097,-0.1544,-0.1072
1624364973831,4.7532,5.0769,7.1094,0.0537,-0.1373,-0.1108
1624364973841,4.6503,5.1582,7.0352,0.0720,-0.0957,-0.0950
1624364973850,4.5450,5.1750,6.8510,0.0855,-0.0493,-0.0791
1624364973860,4.4684,5.1726,6.8725,0.0794,-0.0200,-0.0815
1624364973870,4.4038,5.1343,7.0567,0.0598,-0.0078,-0.0852
1624364973879,4.3727,5.0195,7.2075,0.0500,-0.0126,-0.0889
1624364973889,4.3823,4.8735,7.4324,0.0537,-0.0236,-0.0864
1624364973898,4.3751,4.8496,7.6717,0.0647,-0.0212,-0.0815
1624364973908,4.3943,4.9070,7.6956,0.0806,-0.0212,-0.0913
1624364973918,4.4589,5.0003,7.7770,0.1026,-0.0200,-0.0913
1624364973925,4.4565,5.1152,7.8583,0.1148,-0.0200,-0.0815
1624364973935,4.4636,5.1582,7.9014,0.1099,-0.0298,-0.0852
1624364973944,4.3799,5.1941,7.8990,0.0855,-0.0395,-0.0827
1624364973954,4.3464,5.1726,7.8631,0.0476,-0.0493,-0.0766
1624364973964,4.3703,5.1176,7.7890,0.0256,-0.0701,-0.0815
1624364973975,4.4469,5.0314,7.7866,0.0024,-0.0896,-0.0901
1624364973985,4.5091,4.9357,7.7626,-0.0220,-0.1018,-0.0950
1624364973995,4.5522,4.9070,7.6119,-0.0257,-0.1128,-0.0974
1624364974004,4.5689,4.9859,7.4683,-0.0159,-0.1128,-0.0937
1624364974014,3.8224,5.3664,4.8458,0.0305,-0.1018,-0.0876
1624364974023,3.4060,5.8450,7.8392,0.0867,-0.0786,-0.0754
1624364974035,5.5213,5.0099,6.5878,0.1514,-0.2765,-0.0681
1624364974042,5.9448,4.5241,6.8510,-0.0672,-0.4928,-0.1304
1624364974056,5.1480,4.3160,7.2554,-0.0611,-0.2484,-0.0986
1624364974059,3.6836,4.4236,7.3343,0.1453,0.2586,-0.0717
1624364974072,3.2337,4.8448,7.4013,0.3103,0.4711,-0.0546
1624364974079,3.6860,5.0865,7.2888,0.3872,0.3196,-0.0229
