1230798655065,0.4365,-3.7215,9.4065,0.1342,-0.3617,-0.0437
1230798655067,0.4365,-3.7335,9.3945,0.1110,-0.4900,-0.1122
1230798655067,0.9031,-3.8005,9.0141,0.1220,-0.6513,-0.1708
1230798655073,1.3841,-3.3219,9.0428,0.0597,-0.7112,-0.2991
1230798655097,2.2934,-2.5371,8.8657,-0.1236,-0.6806,-0.4115
1230798655098,5.6242,-0.6563,8.0139,-0.4217,-0.5303,-0.3076
1230798655103,7.6222,-2.9128,7.3870,-0.7833,0.0658,0.3093
1230798655120,6.3229,-4.4394,8.2747,-0.9006,0.9809,0.4132
1230798655143,2.0278,-3.8555,9.4209,-0.7784,1.4953,-0.1085
1230798655145,-1.9970,-3.2262,11.1724,-0.6208,1.4207,-0.4359
1230798655146,-3.0043,-4.1618,10.6245,-0.4510,0.6413,-0.5227
1230798655171,-0.4105,-5.1620,9.4950,-0.2726,-0.0917,-0.5300
1230798655172,2.6595,-5.2458,8.6049,0.1684,-0.4265,-0.6729
1230798655173,4.1143,-4.6787,8.4589,0.6107,-0.4118,-0.7621
1230798655183,3.8439,-4.2312,8.5499,0.9980,-0.2567,-0.6754
1230798655187,2.6930,-4.5183,9.1289,1.3914,-0.1333,-0.4359
1230798655195,1.9105,-4.6834,9.6075,1.6540,-0.1992,-0.2441
1230798655205,2.0684,-4.0781,9.7750,1.7335,-0.3776,-0.2661
1230798655214,2.5877,-3.0491,9.8516,1.6223,-0.5010,-0.4053
1230798655224,2.8987,-2.2523,10.1483,1.3559,-0.5242,-0.5508
1230798655233,2.8581,-2.1255,10.4689,0.9601,-0.4851,-0.6424
1230798655244,2.5757,-2.4390,10.5503,0.5154,-0.4338,-0.6986
1230798655253,2.2096,-2.9319,10.5000,0.1574,-0.4057,-0.7352
1230798655264,1.9608,-3.4894,10.4091,-0.0307,-0.4216,-0.7621
1230798655272,1.8770,-4.0087,10.3397,-0.0967,-0.4729,-0.7756
1230798655281,1.9105,-4.0254,10.2488,-0.1455,-0.5169,-0.7853
1230798655291,1.9177,-3.7981,10.1459,-0.2213,-0.5267,-0.8012
1230798655302,1.8938,-3.7048,9.9904,-0.3276,-0.5010,-0.8244
1230798655310,1.8363,-3.6210,9.9042,-0.4656,-0.4485,-0.8635
1230798655321,1.7741,-3.4655,9.8348,-0.6037,-0.3923,-0.9111
1230798655330,1.7095,-3.2645,9.9449,-0.7332,-0.3422,-0.9564
1230798655339,1.6593,-3.1616,10.0167,-0.8749,-0.2946,-0.9930
1230798655349,1.6210,-3.1520,10.0454,-1.0472,-0.2555,-1.0272
1230798655359,1.6281,-3.2645,10.0047,-1.2500,-0.2261,-1.0602
1230798655368,1.6449,-3.5205,9.7056,-1.4418,-0.1882,-1.1127
1230798655378,1.5875,-3.8579,9.5046,-1.5554,-0.1467,-1.1946
1230798655387,1.6832,-4.0350,9.5573,-1.6336,-0.1418,-1.2642
1230798655398,1.8985,-4.1618,9.4400,-1.7338,-0.1614,-1.2887
1230798655406,2.1306,-4.0159,9.2773,-1.9073,-0.1589,-1.3033
1230798655416,2.3221,-3.6737,9.3132,-2.2042,-0.1296,-1.3156
1230798655425,2.5566,-3.1520,9.1457,-2.6208,-0.0526,-1.3107
1230798655436,2.6953,-2.9319,8.8274,-3.0508,0.0891,-1.3094
1230798655445,2.7456,-3.3483,8.2627,-3.4405,0.2638,-1.3119
1230798655454,2.7336,-4.2432,7.7746,-3.7912,0.4336,-1.2728
1230798655469,2.6164,-5.2960,7.2601,-4.0196,0.5802,-1.1971
1230798655474,2.5757,-6.2101,6.9921,-4.0746,0.6767,-1.1347
1230798655484,2.5925,-6.8370,6.6811,-3.9842,0.7292,-1.0895
1230798655493,2.6116,-7.2509,6.4131,-3.7838,0.7708,-1.0370
1230798655503,2.5757,-8.0071,6.0996,-3.4845,0.8441,-0.9600
1230798655514,2.4704,-8.5359,6.2121,-3.1705,0.9272,-0.8965
1230798655523,2.2790,-8.7536,6.6715,-2.8761,1.0188,-0.8232
1230798655533,2.1187,-7.4304,6.5447,-2.5487,1.0897,-0.7169
1230798655543,2.1809,-8.9834,7.4779,-2.1064,1.2008,-0.4567
1230798655553,2.1067,-10.0601,6.7385,-1.8840,1.2717,-0.3504
1230798655562,2.0780,-9.7251,6.3437,-1.9635,1.2912,-0.4884
1230798655571,1.9703,-9.2729,5.8914,-1.9122,1.3914,-0.5703
1230798655581,1.9081,-9.0743,5.5134,-1.7399,1.4720,-0.4836
1230798655591,1.9105,-9.2250,5.1760,-1.4699,1.5490,-0.3137
1230798655601,1.7382,-10.2013,5.0587,-1.2940,1.5625,-0.1952
1230798655610,1.5755,-10.2444,4.8697,-1.2646,1.5625,-0.2172
1230798655620,1.3673,-9.9572,4.6687,-1.1266,1.5796,-0.1806
1230798655630,1.1472,-9.6294,4.6687,-0.9116,1.6101,-0.0547
1230798655639,1.0156,-9.1341,4.6448,-0.7711,1.6125,0.0662
1230798655649,0.9438,-8.4809,4.4557,-0.7002,1.5796,0.1395
1230798655658,0.9773,-8.2607,4.2189,-0.6452,1.5405,0.1933
1230798655668,0.9055,-8.4450,4.0920,-0.6513,1.5380,0.2617
1230798655677,0.6926,-8.5742,3.9652,-0.7014,1.5649,0.3484
1230798655687,0.4054,-8.8781,3.8528,-0.6758,1.5881,0.4596
1230798655697,0.1207,-9.4188,3.6972,-0.5573,1.5771,0.5647
1230798655706,-0.2024,-9.5193,3.5465,-0.4204,1.5295,0.6245
1230798655716,-0.3794,-9.1772,3.3215,-0.2702,1.4440,0.6661
1230798655725,-0.3746,-8.5790,3.3048,-0.1370,1.3523,0.7149
1230798655735,-0.3053,-7.7702,3.3503,-0.1064,1.2863,0.7687
1230798655745,-0.2694,-7.1098,3.2139,-0.1358,1.2473,0.8188
1230798655754,-0.2957,-6.8777,2.8262,-0.1785,1.2240,0.8615
1230798655763,-0.4321,-7.0236,2.6276,-0.2225,1.2118,0.9031
1230798655771,-0.6211,-7.0691,2.6946,-0.2750,1.1923,0.9312
1230798655781,-0.7886,-6.8154,2.6587,-0.3520,1.1385,0.9495
1230798655790,-0.9872,-6.6192,2.6157,-0.3789,1.0799,0.9800
1230798655800,-1.1427,-6.5451,2.6372,-0.3703,1.0115,1.0033
1230798655810,-1.2480,-6.3154,2.6659,-0.3703,0.9382,1.0094
1230798655821,-1.3437,-6.1455,2.5224,-0.3520,0.8636,1.0155
1230798655831,-1.4035,-6.2388,2.3979,-0.2812,0.7879,1.0106
1230798655841,-1.4921,-6.2436,2.5439,-0.2176,0.7390,0.9947
1230798655850,-1.6452,-6.2388,2.4266,-0.1077,0.6914,0.9800
1230798655859,-1.7553,-6.3488,2.3429,0.0573,0.6327,0.9642
1230798655869,-1.9013,-6.2579,2.5941,0.1953,0.5802,0.9116
1230798655879,-2.0185,-5.7865,2.7903,0.2674,0.5130,0.8371
1230798655889,-2.0616,-5.2840,2.9674,0.2772,0.4446,0.7785
1230798655898,-2.0759,-4.9443,3.2713,0.2393,0.3811,0.7076
1230798655908,-2.0568,-4.7768,3.4938,0.1073,0.3126,0.6221
1230798655917,-1.9419,-4.8318,3.5226,-0.0930,0.2601,0.5708
1230798655927,-1.8630,-5.0184,3.4316,-0.3117,0.2234,0.5610
1230798655936,-1.8917,-5.1596,3.2115,-0.5218,0.1966,0.5634
1230798655946,-2.0018,-5.2673,2.9890,-0.6978,0.1892,0.5402
1230798655956,-2.1764,-5.5161,2.6755,-0.8517,0.1783,0.4962
1230798655965,-2.2841,-6.1479,2.5989,-0.9714,0.1392,0.4486
1230798655973,-2.3176,-6.6623,2.6420,-1.0863,0.0744,0.3741
1230798655984,-2.2769,-6.9255,2.7497,-1.1400,-0.0001,0.2996
1230798655993,-2.1094,-7.0499,2.9076,-1.1327,-0.0746,0.2385
1230798656004,-1.9778,-6.8729,3.0009,-1.1351,-0.1357,0.1920
1230798656014,-1.8941,-6.2962,3.2905,-1.2048,-0.1614,0.1847
1230798656023,-1.9132,-5.5664,3.2617,-1.3135,-0.1553,0.2018
1230798656033,-2.0042,-4.4250,2.9890,-1.5029,-0.1162,0.2299
1230798656042,-2.1597,-2.7046,2.3860,-1.8279,-0.0649,0.2824
1230798656052,-2.4229,-0.5008,1.0388,-2.3654,-0.0294,0.3105
1230798656062,-2.8536,2.7439,-0.5692,-3.2768,-0.0771,0.1835
1230798656071,-3.3058,6.9648,-2.3997,-4.4191,-0.3006,-0.2490
1230798656079,-3.9423,10.2286,-3.9024,-5.7313,-0.4802,-0.7132
1230798656088,-4.2797,11.5231,-4.0627,-7.4954,-0.6085,-1.1812
1230798656098,-3.2484,9.2739,-4.4049,-9.3134,-0.8944,-1.8824
1230798656108,-0.5780,4.3375,-5.1754,-10.7929,-1.1974,-2.6582
1230798656118,2.3771,-0.4745,-5.7712,-11.5100,-1.2010,-3.2166
1230798656129,5.1480,-6.7293,-6.1062,-11.1679,-0.8675,-3.5098
1230798656139,7.4427,-12.1108,-5.3285,-10.0989,-0.3068,-3.9508
1230798656148,9.1009,-15.8412,-3.8497,-8.5046,0.3236,-4.5153
1230798656158,9.9504,-20.2057,-2.9907,-6.2456,0.8465,-4.7596
1230798656168,9.5891,-24.9602,-2.5720,-3.3159,1.3035,-4.8060
1230798656177,8.3113,-27.5349,-3.0410,-0.0527,1.6920,-5.0003
1230798656187,6.4210,-27.7120,-5.8119,3.1384,1.9143,-5.1457
1230798656196,4.6886,-27.8890,-9.1546,6.1817,1.8801,-5.1652
1230798656206,3.7721,-28.0470,-14.7610,8.7633,1.5466,-5.0846
1230798656215,3.3558,-25.8049,-17.1395,10.1450,1.1996,-4.7022
1230798656225,3.1548,-20.9259,-15.1391,10.7302,0.6608,-4.2868
1230798656235,3.5017,-16.6547,-14.0910,11.6319,-0.1162,-4.2245
1230798656244,5.0738,-10.6775,-6.0009,12.0118,-0.5560,-4.3173
1230798656254,6.8732,-5.3152,-0.0380,11.9813,-0.8920,-4.4028
1230798656264,9.1488,-4.1187,2.3764,12.1340,-1.5187,-4.0486
1230798656273,11.9675,-3.2119,6.1594,11.5268,-1.9989,-3.0577
1230798656283,14.6738,-1.8479,9.2869,9.4438,-1.9610,-1.9313
1230798656292,16.1909,0.6621,10.0382,6.2416,-1.3098,-0.5312
1230798656302,14.6379,-3.4296,10.2177,2.8941,-0.2127,0.8591
1230798656312,11.0032,-6.0282,9.8228,-0.6208,0.8306,1.0802
1230798656321,8.1271,-7.3802,9.0189,-3.0765,1.6370,0.6099
1230798656331,5.8754,-9.5385,7.8655,-3.7240,2.0890,0.3032
1230798656340,3.9420,-11.5652,6.2743,-2.9396,2.0279,0.2690
1230798656350,2.6427,-12.8837,5.5206,-1.6702,1.6040,0.2788
1230798656359,2.4944,-12.8167,4.3409,-0.5389,0.9870,0.1725
1230798656369,3.2146,-11.0172,3.1995,0.4335,0.4629,-0.0327
1230798656379,4.3249,-8.5718,2.5152,1.2948,0.1477,-0.2551
1230798656389,5.2174,-6.3345,2.4314,1.7933,0.0451,-0.3870
1230798656398,5.6624,-4.6619,2.6611,1.8398,0.0768,-0.4274
1230798656408,5.6768,-3.7287,3.1708,1.6186,0.1660,-0.4445
1230798656415,5.3514,-3.7550,3.9580,1.3559,0.2601,-0.4872
1230798656426,5.0068,-4.3293,4.8506,1.1311,0.3029,-0.5227
1230798656435,4.8776,-5.1070,5.4847,0.9796,0.2430,-0.5300
1230798656445,5.1863,-5.8631,6.0231,0.9564,0.1062,-0.5092
1230798656455,5.7653,-6.0976,6.2695,1.0200,-0.0343,-0.4750
1230798656463,6.3396,-5.9851,6.4801,1.0969,-0.1186,-0.4237
1230798656475,6.7416,-5.8009,6.6069,1.1116,-0.1235,-0.3712
1230798656485,6.9330,-5.6980,6.4538,0.9968,-0.0539,-0.3308
1230798656494,6.9354,-5.7913,6.1618,0.7561,0.0634,-0.2832
1230798656502,6.8158,-6.1909,6.0709,0.4653,0.1929,-0.2514
1230798656511,6.8254,-7.0978,6.2647,0.1513,0.2870,-0.2392
1230798656523,6.9881,-7.9233,6.2623,-0.2653,0.3578,-0.1965
1230798656532,7.1699,-8.4880,6.5734,-0.6806,0.4067,-0.1329
1230798656542,7.4092,-8.7130,7.0256,-0.9580,0.4336,-0.0779
1230798656552,7.5384,-8.6795,6.9586,-1.1241,0.4751,-0.0107
1230798656561,7.5049,-8.9905,7.0855,-1.1547,0.5264,0.0882
1230798656571,7.2513,-9.6246,6.8845,-1.1254,0.5619,0.2409
1230798656580,6.9617,-10.4621,6.7194,-1.1119,0.5472,0.4400
1230798656590,6.8517,-11.2446,6.5184,-1.1400,0.5069,0.6832
1230798656600,6.9522,-11.6418,6.6667,-1.2537,0.4336,0.9239
1230798656610,7.1053,-11.4862,6.4992,-1.4687,0.3884,1.1218
1230798656619,7.1484,-10.8833,6.2982,-1.6959,0.4299,1.2953
1230798656629,6.8900,-10.4741,6.0709,-1.8401,0.5582,1.4834
1230798656638,6.3707,-10.2850,5.7359,-1.9231,0.6841,1.6459
1230798656648,5.7366,-10.3688,5.3985,-2.0233,0.7586,1.7656
1230798656657,5.2150,-10.6535,5.0611,-2.1528,0.7781,1.8634
1230798656667,4.8345,-10.7971,4.7501,-2.2689,0.7488,1.9574
1230798656677,4.4876,-10.8785,4.2691,-2.2958,0.6559,2.0491
1230798656686,4.1980,-11.0029,3.9963,-2.1956,0.6205,2.1664
1230798656696,3.9229,-10.9814,3.5656,-1.9916,0.6242,2.2616
1230798656706,3.5711,-10.6775,3.3718,-1.7594,0.6364,2.2873
1230798656715,3.2792,-10.3090,3.2115,-1.5200,0.6315,2.2849
1230798656725,3.0543,-10.2635,2.9961,-1.2512,0.5924,2.2726
1230798656734,2.8724,-10.3951,2.7329,-1.0093,0.5301,2.2775
1230798656744,2.7767,-10.4430,2.7377,-0.7943,0.4617,2.3264
1230798656754,2.7241,-10.1774,3.0894,-0.5035,0.4250,2.3716
1230798656761,2.6284,-9.7155,2.9387,-0.0930,0.4189,2.3618
1230798656771,2.4130,-9.3136,2.9004,0.3529,0.4702,2.3313
1230798656780,2.1689,-8.6866,3.1612,0.6828,0.5313,2.3117
1230798656791,2.0302,-7.7822,3.1995,0.8221,0.5606,2.2983
1230798656800,1.9942,-7.1959,3.0009,0.8990,0.5753,2.2714
1230798656810,1.9775,-7.0332,2.8526,0.9357,0.5936,2.2335
1230798656821,1.8674,-6.9303,2.6635,0.9210,0.6254,2.2384
1230798656831,1.6880,-6.4111,2.5224,0.8783,0.6718,2.2653
1230798656840,1.3960,-5.8799,2.3907,0.8856,0.7170,2.2690
1230798656850,0.9988,-5.1668,2.3070,0.8868,0.7488,2.2445
1230798656860,0.6830,-4.6212,2.3620,0.8404,0.7793,2.1847
1230798656869,0.3336,-4.3461,2.3907,0.7463,0.7879,2.1431
1230798656879,0.0393,-4.2336,2.5008,0.6412,0.7879,2.1126
1230798656888,-0.2287,-4.2743,2.5606,0.5740,0.7757,2.0894
1230798656898,-0.4895,-4.2025,2.4266,0.5606,0.7598,2.0992
1230798656907,-0.6738,-3.7742,2.3261,0.5471,0.7439,2.1419
1230798656917,-0.7862,-2.9917,2.3214,0.4726,0.7415,2.1676
1230798656927,-0.9059,-2.2763,2.3381,0.2735,0.7659,2.1602
1230798656936,-1.1643,-1.7618,2.2759,-0.0307,0.8135,2.1529
1230798656946,-1.4969,-1.5297,2.1515,-0.3899,0.8453,2.1443
1230798656955,-1.7960,-1.6182,1.8284,-0.7222,0.8441,2.1016
1230798656965,-2.0496,-1.9867,1.5772,-0.9763,0.8233,2.0307
1230798656975,-2.1932,-2.4031,1.2637,-1.1669,0.7818,1.9550
1230798656984,-2.2578,-2.7811,0.9981,-1.2964,0.7329,1.9012
1230798656993,-2.3320,-3.0109,0.9694,-1.3428,0.6950,1.8841
1230798657004,-2.4588,-2.8553,0.9431,-1.3722,0.6828,1.8866
1230798657013,-2.5856,-2.3409,1.1249,-1.4674,0.6963,1.8890
1230798657023,-2.7579,-1.3455,1.1824,-1.6226,0.7195,1.8450
1230798657032,-3.0283,-0.2831,0.6440,-1.8670,0.7806,1.7974
1230798657042,-3.5499,0.8512,0.1032,-2.2567,0.8490,1.6948
1230798657051,-3.9998,1.7939,-0.7534,-2.6892,0.8404,1.4052
1230798657061,-4.1146,2.2868,-1.5813,-3.2609,0.7451,1.0375
1230798657089,-3.8969,2.1481,-1.9690,-3.9170,0.6095,0.6563
1230798657090,-3.5834,1.4589,-2.3614,-4.4900,0.4629,0.2116
1230798657093,-3.5308,0.6621,-2.4523,-4.8846,0.3639,-0.1855
1230798657102,-3.4327,0.2147,-2.2992,-5.0886,0.3212,-0.5654
1230798657107,-2.7388,-0.2543,-2.4404,-5.1827,0.2576,-1.0407
1230798657119,-1.5806,-0.9124,-2.7203,-5.2340,0.2002,-1.5513
1230798657126,-0.2622,-2.0800,-2.8711,-5.2047,0.2112,-2.1036
1230798657136,0.8122,-3.7837,-2.4834,-5.0178,0.2809,-2.6704
1230798657150,1.5779,-5.9373,-1.6364,-4.5975,0.3994,-3.1946
1230798657158,2.2359,-8.0980,-0.6003,-3.9769,0.5582,-3.6539
1230798657165,2.7456,-10.1941,0.5459,-3.1705,0.7183,-4.0449
1230798657179,3.1117,-12.6707,1.5222,-2.1333,0.8502,-4.3882
1230798657184,3.2720,-15.4057,2.0581,-0.8712,0.9944,-4.6447
1230798657194,3.4108,-18.3034,1.4121,0.6449,1.0933,-4.8060
1230798657204,3.4491,-21.4500,-0.2629,2.4812,1.1458,-4.9135
1230798657213,3.1811,-24.8238,-2.6150,4.6143,1.1581,-5.0259
1230798657222,2.8078,-27.7503,-4.5508,6.8048,1.2179,-5.1066
1230798657232,2.0541,-28.4202,-7.9486,8.9526,1.3022,-5.0846
1230798657243,0.6806,-26.6376,-9.1140,11.0125,1.2143,-4.9367
1230798657251,-0.7407,-24.5104,-9.9897,13.1737,0.7964,-4.6985
1230798657263,-1.8319,-22.6823,-10.0974,15.5817,0.0084,-4.4041
1230798657270,-2.0664,-20.1626,-8.4751,17.9861,-0.9506,-3.9630
1230798657282,-1.3102,-14.8697,-10.9038,20.0117,-2.0587,-3.2752
1230798657293,1.1687,-5.9157,-11.3441,21.1454,-3.3403,-2.6961
1230798657299,6.5430,10.5636,-9.6643,20.6775,-4.4753,-2.6301
1230798657310,14.5015,46.7646,7.3247,17.6196,-5.0128,-2.8195
1230798657319,20.5003,54.8308,19.9014,11.4278,-4.2383,-2.2832
1230798657328,13.6569,26.4687,22.4737,0.8672,-1.5114,-0.7682
1230798657338,8.8616,9.0514,19.3965,-5.7496,0.0683,-0.3101
1230798657348,7.3685,-0.3261,16.5371,-7.5675,0.6083,-0.9955
1230798657357,8.3209,-6.9662,12.3305,-8.6720,0.3664,-1.3400
1230798657367,9.4575,-12.3883,8.4326,-9.8192,0.0316,-0.8012
1230798657376,9.4024,-16.4155,6.2599,-10.3506,0.2125,-0.2710
1230798657386,8.2754,-18.5188,4.5921,-9.5663,0.7329,-0.1427
1230798657396,6.4664,-18.6456,4.3935,-7.5785,1.3169,-0.3015
1230798657406,3.9899,-18.0139,5.3889,-5.1070,1.6419,-0.3712
1230798657415,2.0708,-16.9299,5.8603,-2.9140,1.4293,-0.2258
1230798657426,1.6114,-15.0563,5.6378,-1.1999,0.8783,0.0295
1230798657436,2.4967,-12.9794,5.2047,0.2271,0.3407,0.2934
1230798657443,3.8750,-10.6224,4.7620,1.3474,-0.0087,0.4547
1230798657453,5.0212,-7.8707,4.3241,2.0633,-0.1406,0.4596
1230798657462,5.3657,-5.1979,4.4629,2.4262,-0.0355,0.3655
1230798657472,4.8991,-3.3793,5.1305,2.4445,0.2369,0.2702
1230798657484,3.8367,-2.0609,5.9225,2.1464,0.4751,0.1603
1230798657493,2.7552,-1.5034,6.4873,1.7774,0.5411,0.0271
1230798657501,2.1641,-1.6087,6.8055,1.4671,0.4177,-0.0437
1230798657513,2.1953,-2.0968,6.8462,1.1996,0.1770,-0.0095
1230798657522,2.7408,-2.3648,6.7074,0.9796,-0.0905,0.0430
1230798657532,3.3797,-2.2069,6.7242,0.7475,-0.3031,0.0198
1230798657541,3.9300,-1.8527,7.0687,0.4580,-0.4192,-0.0816
1230798657551,4.2938,-1.5393,7.6502,0.0157,-0.4607,-0.1940
1230798657560,4.5665,-1.5441,8.0569,-0.5719,-0.4619,-0.2759
1230798657570,4.8943,-2.2045,8.6073,-1.2085,-0.4521,-0.3186
1230798657580,5.2748,-3.2310,8.8179,-1.8230,-0.4387,-0.3015
1230798657590,5.6744,-4.5518,9.2079,-2.3019,-0.4289,-0.2392
1230798657599,6.0477,-6.2172,9.7941,-2.5108,-0.4265,-0.1561
1230798657609,6.3755,-7.7917,10.1985,-2.5792,-0.4277,-0.0584
1230798657618,6.6315,-8.8470,10.4976,-2.6049,-0.4228,0.0357
1230798657628,6.8158,-9.5504,10.8685,-2.6037,-0.4241,0.1310
1230798657638,7.0383,-10.0051,10.8326,-2.6037,-0.4216,0.2373
1230798657647,7.3853,-10.4238,10.6436,-2.6134,-0.4106,0.3558
1230798657657,7.7322,-10.8474,10.4761,-2.5682,-0.3385,0.4889
1230798657666,7.9955,-10.9957,10.2416,-2.4754,-0.1712,0.6917
1230798657674,8.0529,-11.1752,9.9114,-2.3728,0.1269,1.0118
1230798657686,7.6150,-13.5728,9.6745,-2.3117,0.5130,1.3234
1230798657695,6.7895,-14.0848,9.0691,-2.3837,0.8245,1.3490
1230798657705,5.9233,-13.8264,8.6719,-2.3288,1.0200,1.3527
1230798657714,5.1624,-13.9149,7.7890,-2.0465,1.1507,1.5567
1230798657724,4.6599,-14.0346,6.9036,-1.7375,1.2228,1.8450
1230798657734,4.3751,-13.5919,6.2647,-1.5078,1.2265,2.0368
1230798657743,4.2531,-12.7162,5.4823,-1.2988,1.2314,2.1517
1230798657753,4.1334,-11.6992,4.6950,-1.0386,1.2534,2.2274
1230798657760,3.8798,-10.8115,4.2236,-0.8749,1.3401,2.3484
1230798657770,3.5424,-10.2970,3.6805,-0.8150,1.4073,2.4816
1230798657780,3.0806,-10.1032,3.2569,-0.7564,1.4501,2.5793
1230798657789,2.5685,-9.9476,3.0248,-0.7027,1.4684,2.6648
1230798657799,2.0756,-9.7491,2.9913,-0.6037,1.4244,2.7296
1230798657811,1.6808,-9.5528,2.7138,-0.4094,1.3316,2.7577
1230798657820,1.4296,-9.2633,2.6061,-0.1419,1.2045,2.7699
1230798657830,1.3003,-8.6460,2.7162,0.0756,1.0835,2.7870
1230798657840,1.1735,-7.6793,2.6228,0.2857,0.9650,2.7870
1230798657849,0.9893,-6.6671,2.5415,0.4445,0.9003,2.7564
1230798657859,0.7021,-5.7650,2.4410,0.5142,0.8759,2.7015
1230798657868,0.3863,-5.1142,2.2974,0.4995,0.8429,2.6379
1230798657878,0.1207,-4.8366,2.1419,0.3932,0.7964,2.5805
1230798657887,-0.1114,-4.8916,2.0031,0.3040,0.7354,2.5255
1230798657897,-0.3507,-4.8844,1.7782,0.2637,0.6608,2.4522
1230798657907,-0.5110,-4.6284,1.5198,0.2784,0.5875,2.3716
1230798657916,-0.5517,-3.9201,1.4839,0.3101,0.5203,2.2934
1230798657926,-0.5828,-3.1688,1.4982,0.3028,0.4715,2.2054
1230798657935,-0.7551,-2.6591,1.4480,0.2430,0.4519,2.1065
1230798657945,-1.0614,-2.4318,1.7016,0.0951,0.4641,2.0491
1230798657955,-1.4347,-2.4844,2.0007,-0.0979,0.4544,2.0344
1230798657964,-1.6620,-2.8099,2.2448,-0.2726,0.4116,1.9978
1230798657973,-1.7410,-3.1425,2.3070,-0.4192,0.3554,1.9403
1230798657981,-1.7864,-3.4679,2.3453,-0.5060,0.3151,1.8829
1230798657993,-1.7936,-3.6976,2.1921,-0.5438,0.2809,1.8218
1230798658003,-1.8295,-3.8292,2.1251,-0.5414,0.2613,1.7827
1230798658012,-1.9539,-3.5110,2.3046,-0.5133,0.2503,1.7241
1230798658022,-2.0664,-3.1090,2.5056,-0.4888,0.2210,1.6178
1230798658031,-2.1836,-2.9463,2.8693,-0.5194,0.2100,1.5176
1230798658041,-2.4061,-2.9319,3.2928,-0.5732,0.2283,1.4419
1230798658051,-2.6598,-3.1784,3.5872,-0.6318,0.2393,1.3625
1230798658060,-2.8536,-3.5325,3.5991,-0.6513,0.2308,1.2207
1230798658070,-2.9015,-3.9249,3.4890,-0.6281,0.2137,1.0399
1230798658080,-2.8321,-4.5973,3.5800,-0.5854,0.1966,0.8762
1230798658089,-2.8775,-5.0137,3.4699,-0.5304,0.1953,0.7284
1230798658097,-2.9613,-5.3558,3.2665,-0.3923,0.1929,0.6025
1230798658106,-3.1264,-5.3750,3.2689,-0.2127,0.2051,0.4865
1230798658116,-3.2436,-5.2840,3.5465,-0.0454,0.2247,0.3900
1230798658125,-3.3226,-4.8940,3.6374,0.0548,0.2442,0.3252
1230798658135,-3.3920,-4.1451,3.5345,0.0646,0.2748,0.2568
1230798658145,-3.5547,-3.4009,3.3814,-0.0527,0.3114,0.1285
1230798658156,-3.6672,-3.1449,3.2713,-0.2946,0.3395,-0.0303
1230798658166,-3.7126,-3.2741,2.8239,-0.6355,0.3395,-0.1427
1230798658176,-3.6959,-3.4009,2.2615,-1.0081,0.3175,-0.2294
1230798658185,-3.6672,-3.2525,2.0270,-1.3624,0.2943,-0.3369
1230798658195,-3.6313,-2.8457,1.5796,-1.7057,0.2650,-0.4542
1230798658204,-3.5954,-2.5084,0.9407,-2.0588,0.2418,-0.5312
1230798658214,-3.5523,-2.3122,0.4214,-2.4289,0.2503,-0.5850
1230798658223,-3.5978,-1.8503,-0.0858,-2.8370,0.2796,-0.6375
1230798658233,-3.6743,-1.2210,-0.5452,-3.2267,0.2858,-0.8073
1230798658243,-3.4709,-1.2330,-1.0549,-3.5603,0.2418,-1.1250
1230798658252,-2.9685,-1.9963,-1.2344,-3.9048,0.1734,-1.4255
1230798658261,-2.3511,-2.8434,-1.0549,-4.1736,0.1147,-1.6955
1230798658272,-1.6069,-3.6282,-0.9113,-4.2994,0.0610,-1.9850
1230798658281,-0.8723,-4.4944,-0.4783,-4.2591,0.0451,-2.3100
1230798658291,-0.3627,-5.3008,0.0242,-4.0294,0.1025,-2.6081
1230798658300,0.1326,-6.0091,0.4406,-3.6275,0.2161,-2.8830
1230798658309,0.7093,-6.4063,1.2877,-3.1754,0.3310,-3.2324
1230798658320,1.4487,-7.0835,2.1586,-2.5878,0.4360,-3.6588
1230798658329,2.2766,-7.7247,1.9983,-1.9158,0.5350,-4.0974
1230798658339,3.1069,-7.9903,0.8904,-1.4039,0.6388,-4.5311
1230798658348,3.7530,-7.9114,0.2946,-1.1510,0.7366,-4.9416
1230798658357,4.0353,-8.3971,-0.7199,-1.0264,0.7427,-5.2336
1230798658367,4.1215,-10.3784,-1.1458,-0.8163,0.7073,-5.3851
1230798658377,4.2411,-13.8001,-1.3468,-0.3447,0.6975,-5.4328
1230798658387,4.2459,-18.0713,-0.7893,0.5215,0.7512,-5.3973
1230798658396,4.0353,-22.0171,-0.1911,1.8923,0.8099,-5.3228
1230798658406,3.9612,-25.4962,-1.2464,3.9741,0.8429,-5.2544
1230798658416,3.6884,-26.1782,-5.2280,6.2673,0.5948,-5.1322
1230798658425,4.1215,-23.4575,-4.3498,7.8189,0.2674,-4.7901
1230798658433,5.1791,-20.8183,-2.1891,9.4254,-0.1162,-4.3125
1230798658442,6.6268,-18.7891,-1.4186,11.4535,-0.6305,-3.9814
1230798658452,8.1941,-16.4872,0.5674,13.1737,-0.8517,-3.7224
1230798658462,9.0674,-12.7951,2.6946,13.8835,-0.8822,-3.3497
1230798658471,8.9286,-7.3754,3.7379,13.7589,-0.6806,-2.7951
1230798658481,8.2228,-0.4840,6.1020,12.9978,-0.4546,-2.0840
1230798658492,7.5576,4.7826,8.8370,11.4669,-0.4961,-1.3730
1230798658500,7.0766,8.8193,10.4330,9.1249,-0.6464,-1.0810
1230798658512,6.6483,10.9058,11.3854,6.1280,-0.5682,-1.1946
1230798658521,6.5143,9.7979,11.9908,2.8379,-0.2970,-1.4365
1230798658531,6.9809,5.9383,11.6055,-0.2812,-0.0478,-1.5623
1230798658541,7.6629,1.5618,10.7369,-2.8040,0.1978,-1.5770
1230798658550,8.1677,-2.6280,10.1913,-4.4546,0.4348,-1.5758
1230798658560,8.2180,-6.4015,9.3467,-5.2389,0.5668,-1.4707
1230798658570,8.0122,-9.2131,8.6456,-5.4234,0.6010,-1.2129
1230798658579,7.6533,-10.9120,7.9325,-5.1339,0.5729,-0.9820
1230798658589,7.1915,-11.5963,7.2003,-4.4802,0.5191,-0.8635
1230798658598,6.6746,-11.5580,6.8246,-3.6152,0.5215,-0.7719
1230798658606,6.2391,-11.1943,6.3820,-2.6513,0.5069,-0.6888
1230798658616,5.9592,-10.5985,6.0063,-1.7020,0.4238,-0.6253
1230798658626,5.8347,-9.9213,5.6833,-0.8444,0.2809,-0.5813
1230798658636,5.8587,-9.2561,5.4296,-0.1443,0.1367,-0.5275
1230798658645,5.9615,-8.5431,5.4344,0.3993,0.0316,-0.4469
1230798658655,6.0764,-7.8420,5.6713,0.8062,-0.0551,-0.3565
1230798658665,6.1626,-7.2438,6.2169,1.0823,-0.1320,-0.2661
1230798658675,6.2942,-6.4852,6.7265,1.1788,-0.1834,-0.1732
1230798658685,6.4138,-5.6956,7.3224,1.1507,-0.2103,-0.1012
1230798658695,6.5550,-5.0950,8.0187,1.0346,-0.2103,-0.0376
1230798658704,6.7320,-4.8653,8.6982,0.7964,-0.1858,0.0479
1230798658714,6.9689,-4.7313,9.2581,0.4470,-0.1406,0.1554
1230798658721,7.2465,-4.7480,9.7319,0.0487,-0.0942,0.2739
1230798658733,7.4714,-4.9634,9.8875,-0.3496,-0.0294,0.4034
1230798658743,7.5887,-5.4874,9.8970,-0.7442,0.0805,0.5427
1230798658750,7.6054,-6.2723,9.6625,-1.1046,0.2039,0.6783
1230798658759,7.5408,-7.2964,9.4280,-1.4345,0.3248,0.8188
1230798658769,7.5815,-8.4928,9.2797,-1.7277,0.4324,0.9715
1230798658779,7.6987,-9.4787,9.0213,-2.0160,0.5338,1.1487
1230798658791,7.7801,-9.9453,8.7868,-2.3080,0.6559,1.3466
1230798658800,7.7251,-10.3544,8.6217,-2.4521,0.7977,1.5396
1230798658810,7.4475,-10.9694,8.2938,-2.4179,0.9650,1.7045
1230798658819,6.9594,-11.5389,8.1527,-2.3300,1.1361,1.8780
1230798658829,6.2535,-11.7327,7.7842,-2.2066,1.2509,2.0588
1230798658839,5.5500,-11.9504,7.5903,-1.9904,1.2986,2.2299
1230798658848,5.0427,-12.0964,7.3319,-1.7631,1.3022,2.4009
1230798658858,4.7149,-12.0605,6.9515,-1.5579,1.2815,2.5659
1230798658867,4.5594,-11.7710,6.6954,-1.3477,1.2558,2.7161
1230798658877,4.4589,-11.2039,6.2528,-1.1254,1.2387,2.8481
1230798658887,4.3009,-10.7947,5.9369,-0.9238,1.2448,2.9727
1230798658897,4.0688,-10.5435,5.4966,-0.7589,1.2668,3.0631
1230798658906,3.6836,-10.1750,5.0348,-0.6721,1.2839,3.1303
1230798658915,3.2074,-9.8735,4.6926,-0.6074,1.2937,3.2195
1230798658925,2.6618,-9.6725,4.3553,-0.5011,1.2534,3.3062
1230798658935,2.1761,-9.6844,3.9868,-0.2799,1.1654,3.3551
1230798658944,1.8555,-9.5170,3.6829,-0.0490,1.0677,3.3832
1230798658954,1.6975,-8.7895,3.3263,0.1269,0.9394,3.4040
1230798658964,1.7167,-7.5811,3.1660,0.2735,0.8148,3.4052
1230798658973,1.7813,-6.1359,2.7903,0.4225,0.7048,3.3746
1230798658983,1.6377,-4.8294,2.6037,0.5508,0.6755,3.3245
1230798658993,1.3051,-3.6474,2.5558,0.5252,0.6841,3.2671
1230798659000,0.7117,-2.5610,2.5941,0.3688,0.6950,3.2244
1230798659010,0.0106,-1.6757,2.6540,0.1452,0.6633,3.1865
1230798659019,-0.5924,-1.1827,2.8119,-0.1101,0.5826,3.1401
1230798659029,-1.0207,-1.1397,2.8286,-0.3618,0.4788,3.0765
1230798659040,-1.2528,-0.9650,2.8310,-0.6880,0.3823,3.0069
1230798659048,-1.3007,-0.5199,2.9363,-1.0765,0.3102,2.9409
1230798659057,-1.2839,0.0232,3.1206,-1.4455,0.2870,2.8823
1230798659067,-1.4753,0.4228,3.0918,-1.7607,0.3163,2.8187
1230798659077,-1.7720,0.5520,3.0847,-2.0527,0.3371,2.7748
1230798659089,-2.0329,0.1788,2.9339,-2.3275,0.3224,2.7393
1230798659096,-2.2004,-0.5415,2.7927,-2.6012,0.3004,2.6709
1230798659106,-2.4157,-1.3167,2.7018,-2.8297,0.3065,2.6074
1230798659115,-2.4899,-2.0107,2.5678,-2.9384,0.3102,2.5756
1230798659125,-2.3966,-2.3050,2.4314,-2.9189,0.3285,2.5549
1230798659134,-2.2985,-2.1949,2.2615,-2.7943,0.3749,2.5023
1230798659144,-2.1669,-1.7139,1.9002,-2.6635,0.4604,2.4327
1230798659155,-2.3511,-0.7233,1.6657,-2.6525,0.5961,2.3423
1230798659165,-2.5665,0.3104,1.5317,-2.7136,0.7085,2.1443
1230798659175,-2.6335,0.8392,1.2565,-2.8297,0.7549,1.8475
1230798659185,-2.6502,0.6956,0.9383,-3.0093,0.7854,1.5591
1230798659194,-2.6981,0.5640,0.5985,-3.1938,0.8245,1.3063
1230798659204,-2.8273,0.9301,0.5219,-3.4039,0.8771,1.0179
1230798659214,-2.9685,1.4446,0.1774,-3.5908,0.8991,0.5903
1230798659223,-2.8297,1.5235,0.0075,-3.8168,0.8844,0.0711
1230798659232,-2.4014,0.9277,-0.0739,-4.1052,0.8441,-0.4946
1230798659242,-1.8893,-0.2113,0.1463,-4.3568,0.8441,-1.0651
1230798659252,-1.3031,-1.4723,0.3927,-4.5291,0.9088,-1.6466
1230798659262,-0.3818,-2.2930,0.6392,-4.6794,0.9907,-2.2465
1230798659271,0.6184,-3.3459,0.2228,-4.7172,1.0897,-2.7816
1230798659280,1.5348,-4.6021,-0.0093,-4.5865,1.2705,-3.2385
1230798659291,2.2192,-5.5736,-0.1432,-4.2554,1.4916,-3.7321
1230798659300,2.8389,-6.7508,-0.2079,-3.7093,1.7249,-4.2440
1230798659310,3.4539,-8.1578,-0.5452,-3.0704,1.9229,-4.7510
1230798659320,3.9588,-10.5530,-0.9807,-2.2103,2.0756,-5.1860
1230798659329,4.2339,-13.5752,-2.2130,-1.1315,2.1611,-5.5708
1230798659339,4.2650,-17.0878,-3.9670,0.1855,2.1843,-5.8640
1230798659348,3.8271,-20.8374,-4.9146,1.7530,2.2173,-5.9850
1230798659358,3.0280,-24.7760,-6.7977,3.5795,2.1929,-5.9923
1230798659368,1.9033,-27.3985,-7.6759,5.4182,2.1904,-5.9642
1230798659377,0.5897,-28.8127,-7.7955,7.5513,2.1367,-5.9569
1230798659387,-0.4727,-29.5712,-8.9632,10.2501,1.8752,-6.0167
1230798659396,-0.9393,-28.7983,-8.4416,13.3704,1.4342,-6.0485
1230798659404,-0.5948,-27.9297,-9.3700,16.8914,0.9247,-5.8176
1230798659413,-1.1714,-24.8597,-13.7464,20.7985,0.1343,-5.3717
1230798659424,-2.0377,-18.3177,-17.5295,24.4087,-1.0459,-4.3931
1230798659434,-0.5661,-5.4994,-18.4483,25.5913,-2.5914,-2.9576
1230798659447,4.2674,21.1686,-15.6607,23.4557,-3.9426,-2.3504
1230798659454,10.9769,67.9579,7.6884,19.9188,-4.2896,-2.8513
1230798659463,16.5809,55.6085,21.1768,13.3521,-3.8363,-2.5971
1230798659473,13.8698,29.9814,19.7507,0.7842,-2.2151,-1.5330
1230798659482,8.7253,11.4131,19.6382,-5.9402,-0.4228,-1.7590
1230798659492,8.3616,1.5307,19.2697,-8.7966,0.2430,-2.2990
1230798659501,10.9554,-5.6836,14.7497,-10.8491,0.1392,-2.1915
1230798659511,11.7378,-11.8284,10.0095,-12.2553,0.2161,-1.2960
1230798659519,10.1873,-16.3197,5.8077,-12.6731,0.5900,-0.4017
1230798659529,7.4930,-19.5859,1.7471,-11.0287,0.8636,-0.4115
1230798659539,5.2916,-21.1867,-1.3540,-7.9059,0.9870,-0.7951
1230798659550,4.2196,-21.4332,-0.1863,-4.9787,1.0603,-0.6974
1230798659560,3.8822,-19.2175,0.8258,-2.7686,0.8563,-0.2905
1230798659569,4.0305,-15.5038,1.0986,-0.7674,0.4727,0.0308
1230798659578,4.2531,-12.2448,1.8093,1.1776,0.1636,0.2739
1230798659588,4.4086,-9.3614,2.4984,2.4909,0.0060,0.4400
1230798659598,4.4397,-6.2914,3.3000,3.0395,-0.0417,0.4914
1230798659608,4.1813,-3.5445,4.3553,3.1690,0.0097,0.4743
1230798659617,3.5687,-1.8312,5.4344,3.1568,0.0622,0.4523
1230798659626,2.8676,-1.0081,6.4155,3.0187,0.0206,0.4046
1230798659636,2.5948,-0.5152,7.1285,2.6864,-0.1345,0.3448
1230798659646,2.8461,-0.1371,7.4037,2.2258,-0.3593,0.3167
1230798659656,3.4563,0.0161,7.4348,1.7090,-0.5707,0.3301
1230798659665,4.1861,-0.0103,7.5736,1.1324,-0.7038,0.3399
1230798659675,4.8010,-0.1921,7.5545,0.4641,-0.7478,0.3154
1230798659684,5.1671,-0.3740,7.7698,-0.3386,-0.7209,0.2690
1230798659694,5.3897,-0.8765,8.1933,-1.1559,-0.6330,0.2299
1230798659704,5.5261,-1.5201,8.2388,-1.8706,-0.5658,0.2091
1230798659713,5.6385,-2.5227,8.8250,-2.4241,-0.5132,0.1994
1230798659721,5.9400,-4.0159,9.4185,-2.7686,-0.5120,0.1994
1230798659730,6.5334,-5.6956,9.9377,-2.9140,-0.5206,0.2348
1230798659740,7.2082,-7.4974,10.5096,-2.8724,-0.4974,0.3069
1230798659749,7.7825,-8.9211,10.8996,-2.7344,-0.4241,0.4352
1230798659762,8.0959,-9.8089,10.9977,-2.5646,-0.3153,0.6025
1230798659771,8.1701,-10.2755,11.0791,-2.3874,-0.1760,0.8029
1230798659780,8.2108,-10.0960,10.9379,-2.2872,-0.0392,1.0595
1230798659790,8.1414,-10.4023,10.6603,-2.2066,0.1062,1.3539
1230798659800,7.8375,-10.5243,10.0717,-2.0661,0.2540,1.5750
1230798659809,7.5265,-11.0484,9.4879,-1.8987,0.4226,1.8072
1230798659819,7.1747,-12.3357,8.7939,-1.8217,0.6388,2.0356
1230798659829,6.7655,-12.8071,8.1622,-1.8987,0.8929,2.1615
1230798659838,6.2463,-13.0344,7.5353,-1.9390,1.1837,2.2812
1230798659848,5.7366,-13.0942,7.0926,-1.8853,1.4207,2.4009
1230798659857,5.3418,-12.8621,6.8151,-1.7778,1.6077,2.5353
1230798659867,4.9685,-12.2878,6.4944,-1.5994,1.7372,2.6563
1230798659876,4.5857,-11.5508,5.6450,-1.4039,1.7750,2.7516
1230798659886,4.1789,-10.9622,4.6544,-1.2268,1.8105,2.8860
1230798659896,3.7649,-10.2348,4.8769,-1.1180,1.8227,3.0374
1230798659905,3.2720,-9.2657,4.4366,-1.0484,1.7873,3.1755
1230798659915,2.8724,-8.2607,3.9963,-0.8664,1.7017,3.3111
1230798659924,2.5733,-7.9162,3.8073,-0.7100,1.6431,3.4040
1230798659934,2.2527,-7.5237,3.3766,-0.6452,1.5002,3.3771
1230798659944,1.8746,-7.2509,3.0918,-0.5719,1.3963,3.3722
1230798659953,1.4894,-7.0260,2.9076,-0.4632,1.3218,3.4687
1230798659961,1.2046,-6.5833,3.0751,-0.3044,1.2766,3.5371
1230798659972,1.0682,-5.4922,2.7281,-0.1834,1.1739,3.5261
1230798659982,1.0491,-4.1810,2.3692,-0.0881,1.0567,3.4663
1230798659992,1.0515,-3.0802,1.9002,-0.0661,0.9846,3.4003
1230798660001,0.9749,-2.2141,1.4145,-0.2347,0.9540,3.3307
1230798660011,0.7452,-1.4579,1.1345,-0.5841,0.9455,3.2427
1230798660028,0.3600,-0.8741,0.9957,-1.0215,0.9443,3.1339
1230798660030,-0.1066,-0.2495,0.9838,-1.4943,0.9211,3.0154
1230798660038,-0.5661,0.5018,1.3546,-1.9769,0.8771,2.8835
1230798660048,-0.9824,1.4398,1.5772,-2.4974,0.7977,2.7064
1230798660057,-1.4682,2.2414,1.0891,-3.1265,0.6938,2.4877
1230798660066,-2.0185,2.0332,0.4214,-3.7936,0.5936,2.2665
1230798660076,-2.4277,0.6238,-0.3825,-4.5059,0.4702,2.0540
1230798660157,-2.7435,-0.9076,-0.9592,-5.2805,0.3358,1.8365
1230798660157,-2.9780,-2.2428,-0.9329,-5.8498,0.2125,1.6227
1230798660158,-3.0403,-3.7550,-1.0788,-5.9512,0.0915,1.4077
1230798660159,-2.9541,-5.2003,-1.4162,-5.6861,0.0048,1.1731
1230798660160,-2.7603,-6.4565,-1.6890,-5.2291,-0.0404,0.9165
1230798660161,-2.5162,-7.1361,-1.6196,-4.6659,-0.0282,0.6954
1230798660162,-2.2410,-7.3538,-1.1291,-4.0025,0.0121,0.5268
1230798660163,-2.0855,-7.0739,-0.3395,-3.1974,0.0634,0.3215
1230798660164,-2.0353,-6.1814,0.4789,-2.3117,0.1452,0.0613
1230798660174,-1.9515,-4.8342,1.0197,-1.5957,0.2479,-0.2221
1230798660183,-1.7625,-3.3626,1.6873,-1.1645,0.3517,-0.5397
1230798660193,-1.6524,-2.2380,1.9864,-0.9641,0.4446,-0.8904
1230798660203,-1.6668,-1.3335,2.0294,-0.9262,0.5472,-1.2313
1230798660211,-1.7122,-0.4888,2.2328,-0.9861,0.6572,-1.6271
1230798660222,-1.5232,-0.2591,2.2328,-1.1290,0.7427,-2.0767
1230798660231,-0.9944,-0.7807,1.9170,-1.3221,0.8099,-2.5361
1230798660241,-0.2167,-2.0777,1.6657,-1.4491,0.8869,-2.9905
1230798660251,0.7045,-3.9369,1.6609,-1.3563,0.9662,-3.4536
1230798660261,1.5875,-6.3967,1.5580,-1.0264,1.0457,-3.9276
1230798660270,2.2934,-9.2370,1.5556,-0.4950,1.1178,-4.3943
1230798660280,2.8174,-12.7185,1.2422,0.3101,1.1727,-4.7694
1230798660290,3.0926,-16.7026,0.6344,1.4879,1.2289,-4.9539
1230798660299,3.0854,-21.3877,-1.4330,3.2374,1.2924,-5.0687
1230798660309,2.8246,-25.7810,-3.8186,5.3314,1.4366,-5.2275
1230798660319,2.3053,-28.7385,-5.9195,7.7040,1.8129,-5.3118
1230798660328,0.9223,-30.0474,-9.3987,10.5201,1.9583,-5.2837
1230798660338,-0.5086,-28.3987,-10.7243,13.3851,1.6932,-5.1115
1230798660347,-2.0616,-23.5461,-12.1289,16.1596,1.0518,-4.5397
1230798660355,-3.7748,-16.4753,-11.7126,18.7460,-0.1345,-3.7016
1230798660364,-3.0211,-7.3945,-6.5991,20.2426,-1.6238,-2.9588
1230798660374,0.0154,6.0962,-0.7439,19.4754,-3.1656,-2.3797
1230798660383,6.5526,28.7969,11.2274,16.1816,-4.2884,-2.0608
1230798660396,14.1402,40.2849,20.6958,10.9550,-4.2786,-1.8800
1230798660405,15.2074,22.5971,18.0159,3.2704,-2.4375,-1.3485
1230798660415,10.9482,8.0368,15.9221,-3.6910,-0.4167,-1.0272
1230798660424,7.9404,-0.0677,13.6920,-7.3513,0.7915,-1.1763
1230798660434,6.5239,-4.8581,8.9208,-9.5333,1.0689,-1.2777
1230798660443,5.3849,-9.8591,5.6713,-10.5644,0.9883,-0.9527
1230798660451,4.5641,-15.0707,3.7881,-10.4972,0.9149,-0.3430
1230798660463,3.7889,-20.6938,1.4384,-9.6445,1.0163,0.3252
1230798660472,2.5470,-24.0486,1.7375,-7.9585,1.1959,0.6184
1230798660482,0.9199,-23.3618,3.2905,-5.7508,1.1654,0.4144
1230798660491,-0.0923,-19.5405,4.1495,-3.5896,0.8209,0.1896
1230798660501,0.0848,-15.8938,4.1566,-1.4992,0.3261,0.2323
1230798660511,1.3554,-13.1636,4.0418,0.1953,-0.1149,0.3716
1230798660520,2.8533,-10.8210,4.3098,1.2826,-0.3361,0.4498
1230798660530,3.8511,-8.3971,4.3409,1.9876,-0.3288,0.4327
1230798660539,4.0425,-6.2842,4.4294,2.5716,-0.2127,0.3777
1230798660549,3.5927,-4.8342,4.7668,3.0016,-0.0759,0.3374
1230798660559,2.8509,-3.9010,5.1664,3.1140,-0.0270,0.3228
1230798660568,2.2981,-3.0659,5.4751,2.9491,-0.0917,0.2959
1230798660578,2.1235,-2.2643,5.6354,2.6412,-0.2591,0.2153
1230798660588,2.4226,-1.6182,5.9130,2.2527,-0.4766,0.0943
1230798660597,3.1237,-1.1492,6.2719,1.7335,-0.6660,-0.0327
1230798660606,3.9635,-0.9243,6.4992,1.0884,-0.7722,-0.1427
1230798660616,4.6646,-1.2139,6.6835,0.3871,-0.7808,-0.2184
1230798660625,5.0810,-1.9030,6.9706,-0.3007,-0.6940,-0.2612
1230798660636,5.2150,-3.0468,7.5712,-0.8566,-0.5694,-0.2905
1230798660645,5.2341,-4.7050,8.2340,-1.1864,-0.4460,-0.3101
1230798660655,5.3562,-6.4374,8.8849,-1.3367,-0.3788,-0.3162
1230798660664,5.5835,-7.9736,9.3491,-1.3331,-0.3556,-0.2966
1230798660672,5.8539,-9.0910,9.9401,-1.2207,-0.3605,-0.2429
1230798660681,6.1243,-9.7084,10.4522,-1.0533,-0.3483,-0.1537
1230798660691,6.4449,-9.9381,10.8542,-0.9067,-0.3006,-0.0437
1230798660700,6.7129,-9.3949,10.5718,-0.9152,-0.1809,0.0686
1230798660713,6.8349,-8.8565,10.0813,-0.9995,0.0072,0.1933
1230798660722,6.8397,-9.1915,9.7200,-1.0447,0.2271,0.3472
1230798660732,6.6746,-9.9261,9.3299,-1.1510,0.4825,0.4938
1230798660741,6.4449,-10.7708,9.0859,-1.3404,0.7708,0.6319
1230798660751,6.1147,-11.8667,9.4041,-1.5456,1.1214,0.8383
1230798660760,5.4567,-13.0009,9.7630,-1.6385,1.4769,1.0485
1230798660769,4.5282,-13.6398,9.7894,-1.7216,1.7372,1.1938
1230798660778,3.6836,-14.4821,9.5955,-1.7973,1.8887,1.3967
1230798660789,3.1356,-15.0803,9.0547,-1.7937,1.9510,1.6850
1230798660799,2.7863,-14.9702,8.2460,-1.5933,1.9277,1.9562
1230798660808,2.5996,-14.4462,7.0998,-1.2402,1.8312,2.2250
1230798660818,2.6930,-13.7044,5.9632,-0.8700,1.7347,2.5036
1230798660828,2.9155,-12.8071,4.9606,-0.6428,1.6846,2.7601
1230798660837,3.0280,-11.7925,4.4510,-0.5756,1.7213,2.9800
1230798660847,2.8317,-10.6344,3.9700,-0.5316,1.8141,3.1596
1230798660856,2.3532,-9.5361,3.6972,-0.4754,1.8887,3.3074
1230798660866,1.8004,-8.4138,3.2545,-0.4778,1.8825,3.4247
1230798660875,1.3530,-7.5285,3.1517,-0.4546,1.8508,3.5322
1230798660885,1.1089,-6.8466,2.9148,-0.4290,1.7824,3.6178
1230798660895,0.9558,-6.2101,2.6587,-0.4094,1.7127,3.6581
1230798660904,0.8122,-5.5807,2.4003,-0.4204,1.6504,3.6459
1230798660914,0.6662,-4.9491,2.2520,-0.5084,1.5832,3.6263
1230798660921,0.5370,-4.4513,2.1754,-0.6342,1.5160,3.6324
1230798660933,0.3528,-3.9369,1.9935,-0.7784,1.4525,3.6214
1230798660943,0.0896,-3.2430,1.6825,-0.9800,1.3975,3.5701
1230798660952,-0.2359,-2.4174,1.5604,-1.2414,1.3364,3.4858
1230798660962,-0.5158,-1.3885,1.5891,-1.5652,1.2473,3.3636
1230798660971,-0.8532,-0.3237,1.4121,-1.9158,1.1495,3.1950
1230798660981,-1.2074,0.7722,1.2877,-2.3569,1.0457,3.0008
1230798660989,-1.6117,1.8394,1.0436,-2.9433,0.9247,2.7858
1230798660999,-1.9994,2.4496,0.7182,-3.6250,0.7891,2.5561
1230798661008,-2.4349,2.1457,0.1511,-4.2713,0.6523,2.3130
1230798661018,-2.7986,1.1694,-0.4208,-4.8296,0.5289,2.0540
1230798661030,-3.0761,0.0759,-0.8300,-5.2585,0.4140,1.7754
1230798661039,-3.2532,-0.4769,-1.0430,-5.5004,0.3029,1.4688
1230798661049,-3.2269,-0.6707,-1.3803,-5.5932,0.2002,1.1328
1230798661059,-3.0809,-0.6850,-1.7273,-5.5834,0.1269,0.7553
1230798661068,-2.8823,-0.7712,-1.8446,-5.5309,0.1184,0.4266
1230798661078,-2.6550,-1.9628,-2.1149,-5.4380,0.1440,0.1639
1230798661087,-2.5186,-2.8625,-2.3901,-5.2182,0.1673,-0.2245
1230798661097,-2.2626,-3.8914,-2.2202,-4.7624,0.1892,-0.6473
1230798661107,-2.0424,-4.7265,-1.9546,-4.1565,0.2198,-1.0162
1230798661116,-1.8606,-4.8629,-1.3253,-3.4601,0.3297,-1.3522
1230798661126,-1.5232,-4.3939,-0.1145,-2.7649,0.4397,-1.7700
1230798661135,-1.0063,-4.1522,1.1608,-2.0869,0.5655,-2.2648
1230798661145,-0.6833,-3.9943,1.9218,-1.4442,0.7610,-2.7523
1230798661155,-0.0444,-3.7168,2.1563,-0.9604,0.9003,-3.3338
1230798661163,0.5442,-4.2767,1.4982,-0.5536,1.0249,-3.8140
1230798661172,0.8481,-5.3774,0.4597,-0.0075,1.1752,-4.1695
1230798661183,0.9606,-6.7939,-1.1100,0.7267,1.2106,-4.6142
1230798661193,1.0778,-9.2561,-3.4789,1.7139,1.1507,-5.0064
1230798661203,1.1496,-12.7903,-5.7496,2.9344,1.1202,-5.2067
1230798661212,0.9917,-16.9706,-8.0372,4.2881,1.0603,-5.2984
1230798661222,0.6399,-21.6342,-10.0113,5.7994,0.9968,-5.2715
1230798661231,-0.0732,-25.7283,-11.6767,7.6283,1.0054,-5.0980
1230798661241,-1.1714,-28.1810,-12.1289,10.0522,0.8832,-4.9624
1230798661250,-1.6716,-28.0063,-10.4611,12.9562,0.5154,-4.7889
1230798661260,-0.8963,-25.7546,-9.0493,16.1706,-0.0172,-4.1829
1230798661270,-1.3796,-20.8996,-8.6497,19.3666,-0.8810,-2.9844
1230798661280,-2.1956,-15.6163,-8.5516,21.4863,-1.8400,-1.4182
1230798661289,-0.8747,-3.6737,-7.8577,21.1772,-3.5333,-0.3736
1230798661299,5.2772,18.7040,-1.3445,18.7277,-4.9652,-0.3272
1230798661306,14.7600,51.8111,11.7539,15.2677,-5.3293,-1.2154
1230798661317,16.5618,45.7070,16.9941,8.0156,-3.2291,-1.6711
1230798661327,11.1899,22.3818,18.4657,-2.4070,-0.3886,-0.4432
1230798661335,7.7514,5.9670,17.3602,-7.5406,1.1214,-0.6167
1230798661345,5.9424,-4.0637,13.8021,-9.4343,1.5881,-0.9283
1230798661354,4.4660,-11.7423,9.4304,-10.2981,1.5527,-0.6363
1230798661366,2.8317,-16.9586,7.4348,-10.3152,1.4867,-0.3137
1230798661376,0.9677,-19.6505,6.2384,-9.4954,1.3022,-0.0242
1230798661385,-0.2406,-20.2775,5.3555,-7.9964,1.0371,0.2189
1230798661395,-0.2717,-19.7415,4.8123,-6.0465,0.7683,0.3619
1230798661404,0.2427,-19.0332,5.0516,-3.9952,0.5948,0.5439
1230798661414,0.8361,-16.9897,5.2478,-2.2347,0.4886,0.6233
1230798661424,1.2836,-13.6302,5.6857,-0.7320,0.4079,0.5243
1230798661433,1.4056,-10.0290,6.1355,0.5716,0.4067,0.4266
1230798661442,1.4200,-7.1289,6.7768,1.5734,0.4299,0.4107
1230798661452,1.3219,-5.1524,7.0209,2.1647,0.4214,0.4132
1230798661462,1.2644,-4.1905,7.2888,2.3162,0.3884,0.3985
1230798661471,1.2812,-3.8220,7.4133,2.1293,0.3517,0.3570
1230798661481,1.3386,-3.6713,7.4970,1.7994,0.3175,0.2800
1230798661491,1.4511,-3.7359,7.4803,1.5050,0.2381,0.1981
1230798661500,1.6473,-3.9273,7.2051,1.2606,0.1245,0.1163
1230798661510,1.9536,-3.8914,6.7840,0.9748,-0.0013,0.0271
1230798661519,2.1785,-3.7311,6.3150,0.6644,-0.1052,-0.0535
1230798661529,2.2886,-3.6306,5.9393,0.3615,-0.1956,-0.1366
1230798661539,2.3843,-3.9249,5.6546,0.0719,-0.2701,-0.2050
1230798661549,2.4154,-4.6380,5.4057,-0.1981,-0.3398,-0.2368
1230798661558,2.3867,-5.4468,5.2023,-0.4168,-0.4167,-0.2588
1230798661568,2.4178,-6.0713,5.1640,-0.5304,-0.5034,-0.2979
1230798661577,2.5302,-6.2460,5.4559,-0.5096,-0.5865,-0.3589
1230798661587,2.5326,-5.6908,5.9608,-0.4131,-0.6757,-0.4432
1230798661597,2.5183,-4.8342,6.7385,-0.3019,-0.7808,-0.5068
1230798661606,2.5590,-4.2144,7.6071,-0.2555,-0.8773,-0.5178
1230798661616,2.6140,-3.6521,8.6312,-0.3215,-0.9433,-0.5373
1230798661623,2.7432,-3.5492,9.8420,-0.4119,-0.9604,-0.6155
1230798661633,3.0447,-4.1522,10.7441,-0.5426,-0.9592,-0.7071
1230798661642,3.5352,-5.1548,11.7682,-0.7918,-0.9372,-0.7218
1230798661652,4.2411,-6.6049,12.3927,-1.0435,-0.8907,-0.6656
1230798661662,4.8202,-8.2631,12.0482,-1.1706,-0.8199,-0.5740
1230798661674,5.1624,-9.9740,11.8233,-1.2255,-0.6892,-0.4787
1230798661683,5.6002,-11.2422,11.4260,-1.1974,-0.5951,-0.4689
1230798661693,6.1410,-12.2113,11.4500,-1.1449,-0.4974,-0.5227
1230798661702,6.7703,-12.3740,11.5840,-1.1718,-0.3691,-0.5397
1230798661712,7.3566,-12.8597,11.2681,-1.1498,-0.1602,-0.3773
1230798661722,7.3470,-13.4125,10.8278,-1.0154,0.1233,-0.0731
1230798661731,6.9498,-14.6304,10.2536,-0.8126,0.4202,0.2764
1230798661741,6.4449,-16.0374,10.1746,-0.6513,0.7109,0.6074
1230798661750,5.6505,-15.9441,10.3206,-0.6684,1.0054,0.8017
1230798661760,5.0068,-15.0204,10.4474,-0.5878,1.1727,0.8872
1230798661770,4.5929,-14.2404,10.2871,-0.4119,1.2326,1.0619
1230798661779,4.5498,-13.3550,9.5477,-0.4339,1.2790,1.3551
1230798661789,4.5282,-12.5080,8.3154,-0.5976,1.4049,1.6728
1230798661798,4.2028,-12.2591,7.0735,-0.7625,1.5979,1.9464
1230798661807,3.5161,-12.0127,5.8579,-0.9225,1.7946,2.1920
1230798661818,2.5781,-11.2685,4.6974,-1.0716,1.9277,2.4217
1230798661827,1.8722,-10.8785,3.8934,-1.0826,1.9412,2.6709
1230798661837,1.4989,-10.5650,2.7521,-0.9836,1.8593,2.9263
1230798661846,1.3075,-10.3760,2.0797,-0.8749,1.7555,3.1156
1230798661856,1.3482,-10.2180,1.6705,-0.7185,1.6529,3.2464
1230798661866,1.3936,-9.6055,1.7830,-0.5267,1.5747,3.2977
1230798661876,1.3147,-8.3301,1.7471,-0.3007,1.5429,3.3245
1230798661885,1.0084,-6.9829,1.6849,-0.0686,1.5832,3.4174
1230798661895,0.4820,-5.6980,1.6131,0.1257,1.6199,3.5176
1230798661904,0.0058,-4.4370,1.4958,0.2246,1.5698,3.5493
1230798661912,-0.2885,-3.3602,1.2972,0.1855,1.4598,3.5371
1230798661924,-0.3244,-2.3959,1.1201,0.0108,1.3389,3.5127
1230798661933,-0.2383,-1.8288,0.6081,-0.2079,1.2350,3.5261
1230798661940,-0.2813,-1.5991,0.2994,-0.4082,1.1776,3.5457
1230798661950,-0.5756,-1.5058,0.0290,-0.5768,1.1495,3.5310
1230798661960,-1.0327,-1.6206,-0.2079,-0.6672,1.1104,3.4968
1230798661969,-1.4395,-1.2809,-0.3203,-0.7197,1.0530,3.4455
1230798661982,-1.6763,-0.6755,-0.4328,-0.7210,0.9540,3.3123
1230798661991,-1.8534,0.0208,-0.4376,-0.7259,0.8490,3.1486
1230798662000,-2.0807,0.7507,-0.0284,-0.8297,0.7854,3.0081
1230798662008,-2.2865,1.1048,0.0219,-1.0191,0.7256,2.9006
1230798662019,-2.3655,0.4922,-0.1744,-1.1852,0.6596,2.8139
1230798662029,-2.5545,-0.8166,-0.3203,-1.2585,0.6327,2.7540
1230798662039,-2.8584,-1.9293,-0.2079,-1.2475,0.6474,2.7088
1230798662048,-3.1695,-2.1542,0.0601,-1.1290,0.6596,2.6550
1230798662058,-3.4614,-1.4771,0.3688,-0.9262,0.6791,2.5707
1230798662068,-3.6217,-0.1012,0.4550,-0.7784,0.6950,2.4315
1230798662077,-3.8036,1.9542,0.2611,-0.8285,0.7268,2.2054
1230798662087,-4.2486,4.5911,0.1199,-1.1364,0.7903,1.8499
1230798662096,-4.6004,6.8619,-0.0882,-1.6409,0.8245,1.3686
1230798662106,-4.5764,8.3885,-0.3155,-2.4424,0.7659,0.8041
1230798662116,-4.2103,8.9509,-0.7726,-3.5383,0.6315,0.2153
1230798662125,-3.6959,8.4077,-1.1530,-4.6549,0.5203,-0.3614
1230798662135,-3.2795,7.4099,-1.2296,-5.6812,0.5020,-0.9552
1230798662144,-2.8680,6.4049,-1.5359,-6.5156,0.5142,-1.5855
1230798662154,-2.1645,4.9668,-2.0575,-7.0911,0.5215,-2.1964
1230798662164,-0.8699,3.0573,-2.3207,-7.4844,0.5228,-2.8317
1230798662173,0.9964,0.4850,-2.3327,-7.6714,0.5301,-3.5085
1230798662183,2.9514,-2.6567,-2.1078,-7.5296,0.6230,-4.1622
1230798662192,4.7173,-6.0880,-1.7512,-7.0312,0.8160,-4.7657
1230798662202,6.0692,-10.0194,-1.0047,-6.1772,1.1092,-5.3473
1230798662211,6.4928,-14.4868,-1.1841,-4.9213,1.3841,-5.8457
1230798662221,6.3444,-19.6075,-1.8015,-3.1779,1.6052,-6.2122
1230798662231,5.6648,-25.9987,-2.5959,-0.9042,1.7164,-6.4505
1230798662240,4.2004,-32.9379,-3.4286,1.7261,1.8092,-6.5653
1230798662250,2.4226,-39.0468,-6.0416,4.6668,2.0304,-6.5372
1230798662258,-0.1090,-41.5832,-9.1929,7.9129,2.4397,-6.3784
1230798662267,-3.3681,-40.6380,-12.2126,11.3191,2.2454,-6.1145
1230798662277,-5.8351,-38.7477,-15.2300,14.9721,1.5063,-5.5317
1230798662286,-7.9766,-34.9096,-17.9267,18.8339,0.3896,-4.7364
1230798662296,-9.2377,-26.4198,-20.5325,22.9011,-1.3037,-3.8164
1230798662308,-6.9238,-15.3937,-23.5953,25.6671,-3.7862,-2.8598
1230798662317,0.9988,10.6043,-19.2930,24.6970,-5.7471,-2.9966
1230798662327,15.8248,59.9946,-2.1843,21.6964,-6.2004,-3.6332
1230798662336,21.6202,67.0917,21.8994,15.4290,-3.9561,-3.1017
1230798662346,11.0104,36.6741,25.4384,1.2448,-1.7264,-0.6082
1230798662356,7.0479,12.8368,22.2799,-7.3745,-0.6598,-0.4457
1230798662365,6.5263,-0.6898,16.6950,-10.1270,-0.3104,-0.8134
1230798662375,7.0192,-10.1654,9.1816,-11.1508,-0.4754,-0.5654
1230798662385,8.6319,-17.6406,2.1419,-11.6273,-0.3251,0.1957
1230798662394,7.1867,-22.5602,0.1726,-11.1826,0.4409,0.7027
1230798662402,3.7793,-23.6896,1.3379,-9.6860,1.0286,0.7076
1230798662413,0.4126,-22.5985,2.6540,-7.6958,1.2033,0.6502
1230798662423,-1.1906,-20.1770,3.0871,-5.5431,0.8807,0.6490
1230798662432,-0.7072,-17.0878,2.8047,-3.4503,0.2833,0.6331
1230798662442,0.7931,-13.8647,2.4625,-1.6935,-0.1748,0.6086
1230798662452,2.1115,-10.8737,2.3764,-0.3875,-0.3349,0.5757
1230798662461,2.7384,-8.4809,2.5200,0.5032,-0.2738,0.5793
1230798662471,2.7265,-6.6360,2.8047,0.9845,-0.1296,0.5732
1230798662481,2.4202,-5.1046,3.4292,1.1495,0.0292,0.5207
1230798662490,1.8985,-4.1738,3.9820,1.1824,0.1294,0.4083
1230798662499,1.5779,-3.8795,4.5562,1.1617,0.1062,0.2678
1230798662509,1.6234,-3.8172,4.8171,1.0725,-0.0600,0.1590
1230798662519,1.9272,-3.9034,5.2885,0.9479,-0.2530,0.0796
1230798662529,2.3269,-3.6115,5.5277,0.8343,-0.4314,-0.0596
1230798662538,2.8198,-3.2023,6.0637,0.7475,-0.5694,-0.2294
1230798662548,3.2361,-3.1664,6.6308,0.6974,-0.6464,-0.3577
1230798662558,3.6142,-3.5325,7.0113,0.6364,-0.6794,-0.4420
1230798662567,3.9420,-4.2360,7.6095,0.5789,-0.6879,-0.5007
1230798662575,4.2196,-4.9921,8.2938,0.5740,-0.6843,-0.5495
1230798662585,4.3727,-5.3104,8.9854,0.6070,-0.6745,-0.6008
1230798662595,4.4541,-5.1118,9.8252,0.6767,-0.6598,-0.6546
1230798662604,4.6551,-5.2075,10.7824,0.8367,-0.6721,-0.6925
1230798662613,5.0714,-5.9564,11.1413,1.0395,-0.7075,-0.6656
1230798662623,5.7438,-7.1265,11.0887,1.1837,-0.7283,-0.5874
1230798662634,6.4760,-8.3397,11.0360,1.2350,-0.6940,-0.5312
1230798662644,7.2417,-8.9714,11.3638,1.1043,-0.5878,-0.5642
1230798662654,7.8280,-8.8302,11.8352,0.7451,-0.3617,-0.6448
1230798662663,8.1199,-8.5981,12.3497,0.2833,-0.0087,-0.6473
1230798662673,8.0696,-8.9427,12.8306,-0.1346,0.4018,-0.5581
1230798662682,7.7131,-10.0290,13.3905,-0.4412,0.8319,-0.3968
1230798662692,7.1412,-11.4121,13.4217,-0.7014,1.2094,-0.1806
1230798662702,6.5598,-12.4362,13.2398,-0.9409,1.5087,0.0369
1230798662711,6.0884,-12.6611,12.6081,-1.1938,1.7311,0.2495
1230798662721,5.7941,-12.5678,11.7539,-1.4369,1.9217,0.4645
1230798662730,5.6266,-12.5558,10.6221,-1.6116,2.0487,0.6600
1230798662740,5.4854,-11.7949,9.2581,-1.5860,2.1281,0.8408
1230798662750,5.0331,-13.3407,8.4039,-1.2646,2.2821,1.1560
1230798662759,4.3919,-13.9365,6.9419,-0.9898,2.4165,1.4089
1230798662769,3.8295,-13.4436,6.3628,-0.7515,2.5582,1.6092
1230798662778,3.3390,-12.1347,5.7359,-0.4950,2.5948,1.8194
1230798662788,3.0519,-10.7157,5.2741,-0.3080,2.5594,2.0258
1230798662798,2.8868,-9.2825,4.3289,-0.2518,2.4788,2.2274
1230798662807,2.7528,-7.9951,3.4627,-0.3899,2.4421,2.4046
1230798662817,2.3939,-7.1002,2.9794,-0.6501,2.4543,2.5610
1230798662827,1.6975,-6.8370,2.5798,-0.8993,2.4543,2.7357
1230798662836,0.9462,-7.1193,2.4625,-1.0655,2.3883,2.9116
1230798662846,0.2307,-7.4878,2.0581,-1.1290,2.2576,3.0765
1230798662855,-0.0755,-7.2749,2.2496,-1.1669,2.1086,3.2085
1230798662865,-0.2574,-6.4470,1.9433,-1.2280,1.9424,3.2952
1230798662875,-0.3483,-5.5473,1.4839,-1.2659,1.7665,3.3404
1230798662884,-0.6761,-4.6595,1.0364,-1.3550,1.6296,3.4027
1230798662892,-1.0973,-3.8747,0.8761,-1.5347,1.5368,3.4711
1230798662901,-1.7170,-3.2142,0.5961,-1.7607,1.4366,3.5188
1230798662911,-2.3870,-2.6591,0.6272,-1.9537,1.3059,3.5310
1230798662921,-2.9780,-2.2069,0.5435,-2.0771,1.1129,3.5078
1230798662930,-3.3537,-1.9173,0.4837,-2.0979,0.8881,3.4382
1230798662942,-3.5571,-1.9149,0.3042,-1.9989,0.6572,3.3148
1230798662952,-3.6361,-2.1566,0.2061,-1.8266,0.4531,3.1694
1230798662961,-3.6361,-2.7070,0.3832,-1.5896,0.2796,3.0179
1230798662971,-3.5356,-3.1401,1.0005,-1.3648,0.1660,2.8383
1230798662980,-3.4877,-2.8051,1.4169,-1.2683,0.0817,2.6453
1230798662990,-3.4590,-2.1351,1.8571,-1.1999,0.0255,2.4510
1230798663000,-3.4327,-1.6852,2.1108,-1.0924,-0.0135,2.2262
1230798663009,-3.4542,-1.2569,2.2161,-1.0985,-0.0294,1.9904
1230798663019,-3.5069,-0.6396,2.3094,-1.2353,-0.0233,1.7522
1230798663029,-3.5308,-0.0773,2.1826,-1.3856,-0.0282,1.5201
1230798663038,-3.5810,0.1309,1.9074,-1.5090,-0.0160,1.2867
1230798663048,-3.6121,0.1429,1.2254,-1.6654,-0.0050,1.0485
1230798663057,-3.6337,0.1716,0.6679,-1.8792,0.0109,0.8163
1230798663067,-3.6600,0.1931,0.2133,-2.1150,0.0280,0.5573
1230798663077,-3.6361,0.0998,-0.0571,-2.3349,0.0353,0.2824
1230798663086,-3.5954,-0.1132,-0.2270,-2.5694,0.0353,0.0369
1230798663096,-3.5021,-0.0820,-0.0930,-2.8736,0.0243,-0.2221
1230798663105,-3.4518,-0.0749,-0.1409,-3.1620,0.0121,-0.5190
1230798663115,-3.2269,-0.1084,-0.1815,-3.4943,0.0072,-0.8085
1230798663124,-2.9565,0.1166,-0.0810,-3.8510,-0.0026,-1.1213
1230798663134,-2.7986,0.3343,-0.1385,-4.1553,0.0439,-1.4475
1230798663143,-2.5832,0.5951,-0.4089,-4.4521,0.0988,-1.7920
1230798663153,-1.8151,0.4731,-0.7439,-4.8125,0.1049,-2.1903
1230798663163,-0.8819,-0.2352,-1.4234,-5.0886,0.1098,-2.5947
1230798663172,-0.0779,-1.3790,-1.4856,-5.1546,0.2137,-2.9551
1230798663182,0.5849,-2.2499,-0.9257,-5.0019,0.3725,-3.3986
1230798663192,1.1615,-2.7716,-0.8037,-4.7356,0.5338,-3.8910
1230798663201,1.9512,-3.4440,-0.7080,-4.3972,0.7231,-4.3088
1230798663209,2.9155,-4.8892,-0.7893,-3.9500,0.8991,-4.6961
1230798663218,3.7625,-7.9185,-0.8970,-3.2316,1.0371,-5.0443
1230798663229,4.1980,-11.8547,-0.7295,-2.2017,1.1654,-5.2996
1230798663239,4.0425,-15.6043,-0.4041,-0.8419,1.3340,-5.4596
1230798663252,3.9994,-19.7175,-0.9018,0.9821,1.4342,-5.5757
1230798663258,3.8415,-24.2472,-1.4497,3.0102,1.5869,-5.5207
1230798663269,3.3079,-27.9010,-3.5411,5.1360,1.9217,-5.2251
1230798663279,2.3316,-28.7505,-5.5199,7.4255,2.2478,-4.9441
1230798663288,0.8983,-26.3361,-7.9391,9.6075,2.4115,-4.8097
1230798663298,-0.3890,-22.9933,-10.0352,11.9617,2.2039,-4.7620
1230798663307,-1.0375,-18.9973,-9.6236,14.0717,1.7921,-4.6961
1230798663317,-1.2097,-13.7283,-8.4152,15.6672,1.0750,-4.4603
1230798663327,-1.1882,-7.6290,-4.7040,16.8499,0.1550,-4.1439
1230798663336,0.7739,-1.8216,2.2280,17.3520,-0.7759,-3.8299
1230798663345,3.3821,7.3955,6.4801,16.7790,-1.7557,-3.5538
1230798663355,7.9308,17.8378,14.1180,14.8523,-2.6464,-3.2324
1230798663363,13.0898,20.3527,18.9443,10.8500,-2.9152,-2.6387
1230798663374,15.4228,15.1722,20.4972,5.0016,-1.8742,-2.3198
1230798663384,12.8840,5.5578,20.4566,-0.1077,-0.3556,-2.1378
1230798663392,9.9001,-1.0798,18.6380,-3.4332,0.5093,-1.8861
1230798663403,8.6439,-5.7052,15.6781,-5.4380,0.7696,-1.7041
1230798663413,8.4118,-9.8400,12.3042,-6.5608,0.8294,-1.5232
1230798663423,8.2563,-13.3598,9.5453,-6.9664,0.9113,-1.1506
1230798663432,7.4595,-16.8079,7.7196,-6.5120,1.0176,-0.6778
1230798663442,5.9879,-18.4900,6.8558,-5.3367,1.1178,-0.2636
1230798663451,4.1119,-18.0689,6.6954,-3.6690,1.1849,-0.0107
1230798663461,2.3675,-15.9417,6.9323,-1.9513,1.0811,0.1114
1230798663471,1.5037,-13.0033,7.1549,-0.5169,0.7512,0.1933
1230798663479,1.6856,-10.1941,7.2314,0.5496,0.3444,0.2580
1230798663490,2.4656,-7.9736,7.3726,1.1959,0.0390,0.2886
1230798663499,3.1428,-6.2723,7.2912,1.4830,-0.0942,0.2934
1230798663509,3.4252,-5.2505,7.3750,1.5074,-0.0795,0.3081
1230798663519,3.2959,-4.6619,7.3511,1.3168,-0.0099,0.3496
1230798663530,2.9849,-4.3891,7.3487,1.0859,0.0206,0.3949
1230798663535,2.6786,-4.1618,7.2506,0.9271,-0.0270,0.4217
1230798663545,2.5877,-3.9058,7.0496,0.8318,-0.1394,0.4425
1230798663554,2.7911,-3.6210,6.8223,0.7377,-0.2628,0.4608
1230798663567,3.1284,-3.4870,6.4968,0.6364,-0.3422,0.4682
1230798663577,3.3893,-3.5636,6.1068,0.5313,-0.3666,0.4559
1230798663586,3.6118,-3.8388,5.9441,0.4005,-0.3459,0.4291
1230798663595,3.6501,-4.2575,5.7144,0.2540,-0.3226,0.4010
1230798663605,3.7075,-4.7074,5.7383,0.1037,-0.3055,0.3716
1230798663614,3.8535,-5.1692,5.8460,-0.0270,-0.2848,0.3387
1230798663624,3.9683,-5.4683,5.8412,-0.0954,-0.2530,0.3020
1230798663634,4.0066,-5.5114,5.9082,-0.0881,-0.2188,0.2666
1230798663643,3.9492,-5.4013,6.1499,-0.0270,-0.2127,0.2360
1230798663653,3.9492,-5.3223,6.4155,0.0707,-0.2151,0.2165
1230798663662,3.9707,-5.4085,6.5590,0.1721,-0.2115,0.2055
1230798663672,3.9659,-5.4156,6.6524,0.2796,-0.2139,0.2030
1230798663682,3.9588,-5.3821,6.7002,0.3871,-0.2335,0.2104
1230798663691,4.0425,-5.2290,6.8366,0.4714,-0.2518,0.2287
1230798663701,4.1885,-5.0208,7.0520,0.5496,-0.2567,0.2446
1230798663710,4.3512,-4.8294,7.2888,0.6180,-0.2481,0.2507
1230798663720,4.5330,-4.5662,7.5712,0.6412,-0.2347,0.2458
1230798663730,4.7125,-4.3173,7.7937,0.6143,-0.2103,0.2348
1230798663739,4.8369,-4.2360,8.0043,0.5606,-0.1748,0.2238
1230798663749,4.9494,-4.1092,8.1311,0.4653,-0.1284,0.2153
1230798663758,4.9566,-3.8819,8.2268,0.3480,-0.0881,0.2067
1230798663768,4.8991,-3.6450,8.2460,0.2234,-0.0465,0.1920
1230798663778,4.8010,-3.5301,8.2867,0.0878,0.0011,0.1700
1230798663787,4.7340,-3.5110,8.2795,-0.0759,0.0378,0.1505
1230798663797,4.6599,-3.6210,8.2532,-0.2262,0.0634,0.1358
1230798663806,4.6264,-3.9704,8.1622,-0.3325,0.0854,0.1212
1230798663816,4.5402,-4.3796,8.0593,-0.3777,0.1037,0.1077
1230798663826,4.4277,-4.5782,7.9876,-0.3740,0.1062,0.0967
1230798663835,4.2985,-4.5853,7.9828,-0.3166,0.0964,0.0784
1230798663843,4.1885,-4.5734,7.9612,-0.2408,0.0842,0.0589
1230798663852,4.0808,-4.5351,7.7985,-0.1797,0.0781,0.0418
1230798663862,3.9875,-4.4537,7.6789,-0.1443,0.0756,0.0259
1230798663872,3.8822,-4.3508,7.5281,-0.1113,0.0768,0.0051
1230798663882,3.7338,-4.2886,7.4731,-0.0845,0.0805,-0.0230
1230798663893,3.5950,-4.4011,7.3463,-0.0637,0.0842,-0.0511
1230798663903,3.5783,-4.5877,7.2123,-0.0441,0.0793,-0.0706
1230798663912,3.5759,-4.6954,7.1620,-0.0209,0.0744,-0.0889
1230798663922,3.6166,-4.8198,7.1501,0.0169,0.0634,-0.1085
1230798663931,3.6333,-4.9108,7.2027,0.0609,0.0524,-0.1170
1230798663941,3.6309,-4.9682,7.2530,0.0805,0.0512,-0.1122
1230798663951,3.6381,-4.9706,7.3200,0.0805,0.0488,-0.1060
1230798663960,3.6214,-4.9634,7.3702,0.0646,0.0512,-0.1085
1230798663970,3.5711,-4.9275,7.3774,0.0389,0.0536,-0.1060
1230798663979,3.5304,-4.9227,7.3846,-0.0014,0.0622,-0.0963
1230798663989,3.4993,-4.9371,7.3487,-0.0417,0.0634,-0.0902
1230798663999,3.5280,-5.0161,7.2745,-0.0759,0.0622,-0.0914
1230798664008,3.5400,-5.1118,7.2266,-0.1052,0.0597,-0.0853
1230798664018,3.5137,-5.1883,7.1620,-0.1125,0.0549,-0.0743
1230798664028,3.4467,-5.1405,7.1620,-0.1101,0.0451,-0.0608
1230798664037,3.4467,-5.0735,7.2721,-0.1089,0.0329,-0.0498
1230798664047,3.4299,-5.0711,7.2625,-0.0967,0.0219,-0.0327
1230798664057,3.4276,-5.0998,7.3511,-0.0637,0.0157,-0.0242
1230798664066,3.4204,-5.0017,7.4013,-0.0429,0.0023,-0.0254
1230798664075,3.4084,-5.0113,7.4659,-0.0234,-0.0172,-0.0254
1230798664085,3.4515,-5.0735,7.4659,-0.0014,-0.0307,-0.0327
1230798664094,3.5233,-5.0950,7.4875,-0.0014,-0.0380,-0.0364
1230798664104,3.5927,-5.1261,7.4899,0.0169,-0.0392,-0.0352
1230798664114,3.6429,-5.1476,7.4899,0.0414,-0.0380,-0.0303
1230798664124,3.6453,-5.0543,7.5042,0.0670,-0.0380,-0.0266
1230798664133,3.6620,-4.9395,7.5664,0.0890,-0.0429,-0.0242
1230798664143,3.6549,-4.9323,7.5951,0.1049,-0.0465,-0.0217
1230798664153,3.7075,-4.9419,7.6837,0.0988,-0.0551,-0.0193
1230798664162,3.8008,-5.0543,7.7124,0.1024,-0.0649,-0.0107
1230798664172,3.8224,-5.1572,7.7411,0.1024,-0.0697,0.0063
1230798664179,3.8271,-5.2266,7.8488,0.0988,-0.0673,0.0235
1230798664189,3.7673,-5.4133,7.9110,0.1073,-0.0673,0.0393
1230798664199,3.7195,-5.4850,7.9923,0.0988,-0.0722,0.0662
1230798664208,3.6884,-5.5161,8.0115,0.0890,-0.0893,0.0919
1230798664219,3.6118,-5.8296,8.0713,0.1134,-0.1027,0.1200
1230798664229,3.5257,-6.1718,8.1383,0.1476,-0.1174,0.1603
1230798664239,3.5304,-6.3465,8.2149,0.1819,-0.1467,0.2128
1230798664249,3.5089,-6.4852,8.3034,0.2430,-0.1834,0.2666
1230798664256,3.3701,-6.6192,8.2843,0.3297,-0.2139,0.3325
1230798664268,3.2289,-6.6815,8.3010,0.4091,-0.2420,0.4046
1230798664277,3.0375,-6.7843,8.2938,0.4958,-0.2799,0.4828
1230798664287,2.9035,-6.9375,8.2268,0.5997,-0.3190,0.5598
1230798664297,2.8700,-7.0523,8.1335,0.6974,-0.3495,0.6355
1230798664306,2.8246,-7.1696,8.0713,0.7915,-0.3874,0.7162
1230798664316,2.8844,-7.1241,8.0976,0.8831,-0.4228,0.7907
1230798664325,2.9633,-6.9853,8.0737,0.9442,-0.4521,0.8701
1230798664335,2.9897,-6.7748,8.0402,0.9796,-0.4668,0.9556
1230798664345,2.8724,-6.4900,7.9684,0.9772,-0.4692,1.0338
1230798664354,2.7887,-6.1167,7.9780,0.9235,-0.4619,1.1108
1230798664364,2.7480,-5.7746,7.9182,0.8453,-0.4485,1.1853
1230798664374,2.7289,-5.5329,7.8583,0.7451,-0.4179,1.2647
1230798664383,2.6403,-5.4228,7.7483,0.6278,-0.3764,1.3417
1230798664393,2.4226,-5.3008,7.6932,0.5032,-0.3410,1.4248
1230798664402,2.2096,-5.3247,7.5545,0.4152,-0.3385,1.4968
1230798664412,1.9990,-5.5497,7.6215,0.3615,-0.3446,1.5457
1230798664422,1.8387,-5.7148,7.3439,0.3236,-0.3886,1.5775
1230798664431,1.8770,-5.9445,7.3247,0.3370,-0.4033,1.6068
1230798664441,1.9129,-6.2292,7.2625,0.4042,-0.3849,1.6483
1230798664450,1.8938,-6.2364,7.1596,0.4836,-0.3507,1.6838
1230798664460,1.7454,-5.9684,7.1836,0.5789,-0.3116,1.7204
1230798664469,1.5348,-5.6860,7.2697,0.6742,-0.2726,1.7546
1230798664477,1.3482,-5.4850,7.3463,0.7280,-0.2542,1.7778
1230798664487,1.3841,-5.3343,7.4348,0.7316,-0.2628,1.7950
1230798664497,1.5875,-5.6310,7.5210,0.7097,-0.2787,1.8243
1230798664506,1.9488,-6.3082,7.3989,0.6950,-0.2811,1.8609
1230798664516,2.3125,-6.8370,7.5664,0.6864,-0.2628,1.9257
1230798664525,2.5709,-7.0835,7.3343,0.7414,-0.2701,1.9904
1230798664535,2.7599,-7.0835,7.5425,0.8611,-0.2603,2.0478
1230798664545,2.8892,-6.7748,7.6191,0.9882,-0.2567,2.1053
1230798664556,3.0256,-6.2747,7.6669,1.0749,-0.2616,2.1639
1230798664565,3.2648,-5.8488,7.7339,1.1201,-0.2652,2.2177
1230798664575,3.5137,-5.5425,7.8440,1.1055,-0.2469,2.2812
1230798664585,3.6860,-5.1764,7.9421,1.0322,-0.2151,2.3472
1230798664594,3.7123,-4.8701,7.8153,0.9418,-0.1858,2.4021
1230798664604,3.6979,-4.6141,7.6884,0.8526,-0.1602,2.4339
1230798664614,3.6501,-4.3461,7.5832,0.7671,-0.1211,2.4437
1230798664623,3.5950,-4.1068,7.5736,0.6925,-0.0893,2.4376
1230798664633,3.5280,-4.0948,7.7052,0.6510,-0.0636,2.4193
1230798664643,3.5089,-4.3006,7.7698,0.6131,-0.0490,2.4058
1230798664652,3.5137,-4.3628,8.0235,0.5948,-0.0331,2.3875
1230798664662,3.5376,-4.2958,8.2603,0.6290,-0.0270,2.3569
1230798664671,3.4922,-4.2049,8.4446,0.6828,-0.0307,2.3178
1230798664680,3.4706,-3.9560,8.5738,0.7207,-0.0294,2.2812
1230798664691,3.3821,-3.7455,8.5403,0.7280,-0.0270,2.2384
1230798664700,3.2912,-3.5804,8.6719,0.7377,-0.0233,2.1786
1230798664710,3.1859,-3.6234,8.5307,0.7292,-0.0160,2.1065
1230798664720,3.1715,-3.6689,8.2843,0.7243,-0.0270,2.0246
1230798664729,3.2194,-3.7263,8.2101,0.7243,-0.0380,1.9415
1230798664739,3.3438,-3.8172,8.3824,0.7402,-0.0404,1.8768
1230798664748,3.4515,-3.6832,8.7245,0.7402,-0.0368,1.8182
1230798664757,3.5783,-3.3602,9.0308,0.7182,-0.0294,1.7510
1230798664767,3.5927,-3.0755,9.2749,0.6852,-0.0001,1.6691
1230798664777,3.4611,-2.8840,9.3491,0.6156,0.0390,1.5799
1230798664787,3.3175,-2.6208,9.4352,0.5069,0.0695,1.4944
1230798664796,3.1093,-2.4940,9.3036,0.3908,0.0976,1.4211
1230798664805,2.9753,-2.5108,9.2175,0.2784,0.1220,1.3454
1230798664813,2.7743,-2.6591,8.9806,0.1990,0.1465,1.2806
1230798664823,2.5087,-2.6208,9.0021,0.1684,0.1599,1.2012
1230798664833,2.3173,-2.4127,8.9925,0.1476,0.1721,1.0815
1230798664842,2.2000,-2.4198,8.9590,0.1476,0.1746,1.0094
1230798664854,1.9679,-2.3289,9.1505,0.1306,0.1880,0.9471
1230798664863,1.7502,-2.0394,9.2749,0.0902,0.2088,0.8383
1230798664873,1.6377,-1.9604,9.3251,0.0279,0.2198,0.7504
1230798664883,1.6210,-2.2164,9.2749,-0.0319,0.2381,0.6722
1230798664893,1.4822,-2.6711,9.2199,-0.0747,0.2625,0.5854
1230798664902,1.3290,-3.0970,9.0332,-0.0686,0.2589,0.5170
1230798664912,1.1639,-3.2645,9.0739,-0.0063,0.2540,0.4657
1230798664921,0.8266,-3.3865,8.8011,0.0670,0.2454,0.4132
1230798664931,2.4728,-7.9736,7.6167,-0.0173,0.2406,0.2959
1230798664941,0.4461,0.5664,8.2843,-0.8664,0.5900,-0.2661
1230798664950,-2.0712,-2.4533,9.6362,-0.4204,0.6682,0.4058
1230798664960,-1.3653,-4.2886,8.3943,-0.0026,0.0817,0.7003
1230798664969,-0.2071,-2.8147,7.2458,-0.2091,-0.1553,0.3533
1230798664978,0.2140,-4.3796,8.8490,0.2246,-0.0991,0.0858
1230798664988,-1.0279,-4.0087,8.7437,0.0853,-0.1992,-0.0181
1230798664998,0.5083,-3.1712,8.5905,0.0695,-0.4253,-0.2209
1230798665008,0.1255,-2.4151,8.8298,0.0548,-0.3776,-0.1671
1230798665016,0.0943,-2.6567,9.1265,0.0658,-0.3214,-0.0205
1230798665027,0.1805,-3.8125,8.9997,0.0279,-0.2921,-0.0144
1230798665036,0.3169,-4.5351,9.0691,0.0524,-0.2432,-0.1378
1230798665046,0.5729,-4.0398,9.0021,0.0719,-0.1956,-0.2307
1230798665056,0.2953,-3.4320,9.2270,0.0841,-0.1113,-0.2466
1230798665065,0.1733,-3.1855,9.4065,0.1098,-0.0771,-0.1855
1230798665075,0.2092,-3.2095,9.3586,0.1024,-0.0832,-0.1256
1230798665082,0.0728,-3.0874,9.3826,0.0658,-0.0746,-0.0804
1230798665142,0.1901,-2.8481,9.2390,0.0267,-0.0759,-0.0388
1230798665143,0.2523,-2.9463,9.1672,-0.0051,-0.0783,-0.0193
1230798665144,0.2307,-3.0444,9.1433,-0.0527,-0.0795,0.0308
1230798665144,0.1135,-3.2119,9.1050,-0.0820,-0.1015,0.0748
1230798665145,0.2523,-3.6665,9.0356,-0.1016,-0.1284,0.0723
1230798665146,0.4150,-3.9656,8.8203,-0.0869,-0.1259,0.0357
1230798665153,0.2930,-4.1546,9.0332,-0.0221,-0.0685,0.0088
1230798665159,0.1733,-4.4250,9.1098,0.0499,-0.0270,-0.0217
1230798665169,0.3600,-4.4489,9.1385,0.0878,-0.0221,-0.0963
1230798665178,0.3767,-3.9728,9.1935,0.1330,-0.0087,-0.1415
1230798665188,0.2283,-3.5492,9.3084,0.1562,0.0109,-0.1439
1230798665197,0.2068,-3.2095,9.2605,0.1220,0.0097,-0.1170
1230798665209,0.3288,-3.0085,9.1002,0.0682,0.0121,-0.0731
1230798665219,0.3528,-3.2047,8.9112,-0.0087,0.0439,-0.0388
1230798665229,0.3217,-3.2836,8.8011,-0.0686,0.0805,-0.0242
1230798665238,0.5346,-3.6761,8.8681,-0.0576,0.1440,-0.0071
1230798665248,-0.2622,-3.7861,8.6791,-0.0038,0.1746,0.0003
1230798665255,-0.2287,-4.1618,8.8083,-0.0551,0.0854,-0.0340
1230798665265,0.0465,-3.8675,8.8370,-0.0393,0.0231,-0.0682
1230798665276,-0.0157,-3.5349,9.1888,-0.0270,0.0231,-0.0840
1230798665289,0.0250,-3.4966,9.1792,-0.0832,0.0048,-0.0938
1230798665294,0.1781,-3.5684,9.3347,-0.1651,-0.0001,-0.0670
1230798665307,0.4341,-3.6665,9.2438,-0.2237,-0.0172,-0.0388
1230798665313,-0.0109,-4.2049,9.1911,-0.2396,-0.0038,-0.0034
1230798665325,0.1805,-4.0350,8.7533,-0.1810,0.0121,0.0125
1230798665332,-0.0061,-4.1810,8.9327,-0.1248,0.0829,-0.0205
