1635151806604,4.6680,-2.2012,8.3984,0.0381,0.0750,-0.0318
1635151806606,4.1445,-1.9961,8.3750,0.0136,0.1058,-0.0574
1635151806607,4.2578,-1.9072,8.3125,-0.0204,0.0814,-0.0754
1635151806658,4.6133,-2.0430,8.2422,-0.0778,0.1058,-0.0882
1635151806659,4.6641,-2.2168,8.2031,-0.1310,0.1494,-0.1116
1635151806663,4.5352,-2.4102,8.1797,-0.1438,0.1740,-0.1244
1635151806664,4.5000,-2.6230,8.2188,-0.1215,0.2006,-0.1329
1635151806665,4.5430,-2.7188,8.2422,-0.0853,0.2324,-0.1499
1635151806682,4.6914,-2.6582,8.1641,-0.0534,0.2632,-0.1605
1635151806683,4.8789,-2.4238,8.1406,-0.0215,0.2910,-0.1776
1635151806711,4.8594,-2.1641,8.0547,-0.0055,0.3101,-0.2052
1635151806713,4.6328,-2.0117,8.1406,-0.0278,0.3303,-0.2318
1635151806714,4.4297,-2.1133,8.2500,-0.0970,0.3442,-0.2563
1635151806724,4.4219,-2.3496,8.4141,-0.1608,0.3560,-0.2849
1635151806725,4.5469,-2.7930,8.5859,-0.1736,0.3750,-0.3030
1635151806756,4.6875,-3.3164,8.6406,-0.1289,0.3984,-0.3030
1635151806759,4.6523,-3.7852,8.6875,-0.0374,0.4368,-0.2786
1635151806762,4.5117,-4.0234,8.4922,0.0573,0.4644,-0.2372
1635151806772,4.5781,-3.7461,8.3516,0.0934,0.4656,-0.1925
1635151806774,4.5352,-3.1250,8.2500,0.0424,0.4507,-0.1903
1635151806806,4.6797,-2.8125,8.2969,-0.0672,0.4453,-0.2286
1635151806809,6.2891,-2.3887,8.5547,-0.2629,0.4656,-0.3074
1635151806812,4.7773,-1.8047,8.1953,-0.4109,0.5752,-0.2935
1635151806823,4.2344,-1.4619,8.6016,-0.3533,0.6006,-0.3638
1635151806826,5.3047,-2.1113,8.4219,-0.3875,0.5889,-0.5273
1635151806855,5.4141,-3.2578,8.3750,-0.4163,0.6528,-0.4807
1635151806857,5.3750,-3.4609,8.1094,-0.4629,0.7007,-0.4724
1635151806859,5.2148,-3.5117,8.3125,-0.4258,0.7515,-0.5054
1635151806883,5.1641,-3.4785,8.2656,-0.4087,0.7866,-0.5605
1635151806888,5.1367,-3.1914,8.2188,-0.4929,0.8242,-0.5786
1635151806889,5.1211,-2.9531,8.2422,-0.5938,0.8696,-0.6128
1635151806912,5.0898,-2.8359,8.3125,-0.6641,0.9136,-0.6724
1635151806913,4.9609,-2.7695,8.2891,-0.7021,0.9443,-0.7202
1635151806920,4.8203,-2.6191,8.3438,-0.7192,0.9624,-0.7842
1635151806942,4.6758,-2.5391,8.3359,-0.7695,0.9814,-0.8628
1635151806944,4.5195,-2.5703,8.3359,-0.8447,1.0205,-0.9297
1635151806945,4.3281,-2.6953,8.3203,-0.9014,1.0654,-0.9673
1635151806974,4.0898,-2.9824,8.1484,-0.9077,1.0869,-0.9785
1635151806978,3.6934,-3.0664,7.7734,-0.8418,1.0986,-1.0420
1635151806980,3.3555,-3.0547,7.7031,-0.7617,1.0830,-1.1230
1635151807006,3.6855,-3.3613,7.6680,-0.8120,1.0576,-1.1797
1635151807009,4.4805,-3.7480,7.5234,-1.0137,1.0713,-1.1885
1635151807010,4.7617,-3.6406,7.4063,-1.1797,1.1396,-1.1777
1635151807033,4.1680,-3.2363,7.4141,-1.2314,1.2236,-1.2432
1635151807035,3.5664,-3.5664,7.4492,-1.1465,1.2686,-1.3535
1635151807040,3.3770,-4.2031,7.6367,-0.9355,1.2793,-1.3896
1635151807064,3.3242,-4.0391,7.7031,-0.8193,1.2949,-1.3867
1635151807066,3.3555,-3.2773,7.7539,-0.8193,1.3359,-1.4580
1635151807069,3.3828,-3.0059,7.8086,-0.8291,1.3906,-1.5879
1635151807094,3.2813,-3.2246,7.8320,-0.8916,1.4531,-1.6875
1635151807095,3.0586,-3.4160,7.8008,-1.0225,1.5156,-1.7441
1635151807097,2.9102,-3.4473,7.7695,-1.1396,1.5693,-1.7861
1635151807127,2.9082,-3.5645,7.6719,-1.1973,1.6270,-1.8477
1635151807129,2.9102,-3.8066,7.5273,-1.2588,1.7031,-1.9111
1635151807131,2.8340,-4.1680,7.4023,-1.3242,1.8018,-1.9629
1635151807155,2.6465,-4.5781,7.3867,-1.3398,1.8867,-2.0098
1635151807156,2.4609,-4.8711,7.7344,-1.2568,1.9473,-2.0566
1635151807160,2.3066,-4.9961,8.0781,-1.1143,1.9844,-2.1055
1635151807184,2.2695,-4.8867,8.3438,-0.9873,2.0215,-2.1543
1635151807185,2.2090,-4.5078,8.5391,-0.9204,2.0645,-2.1855
1635151807188,2.1465,-4.0430,8.5391,-0.9160,2.1074,-2.2305
1635151807214,1.9746,-3.7344,8.5078,-0.9727,2.1445,-2.3262
1635151807215,1.7021,-3.5684,8.5313,-1.1270,2.1895,-2.4102
1635151807217,1.4814,-3.6445,8.4531,-1.4492,2.2930,-2.5410
1635151807245,1.3662,-4.3945,7.6992,-1.5049,2.3438,-2.6309
1635151807246,1.1514,-5.0742,7.5977,-1.4756,2.3730,-2.7090
1635151807247,0.7876,-5.7461,7.7852,-1.3750,2.3770,-2.7402
1635151807274,0.4453,-6.1016,8.0859,-1.2021,2.3496,-2.7207
1635151807275,0.2250,-6.1016,8.3672,-0.9619,2.2988,-2.7129
1635151807277,0.1963,-5.8633,8.6328,-0.7173,2.2363,-2.7383
1635151807304,0.2561,-5.6016,8.9063,-0.5693,2.1816,-2.7637
1635151807305,0.3040,-5.4414,8.9844,-0.5459,2.1543,-2.7617
1635151807307,0.2751,-5.5039,8.8438,-0.6045,2.1426,-2.7383
1635151807335,0.2274,-5.7813,8.7422,-0.6885,2.1406,-2.7109
1635151807336,0.1029,-6.0898,8.4219,-0.7686,2.1230,-2.6836
1635151807338,-0.2632,-6.4414,8.0391,-0.7813,2.1055,-2.6348
1635151807365,-0.8208,-6.7656,8.0156,-0.6606,2.0469,-2.5508
1635151807366,-1.2324,-6.9609,8.2969,-0.3811,1.9277,-2.4844
1635151807368,-1.3359,-7.1992,8.6094,-0.0449,1.7969,-2.4277
1635151807395,-1.2617,-7.3008,8.9688,0.2307,1.6777,-2.3535
1635151807397,-1.2734,-7.1680,9.4375,0.3945,1.5742,-2.2480
1635151807398,-1.4072,-7.1172,9.8516,0.4712,1.4814,-2.1309
1635151807425,-1.5938,-6.9883,10.1797,0.4243,1.4072,-2.0156
1635151807427,-1.8770,-6.3086,10.1172,0.2637,1.3369,-1.8848
1635151807428,-2.0938,-5.5352,9.6797,0.1105,1.2705,-1.7490
1635151807455,-2.1426,-5.2813,9.3828,0.0030,1.2236,-1.6494
1635151807457,-2.1348,-5.7695,9.1719,-0.0619,1.1953,-1.5723
1635151807459,-2.1445,-7.0977,9.1094,-0.0225,1.1699,-1.4219
1635151807485,-2.0586,-8.7734,9.5156,0.1700,1.1299,-1.2188
1635151807487,-1.7949,-10.1875,10.1094,0.4414,1.1016,-0.9810
1635151807489,-1.5557,-10.7813,10.4453,0.7241,1.0996,-0.7192
1635151807516,-1.4668,-10.2500,10.6484,0.9731,1.1377,-0.5327
1635151807518,-1.6035,-8.8438,10.6484,1.1846,1.2158,-0.4116
1635151807519,-1.8115,-7.0898,10.2813,1.3438,1.2998,-0.3223
1635151807546,-1.8164,-5.6953,9.8281,1.4014,1.3975,-0.2551
1635151807547,-1.6230,-5.1992,9.4844,1.2920,1.5371,-0.1882
1635151807549,-1.4004,-5.3867,9.1094,1.0322,1.6660,-0.1105
1635151807576,-1.1221,-6.1367,8.7578,0.7593,1.7813,0.0012
1635151807577,-0.8594,-7.1172,8.5078,0.5542,1.8809,0.1735
1635151807579,-0.6221,-7.6250,8.4063,0.4402,1.9834,0.3660
1635151807606,-0.7178,-7.2695,8.2734,0.4839,2.0898,0.5269
1635151807607,-1.0674,-6.2031,7.8516,0.7212,2.1582,0.5874
1635151807609,-1.3574,-5.1016,7.6250,1.0283,2.2285,0.5596
1635151807636,-1.5889,-4.3984,7.5195,1.2031,2.3184,0.5332
1635151807637,-1.7930,-4.1484,6.9609,1.1865,2.4063,0.5615
1635151807639,-1.9150,-4.1367,6.4375,1.0732,2.4805,0.6396
1635151807666,-1.9648,-4.3281,6.1836,0.9702,2.5488,0.6992
1635151807668,-2.0527,-4.3281,5.7617,0.9414,2.6133,0.7417
1635151807669,-2.2070,-3.7793,5.2695,1.0176,2.6406,0.7808
1635151807696,-2.4297,-3.0449,4.9922,1.1436,2.6523,0.7446
1635151807698,-2.7695,-2.4648,4.6172,1.2139,2.6328,0.6279
1635151807700,-3.0020,-2.0527,4.0391,1.1816,2.5840,0.5200
1635151807725,-3.1621,-1.6777,3.8008,1.0547,2.5469,0.4407
1635151807726,-3.3105,-1.2900,3.6113,0.8359,2.4883,0.3523
1635151807727,-3.5273,-0.9312,3.0254,0.5688,2.3867,0.2756
1635151807755,-3.6309,-0.9263,2.6094,0.3052,2.2832,0.1852
1635151807756,-3.8457,-1.2568,2.3359,0.0200,2.1387,0.0480
1635151807757,-4.0078,-1.2588,1.2617,-0.1907,1.8555,-0.0627
1635151807786,-3.7070,-1.2441,1.0869,-0.2098,1.5898,-0.1797
1635151807788,-3.4844,-1.1250,1.7813,-0.1715,1.4023,-0.3362
1635151807789,-3.6816,-0.3877,1.6582,-0.1598,1.1982,-0.4192
1635151807816,-4.0703,0.6631,1.6396,-0.1896,1.0303,-0.4883
1635151807818,-4.6367,1.7617,0.9600,-0.4014,0.8369,-0.7021
1635151807819,-4.8438,2.6895,-0.5171,-0.7427,0.5972,-1.0010
1635151807846,-4.8320,2.9766,-0.5840,-1.1494,0.4229,-1.2852
1635151807848,-5.0938,3.0938,-1.5361,-1.6943,0.1080,-1.4785
1635151807850,-4.7031,3.1250,-2.0801,-2.1641,-0.2729,-1.6465
1635151807876,-4.0586,2.6641,-0.3494,-2.5352,-0.6450,-2.0215
1635151807878,-3.1328,2.3223,0.3972,-2.7500,-1.0029,-2.4863
1635151807880,-2.1211,1.6230,0.9551,-2.6230,-1.1875,-2.9102
1635151807906,-0.9453,0.3518,1.8857,-2.4063,-1.3232,-3.3613
1635151807908,1.0146,-0.9097,1.5293,-2.1406,-1.5859,-3.7676
1635151807910,3.3008,-2.8555,1.1484,-1.6152,-1.9717,-4.2109
1635151807936,4.4297,-3.6875,0.9863,-0.9854,-2.4453,-4.7461
1635151807938,2.5059,-1.8740,0.5410,-0.5737,-2.9980,-5.2188
1635151807940,-2.1953,-0.1819,1.0693,-0.3982,-3.6113,-5.5156
1635151807966,-5.6250,-1.9795,3.9277,-0.4226,-4.4023,-5.6367
1635151807968,-4.6680,-6.1484,10.0078,-0.8735,-4.9727,-5.6289
1635151807970,-1.1367,-9.6016,15.6250,-1.5674,-4.8711,-5.5078
1635151807996,0.6318,-13.2891,20.3125,-1.6348,-4.3320,-5.3984
1635151807998,-1.9463,-14.3516,15.7109,-1.2129,-4.1758,-5.3477
1635151808000,-3.0352,-10.7813,10.1406,-0.0959,-4.6133,-5.1016
1635151808027,1.8291,-3.4922,6.4570,0.3923,-4.8477,-4.8438
1635151808028,8.5625,5.1016,5.8516,-0.7036,-4.6797,-4.8086
1635151808030,18.1719,-1.5508,9.0547,-1.7324,-4.1328,-5.2148
1635151808057,28.8594,-17.0938,10.5313,-1.9189,-2.9102,-5.0430
1635151808059,30.0156,-28.5469,12.5313,-0.7832,-2.0664,-3.5840
1635151808060,22.0938,-28.8594,13.5859,0.5425,-2.1758,-2.1387
1635151808087,14.5781,-22.8281,14.1875,2.3496,-2.0234,-1.6709
1635151808088,12.1172,-16.8750,15.2109,3.7695,-1.4980,-1.1709
1635151808090,11.2500,-12.0859,15.6094,3.5645,-0.8633,-0.4734
1635151808117,10.4297,-7.6680,15.0078,2.4141,-0.2452,-0.0595
1635151808118,9.3125,-4.3906,13.3906,1.0664,0.2463,0.1884
1635151808120,7.7969,-3.3203,12.0078,-0.4182,0.5918,0.4597
1635151808145,6.2148,-4.4414,10.8984,-1.8564,0.8242,0.7227
1635151808146,5.1484,-7.1367,10.0000,-2.6992,1.0049,0.9521
1635151808147,4.6914,-9.8984,9.3438,-2.7188,1.0908,1.1445
1635151808175,4.3047,-11.3828,8.8984,-2.1133,1.1045,1.3047
1635151808176,3.8887,-11.6641,8.6641,-0.2725,1.0898,1.4512
1635151808177,3.7461,-10.4531,8.7734,0.5786,1.1123,1.5313
1635151808206,3.7539,-9.4141,8.9688,1.2725,1.1748,1.5811
1635151808207,3.4785,-8.1953,8.7422,1.7334,1.2275,1.5801
1635151808207,3.0156,-7.3750,8.6094,1.9160,1.2520,1.5576
1635151808239,2.8418,-7.1367,8.7031,1.7520,1.3086,1.5723
1635151808244,2.8379,-7.1094,8.9766,1.3740,1.4072,1.6592
1635151808245,3.0078,-7.6992,9.5547,1.0664,1.5156,1.7051
1635151808267,3.5156,-8.8516,9.8672,0.8618,1.6455,1.7334
1635151808272,4.1406,-9.5391,9.9766,0.6753,1.7695,1.8936
1635151808290,4.6211,-9.3828,9.7500,0.5337,1.8750,2.0996
1635151808296,4.7656,-8.6172,9.4844,0.4478,1.9912,2.2402
1635151808301,4.5273,-7.8906,9.3828,0.3882,2.1387,2.3242
1635151808305,4.2070,-7.6953,9.1641,0.3040,2.3184,2.3867
1635151808317,4.1445,-8.1719,9.3125,0.2147,2.5215,2.4707
1635151808322,4.2461,-9.5547,8.7969,0.2147,2.7188,2.6133
1635151808347,4.7539,-11.0156,8.0938,0.3328,2.8906,2.8066
1635151808352,5.4531,-11.5938,7.1523,0.5796,3.0410,3.0762
1635151808357,5.7500,-10.6953,5.9219,0.8359,3.1328,3.3145
1635151808367,5.5859,-7.8711,4.6992,1.0625,3.1250,3.3633
1635151808372,4.7500,-4.5000,3.6934,1.2559,3.1055,3.1973
1635151808398,3.2090,-1.3643,2.5684,1.2510,3.0840,2.9219
1635151808402,1.6709,1.9941,1.1152,1.0049,2.9570,2.6602
1635151808407,0.0096,3.6953,0.2250,0.6191,2.7871,2.3594
1635151808418,-1.8691,2.5703,0.0718,0.1711,2.5723,1.9873
1635151808422,-3.7871,0.2944,-0.3782,-0.0842,2.2930,1.8945
1635151808448,-5.6289,-2.0156,-0.4429,-0.2013,2.0898,2.2129
1635151808452,-6.8672,-4.5820,3.2461,-0.7153,1.9248,2.3164
1635151808457,-7.3672,-7.5703,5.7578,-1.4150,1.8691,1.9590
1635151808468,-6.4102,-9.2969,6.1836,-1.1563,1.9043,1.9541
1635151808472,-3.3027,-9.1953,8.4609,-0.0491,1.6230,2.3535
1635151808498,-0.3662,-6.3672,8.9922,0.6382,1.1045,2.4961
1635151808502,0.4619,-2.9727,8.8984,1.0303,1.1162,2.1309
1635151808507,-1.6064,-0.8232,9.5781,0.8745,1.6094,1.7422
1635151808518,-4.3633,-0.8208,8.6406,0.3071,1.8574,1.5449
1635151808523,-5.2813,-1.7637,5.7617,-0.2225,1.6074,1.7158
1635151808548,-4.8750,-1.1748,4.2813,-0.5991,1.0586,1.9111
1635151808553,-4.6172,-0.0766,3.3828,-0.4460,0.7046,1.7051
1635151808557,-5.3828,0.6245,2.8594,-0.1002,0.5449,1.3994
1635151808568,-6.1797,1.0674,2.8945,0.1764,0.4102,1.1934
1635151808582,-6.2031,0.4668,3.2676,0.4019,0.1920,0.9639
1635151808587,-5.5039,-0.8423,4.2070,0.5542,0.0069,0.6797
1635151808592,-4.8086,-2.2832,5.6602,0.6104,-0.0559,0.4778
1635151808678,-4.6953,-3.3047,6.6914,0.6177,-0.0431,0.4651
1635151808683,-5.1641,-3.2480,7.3242,0.6221,-0.0059,0.5513
1635151808714,-5.7305,-2.5996,7.7109,0.6255,0.0516,0.5503
1635151808730,-6.1094,-2.1602,7.7813,0.5732,0.0952,0.4607
1635151808760,-6.3086,-2.1953,7.6641,0.4233,0.1293,0.3862
1635151808776,-6.3203,-2.7754,7.7305,0.2179,0.1857,0.3416
1635151808793,-6.3320,-3.6738,7.9219,0.0860,0.2240,0.3162
1635151808823,-6.3008,-5.1680,8.1328,0.0977,0.2378,0.3447
1635151808829,-5.9414,-6.6289,8.6016,0.1317,0.2632,0.4800
1635151808841,-5.5508,-7.0469,9.3281,0.1168,0.3240,0.6958
1635151808845,-5.3125,-6.3633,9.8594,0.1115,0.4324,0.9004
1635151808855,-5.1797,-4.3320,9.6641,0.1243,0.5449,1.0293
1635151808861,-5.2227,-1.7139,8.7969,0.2242,0.6709,1.0693
1635151808871,-5.8320,-0.9023,7.1836,0.4136,0.8242,0.9653
1635151808876,-6.4453,-2.7227,6.0195,0.5210,0.8750,0.7490
1635151808885,-6.1758,-4.7617,5.6523,0.4084,0.8721,0.6714
1635151808893,-5.7695,-5.9063,6.5117,0.3701,0.9028,0.9287
1635151808903,-5.3125,-6.0352,6.9766,0.5498,0.9453,1.3672
1635151808909,-4.7109,-4.8672,6.8086,0.7681,1.0303,1.4883
1635151808919,-4.4336,-2.8633,6.3086,0.9404,1.1729,1.2539
1635151808925,-4.6094,-0.2227,5.3555,0.9341,1.2871,0.9980
1635151808934,-4.8867,2.3906,3.8809,0.7881,1.3428,0.8735
1635151808941,-5.0156,3.2559,2.4219,0.6284,1.3975,0.7275
1635151808951,-4.6758,2.5137,1.5508,0.4148,1.3975,0.3970
1635151808956,-4.1719,0.8882,1.1465,0.1945,1.3516,0.1129
1635151808960,-3.9824,-0.7681,1.1699,0.0168,1.2930,0.0629
1635151808970,-4.2930,-1.3213,1.2041,-0.0778,1.2188,0.1288
1635151808975,-4.8789,-0.8569,1.1318,-0.0428,1.1279,0.0788
1635151808986,-5.3281,0.0239,1.3047,0.0551,1.0215,-0.1584
1635151808991,-5.5664,0.7754,1.3398,0.0637,0.8887,-0.4531
1635151809003,-5.6328,1.6729,0.8882,-0.1087,0.7485,-0.7104
1635151809008,-5.5586,2.6563,0.2083,-0.3247,0.6050,-0.9341
1635151809018,-5.4453,3.0996,-0.3423,-0.5024,0.4463,-1.1816
1635151809023,-5.2695,3.1875,-1.0840,-0.7363,0.2600,-1.5010
1635151809033,-5.1992,3.0801,-1.8770,-1.0195,0.0718,-1.8301
1635151809038,-5.3242,2.7598,-2.4238,-1.3145,-0.1527,-2.1270
1635151809042,-5.5039,2.4512,-2.9375,-1.6191,-0.4272,-2.4395
1635151809051,-5.6211,2.4238,-3.6953,-1.9238,-0.7441,-2.7695
1635151809056,-5.6406,2.7832,-4.2539,-2.1992,-1.0664,-3.1094
1635151809066,-5.4922,3.4375,-4.4219,-2.4531,-1.4189,-3.5508
1635151809071,-5.0195,4.0703,-3.9707,-2.6660,-1.7666,-4.1055
1635151809074,-4.1367,4.1992,-2.3184,-2.7363,-2.0742,-4.7109
1635151809084,-2.2852,2.2539,1.4316,-2.5547,-2.4824,-5.2695
1635151809092,1.5293,-1.7520,5.4727,-2.4707,-3.1602,-5.7109
1635151809101,6.6953,-6.5781,7.2617,-2.4258,-3.6660,-5.9531
1635151809105,9.3594,-11.5391,7.5898,-1.5928,-3.4453,-6.3125
1635151809115,5.1953,-13.3750,7.3438,0.6157,-3.3223,-6.5859
1635151809121,-12.4922,-10.5781,1.3662,1.6816,-4.0273,-6.0000
1635151809124,-14.1797,-11.0313,6.4414,2.0645,-4.4570,-5.4961
1635151809125,-3.9063,-10.1563,19.2031,1.2813,-4.2344,-5.1875
1635151809131,-0.7900,-10.9375,18.2031,0.4617,-3.8535,-4.8203
1635151809132,-6.9375,-7.1836,8.6250,0.5020,-3.6250,-4.4531
1635151809134,0.7158,-1.7979,2.9512,0.6890,-4.0156,-5.3008
1635151809137,13.2109,1.5771,0.6055,0.4253,-4.3398,-5.3047
1635151809139,16.4375,-5.0625,0.3972,-0.0746,-4.1289,-4.6016
1635151809169,23.4219,-15.2813,2.6191,-1.1797,-3.9434,-4.3750
1635151809171,27.5469,-22.5469,7.5234,-0.8022,-3.6836,-3.1836
1635151809172,19.3594,-23.0938,12.6719,0.1945,-3.4805,-1.6689
1635151809198,12.0859,-20.9219,15.0156,1.4180,-3.1094,-1.0508
1635151809200,9.8438,-19.5156,15.1250,2.8379,-2.5996,-0.7725
1635151809201,8.4844,-15.4766,14.6875,3.3066,-1.9063,-0.7212
1635151809229,7.2266,-10.2031,14.3203,2.9609,-1.1729,-0.7021
1635151809231,6.6523,-6.1289,13.8359,2.0254,-0.6177,-0.3936
1635151809233,5.9805,-4.0547,13.2109,0.5229,-0.2123,0.0235
1635151809260,4.7813,-4.5898,12.1172,-1.1309,0.1027,0.2820
1635151809262,3.7676,-6.9805,10.6875,-2.3418,0.3325,0.4097
1635151809264,3.2031,-9.3984,9.5156,-2.7676,0.4495,0.5479
1635151809290,2.8945,-10.8828,9.0234,-2.4609,0.4814,0.6577
1635151809292,2.7500,-11.3828,9.0156,-1.7109,0.4751,0.7065
1635151809294,3.0078,-11.3125,9.1328,-0.7866,0.4656,0.7363
1635151809321,3.5996,-10.8281,9.6172,0.0657,0.4995,0.7725
1635151809322,4.0313,-9.8672,10.1016,0.7446,0.5684,0.8535
1635151809324,3.9902,-8.8750,10.1797,1.1787,0.6763,0.9585
1635151809351,3.6543,-7.6797,9.9766,1.3047,0.7739,1.0391
1635151809353,3.1934,-6.6602,9.5781,1.2002,0.8486,1.0703
1635151809355,2.6484,-6.2852,9.1406,0.9370,0.9355,1.0723
1635151809381,2.3359,-6.3633,8.9375,0.6167,0.9941,1.0742
1635151809383,2.3652,-6.9609,8.9297,0.3594,1.0400,1.0908
1635151809385,2.7969,-8.5391,9.1094,0.2434,1.1172,1.1396
1635151809412,3.5957,-10.0391,9.4141,0.2062,1.2109,1.2715
1635151809413,4.3242,-10.2969,9.3906,0.2520,1.2725,1.4844
1635151809415,4.7734,-9.8516,8.9531,0.4668,1.3340,1.6357
1635151809442,4.7852,-8.9609,8.5469,0.6958,1.4180,1.6953
1635151809443,4.3477,-7.8984,7.8359,0.7988,1.4863,1.7109
1635151809445,3.7793,-7.2773,7.2109,0.7998,1.5400,1.7363
1635151809472,3.2988,-7.2227,7.1484,0.7422,1.5576,1.7959
1635151809473,2.7813,-7.7930,7.2344,0.6294,1.5596,1.8789
1635151809475,2.4570,-8.5469,7.5859,0.4753,1.5654,2.0000
1635151809502,2.2637,-9.1328,7.8672,0.3967,1.6123,2.1387
1635151809504,2.2031,-9.1172,7.9141,0.4265,1.6611,2.2383
1635151809505,2.0996,-8.5781,7.8477,0.5552,1.7061,2.2852
1635151809532,1.6279,-8.3047,7.5664,0.7241,1.7451,2.2969
1635151809534,0.9121,-7.8047,7.2578,0.8105,1.7715,2.3027
1635151809535,0.0814,-7.1406,7.2695,0.9053,1.7793,2.3242
1635151809562,-0.4165,-6.9688,7.3516,1.0439,1.7656,2.3301
1635151809564,-0.4331,-6.8008,7.4805,1.0137,1.7705,2.3203
1635151809566,-0.3208,-6.5859,7.1367,0.8169,1.8027,2.3262
1635151809591,-0.1508,-6.2813,6.5156,0.6626,1.8174,2.3457
1635151809594,-0.2585,-5.4336,5.9102,0.6021,1.7783,2.3594
1635151809602,-0.8545,-4.4063,5.3516,0.5869,1.6953,2.3086
1635151809612,-1.6807,-3.9180,5.2930,0.6519,1.6123,2.1934
1635151809614,-2.5039,-4.5195,5.8477,0.7393,1.5566,2.0938
1635151809643,-2.9023,-5.5273,6.7969,0.7373,1.5381,2.0977
1635151809644,-2.6855,-6.3320,7.2031,0.7021,1.5303,2.1895
1635151809646,-2.1230,-5.5430,6.9609,0.6157,1.4648,2.2715
1635151809672,-2.0059,-3.7930,5.8398,0.7085,1.3896,2.2383
1635151809674,-2.5254,-2.5254,4.8828,0.9253,1.3184,2.0547
1635151809676,-3.3223,-2.1875,4.2656,0.9531,1.2627,1.8379
1635151809702,-4.0820,-2.6563,4.0977,0.7969,1.2129,1.7334
1635151809704,-4.4727,-3.3340,4.7852,0.6177,1.1689,1.7783
1635151809706,-4.3633,-3.8770,5.8672,0.4902,1.1104,1.8672
1635151809732,-3.8945,-4.3945,6.5430,0.4478,1.0527,1.9160
1635151809734,-3.5098,-4.4414,6.5586,0.5229,1.0186,1.9102
1635151809736,-3.7715,-3.8926,6.1445,0.8213,1.0146,1.8047
1635151809762,-4.2578,-2.4570,5.4688,1.1553,0.9346,1.6055
1635151809764,-4.5586,-0.4668,4.4297,1.3574,0.8188,1.4150
1635151809766,-4.8945,0.5146,3.3086,1.3740,0.7549,1.2588
1635151809793,-5.1289,-0.0622,2.7637,1.1582,0.7026,1.0605
1635151809794,-5.0313,-1.0078,3.1465,0.7734,0.6016,0.8872
1635151809796,-4.7031,-1.3613,4.1953,0.3381,0.4900,0.9053
1635151809823,-4.5039,-1.6494,5.0938,0.0317,0.4092,0.9937
1635151809824,-4.5391,-2.3594,5.7266,-0.0193,0.3867,0.9131
1635151809826,-4.8711,-3.2734,6.1445,0.1190,0.4048,0.7163
1635151809853,-5.2148,-3.7930,6.0039,0.2871,0.3728,0.6108
1635151809854,-5.4297,-3.1328,5.6367,0.4424,0.2920,0.6309
1635151809856,-5.4648,-1.8213,5.3438,0.5752,0.2037,0.5425
1635151809883,-5.4180,-1.1777,5.3086,0.3604,0.2186,0.4097
1635151809885,-5.4609,-1.7637,5.8047,-0.0130,0.2197,0.3884
1635151809886,-5.4688,-2.4746,6.2148,-0.2937,0.2037,0.4353
1635151809913,-5.4688,-3.1133,6.5273,-0.3491,0.1782,0.4661
1635151809915,-5.5430,-3.7246,6.8828,-0.1810,0.1537,0.4353
1635151809916,-5.6016,-4.0664,7.1250,0.0605,0.1282,0.3894
1635151809943,-5.6602,-3.4727,7.1484,0.1892,0.1058,0.4119
1635151809945,-5.8438,-2.1055,7.1602,0.1860,0.0920,0.4556
1635151809946,-6.1016,-1.0869,6.9922,0.1328,0.0920,0.4458
1635151809973,-6.3438,-1.2129,6.8828,0.0232,0.1187,0.4001
1635151809975,-6.4570,-2.2031,7.0625,-0.1641,0.1537,0.3640
1635151809976,-6.3633,-3.2402,7.3789,-0.3459,0.1888,0.4023
1635151810004,-6.1406,-3.8867,7.6484,-0.3450,0.2123,0.4937
1635151810006,-5.8398,-4.0938,7.9375,-0.1087,0.2324,0.5361
1635151810007,-5.5508,-3.7578,7.9063,0.1902,0.2654,0.5254
1635151810034,-5.4688,-2.8379,7.5703,0.3787,0.3240,0.5244
1635151810036,-5.5742,-1.7070,7.2461,0.3850,0.4038,0.5361
1635151810038,-5.6250,-0.6846,6.8555,0.2529,0.4783,0.5161
1635151810063,-5.6367,-0.5815,6.4570,0.0849,0.5752,0.4597
1635151810064,-5.6680,-1.2803,6.3164,-0.1257,0.6582,0.3884
1635151810065,-5.7031,-1.8643,5.8438,-0.3022,0.6919,0.3875
1635151810093,-5.8203,-2.2070,5.2188,-0.2800,0.6880,0.4407
1635151810094,-5.8203,-2.2734,4.8398,-0.1108,0.6465,0.4172
1635151810095,-5.5938,-1.6016,4.6250,0.0519,0.6069,0.3447
1635151810132,-5.4023,-0.7441,4.2305,0.2009,0.6016,0.2681
1635151810134,-5.3906,-0.2944,3.7617,0.2754,0.6025,0.1320
1635151810135,-5.4297,-0.1005,3.3652,0.2179,0.5825,-0.0201
1635151810145,-5.4492,-0.0359,3.1172,0.0721,0.5303,-0.1223
1635151810147,-5.4102,0.1173,2.7930,-0.0608,0.4558,-0.2266
1635151810174,-5.3008,0.6079,2.3086,-0.1417,0.4058,-0.3945
1635151810176,-5.1133,1.1221,1.9746,-0.2205,0.3633,-0.6157
1635151810178,-5.0039,1.2969,1.4434,-0.3726,0.3113,-0.8540
1635151810204,-5.0078,1.4355,0.6392,-0.6255,0.2229,-1.0723
1635151810206,-4.8516,1.5078,-0.0862,-0.9058,0.0942,-1.2881
1635151810208,-4.4961,1.4482,-0.7539,-1.2051,-0.0516,-1.5635
1635151810235,-4.1914,1.6826,-1.6973,-1.4707,-0.2175,-1.8848
1635151810236,-4.1836,2.4043,-2.6543,-1.6113,-0.4441,-2.2324
1635151810238,-4.2344,3.4160,-3.3027,-1.6074,-0.7451,-2.6855
1635151810265,-4.2461,4.4141,-3.3027,-1.4834,-1.0703,-3.2500
1635151810266,-4.0273,5.1836,-2.3223,-1.3174,-1.4404,-3.7910
1635151810268,-3.2734,5.5156,-1.1729,-1.3262,-1.8389,-4.2383
1635151810295,-1.9678,4.7305,0.9502,-1.6309,-2.2363,-4.6250
1635151810296,0.8257,1.7324,3.1738,-2.2012,-2.7324,-4.9336
1635151810298,4.7852,-3.3887,4.0625,-2.5039,-3.0898,-5.1484
1635151810325,6.9219,-8.2500,5.6992,-2.1738,-3.1035,-5.5898
1635151810327,5.1641,-10.8516,5.7148,-1.2881,-3.1484,-6.1211
1635151810328,0.5601,-11.1875,3.4414,-0.2778,-3.4141,-6.3359
1635151810355,-4.2148,-9.6016,2.6836,0.1030,-3.8809,-6.2109
1635151810357,-6.6172,-6.4648,3.2734,0.1978,-4.3477,-5.8320
1635151810358,-3.8105,-4.4922,9.1328,0.0019,-4.4453,-5.4102
1635151810385,0.2489,-7.8359,19.3125,-0.7363,-4.0078,-5.2422
1635151810387,-3.4199,-6.4063,9.6094,-1.3828,-4.1367,-5.0977
1635151810388,-1.0391,-1.9600,8.3984,-1.0449,-4.4688,-5.0547
1635151810415,11.0156,-1.9512,2.2109,-1.1563,-4.7461,-5.2500
1635151810417,18.8750,-8.9688,3.3223,-1.3301,-4.2266,-5.2422
1635151810418,22.1406,-17.6563,7.1914,-1.2344,-3.7012,-4.7969
1635151810445,24.0625,-24.1875,9.7266,-0.7471,-3.4434,-3.7715
1635151810447,20.0313,-26.3281,12.5000,0.3616,-3.2871,-2.6758
1635151810449,14.1484,-23.2344,14.5469,1.8809,-3.0059,-2.3281
1635151810475,12.2656,-17.2813,15.5313,3.2813,-2.5352,-1.9961
1635151810477,10.6172,-12.4609,15.0391,3.6816,-1.8740,-1.3438
1635151810479,8.0391,-8.7266,14.7813,2.6133,-1.1045,-0.9141
1635151810505,6.6211,-5.8867,14.3281,0.7231,-0.5220,-0.6191
1635151810507,6.1133,-5.8242,12.8750,-1.1045,-0.1569,-0.2446
1635151810509,5.5547,-8.3516,11.4688,-2.2637,0.1048,0.0490
1635151810535,4.9102,-11.1719,10.7188,-2.4805,0.2546,0.2406
1635151810537,4.4063,-12.6719,10.3594,-1.9619,0.2866,0.4055
1635151810539,3.9297,-12.5078,10.2813,-1.1016,0.2590,0.5830
1635151810566,3.7188,-11.3750,10.5469,-0.2406,0.2272,0.7490
1635151810567,3.8223,-9.9688,10.5313,0.3657,0.2622,0.8564
1635151810569,3.9668,-8.8047,10.3594,0.6724,0.3718,0.9268
1635151810596,4.2930,-8.1641,10.4141,0.7788,0.4963,0.9917
1635151810597,4.6602,-7.7539,10.4609,0.8008,0.6079,1.0615
1635151810599,4.7109,-7.4883,10.1406,0.7617,0.7090,1.1084
1635151810626,4.2617,-7.2031,9.5234,0.6455,0.7900,1.1631
1635151810627,3.7324,-7.0117,8.9219,0.4861,0.8506,1.2246
1635151810629,3.4727,-6.9688,8.5781,0.3264,0.8921,1.2598
1635151810655,3.4629,-7.2969,8.4219,0.2445,0.9463,1.2891
1635151810656,3.6523,-8.2266,8.4219,0.2637,1.0215,1.3350
1635151810658,3.9766,-9.0547,8.5000,0.3787,1.0908,1.4385
1635151810689,4.3203,-9.5625,8.4844,0.5933,1.1299,1.5967
1635151810692,4.6250,-9.6250,8.5000,0.8018,1.1602,1.7432
1635151810695,4.6250,-8.8516,8.1094,0.9468,1.1807,1.8623
1635151810709,4.2383,-7.7578,7.5898,1.0293,1.1943,1.9170
1635151810711,3.7988,-6.5742,7.3086,0.9927,1.2080,1.9092
1635151810736,3.4043,-6.1211,7.4492,0.8711,1.2490,1.8848
1635151810737,3.0449,-6.5664,7.7578,0.6177,1.3193,1.8730
1635151810738,2.6582,-7.6914,7.8945,0.2104,1.3896,2.0000
1635151810766,2.5820,-8.4297,7.9453,0.2839,1.4316,2.0430
1635151810767,2.3613,-8.3047,7.8594,0.3689,1.4492,2.0918
1635151810769,1.8906,-7.8789,7.4297,0.5166,1.4609,2.1172
1635151810795,1.4141,-7.4648,7.1328,0.6958,1.4570,2.1211
1635151810798,1.0264,-6.3086,7.0859,0.8062,1.4023,2.1055
1635151810801,0.7661,-5.2422,6.9063,0.8721,1.3271,2.0391
1635151810825,0.6484,-5.4102,7.1484,0.9316,1.3418,1.9932
1635151810828,0.4475,-6.5938,7.3516,0.9639,1.3740,2.0430
1635151810831,0.3733,-7.5000,7.2422,0.9956,1.4053,2.1035
1635151810857,0.3469,-7.2539,7.2578,1.0479,1.4727,2.1641
1635151810858,0.1915,-5.9922,6.9297,0.9614,1.5166,2.1680
1635151810859,0.0144,-5.6250,6.9883,0.9629,1.5244,2.0684
1635151810885,-0.1891,-6.2617,7.4063,1.0840,1.5176,2.0430
1635151810888,-0.4763,-5.6133,6.7148,1.1172,1.4375,2.0645
1635151810891,-0.6079,-4.1953,6.2578,1.1797,1.3379,1.9365
1635151810915,-0.9360,-3.4531,6.8750,1.2412,1.3115,1.7266
1635151810918,-1.5342,-3.6914,6.7461,1.0020,1.3555,1.6387
1635151810921,-2.1660,-4.6406,6.5313,0.4700,1.4346,1.7402
1635151810945,-2.5234,-5.4063,6.8945,0.0530,1.4736,1.8564
1635151810948,-2.6777,-6.0742,7.3008,0.0583,1.4775,1.8545
1635151810951,-2.7676,-6.0039,7.5078,0.4456,1.4697,1.9512
1635151810975,-3.2031,-5.0273,7.3750,1.1104,1.4199,1.9795
1635151810981,-3.3516,-4.2422,7.1250,1.8213,1.3711,1.7490
1635151810985,-3.0176,-3.5352,7.1602,2.0469,1.3379,1.6143
1635151810995,-3.1094,-2.7930,6.6797,1.9033,1.3750,1.5742
1635151810999,-3.5332,-2.6836,6.4336,1.5869,1.3994,1.5273
1635151811026,-3.6934,-2.4434,6.3828,1.1025,1.3281,1.5020
1635151811047,-3.8398,-1.8525,5.9961,0.6670,1.2441,1.4531
1635151811063,-4.0313,-1.9170,5.5586,0.4636,1.1572,1.3506
1635151811080,-4.1992,-2.5605,5.3945,0.4531,1.0703,1.2705
1635151811098,-4.3242,-3.3340,5.6328,0.5688,0.9985,1.2578
1635151811112,-4.3047,-3.9414,6.0547,0.7617,0.9253,1.2861
1635151811126,-4.1250,-4.2031,6.4023,1.0010,0.8706,1.3154
1635151811145,-3.9141,-4.1055,6.6445,1.2090,0.8550,1.3203
1635151811161,-3.9707,-3.5996,6.8086,1.3115,0.8643,1.3008
1635151811165,-4.2305,-3.1035,6.7148,1.3008,0.8730,1.2510
1635151811169,-4.4414,-2.2598,6.3672,1.1543,0.8442,1.2119
1635151811181,-4.6992,-1.1270,5.9570,0.9531,0.8145,1.1846
1635151811198,-4.9414,-0.5957,5.5586,0.8096,0.7837,1.1299
1635151811203,-5.0938,-0.8257,5.5156,0.7061,0.7612,1.0508
1635151811231,-5.1328,-1.6035,5.9688,0.6074,0.7656,1.0166
1635151811242,-5.0273,-2.3691,6.5703,0.5273,0.7876,1.0566
1635151811263,-4.8711,-2.7168,6.9375,0.5444,0.8208,1.0996
1635151811280,-4.7188,-2.5684,7.0781,0.6636,0.8667,1.0947
1635151811312,-4.7188,-1.9531,6.8633,0.7891,0.9189,1.0400
1635151811329,-4.9258,-1.3789,6.3203,0.8486,0.9814,0.9536
1635151811334,-5.1680,-0.9429,5.7695,0.7944,1.0146,0.8755
1635151811345,-5.3555,-0.5337,5.3359,0.6646,1.0244,0.8447
1635151811353,-5.5156,-0.3997,5.1953,0.5317,1.0215,0.8394
1635151811357,-5.5547,-0.5386,5.2188,0.4392,0.9932,0.8140
1635151811363,-5.5117,-0.6509,5.2656,0.4265,0.9824,0.7627
1635151811378,-5.4883,-0.6846,5.4063,0.4370,0.9976,0.7212
1635151811394,-5.5195,-0.4404,5.3438,0.3977,0.9902,0.6895
1635151811411,-5.6211,0.0814,5.0273,0.3787,0.9551,0.6372
1635151811427,-5.8164,0.1005,4.9258,0.3806,0.9263,0.5425
1635151811443,-5.9375,-0.2441,4.8359,0.2764,0.8940,0.4556
1635151811447,-6.0703,-0.2871,4.6133,0.0860,0.8472,0.4373
1635151811460,-6.2305,-0.1436,4.5469,-0.0491,0.7773,0.4448
1635151811492,-6.2070,-0.0742,4.6406,-0.1034,0.6929,0.4075
1635151811497,-6.0117,0.1245,4.5664,-0.1364,0.6113,0.3511
1635151811501,-5.9727,0.3159,4.6016,-0.1523,0.5557,0.3010
1635151811525,-6.2188,0.3135,4.6836,-0.1650,0.5078,0.2363
1635151811542,-6.4727,-0.0479,4.7227,-0.1533,0.4570,0.1639
1635151811545,-6.6875,-0.5195,4.8086,-0.1310,0.3877,0.1065
1635151811549,-6.8281,-0.5840,5.0078,-0.1215,0.3250,0.0852
1635151811553,-6.9492,-0.1771,5.3672,-0.1375,0.2888,0.0873
1635151811574,-7.0039,0.3950,5.5781,-0.1799,0.2600,0.0426
1635151811578,-7.0039,0.8306,5.5938,-0.2374,0.2568,-0.0489
1635151811582,-6.9805,0.9526,5.5781,-0.3108,0.2729,-0.1371
1635151811593,-7.0000,0.9575,5.2773,-0.4099,0.2910,-0.2000
1635151811598,-7.1484,0.9385,4.8281,-0.4673,0.3101,-0.2500
1635151811607,-7.2695,0.5693,4.4414,-0.4758,0.3250,-0.3159
1635151811611,-7.1445,0.2106,4.0859,-0.4863,0.3123,-0.4063
1635151811615,-6.8789,0.2058,3.6602,-0.4822,0.2813,-0.4841
1635151811625,-6.5117,0.4355,2.9395,-0.4375,0.2367,-0.5532
1635151811629,-6.0664,0.5674,2.0586,-0.3970,0.2080,-0.6636
1635151811640,-5.6953,0.6392,1.1084,-0.4597,0.1750,-0.8149
1635151811658,-5.4961,0.6895,0.4141,-0.5991,0.0984,-0.9648
1635151811689,-5.2383,0.7036,0.2561,-0.7661,-0.0197,-1.1143
1635151811693,-4.8281,1.0605,0.1101,-0.9673,-0.1654,-1.3311
1635151811722,-4.3945,1.7021,-0.4309,-1.2266,-0.5059,-1.8770
1635151811728,-3.7578,3.1094,-1.6367,-1.4063,-0.7441,-2.2070
1635151811732,-3.4199,4.1836,-2.5449,-1.7061,-1.0508,-2.6289
1635151811740,-2.8379,4.9219,-3.0039,-1.9912,-1.3047,-3.0488
1635151811756,-2.4707,4.4961,-2.4629,-2.3398,-1.6113,-3.4316
1635151811760,-1.8672,3.8926,-2.8809,-2.8711,-1.9707,-3.8066
1635151811764,-1.0938,3.4082,-3.7070,-3.3789,-2.2676,-4.1445
1635151811787,-0.3494,2.5879,-3.4160,-3.6992,-2.6230,-4.6328
1635151811803,1.4551,0.5000,-1.1875,-3.4160,-3.0254,-5.3047
1635151811820,4.0156,-3.1426,1.9150,-2.5547,-3.4570,-5.8828
1635151811838,6.4492,-6.6680,3.9141,-1.7744,-3.8262,-6.3047
1635151811852,6.3359,-8.4844,3.6699,-1.0557,-3.8184,-6.7734
1635151811869,2.8770,-7.0664,1.8857,-0.7354,-3.7422,-7.0000
1635151811885,-0.1293,-7.2344,6.6719,-0.6660,-3.9961,-6.6680
1635151811902,-1.7500,-11.3516,17.5625,-1.6055,-4.0742,-6.2109
1635151811918,-6.6758,-10.5000,15.9453,-3.0586,-3.9590,-5.9180
1635151811922,-13.8750,-4.5117,6.4727,-2.3125,-4.1211,-5.8672
1635151811926,-8.5469,-1.5771,4.4805,-0.8662,-4.7422,-6.4102
1635151811934,6.5352,3.8105,-0.4475,-1.3955,-5.4805,-6.6875
1635151811951,16.6563,0.2585,0.2346,-2.3418,-5.2383,-6.6797
1635151811969,27.8125,-15.4688,5.3398,-2.6230,-4.2070,-6.6563
1635151811973,38.7500,-34.5000,10.9063,-1.1221,-2.8438,-5.5781
1635151811977,33.0313,-37.9063,16.7188,0.8755,-2.9824,-3.4297
1635151811980,16.4688,-29.2500,18.4688,2.7988,-3.3984,-2.0840
1635151812000,10.2656,-22.3594,18.2969,4.6016,-2.7227,-1.7246
1635151812018,11.0625,-17.5469,18.5938,4.7969,-1.8838,-1.3340
1635151812023,9.9609,-13.0781,17.5000,3.5645,-1.0742,-0.8447
1635151812027,7.5703,-8.5391,16.0000,1.9395,-0.3835,-0.4063
1635151812031,5.9648,-5.6719,15.2578,0.0721,0.0388,0.1171
1635151812051,5.2227,-5.9805,14.1563,-1.9434,0.3538,0.6704
1635151812055,4.8516,-8.7734,12.5078,-3.2871,0.6484,0.9980
1635151812067,4.3633,-12.2813,10.9297,-3.4199,0.8975,1.0039
1635151812071,3.7988,-14.5313,9.9063,-2.6465,1.0498,0.9951
1635151812084,3.6055,-14.3984,9.3672,-1.4297,1.0498,1.1318
1635151812087,3.7871,-12.8047,9.1719,-0.1087,1.0068,1.2500
1635151812114,4.0977,-11.0391,9.3438,0.9478,1.0244,1.3164
1635151812126,4.4492,-9.6797,9.3594,1.6074,1.0938,1.4541
1635151812147,4.5078,-8.5938,9.0000,1.9482,1.1445,1.6182
1635151812163,4.3398,-7.3828,8.4844,2.0293,1.1602,1.6963
1635151812180,3.7969,-6.6094,8.3438,1.9355,1.1641,1.7041
1635151812184,3.2344,-6.5469,8.4609,1.6484,1.1836,1.6914
1635151812196,2.8457,-6.7461,8.3984,1.2295,1.2109,1.7148
1635151812204,2.7324,-7.4766,8.4453,0.9097,1.2607,1.7627
1635151812208,3.0195,-8.0078,8.3984,0.6934,1.3057,1.8057
1635151812212,3.3906,-7.7070,8.2813,0.5596,1.3252,1.8262
1635151812216,3.5059,-7.3828,7.9023,0.5083,1.3467,1.8467
1635151812220,3.5703,-7.0547,7.4961,0.4468,1.3721,1.9102
1635151812224,3.5469,-6.7070,7.2813,0.3455,1.4033,1.9629
1635151812229,3.1914,-6.8789,6.8633,0.2307,1.4355,2.0020
1635151812232,2.6836,-7.4141,6.4414,0.1520,1.4355,2.0410
1635151812236,2.1387,-8.0156,5.9844,0.1700,1.3916,2.0898
1635151812239,1.7422,-8.5234,5.7617,0.3223,1.3203,2.1602
1635151812243,1.5752,-8.3359,5.8984,0.5508,1.2734,2.2012
1635151812247,1.4453,-7.3711,5.8984,0.8574,1.2402,2.1719
1635151812250,1.3311,-6.5859,5.8008,1.2295,1.2422,2.0859
1635151812254,0.9668,-6.2383,5.9297,1.4697,1.2813,1.9932
1635151812258,0.3015,-5.6328,6.1719,1.4775,1.2783,1.9346
1635151812261,-0.3950,-5.0781,6.2969,1.3555,1.2432,1.9375
1635151812265,-0.9263,-5.1016,6.4063,1.1689,1.1924,1.9443
1635151812268,-1.0791,-5.6523,6.7539,0.9277,1.1504,1.9199
1635151812272,-0.9312,-6.2266,6.9414,0.7041,1.1182,1.9150
1635151812276,-0.7158,-6.2773,7.0000,0.6274,1.0576,1.9258
1635151812279,-0.7803,-6.3086,7.0742,0.8242,1.0361,1.9082
1635151812283,-0.8662,-6.1992,7.3828,1.1055,1.0596,1.8496
1635151812287,-0.8042,-5.4609,7.3633,1.1572,1.0801,1.7861
1635151812290,-0.8521,-4.8672,6.9766,1.0264,1.1230,1.7158
1635151812294,-1.1826,-5.0430,7.0313,0.7593,1.1758,1.6855
1635151812298,-1.6328,-5.6953,7.1367,0.5020,1.1816,1.7588
1635151812302,-2.0273,-5.4766,6.7266,0.4487,1.0693,1.8330
1635151812306,-2.2500,-4.2305,6.2813,0.6689,0.8667,1.7139
1635151812310,-2.3691,-3.3750,6.6641,1.0020,0.7666,1.4746
1635151812314,-2.5352,-3.6523,7.2031,1.1846,0.8081,1.3398
1635151812317,-2.4980,-3.9688,7.0000,1.0313,0.8486,1.3672
1635151812321,-2.3926,-4.3203,7.1289,0.7285,0.8984,1.3945
1635151812325,-2.4043,-5.2188,7.4883,0.5444,0.9707,1.4648
1635151812328,-2.6191,-5.4297,7.2227,0.5933,0.9888,1.5850
1635151812337,-3.2285,-4.7813,7.3359,0.8701,0.9717,1.5732
1635151812339,-3.8145,-3.9609,7.6055,1.3477,0.8408,1.2520
1635151812340,-3.6328,-2.9414,7.7891,1.3857,0.8657,1.2227
1635151812362,-3.5742,-2.7188,7.2344,1.1563,0.9209,1.2295
1635151812376,-3.6914,-2.6348,6.7539,0.8340,0.9370,1.2275
1635151812392,-3.8086,-2.9961,6.6211,0.6733,0.9229,1.1982
1635151812397,-3.9883,-3.4570,6.4102,0.6074,0.9019,1.1611
1635151812410,-4.2461,-3.6660,6.5313,0.5913,0.8804,1.1494
1635151812427,-4.3789,-3.7617,6.7227,0.7095,0.8291,1.1279
1635151812431,-4.3477,-3.6289,6.8555,0.8989,0.7813,1.0938
1635151812435,-4.3477,-3.2129,6.9922,1.0771,0.7612,1.0625
1635151812438,-4.2852,-2.6680,6.8398,1.1885,0.7358,1.0400
1635151812444,-4.1914,-1.8164,6.5977,1.1709,0.7090,1.0400
1635151812448,-4.2539,-1.1699,6.3164,1.0508,0.7207,1.0273
1635151812473,-4.4063,-1.2754,5.9805,0.8433,0.7358,0.9951
1635151812476,-4.5430,-1.6348,5.8281,0.6328,0.7295,0.9756
1635151812480,-4.6953,-1.9248,6.0039,0.5273,0.7163,0.9673
1635151812493,-4.8516,-2.1816,6.2773,0.5337,0.7007,0.9312
1635151812496,-4.9375,-2.2188,6.4570,0.6147,0.6880,0.8726
1635151812523,-4.8945,-1.5752,6.5117,0.7051,0.6802,0.8394
1635151812526,-4.8242,-0.3950,6.2188,0.7656,0.6748,0.8003
1635151812530,-4.7969,0.0814,5.8672,0.7700,0.7261,0.7246
1635151812543,-4.8477,-0.2969,5.7383,0.6113,0.8027,0.6108
1635151812546,-4.9258,-0.6030,5.4336,0.3008,0.8550,0.5469
1635151812573,-5.0078,-0.5742,5.3516,0.0573,0.8877,0.5786
1635151812577,-5.0586,-0.3997,5.3555,-0.0013,0.8984,0.5894
1635151812580,-5.0742,-0.4141,5.0195,0.0902,0.9121,0.5107
1635151812606,-5.1992,-0.6177,4.6602,0.2275,0.9370,0.3821
1635151812610,-5.3281,-0.5435,4.3086,0.3254,0.9263,0.2905
1635151812614,-5.3242,-0.1532,4.0703,0.3870,0.8740,0.2693
1635151812618,-5.2539,0.4475,3.9141,0.3882,0.8198,0.2256
1635151812656,-5.1953,1.0889,3.5332,0.3572,0.7944,0.1107
1635151812659,-5.2656,1.0391,3.3047,0.2998,0.7847,-0.0403
1635151812663,-5.4141,0.6055,3.0547,0.1083,0.7505,-0.2063
1635151812667,-5.5078,0.5171,2.5352,-0.1576,0.6826,-0.3286
1635151812671,-5.4570,0.5195,2.2422,-0.3247,0.6187,-0.4043
1635151812684,-5.2852,0.5195,2.0820,-0.4119,0.5698,-0.5264
1635151812687,-5.0313,0.8472,1.6035,-0.4597,0.5337,-0.7114
1635151812714,-4.8203,0.9692,1.3809,-0.4619,0.4941,-0.9033
1635151812723,-4.5742,0.6343,1.2588,-0.5596,0.4219,-1.0889
1635151812727,-4.2461,0.4092,0.9238,-0.8311,0.3325,-1.2588
1635151812734,-3.9688,0.3398,0.4045,-1.1699,0.2292,-1.4121
1635151812737,-3.9238,0.1364,-0.2083,-1.5313,0.0388,-1.5791
1635151812764,-3.7910,0.1699,-1.2705,-1.9111,-0.2410,-1.7773
1635151812767,-3.4395,0.1627,-1.6201,-2.2363,-0.5112,-2.0059
1635151812771,-3.0039,-0.0335,-1.6328,-2.6035,-0.8760,-2.3008
1635151812784,-2.3340,-0.0239,-2.7715,-2.9355,-1.1934,-2.6367
1635151812788,-2.0703,0.3208,-3.0332,-3.1230,-1.3945,-3.0254
1635151812814,-2.1035,1.2393,-2.9609,-3.2285,-1.7432,-3.5898
1635151812817,-1.4531,2.4102,-2.9590,-3.1309,-2.1523,-4.2383
1635151812821,-0.2944,1.9463,-1.7139,-2.8027,-2.6172,-4.7539
1635151812834,1.8789,-0.4260,0.0790,-2.5020,-3.1738,-5.1172
1635151812838,4.7305,-4.0234,2.3652,-2.3066,-3.7734,-5.4297
1635151812864,6.9102,-8.5000,4.4492,-1.9434,-4.1914,-5.6953
1635151812867,5.6875,-9.8047,4.9453,-1.9932,-4.0508,-6.0430
1635151812886,0.6343,-6.6406,4.7227,-2.2422,-4.0742,-6.3008
1635151812890,-3.9238,-5.0781,7.0195,-1.8291,-4.5273,-6.1484
1635151812894,-5.0898,-7.5820,12.8984,-1.7305,-4.8672,-5.7500
1635151812904,-4.0469,-12.3750,17.6719,-1.8535,-4.4883,-5.6211
1635151812908,-8.6875,-12.2422,8.2422,-0.5874,-4.4570,-5.4961
1635151812934,-5.6211,-7.2539,6.2188,1.3682,-5.0625,-5.5039
1635151812938,10.4844,1.2129,-0.5889,1.7148,-5.6641,-5.4688
1635151812941,21.6719,0.3447,0.3542,0.9966,-5.0938,-5.3047
1635151812965,33.6250,-10.9375,8.4688,-0.5703,-4.2031,-5.2852
1635151812968,40.5313,-24.4375,14.5938,-1.4414,-3.3145,-4.0742
1635151812971,24.6875,-31.8906,19.3594,-1.5000,-3.1855,-1.7568
1635151812985,9.1094,-34.1250,19.7969,-0.3118,-2.6289,-0.9268
1635151813017,7.4648,-28.8594,17.8125,2.1055,-1.9346,-1.1484
1635151813022,9.2031,-18.7031,16.4375,3.8320,-1.4473,-0.7637
1635151813033,7.7813,-10.1250,15.8047,3.9727,-0.6963,-0.2615
1635151813037,5.3984,-4.3398,15.7500,2.7617,-0.0282,0.0852
1635151813041,4.5234,-1.6348,15.1641,0.5742,0.2952,0.4597
1635151813045,4.0273,-3.1016,13.6406,-1.7715,0.5322,0.7896
1635151813055,3.4844,-7.9297,11.9453,-3.2012,0.7749,0.9053
1635151813068,3.3477,-12.6328,10.9453,-3.3105,0.9390,0.9351
1635151813075,3.4512,-14.7188,10.4219,-2.3184,0.9834,1.0684
1635151813078,3.6094,-13.5234,10.2266,-0.7866,0.9355,1.1953
1635151813105,3.8008,-10.6328,9.8750,0.6230,0.8750,1.1816
1635151813108,3.8066,-7.8711,9.6797,1.4150,0.8721,1.1758
1635151813112,3.3867,-6.0547,9.3516,1.5850,0.9092,1.2471
1635151813125,2.7852,-5.0625,8.8984,1.4023,0.9199,1.2969
1635151813128,2.3359,-4.7852,8.7031,1.0840,0.8984,1.2881
1635151813155,2.2637,-5.0039,8.4219,0.7241,0.8940,1.2764
1635151813166,2.4434,-5.4844,8.4766,0.1849,1.0273,1.2705
1635151813170,2.8906,-7.5391,8.1875,0.1945,1.1230,1.2637
1635151813175,3.2949,-8.6953,8.1563,0.3657,1.1924,1.2871
1635151813178,3.7441,-8.7734,8.2422,0.6177,1.2305,1.3428
1635151813205,3.8594,-7.9648,8.1328,0.8550,1.2412,1.3936
1635151813209,3.7031,-6.5898,7.8086,0.9785,1.2412,1.4053
1635151813212,3.2578,-5.5195,7.3672,0.9380,1.2510,1.3789
1635151813225,2.7285,-5.2734,7.0625,0.7349,1.2705,1.3359
1635151813229,2.3379,-6.1016,7.0234,0.5435,1.3115,1.3340
1635151813255,2.2285,-7.5938,7.1406,0.5146,1.3457,1.3555
1635151813259,2.3027,-8.7109,7.2656,0.5669,1.3711,1.4004
1635151813262,2.2480,-8.7813,7.2773,0.5923,1.3652,1.4971
1635151813275,2.0918,-8.0078,7.2031,0.6011,1.3193,1.5381
1635151813279,1.7783,-6.4688,7.1563,0.6040,1.2559,1.4883
1635151813306,1.4072,-4.8672,7.1680,0.6699,1.2344,1.3916
1635151813313,1.0000,-4.6875,7.0508,0.7275,1.2842,1.3086
1635151813317,0.7441,-5.5195,6.7344,0.5181,1.3057,1.2686
1635151813325,0.5576,-6.4219,6.4258,0.2542,1.2939,1.2988
1635151813329,0.4714,-7.5859,6.2930,0.2625,1.2842,1.3643
1635151813356,0.6294,-8.5703,6.8320,0.4148,1.2715,1.4336
1635151813364,0.7920,-9.1016,7.2461,0.5254,1.2422,1.5234
1635151813376,0.7993,-8.6719,7.0938,0.6968,1.1768,1.6084
1635151813381,0.7612,-6.9023,6.9023,1.0381,1.0986,1.5791
1635151813396,0.3398,-5.1992,6.7148,1.3613,1.0703,1.4414
1635151813401,-0.4116,-4.4688,6.5156,1.3682,1.1016,1.3486
1635151813404,-1.2256,-4.4453,6.7227,1.1465,1.1240,1.3477
1635151813416,-1.6563,-5.2305,6.9180,0.9160,1.1006,1.3926
1635151813419,-1.4883,-6.2188,7.4805,0.7319,1.0791,1.4404
1635151813446,-1.0576,-6.8477,7.9063,0.5933,1.1172,1.4961
1635151813462,-0.7466,-7.0508,7.9570,0.5454,1.1719,1.5459
1635151813466,-0.7109,-6.7031,7.8125,0.6328,1.1924,1.5723
1635151813470,-1.0557,-5.5547,7.2148,0.8384,1.1748,1.5762
1635151813474,-1.6924,-4.3828,6.5898,1.1182,1.1572,1.4902
1635151813486,-2.4004,-3.7441,6.3672,1.3145,1.1660,1.3701
1635151813489,-3.0234,-3.4609,6.4805,1.2764,1.1768,1.2881
1635151813516,-3.3750,-3.8926,6.7148,1.1201,1.1738,1.2422
1635151813520,-3.2695,-4.8359,6.9844,0.9595,1.1602,1.2695
1635151813523,-2.8574,-5.3242,7.4102,0.7554,1.1719,1.3428
1635151813543,-2.4121,-4.9141,7.4063,0.5742,1.2090,1.4043
1635151813559,-2.3750,-3.9355,7.0938,0.5381,1.2412,1.4355
1635151813598,-2.9004,-3.0820,6.5430,0.7231,1.2715,1.3545
1635151813601,-3.6133,-2.7285,6.1016,0.9937,1.2803,1.1787
1635151813614,-4.1016,-2.4922,5.9883,1.0957,1.2588,1.0479
1635151813617,-4.3828,-2.3145,5.7227,0.9937,1.2256,1.0449
1635151813632,-4.5078,-2.6016,5.5391,0.8604,1.1973,1.0703
1635151813648,-4.4102,-2.9844,5.8789,0.7266,1.1660,1.0410
1635151813652,-4.1875,-3.1504,6.1406,0.5264,1.1289,0.9834
1635151813656,-4.0273,-2.9082,6.0508,0.3467,1.0781,0.9565
1635151813665,-4.0859,-2.5703,5.9883,0.3147,1.0342,0.9258
1635151813681,-4.3438,-2.3555,5.7500,0.3787,0.9834,0.8608
1635151813684,-4.6289,-2.0059,5.3984,0.4595,0.9019,0.7925
1635151813688,-4.8477,-1.9912,5.4102,0.5723,0.8174,0.7437
1635151813692,-5.0078,-2.4297,5.5195,0.6021,0.7207,0.7202
1635151813696,-5.1523,-2.7852,5.8008,0.5283,0.6143,0.7056
1635151813712,-5.2070,-2.9844,6.4063,0.4690,0.5249,0.6724
1635151813717,-5.0273,-3.3164,6.8750,0.4456,0.4856,0.6499
1635151813720,-4.8125,-3.5879,6.9219,0.3721,0.5068,0.6748
1635151813724,-4.8984,-3.1309,6.8008,0.2456,0.5259,0.6948
1635151813747,-5.0156,-1.7354,6.3516,0.1807,0.4761,0.6616
1635151813751,-5.0391,-0.4045,5.7734,0.2477,0.4197,0.6182
1635151813754,-5.1523,-0.4834,5.6016,0.3105,0.4272,0.5703
1635151813767,-5.2813,-1.7852,5.7734,0.1594,0.4473,0.4990
1635151813770,-5.3555,-2.8281,6.3242,-0.1023,0.4390,0.5127
1635151813797,-5.3438,-3.5254,6.8750,-0.1650,0.4187,0.6255
1635151813801,-5.0742,-4.0977,7.1875,0.0030,0.4207,0.7095
1635151813804,-4.9023,-3.9707,7.2969,0.1818,0.4602,0.7354
1635151813817,-4.9688,-2.8867,6.8867,0.3210,0.5049,0.6733
1635151813821,-5.0273,-1.7900,6.4414,0.4668,0.5566,0.5479
1635151813847,-5.1211,-0.9575,6.1094,0.4617,0.6260,0.4683
1635151813851,-5.1172,-0.2369,5.7422,0.2786,0.6855,0.4309
1635151813854,-5.0703,-0.1627,5.4805,0.0977,0.7505,0.3767
1635151813867,-5.0625,-0.6484,5.4922,-0.0491,0.8071,0.2915
1635151813871,-5.1133,-1.0146,5.3477,-0.1853,0.8589,0.2332
1635151813897,-5.1367,-1.2041,5.2852,-0.2236,0.9146,0.1980
1635151813913,-5.1445,-1.0889,5.4570,-0.1907,0.9561,0.1416
1635151813916,-5.2695,-0.5527,5.2813,-0.1555,0.9761,0.0480
1635151813921,-5.3789,-0.1101,4.8281,-0.1002,1.0088,-0.1052
1635151813924,-5.4453,0.4380,4.2578,-0.0959,1.0303,-0.2700
1635151813948,-5.4297,1.1650,3.6426,-0.1406,1.0166,-0.3989
1635151813951,-5.4727,1.0459,3.1777,-0.2588,1.0068,-0.5317
1635151813955,-5.5117,0.7754,2.7285,-0.5503,0.9678,-0.7168
1635151813968,-5.6016,0.6006,2.1211,-0.8384,0.9111,-0.8467
1635151813971,-5.6328,0.0263,1.5889,-0.9834,0.8306,-0.9268
1635151813998,-5.5664,-0.5913,1.1748,-1.0596,0.6929,-1.0752
1635151814011,-5.4531,-0.7275,0.9072,-1.1094,0.5059,-1.2773
1635151814015,-5.4453,-0.5288,0.6631,-1.0938,0.2484,-1.4766
1635151814019,-5.6484,0.3159,-0.1532,-0.9673,-0.4739,-1.9951
1635151814023,-5.6484,0.3159,-0.1532,-0.9673,-0.4739,-1.9951
1635151814048,-4.3867,1.6973,-1.0127,-0.8994,-1.1162,-2.6602
1635151814052,-3.5137,1.8594,-1.8857,-1.0752,-1.4258,-3.0449
1635151814055,-2.5801,1.9775,-1.9912,-1.3076,-1.6982,-3.3242
1635151814068,-1.7617,1.2637,-0.7852,-1.3779,-2.0723,-3.6348
1635151814072,-0.8257,-0.5767,1.3789,-1.3711,-2.5508,-4.0703
1635151814098,0.7612,-2.8145,3.2949,-1.6230,-3.1191,-4.4688
1635151814102,2.9160,-5.0547,4.3398,-2.0332,-3.5234,-4.6367
1635151814105,3.9922,-7.6641,4.0625,-2.0449,-3.6875,-4.7266
1635151814119,3.0176,-9.1250,3.3008,-1.6191,-3.7422,-4.9023
1635151814122,0.3469,-8.6641,3.3086,-1.0830,-3.9180,-5.0938
1635151814149,-1.6348,-6.7070,4.6250,-0.7100,-4.1953,-5.1250
1635151814152,-1.5869,-7.0273,10.7813,-0.4397,-4.2148,-4.9414
1635151814156,-2.6133,-9.3984,13.6719,-0.5674,-3.9902,-4.6602
1635151814169,-7.9531,-5.1055,7.7695,-0.6831,-4.0703,-4.3398
1635151814172,-7.6914,-0.1173,7.3008,0.1786,-4.4453,-4.5313
1635151814207,2.0508,-0.2607,9.3438,0.0679,-4.9375,-5.0313
1635151814210,8.6797,-2.8848,7.5586,-1.0693,-5.0039,-4.8984
1635151814225,10.6797,-6.8555,5.3906,-2.2051,-4.7070,-4.5117
1635151814230,14.4688,-11.3672,4.1992,-2.6289,-4.3828,-4.1680
1635151814233,20.7188,-18.4844,5.4219,-1.7969,-3.8320,-4.0117
1635151814237,23.8281,-25.2344,9.0000,-0.1896,-3.2832,-3.4688
1635151814249,19.6875,-26.1563,12.9375,1.4463,-3.1035,-2.4102
1635151814253,13.8906,-21.2500,14.9141,2.8418,-2.9414,-1.7773
1635151814279,11.2031,-16.2188,16.1094,3.7266,-2.4355,-1.4102
1635151814283,9.4766,-11.9063,16.8438,3.5703,-1.6553,-0.9224
1635151814286,7.6445,-7.9219,17.0000,2.7129,-0.8164,-0.5605
1635151814299,6.7461,-5.3086,16.6563,1.5049,-0.1442,-0.3499
1635151814308,6.4258,-4.7617,15.6406,-0.0555,0.3528,-0.1127
1635151814319,5.8164,-6.1094,13.8281,-1.7031,0.7476,0.1703
1635151814323,5.0977,-8.5859,11.9141,-2.7617,1.0166,0.4629
1635151814350,4.6680,-10.8047,10.3594,-2.9102,1.1348,0.7163
1635151814357,4.3203,-12.0469,9.3828,-2.3809,1.1455,0.8745
1635151814371,4.0117,-12.2031,9.0078,-1.5244,1.1055,0.9766
1635151814387,3.9238,-11.3828,8.8281,-0.6108,1.0303,1.0596
1635151814399,4.1406,-9.5156,8.7266,0.1263,0.9209,1.1309
1635151814420,4.5273,-7.5820,8.4297,0.6338,0.8442,1.1875
1635151814438,4.5352,-7.0820,8.6797,0.9019,0.8921,1.2061
1635151814469,4.0586,-6.9063,8.8281,0.9160,0.9507,1.2305
1635151814474,3.4941,-6.6953,8.6719,0.9341,0.9717,1.2861
1635151814487,3.1992,-7.1797,8.7031,1.0381,1.0156,1.3457
1635151814518,3.2207,-8.1250,9.1016,1.2012,1.0986,1.3770
1635151814522,3.2676,-8.8359,9.2266,1.2764,1.1846,1.4229
1635151814535,3.2773,-8.6953,8.7969,1.1719,1.2051,1.5488
1635151814567,3.6113,-8.1719,8.6484,1.1455,1.2344,1.6357
1635151814581,3.9414,-6.9063,8.3984,0.9902,1.2930,1.6152
1635151814600,4.0469,-5.4453,8.0938,0.7231,1.3828,1.5254
1635151814616,3.9453,-5.3828,7.4766,0.4797,1.5381,1.4658
1635151814633,3.5898,-6.4375,7.4063,0.0998,1.6807,1.5791
1635151814649,3.3770,-8.5938,7.5781,-0.0534,1.7764,1.8164
1635151814666,3.6016,-10.5938,7.4570,0.0424,1.8066,2.0742
1635151814682,4.1758,-10.6953,7.4258,0.1445,1.7764,2.2090
1635151814698,4.1328,-9.2813,6.6016,0.3318,1.7119,2.2070
1635151814702,3.1016,-7.7656,6.9883,0.6592,1.7559,2.1602
1635151814715,1.8740,-6.5742,7.2344,1.0244,1.8701,2.0742
1635151814728,0.3447,-6.0469,7.5078,1.4736,1.9893,1.9600
1635151814733,-0.8594,-6.0273,7.8477,1.6670,2.0859,1.9570
1635151814738,-1.5010,-6.2617,8.8125,1.4629,2.1523,2.0625
1635151814749,-0.9648,-7.0273,9.0234,1.1748,2.1621,2.0879
1635151814766,0.5171,-8.0391,8.0781,0.7979,2.2070,2.1992
1635151814770,1.4863,-7.0664,6.9805,0.3489,2.2637,2.3906
1635151814774,0.9526,-4.8555,5.7656,0.1743,2.2500,2.2617
1635151814780,-0.2083,-3.8105,4.4961,0.3115,2.0527,1.9463
1635151814813,-1.2471,-4.3203,3.8652,0.5596,1.9482,1.8096
1635151814829,-2.1680,-5.2813,4.3008,0.5903,1.9150,1.9297
1635151814846,-2.6406,-5.8906,4.9141,0.5039,1.7939,2.0703
1635151814849,-2.5605,-6.1875,5.6641,0.6201,1.6699,2.1035
1635151814854,-2.2480,-6.3594,6.5430,0.9424,1.5869,2.1270
1635151814860,-1.9531,-6.2188,6.8164,1.2783,1.5381,2.1133
1635151814878,-1.9219,-5.2969,6.5898,1.3955,1.5156,2.0469
1635151814895,-2.3262,-3.7012,6.0664,1.2832,1.4844,1.9375
1635151814911,-2.9512,-1.9697,5.3984,1.0840,1.4150,1.8086
1635151814921,-3.5117,-0.8521,4.7422,0.9214,1.3350,1.7197
1635151814927,-3.9375,-1.0430,4.6719,0.7671,1.2725,1.6494
1635151814942,-4.1406,-2.5195,4.8945,0.5786,1.2080,1.5674
1635151814960,-4.0508,-4.4805,5.4414,0.4243,1.1396,1.5664
1635151814977,-3.7441,-5.9531,6.0234,0.3987,1.0713,1.6885
1635151814992,-3.4590,-6.1641,6.2813,0.5723,0.9814,1.8037
1635151815009,-3.3887,-5.1563,6.2148,0.9966,0.9136,1.7197
1635151815026,-3.7617,-3.5000,6.0000,1.3711,0.8740,1.4893
1635151815042,-4.3477,-1.6924,5.6680,1.4463,0.8433,1.2822
1635151815058,-4.9102,-0.3518,5.4023,1.2422,0.8110,1.1641
1635151815075,-5.2227,0.1938,5.3359,0.8540,0.7593,1.0801
1635151815079,-5.1758,-0.3567,5.4844,0.3828,0.7046,0.9990
1635151815091,-4.8711,-1.4668,5.6523,-0.0513,0.6548,0.9927
1635151815095,-4.6992,-2.2617,5.9961,-0.2937,0.6216,1.0332
1635151815099,-4.8125,-2.9531,6.1094,-0.2354,0.6050,1.0264
1635151815107,-5.0469,-3.3301,6.1250,0.0158,0.5752,1.0078
1635151815128,-5.3789,-2.8711,6.1797,0.5933,0.4932,0.8662
1635151815132,-5.6680,-2.2285,6.3750,0.8149,0.4846,0.7861
1635151815140,-5.6328,-1.6758,6.5156,0.8042,0.4932,0.7822
1635151815156,-5.7031,-1.0508,6.5117,0.6445,0.5122,0.8130
1635151815175,-5.7930,-0.8809,6.5313,0.4924,0.5239,0.8057
1635151815179,-5.8242,-1.0244,6.4883,0.3540,0.5239,0.7769
1635151815183,-5.8828,-1.3135,6.5547,0.2445,0.5239,0.7705
1635151815191,-5.9414,-1.6846,6.6914,0.2275,0.5132,0.7642
1635151815195,-5.9648,-1.6582,6.4883,0.2913,0.4922,0.7354
1635151815207,-6.0273,-1.5342,6.1523,0.4253,0.5059,0.7139
1635151815211,-6.0664,-1.3926,6.0391,0.5508,0.5347,0.6660
1635151815238,-6.0039,-1.0127,5.8047,0.5488,0.5815,0.6074
1635151815255,-5.9453,-0.6748,5.4258,0.4338,0.6465,0.5723
1635151815271,-5.8984,-0.3088,5.1406,0.2976,0.6909,0.5254
1635151815287,-5.8203,0.0144,4.7930,0.1520,0.7090,0.4714
1635151815304,-5.7617,0.2847,4.3086,-0.0119,0.7153,0.3862
1635151815308,-5.7422,0.4595,3.6172,-0.1630,0.7036,0.2649
1635151815312,-5.7266,0.6416,2.8691,-0.2661,0.6475,0.1235
1635151815322,-5.6172,0.9888,2.0840,-0.2927,0.5376,-0.0318
1635151815337,-5.4375,0.9741,1.5010,-0.2607,0.4197,-0.2009
1635151815353,-5.2070,0.5693,1.3262,-0.2620,0.2866,-0.4043
1635151815369,-4.9805,0.2561,1.4434,-0.3364,0.1367,-0.5923
1635151815386,-4.7852,0.2035,1.7139,-0.4194,-0.0229,-0.7295
1635151815389,-4.5859,0.4619,2.1641,-0.4844,-0.1740,-0.8862
1635151815402,-4.3945,0.9214,2.4121,-0.6055,-0.3027,-1.0869
1635151815406,-4.3203,1.6992,2.0273,-0.8408,-0.4187,-1.3076
1635151815418,-4.3594,2.2617,1.2041,-1.0820,-0.5112,-1.5205
1635151815422,-4.3281,2.0938,0.5073,-1.3301,-0.6230,-1.7637
1635151815427,-4.0352,1.7305,-0.5840,-1.5986,-0.7505,-2.0762
1635151815437,-3.3828,1.6152,-1.5176,-1.7578,-0.8477,-2.3848
1635151815441,-2.8984,1.9512,-1.7637,-1.7773,-0.9526,-2.6777
1635151815453,-2.8555,2.9375,-2.8418,-1.7227,-1.1475,-3.0293
1635151815457,-3.0156,3.6641,-3.3262,-1.5615,-1.3662,-3.4629
1635151815461,-3.2695,3.5117,-2.3770,-1.5762,-1.7266,-3.9551
1635151815484,-2.9375,3.3516,-2.3086,-1.9014,-2.1953,-4.4219
1635151815488,-1.5869,2.7949,-1.4668,-2.2598,-2.6680,-4.8633
1635151815502,0.9717,0.9956,0.4763,-2.4727,-3.2793,-5.3672
1635151815506,4.5977,-2.4043,2.0898,-2.4668,-3.8574,-5.7109
1635151815518,7.7773,-6.0703,3.2656,-2.6328,-4.1133,-6.0195
1635151815542,7.5430,-8.9688,4.1172,-2.4766,-4.0430,-6.4102
1635151815546,3.4609,-10.3203,5.0508,-1.9648,-3.9141,-6.5234
1635151815550,-1.0645,-11.5547,8.1953,-1.5537,-4.1289,-6.2617
1635151815554,-3.0332,-16.1406,12.6953,-1.1084,-4.3711,-5.9180
1635151815557,-1.7979,-23.7656,21.4844,-0.7480,-4.1641,-5.4844
1635151815561,-3.8848,-23.2500,14.2500,-0.1183,-4.2266,-4.6172
1635151815565,-3.7930,-11.7891,6.4063,1.9922,-4.4922,-3.6992
1635151815568,4.7930,1.5938,3.7246,2.9609,-4.7852,-3.9883
1635151815572,15.3438,8.2031,1.2617,1.4248,-4.8008,-4.2305
1635151815576,24.9219,-0.4907,6.7773,-0.9087,-4.0156,-4.2500
1635151815579,32.1875,-15.1719,10.2891,-2.5410,-2.8633,-3.6328
1635151815584,26.0313,-28.1875,14.2969,-2.4492,-2.2559,-1.8096
1635151815588,12.0156,-32.2813,15.3672,-1.0205,-2.2402,-0.5039
1635151815591,6.3008,-26.6719,15.9141,1.5830,-1.9365,-0.6958
1635151815595,6.5000,-17.0781,16.5469,3.7988,-1.4736,-0.7725
1635151815599,6.2773,-9.4531,16.6563,4.4727,-0.8208,-0.3264
1635151815602,5.1797,-4.1797,16.0000,3.5469,-0.1719,-0.0499
1635151815606,4.6133,-1.2109,14.9922,1.3945,0.2389,0.0129
1635151815610,4.0938,-1.7734,13.0703,-1.1895,0.4836,0.2693
1635151815613,3.1992,-5.2461,10.7813,-3.1406,0.6270,0.6255
1635151815617,2.7520,-8.9531,9.0313,-3.7969,0.6909,0.7788
1635151815621,2.7051,-11.4063,8.5547,-3.2578,0.6865,0.8213
1635151815624,2.9180,-11.8906,8.7031,-2.0078,0.5996,0.8438
1635151815628,3.4492,-10.9219,9.2656,-0.5288,0.5112,0.8149
1635151815641,4.0313,-9.5938,9.9375,0.7383,0.4941,0.7578
1635151815642,4.3789,-8.4766,10.2656,1.5420,0.5400,0.7500
1635151815643,4.3281,-7.6250,10.2734,1.8545,0.6284,0.7993
1635151815644,3.9512,-6.8906,9.9375,1.8184,0.7188,0.8755
1635151815645,3.5156,-6.2227,9.2813,1.5723,0.8018,0.9629
1635151815647,3.0938,-5.7422,8.6563,1.1816,0.8677,1.0244
1635151815651,2.7637,-5.3750,8.0000,0.7104,0.9121,1.0488
1635151815654,2.6797,-5.4922,7.6055,0.3071,0.9409,1.0469
1635151815658,2.8320,-6.5039,7.4453,0.0424,0.9741,1.0352
1635151815662,3.2031,-7.7383,7.2852,-0.0981,1.0068,1.0615
1635151815666,3.5996,-8.2734,7.3945,-0.0746,1.0361,1.1543
1635151815682,3.8125,-8.5938,7.5156,0.1201,1.0830,1.2617
1635151815686,3.8125,-8.5547,7.6484,0.3521,1.1299,1.3438
1635151815690,3.7383,-7.8984,7.6914,0.5850,1.1426,1.4160
1635151815693,3.6172,-7.4063,7.4766,0.8018,1.1777,1.4521
1635151815697,3.4512,-7.0117,7.4023,0.8638,1.2324,1.4590
1635151815703,3.0430,-6.4688,7.2578,0.8008,1.2764,1.4766
1635151815715,2.5098,-6.3203,7.4844,0.7061,1.3232,1.4863
1635151815723,2.0391,-6.8359,7.6953,0.5732,1.3770,1.4902
1635151815727,1.7021,-7.0703,7.7617,0.4243,1.4092,1.5420
1635151815754,1.4404,-6.8008,7.8828,0.3743,1.4170,1.6143
1635151815757,1.2568,-6.4297,7.7773,0.3774,1.3887,1.6279
1635151815760,1.4004,-5.7266,7.8711,0.2009,1.4063,1.5908
1635151815774,0.8594,-6.0195,7.1797,0.0637,1.3955,1.5352
1635151815777,0.8594,-6.0195,7.1797,0.0637,1.3955,1.5352
1635151815804,0.1293,-8.6875,7.6289,0.7446,1.5566,1.6250
1635151815807,-0.1364,-8.5859,7.4141,0.3530,1.6270,1.7490
1635151815811,-0.1866,-6.4492,7.1719,-0.0374,1.6826,1.8379
1635151815834,0.0072,-5.6367,6.9023,0.2477,1.7168,1.8369
1635151815837,0.6509,-7.1094,6.4375,0.6724,1.7080,1.8389
1635151815840,1.1914,-9.0078,6.5859,0.8188,1.6865,1.9014
1635151815864,1.2090,-9.5391,7.2031,0.8403,1.6445,1.9482
1635151815867,0.5913,-7.6563,7.4336,0.8955,1.6211,1.9980
1635151815870,-0.7227,-5.8125,8.0000,1.0254,1.6787,1.9834
1635151815894,-2.3008,-5.1445,8.6563,0.9360,1.8555,1.8232
1635151815897,-3.4941,-4.6172,8.7188,0.7446,2.0137,1.8408
1635151815900,-4.6953,-4.4961,8.4609,0.9531,2.0840,2.0645
1635151815924,-4.7695,-4.3047,8.1328,0.9785,1.9756,2.0762
1635151815927,-3.1094,-4.3477,7.0859,0.7539,1.7949,1.9844
1635151815931,-1.9941,-4.3789,5.8047,0.6816,1.7998,1.9443
1635151815954,-2.3184,-3.3262,4.9063,0.5425,1.7881,1.8486
1635151815974,-3.2305,-1.9727,4.7109,0.4402,1.6699,1.6680
1635151815979,-4.1719,-1.9629,4.7734,0.4946,1.5332,1.5186
1635151815996,-4.6914,-2.8770,4.9883,0.5327,1.3955,1.4941
1635151816000,-4.8242,-3.5664,5.5508,0.4861,1.2432,1.5420
1635151816004,-4.5820,-4.1055,5.9219,0.5732,1.1006,1.5420
1635151816007,-4.0977,-4.6133,6.3281,0.8979,1.0020,1.5127
1635151816012,-3.8887,-4.6523,6.3594,1.1846,0.9561,1.4990
1635151816025,-3.9668,-3.8516,5.9727,1.2510,0.9038,1.4824
1635151816028,-4.1563,-2.8281,5.5586,1.2256,0.8560,1.4434
1635151816055,-4.4531,-2.1816,5.5039,1.1426,0.8262,1.3809
1635151816060,-4.7422,-1.9795,5.5938,0.9458,0.8037,1.3398
1635151816064,-4.9414,-1.9844,5.7500,0.6826,0.7739,1.3398
1635151816082,-5.0195,-2.4648,5.8125,0.4988,0.7397,1.3213
1635151816086,-4.8242,-3.2480,5.9766,0.4253,0.7358,1.3047
1635151816095,-4.5313,-3.6016,6.0391,0.4084,0.7593,1.3271
1635151816098,-4.4141,-3.2734,5.9648,0.4902,0.7930,1.3232
1635151816125,-4.4648,-2.4219,5.5234,0.6699,0.8164,1.2500
1635151816128,-4.5352,-1.4434,5.1055,0.8467,0.8452,1.1465
1635151816132,-4.6992,-0.8115,4.8242,0.8955,0.8901,1.0400
1635151816145,-4.9688,-0.5264,4.6133,0.7539,0.9487,0.9185
1635151816148,-5.2383,-0.3711,4.5430,0.4595,0.9951,0.8159
1635151816175,-5.4180,-0.2369,4.5195,0.1563,1.0156,0.7725
1635151816178,-5.4141,-0.3350,4.4766,-0.0332,1.0156,0.7192
1635151816182,-5.2852,-0.7275,4.4375,-0.1130,1.0078,0.6030
1635151816195,-5.1328,-1.1680,4.3828,-0.1321,0.9985,0.4895
1635151816198,-5.1641,-1.2178,4.1719,-0.1172,0.9849,0.4043
1635151816225,-5.3477,-0.4548,3.6367,-0.0789,0.9463,0.3022
1635151816228,-5.5703,0.6030,3.0586,0.0222,0.8848,0.1906
1635151816232,-5.7383,0.8975,2.5508,0.1201,0.8335,0.0671
1635151816245,-5.8828,0.7827,2.2695,0.0338,0.7632,-0.1255
1635151816248,-5.9648,0.7539,1.9941,-0.1683,0.6621,-0.3052
1635151816275,-5.8359,0.5767,1.9463,-0.2981,0.5601,-0.3977
1635151816279,-5.6250,0.1293,2.0703,-0.3853,0.4739,-0.4937
1635151816282,-5.5156,0.1077,1.5752,-0.5259,0.3718,-0.6382
1635151816295,-5.3789,0.2489,0.8833,-0.6216,0.2974,-0.7734
1635151816299,-5.3438,0.3733,0.8926,-0.7876,0.2144,-0.9512
1635151816325,-5.2773,1.2588,-0.1149,-1.0557,0.0591,-1.1680
1635151816329,-5.1797,2.3027,-1.3574,-1.1895,-0.0527,-1.3525
1635151816332,-5.0586,2.5996,-2.2207,-1.2627,-0.1974,-1.6699
1635151816345,-4.6211,2.0039,-2.0781,-1.3760,-0.3560,-2.1738
1635151816349,-3.8398,0.2656,-0.7900,-1.5781,-0.4739,-2.6113
1635151816375,-3.0449,-1.3574,0.5239,-1.9258,-0.6089,-2.8770
1635151816379,-1.9219,-2.1055,-0.0503,-2.2246,-0.8110,-3.0762
1635151816382,-0.6484,-2.3457,0.1221,-2.2813,-1.0107,-3.3828
1635151816395,0.6436,-1.7188,-0.2394,-2.2109,-1.2959,-3.8438
1635151816399,1.9297,-0.1555,-1.6758,-1.8877,-1.6563,-4.3359
1635151816441,2.1035,-0.2681,-2.4824,-1.4775,-2.1680,-4.8320
1635151816445,0.8379,-1.2852,-2.7109,-1.6035,-2.7227,-5.2500
1635151816448,-0.5913,-1.0986,-1.5801,-2.1660,-3.3887,-5.6367
1635151816452,0.1268,-2.6992,1.4170,-1.9834,-3.9805,-6.0703
1635151816457,1.1172,-6.3398,6.8828,-1.7988,-4.1836,-6.3086
1635151816461,0.2155,-8.6641,9.2266,-2.0508,-4.1406,-6.0586
1635151816486,-3.1641,-11.9609,11.1484,-1.6816,-4.1875,-5.7383
1635151816490,-7.5703,-12.5391,8.8359,-0.7578,-4.3750,-5.6250
1635151816493,-7.8008,-10.6563,11.2031,0.6958,-4.6328,-5.7656
1635151816506,-2.4941,-4.0117,8.2813,0.7383,-5.1641,-5.6094
1635151816511,2.9551,5.2227,1.4600,-0.4045,-5.5078,-5.0977
1635151816536,9.7422,1.3428,2.6582,-1.8711,-5.3906,-5.1914
1635151816539,21.1250,-15.1250,8.7188,-2.7324,-4.4531,-5.5234
1635151816543,28.3281,-32.1875,12.7656,-0.9609,-2.9727,-4.6719
1635151816566,24.9531,-35.0625,16.7344,1.4873,-2.7051,-2.8770
1635151816570,16.9063,-26.6094,18.0313,3.7207,-3.0898,-2.2012
1635151816573,11.4844,-19.8438,17.1406,5.5039,-2.7246,-1.9336
1635151816586,9.9609,-15.1484,16.4844,5.3867,-1.9570,-1.2012
1635151816593,8.6172,-10.1172,15.3828,3.7012,-1.2686,-0.6807
1635151816606,6.0820,-5.8320,14.2422,1.6416,-0.6206,-0.4116
1635151816610,4.0742,-3.9707,12.9766,-0.3013,-0.1750,-0.1191
1635151816636,3.5137,-4.6953,11.6484,-2.0078,0.0942,0.2332
1635151816640,3.6797,-7.3086,10.0469,-3.0117,0.2546,0.4543
1635151816644,3.6484,-10.2578,8.9297,-3.0781,0.3591,0.4800
1635151816656,3.2813,-11.8750,8.5078,-1.2373,0.3687,0.5000
1635151816660,3.1289,-11.7969,8.4141,-1.2373,0.3687,0.5000
1635151816687,3.7793,-9.2734,8.5703,1.0039,0.2600,0.6812
1635151816690,4.1797,-7.9531,8.7266,1.5889,0.2537,0.7607
1635151816694,4.2461,-6.9141,8.6484,1.8213,0.3005,0.8105
1635151816706,4.0352,-5.5742,8.4609,1.7344,0.3335,0.8384
1635151816710,3.7969,-5.1328,8.2813,1.4375,0.4058,0.8428
1635151816736,3.4883,-5.4063,8.1953,0.9043,0.5049,0.8301
1635151816740,3.0195,-5.5703,7.9219,0.3254,0.5464,0.8706
1635151816743,2.7520,-6.4219,7.8242,-0.0662,0.5918,0.9194
1635151816756,3.1348,-7.5000,8.2500,-0.2588,0.6685,0.9321
1635151816760,3.6875,-7.9688,8.5938,-0.2374,0.7495,0.9609
1635151816787,3.9414,-8.4609,8.4844,0.0243,0.8188,1.0264
1635151816791,4.0195,-8.8125,8.2891,0.3179,0.8696,1.1074
1635151816798,4.0664,-7.8281,7.9219,0.4307,0.8271,1.2129
1635151816807,4.0898,-6.2109,7.5195,0.4563,0.8174,1.3037
1635151816810,3.9629,-5.7031,7.7461,0.4329,0.9390,1.2598
1635151816837,3.5332,-6.3633,7.6484,0.2019,1.1035,1.1670
1635151816840,2.9375,-7.9141,7.5742,-0.0417,1.2217,1.2334
1635151816844,2.8594,-10.1797,7.4258,-0.0363,1.2305,1.4395
1635151816858,3.4629,-11.8281,7.4922,0.1998,1.1758,1.7100
1635151816862,4.0078,-11.6875,7.9766,0.5327,1.1270,1.8828
1635151816887,3.7070,-9.5156,7.9688,0.7915,1.0957,1.8584
1635151816891,2.5605,-6.9688,7.7930,0.9575,1.1230,1.7129
1635151816895,1.3760,-5.5859,7.7344,1.0225,1.2178,1.5596
1635151816907,0.4834,-5.6406,7.3906,0.8105,1.3818,1.5098
1635151816910,0.1364,-6.4922,7.7617,0.3679,1.5410,1.6338
1635151816937,0.3831,-7.7930,8.4688,0.2136,1.6357,1.8047
1635151816940,1.2441,-9.0469,8.5234,0.4617,1.6309,1.9336
1635151816944,2.1641,-8.8438,8.3828,0.6660,1.6240,2.0527
1635151816967,1.8887,-7.2461,8.1016,0.6499,1.6846,2.0430
1635151816970,0.6895,-6.3086,7.8672,0.7383,1.7422,1.8848
1635151816973,-0.2751,-6.3828,7.8477,0.9214,1.7549,1.8154
1635151816997,-0.7466,-6.0234,7.0977,0.8350,1.7109,1.9043
1635151817000,-0.7876,-5.4922,6.3516,0.6890,1.6436,1.9717
1635151817003,-0.7637,-5.5273,6.3828,0.6709,1.6074,1.9102
1635151817027,-0.9741,-5.5664,6.5313,0.5923,1.5928,1.8320
1635151817029,-1.3760,-5.3984,6.7578,0.5073,1.5459,1.8457
1635151817031,-1.5459,-5.7109,6.8867,0.5933,1.4746,1.8867
1635151817056,-1.4287,-6.2266,6.8477,0.7466,1.4092,1.8926
1635151817058,-1.3262,-6.0273,6.6914,0.8403,1.3545,1.8682
1635151817060,-1.4814,-5.1914,6.2656,0.9575,1.2939,1.8291
1635151817087,-1.7949,-4.3555,5.9375,1.1504,1.2539,1.7920
1635151817091,-2.2715,-3.8672,5.8359,1.2627,1.2402,1.6992
1635151817094,-2.7637,-3.5254,5.6641,1.1543,1.2002,1.5859
1635151817117,-3.1523,-3.2168,5.6563,0.9316,1.1455,1.4980
1635151817121,-3.4141,-3.0293,6.1602,0.6924,1.0830,1.4395
1635151817124,-3.4199,-3.2949,6.3164,0.4563,1.0195,1.4053
1635151817147,-3.1836,-3.7188,6.1836,0.2285,0.9761,1.3936
1635151817151,-3.0059,-3.7539,6.0352,0.0509,0.9399,1.3604
1635151817155,-2.9863,-3.5703,5.8242,-0.0066,0.8965,1.2988
1635151817177,-3.2695,-3.7051,5.8555,0.0307,0.8838,1.2295
1635151817181,-3.8223,-4.1680,5.7148,0.0977,0.8721,1.1563
1635151817184,-4.2734,-4.6602,5.6914,0.1732,0.8325,1.1221
1635151817208,-4.4297,-4.7266,5.9961,0.2094,0.7793,1.1338
1635151817211,-4.2188,-4.3398,6.0469,0.2104,0.7305,1.1338
1635151817214,-3.8730,-3.7344,5.9727,0.2073,0.7188,1.0996
1635151817238,-3.6172,-3.3750,5.9297,0.2285,0.7422,1.0264
1635151817241,-3.5527,-3.5234,5.6953,0.2445,0.7773,0.9766
1635151817244,-3.7363,-3.8301,5.4648,0.2402,0.8071,0.9844
1635151817268,-4.0781,-4.2773,5.5273,0.2615,0.8423,0.9897
1635151817271,-4.4531,-4.6953,5.7305,0.2903,0.8633,0.9663
1635151817274,-4.7617,-4.5313,5.7305,0.3242,0.8579,0.9546
1635151817298,-5.0625,-4.0039,5.8750,0.4202,0.8452,0.9546
1635151817301,-5.2734,-3.6094,6.2344,0.5103,0.8198,0.9258
1635151817304,-5.3281,-3.1465,6.4141,0.5073,0.8018,0.8843
1635151817328,-5.3711,-2.4297,6.3633,0.4509,0.7876,0.8691
1635151817331,-5.3438,-2.0723,6.0859,0.4456,0.7813,0.8545
1635151817334,-5.2930,-2.2656,5.9805,0.4360,0.7847,0.8149
1635151817358,-5.4609,-2.4922,5.9688,0.3274,0.7920,0.7788
1635151817361,-5.7148,-2.5996,5.6133,0.2062,0.7944,0.7778
1635151817364,-6.0273,-2.4395,5.3867,0.1998,0.7783,0.7993
1635151817388,-6.2344,-2.0840,5.3125,0.2903,0.7397,0.7759
1635151817391,-6.2344,-1.9072,5.1250,0.3892,0.6792,0.7192
1635151817394,-6.2148,-1.9463,5.0820,0.4180,0.6323,0.6406
1635151817418,-6.1367,-1.9199,5.2578,0.3838,0.5972,0.5332
1635151817421,-6.0273,-1.8594,5.4805,0.3455,0.5591,0.4714
1635151817424,-5.9336,-1.8721,5.4297,0.2795,0.5239,0.4810
1635151817448,-5.8203,-1.5557,5.0898,0.1732,0.4941,0.4810
1635151817451,-5.7578,-1.1172,4.8086,0.1115,0.4644,0.4141
1635151817454,-5.7305,-0.9502,4.5273,0.0786,0.4358,0.3140
1635151817478,-5.7266,-0.8184,4.0859,-0.0087,0.4165,0.2107
1635151817481,-5.8320,-0.7827,3.7188,-0.1130,0.4006,0.1214
1635151817484,-5.9727,-0.9932,3.5449,-0.1874,0.3528,0.0469
1635151817508,-6.0352,-1.2207,3.4199,-0.2354,0.2813,-0.0563
1635151817511,-5.9414,-1.0908,3.3750,-0.2534,0.2250,-0.1860
1635151817514,-5.8477,-0.6895,3.2148,-0.2363,0.1729,-0.3115
1635151817538,-5.8594,-0.1555,2.8789,-0.2343,0.1048,-0.4595
1635151817541,-5.8516,0.2751,1.9316,-0.2747,-0.0101,-0.6489
1635151817545,-5.6172,0.2585,1.4482,-0.2937,-0.0803,-0.8501
1635151817568,-5.2891,0.2561,1.5410,-0.3333,-0.1453,-1.0654
1635151817572,-4.7617,1.0166,1.3262,-0.3672,-0.1984,-1.2715
1635151817575,-4.5195,2.2441,1.1367,-0.2969,-0.2197,-1.4531
1635151817598,-4.7500,2.6133,1.0098,-0.2343,-0.3218,-1.6865
1635151817602,-4.8086,2.4180,-0.0526,-0.4736,-0.5601,-2.0059
1635151817605,-4.4883,2.4043,-0.9575,-1.3408,-1.1113,-2.5977
1635151817628,-3.6094,2.2949,-3.0234,-1.7373,-1.4238,-2.8809
1635151817632,-3.6094,2.2949,-3.0234,-1.7373,-1.4238,-2.8809
1635151817635,-1.3096,2.1895,-1.7422,-1.8154,-2.1895,-3.8164
1635151817658,0.4644,1.5703,-0.5215,-1.7109,-2.5938,-4.3242
1635151817662,2.1387,0.7036,0.8281,-1.7266,-2.8926,-4.7305
1635151817665,3.6426,-0.8403,1.8311,-1.7881,-3.2148,-5.0742
1635151817688,5.1445,-3.2656,1.4355,-1.7939,-3.6055,-5.3828
1635151817692,5.9297,-7.0195,1.9512,-1.6641,-3.8965,-5.6328
1635151817695,5.5273,-12.0469,4.1563,-0.9292,-3.9961,-5.7305
1635151817718,3.4688,-16.4531,9.9609,-0.1587,-4.1016,-5.5859
1635151817722,-0.6772,-16.2188,12.0313,-0.0119,-4.2773,-5.1953
1635151817725,-4.9414,-13.0781,13.9922,0.2732,-4.3398,-4.7695
1635151817749,-7.9414,-7.1719,9.3359,0.8721,-4.4766,-4.4102
1635151817752,-4.9570,-0.7588,10.3203,1.3018,-4.5586,-4.5352
1635151817755,3.2891,8.3906,4.3086,-0.0938,-4.9336,-4.7383
1635151817779,12.0703,2.9727,1.7734,-2.0527,-4.6250,-4.9219
1635151817782,21.6406,-11.7422,6.2578,-3.9004,-3.7148,-4.7773
1635151817785,27.6406,-25.9844,11.7031,-3.3477,-2.4336,-3.8477
1635151817811,22.9688,-30.4844,15.4766,-1.0439,-2.2051,-2.6055
1635151817814,13.8438,-25.5938,16.5938,1.5488,-2.5039,-1.9561
1635151817816,8.8594,-20.4688,16.2656,3.7461,-2.1465,-2.0313
1635151817839,8.7891,-14.9141,14.9531,4.4609,-1.5459,-1.6729
1635151817842,7.9570,-9.3828,13.1484,3.6953,-1.0264,-1.0820
1635151817848,5.4023,-5.6016,11.9531,2.1133,-0.5737,-0.7437
1635151817868,4.1680,-3.9590,11.7578,0.2307,-0.2825,-0.4426
1635151817870,4.8047,-4.4766,11.5156,-1.5049,-0.1293,-0.0776
1635151817873,5.4453,-7.0898,10.8984,-2.6094,0.0133,0.1725
1635151817898,5.1680,-9.9609,10.4141,-2.9473,0.1516,0.2500
1635151817900,4.3906,-11.4297,9.9766,-2.6113,0.2335,0.3149
1635151817903,3.7988,-11.5156,9.7813,-1.7598,0.2708,0.4075
1635151817929,3.6406,-10.7734,9.7813,-0.7246,0.3015,0.4534
1635151817932,3.9395,-9.7031,9.8750,0.1870,0.3325,0.4873
1635151817936,4.3867,-9.0156,10.1484,0.8403,0.3899,0.5786
1635151817959,4.8047,-8.8516,10.3047,1.1953,0.4783,0.7173
1635151817966,4.8672,-7.8281,10.0234,1.2207,0.5283,0.8652
1635151817969,4.6719,-6.1953,9.7031,1.0898,0.5752,0.9448
1635151817979,3.9707,-5.3359,9.7969,0.8296,0.6792,0.9331
1635151817983,3.0469,-4.6563,9.2266,0.4338,0.6909,0.9150
1635151818009,2.4785,-5.2500,8.7813,0.2817,0.7295,0.9185
1635151818013,2.4492,-7.2773,8.7422,0.1711,0.8335,0.9502
1635151818016,3.0508,-7.2031,8.1953,-0.3118,0.9189,1.0361
1635151818042,3.5566,-4.9648,6.2148,-0.8003,1.0420,1.0713
1635151818046,4.1445,-4.4258,3.8809,-0.6724,1.0117,0.9238
1635151818051,5.8750,-7.4688,2.6563,-0.2715,0.8291,0.9053
1635151818060,7.8086,-10.5469,4.2031,-0.3821,0.7930,1.2451
1635151818064,8.4141,-11.0391,6.9883,-0.8564,0.7773,1.5527
1635151818089,6.9766,-10.3750,6.8125,-0.8320,0.8794,1.6758
1635151818091,4.1328,-8.5078,6.1289,0.2871,0.9355,1.6484
1635151818094,0.0263,-6.7539,7.1914,1.5771,1.0449,1.3418
1635151818119,-2.4785,-6.7148,9.4688,2.2441,1.0791,0.9468
1635151818121,-0.5098,-7.3555,8.8594,2.6738,0.9761,1.2061
1635151818123,2.7637,-7.3906,7.7969,2.2090,0.9951,1.8398
1635151818150,4.4648,-5.0234,6.9570,0.4583,1.1426,1.7705
1635151818153,3.9883,-3.2070,7.2266,-0.8745,1.2559,1.3174
1635151818156,2.1055,-3.7617,7.3203,-1.3838,1.4219,1.0586
1635151818180,0.5601,-5.3867,6.2188,-1.5645,1.4336,1.2246
1635151818183,-0.0526,-7.2930,5.8672,-1.1680,1.2900,1.5303
1635151818186,0.4475,-9.4141,6.1836,-0.2832,1.1162,1.5850
1635151818210,1.5176,-10.8594,6.5156,0.5986,1.0381,1.5195
1635151818213,2.0996,-10.1875,6.8828,1.1465,1.0361,1.5488
1635151818216,1.9580,-7.9023,7.2773,1.5146,1.0313,1.5576
1635151818240,1.3691,-5.8906,7.4063,1.7363,1.0020,1.4766
1635151818243,0.6152,-4.7383,7.5703,1.5791,1.0059,1.3809
1635151818246,-0.1794,-4.1211,7.6367,1.0898,1.0459,1.3076
1635151818270,-0.8257,-4.0742,7.4648,0.5977,1.0762,1.2832
1635151818273,-1.0869,-4.9531,7.3398,0.3381,1.1025,1.3037
1635151818276,-0.9453,-6.4531,7.7109,0.2275,1.1143,1.3418
1635151818300,-0.4045,-7.7148,7.6719,0.1700,1.0957,1.4287
1635151818303,-0.0168,-7.8984,7.7031,0.2678,1.0791,1.5664
1635151818307,-0.3064,-7.3477,7.7773,0.5806,1.0361,1.5840
1635151818330,-0.8926,-6.6680,7.6250,0.9243,0.9751,1.4600
1635151818333,-1.5010,-5.7930,7.6016,1.0439,0.9473,1.3799
1635151818337,-2.0000,-4.9258,7.6289,0.9370,0.9102,1.3691
1635151818360,-2.0586,-4.5742,7.7031,0.7529,0.8633,1.3691
1635151818363,-1.8193,-5.2891,7.8984,0.5659,0.8848,1.3906
1635151818367,-1.4980,-6.5273,7.5273,0.3870,0.9263,1.4746
1635151818390,-1.2686,-7.1016,7.4141,0.2966,0.9688,1.6045
1635151818393,-1.3975,-7.1250,7.8359,0.3936,1.0146,1.6660
1635151818397,-1.9629,-6.8555,7.9961,0.6606,1.0166,1.6592
1635151818420,-2.7715,-6.0664,8.1094,1.0361,1.0088,1.6416
1635151818424,-3.4004,-5.3320,8.4688,1.3828,0.9995,1.6025
1635151818427,-3.5898,-4.9727,8.8750,1.4844,1.0088,1.5449
1635151818451,-3.3438,-4.6484,9.1484,1.2598,1.0713,1.5254
1635151818454,-2.8750,-4.2578,9.1172,0.8657,1.1729,1.5723
1635151818457,-2.4961,-4.1523,8.5391,0.4583,1.2607,1.6406
1635151818480,-2.4258,-4.6172,7.1289,0.1604,1.3594,1.7158
1635151818484,-2.6563,-5.3672,6.0664,0.0892,1.4395,1.7754
1635151818487,-2.9531,-6.1836,5.7422,0.2520,1.4814,1.8105
1635151818509,-3.3789,-6.2813,6.0781,0.6074,1.4697,1.8232
1635151818511,-3.9902,-5.6641,6.3477,1.1084,1.4209,1.7979
1635151818513,-4.3906,-4.7422,6.7344,1.6572,1.3652,1.7998
1635151818539,-4.4492,-3.7109,7.2070,2.0625,1.3457,1.7939
1635151818541,-4.3203,-2.9199,7.4023,2.0820,1.3857,1.7354
1635151818543,-4.1484,-2.5938,7.3320,1.0156,1.5068,1.7051
1635151818569,-3.9609,-1.1963,6.1445,0.4104,1.5254,1.7402
1635151818572,-4.1563,-0.7563,5.1836,0.0541,1.5244,1.6836
1635151818574,-4.5508,-1.3691,4.6445,-0.0087,1.5273,1.5469
1635151818601,-5.0742,-2.3906,4.5508,0.0711,1.5186,1.4482
1635151818606,-5.3867,-2.9160,4.6758,0.2126,1.4600,1.4443
1635151818610,-5.4844,-2.9277,5.0898,0.4849,1.3701,1.4854
1635151818622,-5.2227,-2.7754,5.5469,0.8169,1.2891,1.4795
1635151818626,-4.8906,-2.3145,5.8164,1.0313,1.2646,1.4375
1635151818652,-4.8125,-1.4219,5.7734,1.0488,1.2803,1.3838
1635151818657,-4.9883,-0.1747,5.2813,0.8916,1.2832,1.3203
1635151818661,-5.3164,0.8809,4.5938,0.6709,1.2676,1.2490
1635151818675,-5.6680,1.0557,3.9473,0.5166,1.2451,1.1416
1635151818680,-5.9180,0.2920,3.5039,0.4009,1.2061,1.0166
1635151818692,-5.9180,-0.4380,3.3574,0.3030,1.1416,0.9214
1635151818697,-5.7969,-0.5073,3.4043,0.3232,1.0645,0.8887
1635151818722,-5.7188,-0.1627,3.4316,0.5103,1.0000,0.8564
1635151818727,-5.6680,0.3064,3.5098,0.7202,0.9653,0.7407
1635151818732,-5.6016,0.7661,3.4492,0.7881,0.9536,0.5630
1635151818742,-5.5781,1.3096,3.1445,0.6338,0.9487,0.4055
1635151818747,-5.6406,1.8311,2.7676,0.3201,0.9316,0.2607
1635151818772,-5.7148,2.2090,2.2773,-0.0278,0.8931,0.0767
1635151818777,-5.8672,2.3047,1.9414,-0.3269,0.8228,-0.1223
1635151818782,-6.0430,2.0918,0.8472,-0.5361,0.6865,-0.3137
1635151818793,-5.9219,1.6367,-0.3088,-0.5854,0.5952,-0.5288
1635151818804,-5.7344,1.1611,0.1340,-0.5493,0.5176,-0.7896
1635151818812,-5.4453,1.0840,0.5313,-0.5259,0.4111,-1.0029
1635151818817,-5.3125,1.3066,0.4812,-0.4641,0.3271,-1.1064
1635151818843,-5.5234,1.5273,0.5864,-0.4705,0.2069,-1.2129
1635151818848,-5.7813,2.2402,-0.3997,-0.6812,-0.0452,-1.4326
1635151818852,-5.5586,3.2051,-1.9912,-0.8682,-0.2452,-1.7559
1635151818862,-5.3789,3.6191,-2.1289,-1.0215,-0.4377,-2.1367
1635151818865,-5.0586,4.5195,-3.1621,-1.2871,-0.7070,-2.5645
1635151818892,-4.7305,5.3672,-4.6250,-1.4717,-1.0205,-2.9492
1635151818895,-4.4141,4.9336,-3.6602,-1.6055,-1.4961,-3.3848
1635151818899,-3.3535,3.3672,-1.3760,-1.9346,-2.1426,-3.9492
1635151818912,-0.9263,0.5239,0.4692,-2.0723,-2.8242,-4.3516
1635151818915,3.2500,-4.0117,2.3672,-2.2188,-3.3301,-4.5859
1635151818942,6.8711,-6.8516,1.7686,-2.7500,-3.4453,-5.0000
1635151818945,5.3047,-6.0508,-0.6938,-2.6094,-3.1797,-5.3555
1635151818962,-0.0263,-5.9648,-0.7944,-1.3926,-3.3809,-5.4961
1635151818966,-2.7539,-7.0820,4.4766,-0.8555,-4.0625,-5.5156
1635151818978,-3.0488,-5.8633,8.2578,-1.4248,-4.4375,-5.3555
1635151818983,-5.4414,-5.5547,9.3516,-1.2119,-4.4141,-5.1797
1635151818986,-9.7344,-2.4102,3.6797,-0.7852,-4.6484,-5.0000
1635151819012,-9.1875,2.6680,3.2266,0.1732,-4.8672,-5.1641
1635151819015,-0.3733,1.6943,9.3750,0.1637,-5.2656,-5.8711
1635151819019,8.5625,-3.0234,8.7344,-1.3975,-5.5820,-5.6602
1635151819032,13.0938,-8.5234,5.1211,-2.6250,-5.3945,-4.7461
1635151819044,16.0781,-15.2188,4.7383,-2.7383,-4.9297,-4.3008
1635151819052,18.7344,-23.2969,7.3008,-1.5186,-4.3398,-4.1406
1635151819055,19.2656,-25.5000,10.7344,0.4797,-3.9043,-3.6563
1635151819082,16.7188,-21.3125,14.6641,2.5938,-3.8398,-2.9922
1635151819085,13.8984,-16.7188,16.6719,3.8594,-3.5801,-2.5391
1635151819093,12.2813,-14.1719,17.6250,3.9199,-2.9316,-2.0059
1635151819102,10.2891,-12.2734,18.2656,3.0156,-2.1816,-1.4180
1635151819105,7.3125,-9.9375,17.7969,1.6152,-1.4189,-1.0615
1635151819132,4.4414,-8.0000,16.4531,0.2881,-0.7476,-0.8042
1635151819135,2.9375,-7.5547,14.6875,-0.8418,-0.3367,-0.5054
1635151819139,2.8965,-8.1641,13.2344,-1.8320,-0.0814,-0.2966
1635151819152,3.0684,-9.3594,12.2109,-2.3496,0.1111,-0.2467
1635151819156,3.2813,-10.5078,11.8516,-2.2227,0.2112,-0.2786
1635151819182,3.5527,-10.6016,11.4922,-1.7021,0.2537,-0.2732
1635151819186,3.6328,-9.6953,11.3047,-1.0977,0.2866,-0.1361
1635151819189,3.4688,-8.5938,11.1016,-0.4993,0.2920,0.0650
1635151819202,3.4102,-8.1484,10.6719,0.0222,0.2664,0.1948
1635151819206,3.5703,-7.9023,10.1563,0.3977,0.2175,0.3245
1635151819232,3.9063,-7.7070,10.6250,0.6699,0.1760,0.4448
1635151819236,4.2734,-7.8633,11.5078,0.7881,0.2123,0.5034
1635151819239,4.3438,-8.2109,11.7891,0.8267,0.3005,0.5957
1635151819252,4.5430,-8.6875,12.1797,0.9912,0.4773,0.7437
1635151819256,4.6172,-9.0781,12.7578,1.1553,0.7251,0.8682
1635151819282,3.8730,-8.5156,12.2266,1.0127,0.9282,0.9575
1635151819291,2.7715,-7.1211,10.9531,0.6934,1.0215,1.0869
1635151819307,2.5723,-6.4727,9.7031,0.4478,1.0615,1.1875
1635151819312,3.1934,-6.5469,8.9766,0.1967,1.0752,1.1885
1635151819323,3.8672,-5.7500,8.5156,-0.1672,1.1094,1.1973
1635151819335,4.2031,-5.7500,8.4453,-0.4417,1.3164,1.2207
1635151819340,4.2813,-7.6602,7.7422,-0.6343,1.4795,1.2461
1635151819356,5.1250,-10.2656,5.8320,-0.6704,1.3672,1.4238
1635151819361,7.4336,-13.7422,7.7539,-0.3811,1.3604,1.8506
1635151819364,8.9219,-15.1641,9.3438,-0.3481,1.4287,2.4570
1635151819373,8.2734,-13.8125,10.1250,-0.1896,1.5479,2.7559
1635151819389,6.2930,-11.2813,10.2266,0.6553,1.8223,2.6152
1635151819393,3.1816,-8.0859,10.5703,2.1777,1.9326,2.5449
1635151819397,0.1245,-5.6328,10.1250,2.7520,2.1895,2.3945
1635151819423,0.0168,-6.7930,11.5391,2.3633,2.3848,2.6484
1635151819426,1.2734,-9.0156,9.9609,1.5342,2.7246,3.0352
1635151819429,2.1055,-8.5391,6.6133,0.2795,3.0684,3.2539
1635151819443,1.5752,-6.9961,6.8281,-0.4758,3.1191,3.1523
1635151819446,0.0790,-6.5313,6.2148,-0.5938,2.9434,2.7754
1635151819473,-1.3018,-7.5078,5.0273,-0.2576,2.8320,2.7656
1635151819488,-2.0723,-8.0859,4.6367,0.1381,2.7129,3.1211
1635151819492,-2.1426,-7.1133,4.1172,0.4116,2.5273,3.2910
1635151819496,-1.5176,-4.8672,3.5918,0.8320,2.3379,3.1797
1635151819500,-1.1221,-2.5195,2.9629,1.4102,2.2207,2.9043
1635151819513,-1.5010,-1.2471,2.8125,1.8447,2.1641,2.5918
1635151819516,-2.3066,-1.1348,3.3340,1.8906,2.0723,2.3633
1635151819543,-3.0352,-1.5059,3.8730,1.1201,1.7158,2.2832
1635151819553,-3.4316,-2.0469,3.8418,1.1201,1.7158,2.2832
1635151819581,-3.5254,-3.1504,3.3887,0.9116,1.3174,2.1426
1635151819599,-3.6543,-3.2188,3.2910,0.9775,1.1191,1.9805
1635151819602,-3.9512,-2.5664,3.0820,0.9766,0.9355,1.8779
1635151819606,-4.2852,-1.5752,2.9453,0.9775,0.7686,1.8066
1635151819619,-4.6914,-0.9023,3.0723,0.9980,0.6035,1.7168
1635151819623,-4.9609,-1.1777,3.2773,1.0020,0.4570,1.5811
1635151819627,-5.0820,-2.0527,3.5566,0.8862,0.3186,1.4531
1635151819635,-5.3750,-2.6191,4.0938,0.6426,0.1654,1.4023
1635151819652,-5.6875,-2.9805,4.6797,0.4541,-0.0218,1.4014
1635151819656,-5.7109,-3.3633,4.9453,0.3796,-0.2037,1.3701
1635151819660,-5.7188,-3.1836,5.0156,0.2808,-0.3494,1.3711
1635151819663,-5.7930,-2.4980,4.9141,0.1721,-0.4773,1.3721
1635151819673,-5.9219,-2.0293,4.7109,0.1807,-0.5835,1.3447
1635151819677,-6.1055,-1.5586,4.6758,0.2935,-0.6792,1.2939
1635151819703,-6.3828,-1.3955,4.6719,0.4253,-0.7773,1.2578
1635151819717,-6.7539,-1.9531,4.7422,0.5039,-0.8721,1.2705
1635151819734,-7.1445,-2.4316,5.1484,0.4829,-1.0088,1.3350
1635151819738,-7.4453,-2.7578,5.6094,0.4307,-1.2051,1.4170
1635151819742,-7.3008,-3.1094,5.9219,0.4158,-1.4365,1.5068
1635151819745,-6.8320,-3.0391,6.4258,0.3616,-1.6279,1.5791
1635151819753,-6.4414,-2.3906,6.6523,0.1956,-1.7559,1.5996
1635151819757,-6.3555,-1.7139,6.5703,0.0541,-1.8623,1.5645
1635151819784,-6.4766,-1.5508,6.2617,-0.0140,-1.9590,1.5137
1635151819798,-6.6914,-1.9678,5.9609,-0.0491,-2.0605,1.5303
1635151819801,-6.6641,-2.7813,5.9297,-0.0608,-2.1836,1.6357
1635151819806,-6.1836,-3.4180,6.1719,-0.0151,-2.3145,1.7783
1635151819809,-5.5352,-3.4961,6.5781,0.0828,-2.4258,1.9102
1635151819847,-5.0273,-2.9277,7.3242,0.1870,-2.5313,2.0215
1635151819862,-4.6172,-2.0371,8.0703,0.3147,-2.6406,2.0547
1635151819865,-4.2969,-1.3477,8.6406,0.4275,-2.7129,2.0195
1635151819870,-4.2266,-1.0557,8.8594,0.4053,-2.7129,1.9766
1635151819874,-4.1602,-1.0098,8.7813,0.1924,-2.7051,1.9805
1635151819878,-3.8809,-1.0605,8.3672,-0.1151,-2.7285,2.0332
1635151819883,-3.5098,-1.3184,7.8516,-0.3748,-2.7500,2.1270
1635151819887,-3.0898,-2.0391,7.6094,-0.4470,-2.7617,2.1914
1635151819914,-2.5586,-2.8555,7.5742,-0.3289,-2.7988,2.2109
1635151819917,-1.8291,-3.1758,8.0313,-0.1204,-2.8320,2.2227
1635151819921,-1.2393,-2.8223,8.8047,0.1455,-2.8535,2.2695
1635151819934,-0.7876,-2.0918,9.1406,0.5425,-2.8750,2.2969
1635151819937,-0.2561,-1.3477,9.3594,0.8892,-2.8496,2.2559
1635151819964,-0.0215,-0.7729,9.4141,0.9497,-2.7617,2.2129
1635151819980,-0.0479,-0.2727,9.2109,0.7456,-2.6680,2.2246
1635151819984,-0.0024,0.1293,9.1406,0.4617,-2.5801,2.2422
1635151819988,0.2035,0.2969,9.0234,0.2168,-2.4863,2.1973
1635151819992,0.5361,-0.0024,9.0938,0.0775,-2.3867,2.1230
1635151820004,0.7827,-0.6484,9.0469,0.0562,-2.2949,2.0566
1635151820007,1.1299,-1.2227,9.0469,0.1158,-2.2246,2.0117
1635151820034,1.5244,-1.5410,9.2891,0.2168,-2.1621,1.9922
1635151820037,1.8027,-1.4336,9.3672,0.3477,-2.0840,2.0059
1635151820044,1.8906,-0.9526,9.6094,0.5298,-1.9795,2.0254
1635151820054,1.7881,-0.4070,9.8281,0.7275,-1.8691,1.9756
1635151820057,1.7021,0.0766,9.9063,0.8169,-1.7588,1.8730
1635151820084,1.7305,0.3757,9.8203,0.7583,-1.6318,1.7969
1635151820093,1.8643,0.5073,9.6484,0.5986,-1.5029,1.7520
1635151820110,2.0742,0.4524,9.3281,0.4319,-1.3906,1.6875
1635151820114,2.3398,0.3254,9.0313,0.3306,-1.3037,1.6191
1635151820118,2.5879,0.2920,8.7578,0.3179,-1.2197,1.5674
1635151820121,2.6895,0.2585,8.8906,0.3870,-1.1240,1.5322
1635151820134,2.5566,0.1436,9.2031,0.5103,-1.0527,1.4971
1635151820138,2.3750,0.0981,9.5625,0.6616,-1.0322,1.4365
1635151820164,2.3594,0.1005,10.1953,0.8042,-0.9995,1.3779
1635151820168,2.5059,0.1891,10.3672,0.7788,-0.9419,1.3691
1635151820177,2.7715,0.4524,10.0938,0.5894,-0.8750,1.3369
1635151820184,3.0195,0.3350,9.6484,0.4392,-0.8145,1.2734
1635151820188,3.1523,-0.1460,9.2188,0.3721,-0.7505,1.2207
1635151820214,3.1523,-0.3733,9.0234,0.3125,-0.6899,1.2041
1635151820227,3.1934,-0.1316,8.8984,0.3232,-0.6592,1.2070
1635151820230,3.2871,0.0909,8.9688,0.4626,-0.6504,1.1885
1635151820235,3.3750,0.1675,9.2578,0.6191,-0.6377,1.1631
1635151820243,3.4297,0.2489,9.5859,0.7104,-0.6348,1.1533
1635151820254,3.6582,0.1724,9.9375,0.7773,-0.6367,1.1113
1635151820258,3.9238,-0.0287,10.1406,0.7656,-0.6123,1.0752
1635151820284,4.0430,0.0311,10.0469,0.6230,-0.5610,1.1045
1635151820288,3.9629,0.2776,9.5547,0.4753,-0.5186,1.1172
1635151820291,3.8340,0.4165,9.1953,0.4500,-0.4868,1.0635
1635151820304,3.8418,0.5146,9.0859,0.4509,-0.4602,1.0029
1635151820308,4.0469,0.9023,9.0547,0.3647,-0.4475,0.9766
1635151820334,4.3359,1.3613,8.9688,0.2615,-0.4580,0.9653
1635151820338,4.5742,1.3398,8.7969,0.2371,-0.4590,0.9365
1635151820341,4.6172,0.7637,8.8438,0.2424,-0.4390,0.8853
1635151820354,4.4531,0.2441,8.9297,0.2637,-0.4336,0.8618
1635151820373,4.3320,-0.0694,9.1797,0.3743,-0.4377,0.8672
1635151820377,4.4766,-0.1843,9.5703,0.5688,-0.4558,0.8618
1635151820381,4.7617,0.0455,9.6875,0.6904,-0.4558,0.8408
1635151820405,4.9961,0.4668,9.5156,0.6572,-0.4292,0.8032
1635151820408,5.1250,0.8115,9.2578,0.5464,-0.3899,0.7427
1635151820412,5.0625,1.0693,8.9141,0.3616,-0.3389,0.7002
1635151820425,4.9023,1.1875,8.6406,0.1530,-0.2983,0.6758
1635151820428,4.7617,1.0742,8.5938,0.0317,-0.2717,0.6606
1635151820455,4.7344,0.8208,8.5469,0.0413,-0.2581,0.6489
1635151820473,4.8047,0.5742,8.6094,0.1678,-0.2505,0.6064
1635151820490,4.9102,0.2969,8.8984,0.3455,-0.2505,0.5449
1635151820494,5.0000,0.1460,9.1250,0.4500,-0.2549,0.5181
1635151820506,4.9844,0.2896,9.1719,0.4829,-0.2399,0.5254
1635151820509,4.8789,0.5479,8.9375,0.4402,-0.2272,0.5161
1635151820513,4.7773,0.7681,8.7344,0.3318,-0.2134,0.4736
1635151820517,4.7266,0.9429,8.5781,0.1849,-0.1931,0.4395
1635151820521,4.6563,1.0479,8.4297,-0.0257,-0.1719,0.3979
1635151820545,4.6055,0.9214,8.2422,-0.0034,-0.1729,0.3777
1635151820555,4.6172,0.8140,8.1953,0.0753,-0.1857,0.3628
1635151820558,4.7422,0.8208,8.3438,0.1764,-0.2048,0.3469
1635151820565,4.7734,0.5674,8.6250,0.2922,-0.2155,0.3203
1635151820568,4.7852,0.2847,8.9375,0.3638,-0.2229,0.2883
1635151820595,4.7656,0.2083,9.1328,0.3328,-0.2208,0.2842
1635151820598,4.7148,0.3208,9.0859,0.2158,-0.2026,0.2883
1635151820602,4.6602,0.5938,8.8750,0.0637,-0.1771,0.2788
1635151820615,4.6445,0.6631,8.6016,-0.0619,-0.1516,0.2585
1635151820618,4.6680,0.6079,8.3906,-0.1268,-0.1218,0.2384
1635151820645,4.6484,0.6079,8.3359,-0.1268,-0.0931,0.2332
1635151820650,4.6289,0.6748,8.4219,-0.0629,-0.0878,0.2267
1635151820654,4.6875,0.6582,8.4766,0.0647,-0.0963,0.2023
1635151820665,4.7148,0.6318,8.6016,0.1796,-0.0963,0.1777
1635151820669,4.6055,0.6748,8.7734,0.2529,-0.0878,0.1650
1635151820700,4.4805,0.6221,8.9219,0.2656,-0.0856,0.1543
1635151820705,4.4336,0.5693,8.9688,0.1998,-0.0825,0.1310
1635151820711,4.4219,0.6318,9.0313,0.0860,-0.0633,0.1331
1635151820719,4.4258,0.7588,8.9063,-0.0502,-0.0420,0.1511
1635151820733,4.5625,0.8521,8.7813,-0.1300,-0.0303,0.1405
1635151820738,4.6563,0.8140,8.6953,-0.1470,-0.0208,0.1150
1635151820743,4.7031,0.7993,8.6406,-0.1481,-0.0069,0.0969
1635151820758,4.6055,0.9146,8.6797,-0.1151,0.0027,0.1011
1635151820762,4.4844,0.8687,8.6719,-0.0236,-0.0016,0.1054
1635151820785,4.3594,0.5840,8.7266,0.0870,-0.0133,0.0969
1635151820789,4.3516,0.3757,8.8516,0.1678,-0.0346,0.1001
1635151820793,4.3594,0.4211,9.0391,0.2104,-0.0452,0.1086
1635151820816,4.3359,0.6030,9.2031,0.2094,-0.0463,0.0958
1635151820819,4.2656,0.7729,9.1094,0.1477,-0.0410,0.0671
1635151820825,4.2188,0.8735,9.0078,0.0424,-0.0314,0.0671
1635151820829,4.2344,0.9692,8.8047,-0.0736,-0.0229,0.0862
1635151820856,4.2852,1.0723,8.5625,-0.1501,-0.0229,0.0820
1635151820862,4.3477,0.9980,8.4922,-0.1704,-0.0239,0.0576
1635151820866,4.3906,0.8115,8.5547,-0.1332,-0.0271,0.0480
1635151820876,4.4688,0.6821,8.6641,-0.0491,-0.0335,0.0554
1635151820880,4.4922,0.5767,8.7344,0.0796,-0.0431,0.0533
1635151820906,4.4688,0.4453,8.8438,0.2318,-0.0505,0.0373
1635151820910,4.4141,0.4211,8.9141,0.2935,-0.0516,0.0405
1635151820914,4.3398,0.5625,8.9844,0.2318,-0.0452,0.0458
1635151820926,4.2031,0.7012,9.0000,0.1136,-0.0261,0.0426
1635151820932,4.1641,0.8521,8.8516,-0.0247,-0.0133,0.0426
1635151820946,4.3008,0.9575,8.7266,-0.1427,-0.0101,0.0299
1635151820963,4.4961,0.9429,8.5938,-0.2013,0.0016,0.0150
1635151820968,4.6172,0.7539,8.5547,-0.2162,0.0197,0.0118
1635151820980,4.5938,0.6152,8.6094,-0.1758,0.0314,0.0192
1635151820986,4.4219,0.4595,8.6484,-0.0651,0.0324,0.0192
1635151820996,4.2656,0.3469,8.7969,0.0647,0.0261,0.0139
1635151821012,4.1680,0.3542,8.9375,0.1615,0.0186,0.0139
1635151821016,4.1484,0.4739,9.1094,0.1892,0.0112,0.0107
1635151821026,4.2188,0.5938,9.1563,0.1604,0.0101,0.0043
1635151821031,4.2227,0.7324,9.0625,0.0721,0.0218,0.0075
1635151821056,4.1797,0.8950,8.9375,-0.0544,0.0378,0.0139
1635151821061,4.1875,0.9692,8.8281,-0.1576,0.0420,0.0086
1635151821078,4.2578,0.8975,8.7188,-0.2076,0.0473,-0.0084
1635151821094,4.3164,0.7729,8.7109,-0.2162,0.0537,-0.0159
1635151821099,4.2969,0.6245,8.8047,-0.1779,0.0473,-0.0127
1635151821116,4.2734,0.4668,8.9609,-0.0864,0.0303,-0.0127
1635151821126,4.1602,0.3733,9.0938,0.0264,0.0207,-0.0084
1635151821136,3.9980,0.2727,9.1563,0.1254,0.0048,0.0139
1635151821140,4.0078,0.2369,9.1875,0.1967,-0.0090,0.0214
1635151821154,4.1094,0.4524,9.2188,0.1827,-0.0059,0.0352
1635151821157,4.2266,0.8594,9.1172,0.0679,0.0058,0.0426
1635151821206,4.6016,1.9336,8.7344,-0.1077,0.0112,-0.0074
1635151821213,5.1055,2.2656,8.9609,-0.5649,0.0696,-0.1914
1635151821217,4.1563,0.5674,8.7031,-0.9644,0.1740,-0.2573
1635151821225,3.3984,-0.3638,8.1406,-0.7734,0.0558,0.0022
1635151821233,3.9785,-0.6177,8.5156,-0.3333,-0.0516,0.1628
1635151821238,4.3164,-0.8662,8.6250,0.1721,-0.0537,0.1129
1635151821239,4.1641,-0.6895,8.8438,0.6519,-0.0612,0.1086
1635151821243,4.0781,0.1221,9.1875,0.8774,-0.0889,0.1565
1635151821245,4.2227,0.8066,9.2500,0.7891,-0.0846,0.1522
1635151821246,4.3438,1.2441,9.2578,0.4551,-0.0399,0.0831
1635151821308,4.5977,1.4717,9.1328,0.0073,0.0335,0.0129
1635151821309,4.2109,1.3662,9.0234,-0.3640,0.0984,-0.0191
1635151821311,4.0391,1.1318,8.7969,-0.4949,0.0803,0.0192
1635151821312,4.2578,0.7754,8.7422,-0.4683,0.0729,0.0384
1635151821313,4.4414,0.5098,8.6797,-0.3875,0.0942,0.0278
1635151821315,4.3438,0.2561,8.7266,-0.2491,0.1027,0.0203
1635151821389,4.1563,-0.0670,8.8203,-0.0789,0.0825,0.0267
1635151821393,3.9941,-0.2274,9.0078,0.1094,0.0516,0.0554
1635151821394,3.9551,-0.0622,9.2109,0.2859,0.0303,0.0767
1635151821397,3.9609,0.3853,9.2656,0.3765,0.0175,0.0714
1635151821400,4.0078,0.8857,9.3203,0.3477,0.0080,0.0501
1635151821404,4.0313,1.2734,9.2969,0.1881,0.0144,0.0363
1635151821407,4.0156,1.4551,9.1250,-0.0576,0.0293,0.0416
1635151821411,4.0078,1.3232,8.8516,-0.3003,0.0356,0.0278
1635151821413,4.0195,0.9624,8.6875,-0.4492,0.0303,0.0129
1635151821424,4.0586,0.5215,8.6094,-0.4578,0.0197,0.0139
1635151821426,4.1484,0.1532,8.6875,-0.3044,0.0069,0.0107
1635151821429,4.2305,-0.0072,8.8438,-0.0289,-0.0144,0.0065
1635151821462,4.2734,0.0981,8.9844,0.2507,-0.0335,0.0107
1635151821463,4.1836,0.3542,9.2188,0.4233,-0.0442,0.0150
1635151821467,4.0078,0.6436,9.4063,0.3083,-0.0250,0.0012
1635151821525,3.9414,0.9980,9.2656,0.0509,-0.0048,0.0001
1635151821526,4.0742,0.9741,9.0859,-0.1864,0.0186,-0.0191
1635151821527,4.1914,0.7227,8.8750,-0.3108,0.0388,-0.0371
1635151821528,4.2891,0.4141,8.6641,-0.3086,0.0452,-0.0329
1635151821529,4.3828,0.2561,8.5781,-0.2013,0.0431,-0.0276
1635151821555,4.3789,0.3303,8.6172,-0.0481,0.0356,-0.0265
1635151821557,4.2344,0.4500,8.7500,0.0849,0.0293,-0.0244
1635151821559,4.1133,0.4189,8.9063,0.1838,0.0133,-0.0159
1635151821560,4.0820,0.3638,9.0859,0.2467,-0.0027,0.0001
1635151821562,4.0742,0.3469,9.2656,0.2339,-0.0165,0.0129
1635151821568,4.1094,0.3782,9.3203,0.1647,-0.0229,0.0161
1635151821570,4.0859,0.4211,9.2109,0.0594,-0.0186,0.0224
1635151821611,4.0742,0.5024,9.0391,-0.0885,-0.0048,0.0235
1635151821614,4.1055,0.5361,8.8906,-0.2076,0.0016,0.0224
1635151821616,4.1992,0.5049,8.7813,-0.2471,0.0048,0.0320
1635151821633,4.2969,0.4692,8.7344,-0.2108,0.0112,0.0363
1635151821634,4.2617,0.4309,8.7188,-0.1130,0.0090,0.0299
1635151821653,4.2148,0.4141,8.7969,0.0083,-0.0016,0.0224
1635151821655,4.2031,0.3782,8.8750,0.0988,-0.0048,0.0299
1635151821657,4.1055,0.3589,8.9922,0.1477,-0.0027,0.0480
1635151821693,4.0469,0.3877,9.1172,0.1870,-0.0059,0.0618
1635151821694,4.0430,0.4714,9.2813,0.2147,-0.0133,0.0692
1635151821697,4.0938,0.6245,9.2500,0.1935,-0.0133,0.0554
1635151821713,4.1445,0.7539,9.1641,0.0892,-0.0048,0.0288
1635151821717,4.1133,0.8760,9.0859,-0.0757,0.0133,0.0118
1635151821724,4.0859,0.8643,8.9297,-0.2194,0.0303,0.0118
1635151821726,4.1328,0.6460,8.7656,-0.2661,0.0314,0.0150
1635151821729,4.2461,0.4309,8.7344,-0.2065,0.0314,0.0097
1635151821758,4.2461,0.3423,8.8125,-0.0885,0.0335,0.0086
1635151821760,4.1836,0.3328,8.9063,0.0498,0.0271,0.0139
1635151821762,4.1367,0.3926,8.9922,0.1669,0.0144,0.0182
1635151821789,4.0977,0.4883,9.0547,0.2233,0.0048,0.0288
1635151821791,4.0508,0.5503,9.0234,0.2052,0.0048,0.0309
1635151821793,4.0273,0.6318,9.0156,0.1360,0.0080,0.0203
1635151821817,4.0078,0.6938,9.0859,0.0285,0.0197,0.0054
1635151821819,4.0234,0.7134,9.0156,-0.0778,0.0261,0.0001
1635151821823,4.1133,0.6895,8.8906,-0.1438,0.0239,0.0054
1635151821847,4.2422,0.5957,8.7891,-0.1587,0.0218,0.0086
1635151821848,4.2617,0.4524,8.7109,-0.1332,0.0186,0.0129
1635151821850,4.2695,0.3518,8.7656,-0.0662,0.0175,0.0171
1635151821880,4.1992,0.3040,8.8438,0.0317,0.0154,0.0203
1635151821882,4.1445,0.3687,8.9063,0.1285,0.0112,0.0171
1635151821883,4.0742,0.4380,9.0313,0.1892,0.0090,0.0161
1635151821909,4.0391,0.4453,9.1172,0.1818,0.0037,0.0214
1635151821911,4.0820,0.4668,9.1641,0.1179,0.0069,0.0288
1635151821913,4.0742,0.5288,9.1172,0.0562,0.0122,0.0373
1635151821940,4.0547,0.5791,9.0000,-0.0002,0.0133,0.0288
1635151821941,4.0977,0.6245,8.9219,-0.0566,0.0165,0.0161
1635151821943,4.0859,0.6680,8.8438,-0.0917,0.0229,0.0118
1635151821970,4.1055,0.6655,8.7891,-0.0917,0.0282,0.0033
1635151821971,4.1328,0.5576,8.7266,-0.0576,0.0250,-0.0052
1635151821973,4.1563,0.4573,8.7734,-0.0076,0.0186,-0.0052
1635151822000,4.1602,0.4211,8.8672,0.0328,0.0101,0.0150
1635151822002,4.0586,0.4260,8.9688,0.0721,0.0005,0.0416
1635151822003,4.0117,0.4548,9.0547,0.1072,-0.0154,0.0469
1635151822030,4.0078,0.4739,9.1328,0.1168,-0.0314,0.0426
1635151822032,4.0117,0.5171,9.1719,0.1072,-0.0324,0.0309
1635151822033,3.9941,0.6196,9.0547,0.0307,-0.0282,0.0097
1635151822060,4.0195,0.7466,9.0078,-0.0928,-0.0133,-0.0020
1635151822062,4.0820,0.6870,8.8594,-0.2013,-0.0005,0.0065
1635151822064,4.2031,0.5479,8.7578,-0.2343,0.0069,0.0118
1635151822090,4.3477,0.3398,8.7734,-0.1650,0.0090,0.0118
1635151822092,4.3633,0.3064,8.8516,-0.0470,0.0090,0.0150
1635151822093,4.2617,0.4260,8.9766,0.0743,0.0058,0.0161
1635151822120,4.1484,0.4788,9.0547,0.1678,-0.0037,0.0107
1635151822122,4.0352,0.4668,9.0938,0.1924,-0.0069,0.0182
1635151822124,3.9824,0.4475,9.1250,0.1572,-0.0037,0.0299
1635151822150,4.0000,0.5122,9.0547,0.0998,0.0005,0.0267
1635151822152,4.0195,0.5454,8.9922,0.0328,0.0069,0.0139
1635151822154,4.0664,0.5840,8.9219,-0.0406,0.0154,0.0086
1635151822181,4.0859,0.6631,8.8359,-0.0948,0.0218,0.0129
1635151822183,4.0938,0.7134,8.6094,-0.1215,0.0144,0.0118
1635151822185,5.0352,1.2588,8.3594,-0.1758,-0.0665,-0.0244
1635151822210,4.9531,0.9072,9.5078,-0.3289,0.1218,-0.1584
1635151822212,3.1445,0.1866,8.6250,-0.3523,0.1144,-0.1307
1635151822214,3.5273,0.1364,9.0000,-0.2588,-0.0516,0.0416
1635151822240,4.2031,0.0551,9.1641,-0.1779,-0.0463,0.0522
1635151822242,4.1484,-0.1891,9.0000,-0.0885,0.0101,-0.0010
1635151822244,4.0664,-0.1268,9.0781,0.0051,-0.0059,0.0171
1635151822278,4.3047,0.0526,9.0625,0.0807,-0.0208,0.0639
1635151822280,4.6016,0.2466,8.9063,0.1317,0.0154,0.0692
1635151822283,4.5352,0.1508,8.8047,0.1412,0.0410,0.0384
1635151822375,4.2461,0.2969,8.9063,0.1669,-0.0133,0.1022
1635151822377,4.2344,1.2256,8.7734,0.2382,-0.0250,0.1022
1635151822381,4.1523,1.1943,8.9219,0.2222,0.0016,0.0086
1635151822384,4.0430,0.7681,9.0391,0.0860,0.0207,-0.0297
1635151822389,3.9902,0.4331,9.1094,-0.0363,0.0218,0.0150
1635151822392,4.0195,0.2991,9.1563,-0.0374,0.0175,0.0576
1635151822399,4.0664,0.3469,9.2344,0.0307,0.0144,0.0352
1635151822401,4.0898,0.5337,9.2188,0.0519,0.0186,-0.0010
1635151822403,4.0000,0.7397,8.8984,-0.1013,0.0250,-0.0031
1635151822412,4.0000,0.7397,8.8984,-0.1013,0.0250,-0.0031
1635151822447,3.9453,0.4429,8.6484,-0.1799,0.0250,-0.0031
1635151822449,3.9473,0.4309,8.6953,-0.1013,0.0101,-0.0020
1635151822453,3.9980,0.4429,8.7969,0.0541,-0.0112,-0.0031
1635151822455,4.0391,0.4834,8.9844,0.1881,-0.0314,-0.0052
1635151822460,4.0898,0.6343,9.2031,0.2190,-0.0388,-0.0063
1635151822462,4.0352,0.7251,9.3203,0.1541,-0.0314,0.0043
1635151822464,3.9902,0.6460,9.2500,0.0573,-0.0250,0.0033
1635151822465,3.9824,0.4548,9.1719,-0.0470,-0.0154,-0.0106
1635151822476,3.9883,0.3015,9.0781,-0.1427,0.0005,-0.0148
1635151822479,4.0156,0.2656,8.9609,-0.1864,0.0197,-0.0031
1635151822502,4.0781,0.3303,8.8594,-0.1661,0.0250,0.0075
1635151822503,4.1992,0.4165,8.8047,-0.0981,0.0218,-0.0020
1635151822504,4.2734,0.4668,8.7969,-0.0076,0.0207,-0.0116
1635151822534,4.2539,0.4978,8.8750,0.0626,0.0239,-0.0095
1635151822535,4.1289,0.5049,8.9453,0.1019,0.0250,-0.0010
1635151822537,4.0430,0.4475,9.0078,0.1285,0.0186,0.0001
1635151822561,4.0078,0.2896,9.1094,0.1211,0.0154,0.0054
1635151822563,3.9941,0.1555,9.1719,0.0956,0.0112,0.0075
1635151822565,4.0234,0.1436,9.2344,0.0721,0.0133,0.0097
1635151822589,4.0039,0.2681,9.1641,0.0115,0.0165,0.0182
1635151822593,4.0039,0.4883,9.1094,-0.0619,0.0207,0.0203
1635151822599,4.0352,0.5981,9.0078,-0.1130,0.0218,0.0182
1635151822611,4.0820,0.6006,8.8672,-0.1481,0.0165,0.0182
1635151822612,4.1289,0.5649,8.7656,-0.1449,0.0090,0.0139
1635151822641,4.1563,0.4380,8.7422,-0.0864,0.0027,0.0139
1635151822644,4.1250,0.3423,8.8281,0.0009,-0.0016,0.0203
1635151822645,4.0859,0.3518,8.9922,0.0839,-0.0112,0.0373
1635151822671,4.0117,0.3926,9.0859,0.1392,-0.0261,0.0437
1635151822672,4.0234,0.3901,9.1797,0.1626,-0.0335,0.0352
1635151822673,4.0430,0.4285,9.2891,0.1338,-0.0324,0.0384
1635151822700,4.0039,0.5313,9.2578,0.0657,-0.0271,0.0448
1635151822704,4.0156,0.6221,9.1016,-0.0002,-0.0218,0.0299
1635151822706,4.0703,0.6895,9.0000,-0.0544,-0.0154,0.0107
1635151822739,4.0977,0.7085,8.8906,-0.1002,-0.0059,0.0118
1635151822744,4.1328,0.6870,8.8281,-0.1183,-0.0005,0.0214
1635151822751,4.1563,0.5938,8.8047,-0.0948,-0.0037,0.0203
1635151822761,4.1602,0.4429,8.8438,-0.0428,-0.0080,0.0161
1635151822763,4.0859,0.3613,8.8984,0.0285,-0.0080,0.0192
1635151822764,3.9844,0.3494,8.9844,0.0998,-0.0133,0.0235
1635151822769,3.9336,0.4021,9.0547,0.1423,-0.0250,0.0224
1635151822800,3.9590,0.4644,9.1250,0.1403,-0.0229,0.0203
1635151822802,3.9785,0.5503,9.1484,0.1019,-0.0165,0.0171
1635151822803,4.0234,0.5840,9.0859,0.0253,-0.0080,0.0150
1635151822831,4.0938,0.5337,9.0078,-0.0651,0.0027,0.0139
1635151822833,4.1133,0.4907,8.9141,-0.1034,0.0154,0.0214
1635151822835,4.1484,0.4907,8.7813,-0.0821,0.0165,0.0278
1635151822861,4.1836,0.5410,8.7031,-0.0172,0.0080,0.0161
1635151822863,4.1797,0.5239,8.7578,0.0530,0.0080,-0.0010
1635151822865,4.0781,0.4812,8.8828,0.0807,0.0144,0.0001
1635151822892,4.0313,0.3877,9.0000,0.0786,0.0133,0.0192
1635151822894,4.0234,0.2969,9.0547,0.0775,0.0112,0.0278
1635151822895,4.0664,0.1843,9.1172,0.0743,0.0112,0.0192
1635151822922,4.1367,0.1053,9.1094,0.0424,0.0133,0.0246
1635151822924,4.1445,0.2466,8.9844,0.0073,0.0239,0.0384
1635151822926,4.1133,0.4788,8.8906,-0.0151,0.0335,0.0384
1635151822952,4.1211,0.6367,8.7891,-0.0438,0.0324,0.0299
1635151822954,4.1680,0.6392,8.7656,-0.0640,0.0324,0.0235
1635151822956,4.1836,0.5601,8.8203,-0.0725,0.0378,0.0278
1635151822983,4.1367,0.5073,8.8984,-0.0640,0.0367,0.0341
1635151822985,4.1641,0.4260,8.9453,-0.0300,0.0271,0.0405
1635151822987,4.5273,0.7612,8.6641,-0.0013,0.0335,0.0384
1635151823014,4.9648,0.9741,9.0703,-0.0523,0.1313,0.0001
1635151823018,4.0117,0.3254,9.3047,-0.2480,0.2112,-0.0680
1635151823032,3.3652,-0.1532,8.7344,-0.3491,0.0963,-0.0574
1635151823034,3.5879,-0.1675,8.9531,-0.1896,0.0027,0.0256
1635151823038,3.4629,-0.0000,9.0313,0.0190,-0.0623,0.0490
