1230844807485,-0.2789,1.1000,9.3347,-0.2480,0.0282,-0.0661
1230844807486,-0.1019,1.2316,9.3562,-0.1563,-0.0036,-0.1149
1230844807488,0.1350,1.4900,9.3060,-0.0757,-0.0427,-0.1174
1230844807489,0.1111,1.6599,9.2916,-0.1050,-0.0451,-0.1259
1230844807490,0.0824,1.4494,9.2677,-0.1551,-0.0280,-0.1357
1230844807491,0.0896,1.1455,9.1361,-0.1808,-0.0182,-0.1540
1230844807492,0.1685,1.0163,9.0356,-0.1698,-0.0378,-0.1797
1230844807493,0.3025,0.9684,8.9279,-0.1331,-0.0744,-0.2065
1230844807493,0.5610,1.1335,8.6934,-0.1221,-0.1013,-0.2444
1230844807494,0.8170,1.0378,8.7485,-0.2064,-0.1013,-0.3116
1230844807495,0.7954,0.5233,8.7724,-0.2651,-0.1038,-0.2725
1230844807496,0.8409,0.6789,8.7006,-0.2846,-0.1392,-0.2762
1230844807497,0.8194,1.1359,8.5858,-0.2797,-0.1868,-0.3495
1230844807503,1.0682,1.2316,8.4135,-0.3408,-0.1991,-0.3947
1230844807523,1.2549,1.1694,8.2005,-0.4630,-0.1966,-0.4411
1230844807524,1.3434,1.1479,7.9373,-0.5619,-0.2174,-0.5083
1230844807525,1.2884,1.0139,7.7483,-0.6120,-0.2626,-0.6036
1230844807553,1.3434,0.9756,7.3726,-0.6597,-0.3041,-0.6989
1230844807554,1.4439,1.1192,7.1812,-0.7293,-0.3481,-0.8333
1230844807566,1.5444,1.1263,6.7792,-0.8185,-0.4007,-0.9750
1230844807576,1.6569,1.1790,6.4466,-0.9615,-0.4373,-1.1375
1230844807578,1.7239,1.0569,6.0446,-1.1215,-0.4837,-1.2976
1230844807583,1.8746,0.9110,5.6833,-1.2681,-0.5253,-1.4772
1230844807590,1.9440,0.8392,5.4416,-1.3744,-0.5668,-1.6714
1230844807602,2.1570,0.6597,5.3602,-1.4440,-0.6267,-1.8656
1230844807612,2.3173,0.3343,5.3052,-1.4819,-0.6938,-2.0526
1230844807621,2.4465,-0.0414,5.4105,-1.5039,-0.7904,-2.2200
1230844807627,2.6762,0.0065,5.5756,-1.5393,-0.9003,-2.3470
1230844807637,2.6834,0.1907,5.9249,-1.5857,-1.0359,-2.4301
1230844807653,2.8652,0.0639,6.0326,-1.6859,-1.1716,-2.4997
1230844807657,3.0950,-0.2137,6.4442,-1.9046,-1.2668,-2.5706
1230844807668,3.1213,-0.5534,6.8294,-2.1795,-1.3524,-2.6256
1230844807676,3.1835,-0.6635,6.9491,-2.4495,-1.4355,-2.6964
1230844807686,3.1811,-0.7449,7.1860,-2.6474,-1.4990,-2.8369
1230844807695,3.2720,-0.8597,7.5018,-2.8185,-1.5466,-3.0300
1230844807704,3.5161,-0.9818,7.7626,-3.0518,-1.5735,-3.2328
1230844807716,3.9851,-1.0057,7.8727,-3.3866,-1.5564,-3.4038
1230844807724,4.2483,-1.1708,8.2173,-3.8545,-1.4611,-3.5345
1230844807733,4.2722,-1.2809,8.3106,-4.4482,-1.3744,-3.6335
1230844807743,4.3871,-1.5273,8.1646,-5.0945,-1.3169,-3.7068
1230844807753,4.4613,-2.1375,7.9971,-5.7262,-1.2204,-3.7728
1230844807763,4.9949,-3.4153,8.1431,-6.2527,-1.0396,-3.8216
1230844807772,5.4878,-5.7458,8.0761,-6.4140,-0.7293,-3.7997
1230844807782,5.0355,-8.1387,8.4709,-6.1684,-0.5008,-3.6897
1230844807792,4.2579,-8.9283,8.9710,-5.6443,-0.4886,-3.6481
1230844807802,3.6764,-8.3421,9.7582,-4.9406,-0.5815,-3.7471
1230844807811,3.3199,-6.8633,10.3564,-4.4030,-0.6596,-3.8754
1230844807820,3.7195,-5.1500,10.2320,-4.3908,-0.7232,-3.9120
1230844807830,4.7460,-3.7120,9.4472,-5.0432,-0.6377,-3.9120
1230844807842,6.2272,-3.9895,8.5929,-5.9583,-0.2113,-3.8571
1230844807850,6.3253,-7.1313,7.3056,-6.5044,0.4142,-3.6372
1230844807858,5.4949,-10.7803,6.5997,-6.5667,0.9041,-3.3733
1230844807869,4.8274,-13.9245,6.7576,-5.9449,1.1668,-3.2157
1230844807879,4.1956,-16.2001,7.0926,-4.5826,1.2633,-3.0862
1230844807887,3.8439,-16.2671,7.3343,-2.9700,1.1106,-2.9615
1230844807898,3.8559,-13.4388,7.3247,-1.6700,0.8150,-2.8748
1230844807908,3.7386,-9.9500,7.1333,-0.8210,0.5779,-2.7771
1230844807918,3.8176,-7.5788,6.9180,-0.6426,0.4875,-2.6109
1230844807926,4.1382,-6.1311,6.2504,-1.1508,0.5291,-2.4167
1230844807937,4.3320,-6.4709,5.0228,-1.8020,0.6561,-2.2285
1230844807946,4.6622,-8.1865,4.2356,-2.2809,0.8272,-2.1063
1230844807956,4.7819,-9.4260,4.0035,-2.5326,0.9457,-2.0733
1230844807965,4.7173,-10.2061,3.7666,-2.4006,0.9738,-2.0147
1230844807976,4.5570,-10.9455,3.5872,-1.8105,0.9494,-1.9133
1230844807985,4.4349,-10.7780,3.8982,-1.0238,0.8357,-1.8730
1230844807995,4.6814,-9.1987,4.4701,-0.4544,0.6745,-1.9341
1230844808004,5.0954,-7.1457,4.8793,-0.3689,0.5340,-1.9707
1230844808012,5.6577,-5.8320,4.5754,-0.8429,0.4619,-1.8974
1230844808021,6.5933,-5.8799,3.5800,-1.6016,0.4704,-1.7691
1230844808033,7.7538,-7.8037,1.9696,-2.1966,0.5902,-1.6054
1230844808043,8.3424,-10.2204,1.4169,-2.4348,0.8137,-1.4808
1230844808052,8.1534,-10.9502,1.6849,-2.2455,0.9530,-1.5114
1230844808062,7.7681,-10.2228,2.0773,-1.5906,0.8980,-1.5578
1230844808072,7.7777,-8.4282,2.1826,-0.7904,0.7038,-1.5065
1230844808081,8.1701,-6.6503,2.3333,-0.1918,0.5572,-1.4026
1230844808089,8.4621,-5.9301,2.1084,0.0574,0.5022,-1.2853
1230844808098,8.7420,-6.2484,1.9959,-0.0329,0.5132,-1.1864
1230844808108,8.9550,-6.7939,1.9002,-0.3176,0.5266,-1.0911
1230844808119,9.1608,-7.1217,1.2757,-0.5949,0.4619,-0.9836
1230844808130,9.4503,-7.2892,0.8258,-0.8148,0.3446,-0.8761
1230844808139,9.0579,-7.8109,0.8378,-0.7183,0.2627,-0.7453
1230844808149,8.9334,-7.6362,0.9263,-0.5485,0.1772,-0.6268
1230844808157,9.1943,-6.2507,1.1321,-0.4569,0.0734,-0.6696
1230844808168,9.2062,-6.0473,0.9886,-0.0965,-0.1099,-0.4961
1230844808175,9.4359,-5.8368,0.8474,0.0990,-0.2357,-0.3177
1230844808185,9.6034,-6.2268,0.7732,0.3018,-0.2821,-0.1931
1230844808195,9.5316,-6.3154,0.8067,0.5193,-0.3102,-0.1100
1230844808204,9.3881,-5.6860,0.8067,0.7978,-0.3970,-0.0416
1230844808214,9.3330,-5.0950,0.7732,1.1497,-0.5155,0.0512
1230844808226,9.3713,-4.7026,0.5866,1.4514,-0.6071,0.1709
1230844808235,9.5388,-4.7193,0.3066,1.7386,-0.6816,0.3053
1230844808245,9.6800,-4.8629,0.1511,2.0379,-0.7525,0.4434
1230844808254,9.8738,-5.0304,0.3377,2.3519,-0.8282,0.5875
1230844808264,9.9648,-4.9682,0.4837,2.6683,-0.9272,0.7476
1230844808273,9.8906,-4.6571,0.4310,2.8943,-1.0506,0.9089
1230844808283,9.7159,-4.4465,0.4095,3.0275,-1.1496,1.0677
1230844808293,9.6561,-4.1905,0.7804,3.0580,-1.2131,1.2326
1230844808302,10.0270,-4.1331,1.2900,3.1264,-1.2449,1.3878
1230844808310,10.4529,-4.3915,1.6059,3.2853,-1.3120,1.5539
1230844808322,10.8238,-4.6834,1.3738,3.4966,-1.4293,1.6969
1230844808331,10.7975,-5.0711,1.1848,3.7666,-1.5002,1.7934
1230844808341,10.2830,-5.3295,1.4958,4.1295,-1.5320,1.8606
1230844808351,10.3093,-4.9347,1.8308,4.4703,-1.5992,1.9400
1230844808361,10.5294,-4.1427,1.9888,4.7135,-1.6541,2.0536
1230844808369,10.5917,-3.3506,2.4434,4.8527,-1.6737,2.1550
1230844808378,10.5103,-2.4605,2.5535,4.8368,-1.6834,2.2344
1230844808389,10.3643,-2.2739,2.5941,4.7709,-1.6358,2.3224
1230844808398,10.1322,-2.4198,2.5271,4.7415,-1.5979,2.3884
1230844808408,10.3285,-2.0657,2.8334,4.6279,-1.5845,2.4006
1230844808417,10.6754,-1.4723,3.2211,4.4312,-1.5674,2.4055
1230844808427,10.8262,-0.9076,3.3551,4.1588,-1.5173,2.3847
1230844808437,10.8716,-1.5752,3.8623,3.9609,-1.4428,2.4201
1230844808447,10.9937,-2.2380,4.8577,3.7898,-1.3621,2.4543
1230844808456,10.8549,-1.4412,5.1832,3.5333,-1.2888,2.4043
1230844808466,10.6635,-0.7377,5.6043,3.3048,-1.2327,2.3884
1230844808475,10.5390,-0.1658,6.0398,2.9749,-1.1434,2.3896
1230844808485,10.2351,0.4204,6.6859,2.5082,-0.9834,2.3590
1230844808495,9.7566,0.8368,7.2051,2.0171,-0.8454,2.3346
1230844808504,9.5723,1.2531,7.7602,1.4686,-0.7073,2.3016
1230844808514,9.1512,1.5882,7.8751,0.9518,-0.5473,2.2552
1230844808523,8.9933,1.8896,7.6693,0.4215,-0.4409,2.1819
1230844808533,9.1943,1.9638,7.1549,-0.1356,-0.3078,2.0719
1230844808541,9.2014,1.5475,6.8893,-0.6633,-0.1135,1.9375
1230844808552,9.2995,0.6478,6.7792,-1.2302,0.0880,1.8080
1230844808562,9.1440,-0.5367,6.1116,-1.8093,0.2310,1.7579
1230844808572,9.1177,-1.3622,5.3985,-2.2870,0.2530,1.7287
1230844808581,9.2613,-1.9269,4.9989,-2.5546,0.2359,1.6113
1230844808591,9.2565,-2.7118,5.0420,-2.5130,0.2530,1.5075
1230844808600,9.1009,-3.7000,5.2645,-2.2870,0.2493,1.4721
1230844808609,9.0028,-4.2456,5.2741,-1.9510,0.2175,1.4232
1230844808619,8.9669,-4.2408,5.3650,-1.4990,0.1601,1.3279
1230844808629,8.8377,-3.8292,5.4249,-1.0213,0.1516,1.1825
1230844808639,8.7253,-3.4487,5.5588,-0.6487,0.2029,1.0481
1230844808648,8.6008,-2.9965,5.6330,-0.4581,0.3043,0.9394
1230844808657,8.6248,-2.9104,5.3315,-0.4092,0.4240,0.8404
1230844808668,8.4860,-3.0109,5.0564,-0.4654,0.5718,0.7329
1230844808677,8.0744,-3.1616,5.0851,-0.6010,0.7331,0.6120
1230844808687,7.5695,-3.3841,5.3219,-0.7195,0.8651,0.4935
1230844808694,7.1532,-3.6545,5.5325,-0.8246,0.9664,0.3542
1230844808704,6.8684,-3.8220,5.6306,-0.9101,1.0349,0.1954
1230844808713,6.6674,-3.6569,5.6474,-0.9749,1.0532,0.0439
1230844808723,6.5693,-3.3865,5.5684,-1.0482,1.0630,-0.1039
1230844808733,6.4497,-3.1832,5.6210,-1.1606,1.0996,-0.2469
1230844808745,6.2870,-3.1520,5.5780,-1.3304,1.1582,-0.3715
1230844808754,6.1865,-3.4129,5.4679,-1.5320,1.2157,-0.4741
1230844808764,6.2296,-3.9345,5.3985,-1.7433,1.2792,-0.5658
1230844808773,6.1673,-4.4298,5.1999,-1.9559,1.3452,-0.6500
1230844808783,6.0836,-4.7313,4.9965,-2.1673,1.3782,-0.7319
1230844808793,6.0309,-5.0471,4.7740,-2.3249,1.4246,-0.8040
1230844808802,5.9137,-5.5090,4.7046,-2.4055,1.4845,-0.8528
1230844808812,5.6553,-5.9899,4.7907,-2.4410,1.5602,-0.8858
1230844808821,5.3418,-6.3776,4.8386,-2.4165,1.5981,-0.9188
1230844808831,5.2030,-6.6192,4.6783,-2.3640,1.5810,-0.9628
1230844808839,5.3514,-7.0093,4.5204,-2.2552,1.5993,-0.9970
1230844808850,5.3514,-7.5500,4.3768,-2.1099,1.6580,-1.0007
1230844808859,5.2724,-7.9162,4.5251,-1.9523,1.7239,-0.9909
1230844808868,5.0642,-7.9281,4.5921,-1.7971,1.7459,-0.9958
1230844808879,4.9398,-7.6864,4.5180,-1.6505,1.7422,-1.0300
1230844808889,4.8585,-7.5500,4.3983,-1.5076,1.7532,-1.0630
1230844808898,4.7532,-7.5500,4.3696,-1.4245,1.7960,-1.0801
1230844808908,4.5354,-7.4424,4.2069,-1.4404,1.8217,-1.0923
1230844808917,4.4397,-7.4496,4.1566,-1.5014,1.8388,-1.1021
1230844808926,4.4110,-7.5596,3.8097,-1.5491,1.8656,-1.1009
1230844808936,4.4469,-7.7487,3.6470,-1.5625,1.8999,-1.1021
1230844808946,4.4876,-8.1387,3.5848,-1.5247,1.9451,-1.1094
1230844808956,4.4804,-8.6914,3.4867,-1.4306,2.0061,-1.0984
1230844808966,4.3775,-9.0982,3.4244,-1.2767,2.0391,-1.0740
1230844808975,4.2387,-9.0767,3.1253,-1.1007,2.0147,-1.0593
1230844808985,4.1717,-8.8039,2.9004,-0.9150,1.9634,-1.0471
1230844808994,4.1191,-8.4785,2.8358,-0.7281,1.9267,-1.0276
1230844809004,4.0999,-8.1315,2.9411,-0.5974,1.8937,-1.0239
1230844809014,4.0999,-7.7654,2.9267,-0.5216,1.8730,-1.0410
1230844809023,4.0258,-7.6936,2.9866,-0.4752,1.8400,-1.0434
1230844809033,4.0186,-7.7726,2.8813,-0.4776,1.7850,-1.0410
1230844809043,4.2291,-8.0358,2.8526,-0.5167,1.7300,-1.0239
1230844809052,4.5259,-8.2703,2.7736,-0.5546,1.7031,-0.9787
1230844809062,4.5235,-8.2535,2.5702,-0.5509,1.6543,-0.9433
1230844809071,4.5976,-8.1817,2.3788,-0.5204,1.5602,-0.9347
1230844809081,4.6407,-8.1530,2.1323,-0.5106,1.4918,-0.9103
1230844809091,4.6479,-7.7822,1.9792,-0.5216,1.4417,-0.8919
1230844809100,4.6455,-7.3586,1.7806,-0.4642,1.4014,-0.9225
1230844809110,4.4684,-7.2151,1.9744,-0.3115,1.3391,-0.9542
1230844809119,4.4254,-7.0428,2.3261,-0.2113,1.2438,-0.9701
1230844809129,4.5378,-6.6815,2.4601,-0.2370,1.1143,-0.9640
1230844809138,4.8417,-6.2890,2.1897,-0.3946,0.9701,-0.9494
1230844809148,5.2174,-6.1215,1.8619,-0.6621,0.8834,-0.9420
1230844809157,5.4327,-6.5714,1.5891,-0.9211,0.8834,-0.9200
1230844809167,5.3705,-7.3538,1.3307,-1.0323,0.9090,-0.8981
1230844809177,5.1911,-7.8587,1.3714,-0.8942,0.9053,-0.9445
1230844809187,4.9757,-7.9568,1.8667,-0.4948,0.8357,-1.0276
1230844809196,4.9183,-7.6984,2.2639,0.0159,0.6793,-1.0850
1230844809206,5.2126,-7.1050,2.2543,0.3665,0.4802,-1.0947
1230844809214,5.7055,-6.2364,2.0749,0.3519,0.3299,-1.0789
1230844809223,6.1290,-5.5999,1.9529,0.0452,0.2664,-1.0715
1230844809233,6.4832,-5.8511,1.9720,-0.3090,0.3104,-1.0679
1230844809243,6.4904,-7.0882,1.7207,-0.4642,0.4057,-1.0667
1230844809252,6.1960,-8.1889,1.4408,-0.3249,0.4155,-1.0923
1230844809263,5.9975,-8.1961,1.5748,0.0819,0.3079,-1.1668
1230844809273,5.9831,-7.6673,1.9624,0.6891,0.1516,-1.2157
1230844809283,6.2918,-6.9853,2.5558,1.2401,-0.0280,-1.2121
1230844809292,6.8014,-6.0019,3.0344,1.4185,-0.1685,-1.2035
1230844809302,7.2537,-5.1524,3.0942,1.2352,-0.2491,-1.1876
1230844809312,7.7179,-4.8533,2.9243,0.8223,-0.2895,-1.1656
1230844809321,8.1462,-4.8342,2.6228,0.2761,-0.2907,-1.1473
1230844809331,8.3041,-5.9325,2.4003,-0.0903,-0.2284,-1.0679
1230844809340,8.3663,-6.8537,2.3596,-0.2480,-0.1868,-1.0447
1230844809349,8.4573,-6.8992,2.5152,-0.2394,-0.2259,-1.1326
1230844809360,8.4309,-6.8059,2.7832,-0.0488,-0.3127,-1.1277
1230844809369,8.6032,-6.2125,2.9890,0.0685,-0.4116,-1.0556
1230844809378,8.8616,-5.6430,2.9387,0.0978,-0.4715,-0.9872
1230844809388,9.1990,-5.4803,2.5415,-0.0146,-0.5094,-0.8956
1230844809397,9.5580,-5.7650,2.0964,-0.2296,-0.4898,-0.7649
1230844809408,9.7733,-6.0904,1.5365,-0.3701,-0.4361,-0.6232
1230844809417,9.7422,-6.2986,0.7134,-0.2932,-0.4214,-0.4924
1230844809427,9.3378,-6.8777,0.6895,0.0660,-0.4434,-0.3898
1230844809436,8.9765,-6.9590,1.6633,0.5620,-0.5069,-0.2860
1230844809470,8.9598,-5.6214,2.1491,0.8882,-0.6658,-0.1064
1230844809471,9.2421,-4.2575,2.2903,1.0104,-0.8002,0.0634
1230844809472,9.3905,-3.9489,2.2639,1.0104,-0.8331,0.2406
1230844809473,9.4048,-4.3963,2.2663,0.9713,-0.8136,0.4104
1230844809488,9.3187,-5.2529,2.3309,1.1106,-0.8038,0.5692
1230844809492,9.1249,-5.9851,2.4386,1.5443,-0.8490,0.7439
1230844809502,9.1679,-5.9229,2.0845,2.1784,-0.9798,0.8954
1230844809511,9.4742,-5.4133,1.7279,2.8222,-1.1215,1.0616
1230844809523,9.7159,-4.7002,1.6777,3.2914,-1.2009,1.2302
1230844809530,9.8810,-3.8962,1.8213,3.5259,-1.2253,1.3560
1230844809541,9.9935,-3.7048,1.9002,3.6334,-1.2180,1.5112
1230844809550,10.2016,-4.1259,1.8045,3.7617,-1.2327,1.6956
1230844809559,10.1562,-3.8507,1.3427,3.8876,-1.2876,1.8056
1230844809569,9.7996,-3.2406,0.8546,4.0134,-1.3695,1.8789
1230844809579,9.3306,-3.1185,0.6320,4.1295,-1.4318,1.9449
1230844809589,9.0315,-3.4990,0.7277,4.2064,-1.4843,1.9962
1230844809599,9.0938,-4.1259,1.0675,4.3494,-1.5527,2.0475
1230844809607,9.1847,-4.2432,1.6179,4.5730,-1.6627,2.1110
1230844809617,9.5867,-3.5540,2.4912,4.8051,-1.7983,2.1624
1230844809627,10.0509,-2.5969,2.6875,4.9224,-1.9046,2.2283
1230844809636,9.9743,-2.1447,2.3477,4.9554,-1.9669,2.3187
1230844809646,9.8571,-2.1901,2.2879,4.9712,-2.0133,2.3713
1230844809656,10.0341,-1.8240,2.7688,4.8894,-2.0133,2.3578
1230844809666,10.2160,-1.5608,3.3407,4.8026,-1.9559,2.3493
1230844809677,10.2184,-1.8025,3.4125,4.7819,-1.9400,2.3798
1230844809685,10.4601,-2.0418,3.8312,4.7562,-1.9608,2.4153
1230844809694,10.7831,-1.5608,4.3002,4.6609,-1.9376,2.3859
1230844809703,10.8932,-0.6276,4.8434,4.4960,-1.8484,2.3346
1230844809713,10.6371,0.2386,5.1066,4.3029,-1.7397,2.2967
1230844809726,10.3883,0.7148,5.3818,4.0794,-1.6321,2.2564
1230844809732,10.2710,1.0569,5.6617,3.7177,-1.4916,2.1904
1230844809743,10.1897,1.2627,6.1379,3.2168,-1.3243,2.0952
1230844809752,10.1083,1.2412,6.6811,2.6438,-1.1337,1.9901
1230844809762,9.9719,1.0210,6.6452,2.0293,-0.9529,1.9315
1230844809773,9.8116,0.7459,6.2432,1.4710,-0.7794,1.9131
1230844809781,9.7422,0.4324,6.1786,1.0348,-0.6352,1.8606
1230844809792,9.7374,0.1740,6.2001,0.6793,-0.5094,1.7787
1230844809801,9.7781,-0.0438,6.2456,0.3568,-0.4092,1.7421
1230844809809,9.8164,0.0878,6.0398,0.0208,-0.3359,1.7225
1230844809821,10.1203,0.1788,5.8436,-0.2932,-0.2760,1.6627
1230844809829,10.3428,-0.1203,6.0542,-0.5766,-0.1929,1.6272
1230844809840,10.3811,-0.1778,5.9991,-0.9211,-0.1001,1.6101
1230844809850,10.5175,-0.1849,5.9585,-1.2632,0.0123,1.5515
1230844809859,10.4720,-0.8645,6.2169,-1.4966,0.1320,1.5222
1230844809869,10.2375,-1.1804,5.9967,-1.7348,0.2065,1.5002
1230844809878,10.1921,-1.5369,5.5612,-1.9229,0.2688,1.4293
1230844809888,10.0940,-2.2236,5.0157,-2.0011,0.3360,1.3719
1230844809898,9.9671,-3.0180,4.8697,-1.9596,0.4155,1.3291
1230844809907,9.6704,-3.5181,5.3531,-1.8130,0.5120,1.2742
1230844809917,9.1608,-3.4535,5.1880,-1.5528,0.5572,1.1788
1230844809926,8.8736,-3.4918,4.8434,-1.1459,0.5437,1.1092
1230844809935,8.6846,-3.3793,4.7118,-0.7256,0.5095,1.0738
1230844809945,8.6726,-2.7596,4.8553,-0.4569,0.5120,0.9687
1230844809956,8.6918,-2.0370,5.0348,-0.3665,0.5865,0.8001
1230844809965,8.6176,-1.9221,5.1904,-0.4153,0.7307,0.6657
1230844809975,8.3783,-2.3935,5.3722,-0.5485,0.8907,0.5741
1230844809984,7.9021,-2.8218,5.5158,-0.7012,0.9897,0.4727
1230844809994,7.4475,-2.8793,5.5588,-0.8295,1.0117,0.3310
1230844810004,7.1747,-2.8123,5.5612,-0.9529,1.0385,0.1612
1230844810013,6.9809,-2.8505,5.5110,-1.0861,1.0874,0.0048
1230844810023,6.8302,-3.0228,5.3770,-1.2412,1.1326,-0.1357
1230844810032,6.7895,-3.3483,5.3794,-1.4000,1.1754,-0.2652
1230844810042,6.7919,-3.7478,5.4033,-1.5503,1.2365,-0.3825
1230844810051,6.7632,-4.2025,5.2334,-1.6419,1.3134,-0.4802
1230844810061,6.6842,-4.6858,5.0611,-1.6444,1.3831,-0.5670
1230844810071,6.4401,-5.0280,4.8913,-1.5357,1.4173,-0.6537
1230844810081,6.1578,-5.0950,4.8865,-1.3817,1.4160,-0.7478
1230844810090,5.9137,-4.9443,4.9726,-1.2473,1.3928,-0.8480
1230844810100,5.7869,-4.6547,5.1234,-1.1887,1.3879,-0.9506
1230844810110,5.6840,-4.4346,5.3411,-1.1972,1.4148,-1.0679
1230844810119,5.8347,-4.3748,5.4177,-1.2889,1.4600,-1.1803
1230844810128,6.0716,-4.6164,5.2908,-1.4220,1.5394,-1.2646
1230844810138,6.2391,-4.9227,5.0922,-1.5576,1.6457,-1.3306
1230844810148,6.2487,-5.2027,4.8553,-1.6517,1.7288,-1.3941
1230844810157,6.1458,-5.4061,4.6017,-1.6982,1.7691,-1.4503
1230844810166,6.0597,-5.6286,4.3672,-1.7140,1.8156,-1.4979
1230844810176,5.8993,-5.9564,4.3170,-1.6871,1.8595,-1.5309
1230844810186,5.6840,-6.1526,4.3935,-1.6603,1.8791,-1.5651
1230844810196,5.5883,-6.1957,4.6472,-1.6053,1.8815,-1.6030
1230844810205,5.3275,-6.1024,4.6639,-1.5369,1.8473,-1.6421
1230844810215,5.4615,-6.0450,4.6711,-1.5247,1.8070,-1.6726
1230844810224,5.5787,-6.1598,4.7237,-1.5296,1.8388,-1.6848
1230844810234,5.6026,-6.2818,4.7716,-1.5161,1.8901,-1.6910
1230844810242,5.6313,-6.2316,4.5682,-1.5076,1.8913,-1.7032
1230844810252,5.6170,-6.1407,4.4342,-1.5063,1.8669,-1.7093
1230844810261,5.5524,-6.1455,4.3577,-1.5357,1.8644,-1.7178
1230844810271,5.6002,-6.3201,4.4223,-1.6028,1.8950,-1.7166
1230844810281,5.6194,-6.7078,4.4127,-1.6493,1.9353,-1.6946
1230844810292,5.5308,-7.0045,4.4940,-1.6407,1.9451,-1.6616
1230844810301,5.4423,-7.0571,4.5251,-1.5674,1.9182,-1.6445
1230844810311,5.3538,-7.0523,4.6017,-1.4330,1.8937,-1.6286
1230844810320,5.2270,-7.1313,4.6400,-1.2669,1.8559,-1.5920
1230844810330,5.2126,-7.1624,4.5275,-1.1496,1.8058,-1.5529
1230844810340,5.2317,-7.1552,4.6256,-1.0629,1.7752,-1.5285
1230844810349,5.1719,-7.0021,4.6328,-1.0115,1.7264,-1.5126
1230844810359,5.1671,-6.6647,4.3911,-1.0604,1.6518,-1.4979
1230844810369,5.2174,-6.5307,4.0825,-1.1948,1.5907,-1.4625
1230844810378,5.4806,-6.6743,3.8049,-1.3793,1.5785,-1.4026
1230844810388,5.4686,-7.0954,3.6829,-1.5100,1.6250,-1.3330
1230844810397,5.1193,-7.4376,3.8528,-1.4868,1.6262,-1.2976
1230844810407,4.8082,-7.4496,3.9293,-1.3231,1.5565,-1.2976
1230844810416,4.7556,-7.5070,4.0585,-1.0726,1.4759,-1.2756
1230844810427,4.8226,-7.5835,4.1160,-0.8588,1.3806,-1.2255
1230844810436,5.0666,-7.4854,4.0083,-0.7843,1.2633,-1.1754
1230844810446,5.2916,-7.2940,3.8384,-0.8613,1.1558,-1.1119
1230844810455,5.5332,-7.0787,3.7116,-1.0470,1.0679,-1.0385
1230844810465,5.7582,-6.8824,3.5776,-1.2620,1.0483,-0.9897
1230844810474,5.6026,-7.0882,3.3574,-1.3939,1.0581,-0.9457
1230844810484,5.3873,-7.3108,3.1852,-1.4294,1.0349,-0.9091
1230844810494,5.2509,-7.4113,2.9578,-1.3133,0.9701,-0.8981
1230844810503,5.2652,-7.4639,2.9507,-1.0897,0.8944,-0.8993
1230844810513,5.3155,-7.1385,3.2139,-0.8747,0.7979,-0.9017
1230844810522,5.3921,-6.3201,3.1325,-0.7867,0.6647,-0.9151
1230844810531,5.6720,-5.6095,2.7975,-0.8991,0.5462,-0.9274
1230844810541,6.0309,-5.6166,2.5295,-1.1435,0.5315,-0.9091
1230844810551,6.1554,-6.1120,2.3884,-1.4062,0.5706,-0.8712
1230844810561,6.1745,-6.6815,2.4865,-1.5308,0.5596,-0.8651
1230844810570,6.1626,-6.8202,2.3979,-1.5100,0.4912,-0.9042
1230844810580,6.2224,-6.8920,2.3931,-1.3463,0.3971,-0.9408
1230844810590,6.4305,-6.6982,2.2687,-1.1960,0.3006,-0.9408
1230844810599,6.7392,-6.2388,2.2783,-1.1080,0.2322,-0.9457
1230844810608,7.0694,-5.9732,2.3333,-1.0201,0.2004,-0.9677
1230844810618,7.4284,-5.8990,2.1754,-0.9822,0.1516,-0.9738
1230844810628,7.7466,-5.8344,1.9624,-1.0408,0.1088,-0.9592
1230844810637,7.8519,-5.8033,1.5963,-1.1679,0.0770,-0.9335
1230844810647,7.9285,-5.9899,1.5389,-1.2583,0.0636,-0.9005
1230844810657,7.9859,-6.2292,1.5245,-1.2595,0.0404,-0.8675
1230844810666,8.1390,-6.3369,1.5317,-1.1765,-0.0011,-0.8419
1230844810676,8.1917,-6.2962,1.6227,-1.0030,-0.0732,-0.7966
1230844810686,8.3544,-6.1933,1.6490,-0.7562,-0.1820,-0.7551
1230844810695,8.5147,-5.7937,1.6203,-0.5644,-0.2772,-0.7075
1230844810705,8.8138,-5.4204,1.2661,-0.4581,-0.3420,-0.6647
1230844810716,8.8569,-5.4874,0.9287,-0.2871,-0.4007,-0.6109
1230844810724,8.6798,-5.6669,0.7014,-0.0855,-0.4740,-0.5719
1230844810734,8.6846,-6.1670,0.9072,0.0672,-0.5240,-0.4998
1230844810741,8.8425,-6.4517,1.2159,0.2175,-0.5595,-0.4033
1230844810751,9.0818,-5.9971,1.3499,0.3934,-0.6425,-0.3361
1230844810760,9.1895,-5.4994,1.3786,0.5852,-0.7293,-0.2530
1230844810770,9.1608,-5.3199,1.5389,0.7404,-0.7830,-0.1662
1230844810780,9.2158,-5.0424,1.7543,0.7648,-0.8331,-0.0844
1230844810791,9.3259,-5.0424,1.8141,0.6989,-0.8905,0.0255
1230844810801,9.3905,-5.3726,2.0055,0.5852,-0.8942,0.1380
1230844810810,9.1703,-5.6190,2.2233,0.5388,-0.8905,0.2418
1230844810821,9.0627,-5.9851,2.1467,0.7050,-0.9394,0.3505
1230844810829,9.1703,-5.9421,2.0725,0.9530,-0.9993,0.4617
1230844810838,9.2110,-5.5305,1.9864,1.2108,-1.0811,0.5387
1230844810849,9.2613,-5.1716,2.0270,1.4429,-1.1557,0.6181
1230844810859,9.2613,-4.8677,2.1634,1.6127,-1.1935,0.7109
1230844810868,9.2182,-4.5423,2.1467,1.7691,-1.2327,0.7672
1230844810877,8.9957,-4.4681,2.1897,1.9511,-1.2791,0.8136
1230844810887,8.8640,-4.5542,2.4506,2.1148,-1.3157,0.8783
1230844810897,8.9813,-4.6308,2.8669,2.2517,-1.3414,0.9467
1230844810906,9.2445,-4.4561,3.2928,2.4093,-1.3548,1.0225
1230844810916,9.2660,-4.2982,3.4412,2.5852,-1.3463,1.1007
1230844810925,8.9478,-4.3126,3.2163,2.7660,-1.3658,1.1593
1230844810935,8.8162,-4.9897,3.0560,2.9236,-1.4122,1.2399
1230844810945,9.3881,-5.7148,2.8765,3.0776,-1.4330,1.3487
1230844810954,10.0102,-5.3439,2.8047,3.2401,-1.4501,1.3866
1230844810964,10.0892,-4.5829,2.8023,3.4832,-1.5002,1.4183
1230844810974,9.9600,-3.8842,2.6157,3.6017,-1.5637,1.5038
1230844810983,9.8762,-3.3387,2.8430,3.5052,-1.5772,1.5808
1230844810993,9.8236,-2.9439,3.1397,3.2718,-1.5197,1.6175
1230844811003,9.5149,-2.8003,3.2378,3.0837,-1.4782,1.6566
1230844811012,9.0866,-2.6089,3.3383,2.9261,-1.5100,1.6773
1230844811026,8.8018,-2.3481,3.2522,2.7611,-1.5515,1.6614
1230844811029,8.7683,-2.6806,3.4962,2.6158,-1.5246,1.6443
1230844811040,9.0196,-3.4272,3.9269,2.5327,-1.4440,1.6285
1230844811051,9.2182,-3.8579,4.4797,2.6096,-1.3695,1.6016
1230844811058,9.0291,-3.7383,4.1519,2.8650,-1.3768,1.6113
1230844811070,8.8976,-3.4727,3.9341,3.2083,-1.4611,1.6480
1230844811080,9.0052,-3.0061,4.1878,3.4844,-1.5222,1.6700
1230844811089,9.0435,-2.2284,4.3385,3.5675,-1.5088,1.6614
1230844811099,9.0961,-1.7235,4.6065,3.5186,-1.4709,1.6724
1230844811108,9.2397,-1.5895,4.8123,3.4111,-1.4355,1.6908
1230844811118,9.2038,-1.6350,4.7883,3.2498,-1.3927,1.6895
1230844811128,9.1823,-1.8168,5.0181,3.0336,-1.3646,1.6908
1230844811137,9.2349,-2.1590,5.2262,2.8454,-1.2962,1.7005
1230844811147,9.2613,-2.6113,5.2191,2.7453,-1.2058,1.7189
1230844811156,9.2613,-2.7357,5.0851,2.7208,-1.1361,1.7213
1230844811166,9.1703,-2.5395,4.8625,2.7843,-1.1202,1.7177
1230844811176,9.1536,-1.8958,5.3124,2.8515,-1.1215,1.7030
1230844811185,9.0052,-0.9076,5.5947,2.7660,-1.1178,1.6627
1230844811195,8.9741,0.0184,5.8603,2.5034,-1.0995,1.6175
1230844811204,9.1201,0.1812,6.3628,2.1222,-1.0115,1.5930
1230844811214,9.1201,0.3032,6.6452,1.5932,-0.8979,1.5332
1230844811224,9.2852,0.4181,6.9204,0.9286,-0.7171,1.4330
1230844811233,9.1823,0.1979,6.3748,0.2175,-0.5155,1.3646
1230844811243,9.1727,-0.4840,5.9561,-0.4617,-0.3188,1.3108
1230844811252,8.8760,-1.4795,5.3674,-0.9675,-0.1563,1.2436
1230844811260,8.5314,-2.4485,4.7333,-1.2534,-0.0573,1.1459
1230844811270,8.2658,-3.5373,4.6424,-1.2828,-0.0060,1.0457
1230844811279,8.0337,-4.5614,5.1473,-1.0555,-0.0011,1.0042
1230844811289,7.9524,-5.0567,5.6665,-0.6951,-0.0537,0.9968
1230844811301,7.9715,-4.7624,5.8149,-0.3237,-0.1490,0.9528
1230844811310,8.1677,-3.8890,5.6139,-0.0684,-0.2381,0.8685
1230844811320,8.4405,-2.8984,5.4177,-0.0513,-0.2394,0.7781
1230844811329,8.6415,-2.3839,5.2693,-0.2797,-0.1404,0.7048
1230844811339,8.7468,-2.5802,5.2956,-0.6585,0.0428,0.6523
1230844811349,8.5506,-2.9199,5.1162,-1.0531,0.2371,0.5839
1230844811358,8.1271,-3.1760,4.9271,-1.2925,0.3703,0.4776
1230844811368,7.6987,-3.3315,4.8362,-1.3243,0.4289,0.3627
1230844811377,7.4164,-3.2573,4.7501,-1.2510,0.4484,0.2418
1230844811387,7.3661,-3.1927,4.8338,-1.1850,0.4765,0.1172
1230844811397,7.3805,-3.2741,5.0324,-1.1838,0.5303,0.0097
1230844811406,7.4020,-3.3578,5.1114,-1.2791,0.5889,-0.0819
1230844811415,7.4379,-3.3602,5.0420,-1.4782,0.6415,-0.1760
1230844811426,7.4451,-3.4392,4.8889,-1.7201,0.7087,-0.2774
1230844811436,7.4738,-3.7718,4.6663,-1.9730,0.7930,-0.3703
1230844811445,7.5049,-4.3676,4.3816,-2.2540,0.8895,-0.4375
1230844811454,7.3685,-4.9897,4.2093,-2.4874,0.9811,-0.4876
1230844811464,7.1771,-5.3582,4.0849,-2.6743,1.0471,-0.5499
1230844811473,7.0000,-5.4803,3.9700,-2.7794,1.1033,-0.6366
1230844811483,6.8062,-5.6406,3.9509,-2.7855,1.1546,-0.7136
1230844811493,6.7608,-5.7913,4.0059,-2.7610,1.2133,-0.7539
1230844811502,6.7536,-5.9588,4.0490,-2.7305,1.2804,-0.7881
1230844811512,6.6268,-6.2101,4.0729,-2.7048,1.3513,-0.8174
1230844811521,6.4736,-6.2890,3.9868,-2.7085,1.4185,-0.8492
1230844811530,6.3420,-6.2651,3.8551,-2.7378,1.4796,-0.8883
1230844811540,6.1865,-6.3130,3.5848,-2.7537,1.5529,-0.9286
1230844811550,6.1243,-6.4230,3.4125,-2.7513,1.6335,-0.9652
1230844811560,5.8945,-6.5570,3.1612,-2.7672,1.6958,-0.9933
1230844811569,5.8108,-6.7221,2.9052,-2.8124,1.7203,-1.0141
1230844811579,5.9951,-7.1074,2.7138,-2.8637,1.7838,-1.0227
1230844811589,6.1386,-7.5596,2.7401,-2.8490,1.9206,-1.0105
1230844811598,6.0142,-7.9377,2.9315,-2.7171,2.0672,-1.0105
1230844811608,5.7749,-7.9401,3.0751,-2.5094,2.1528,-1.0337
1230844811617,5.6074,-7.6649,3.0751,-2.2858,2.1784,-1.0483
1230844811627,5.4543,-7.2581,2.8526,-2.1086,2.1796,-1.0471
1230844811637,5.4447,-6.8011,2.5870,-2.0317,2.1821,-1.0593
1230844811646,5.5548,-6.5977,2.2520,-2.0781,2.1967,-1.0691
1230844811656,5.7031,-6.8681,2.2137,-2.1954,2.2407,-1.0495
1230844811665,5.8395,-7.5620,2.2376,-2.3151,2.3201,-1.0043
1230844811675,5.8467,-8.3899,2.2113,-2.3518,2.4191,-0.9530
1230844811685,5.6983,-8.9690,2.2855,-2.2210,2.4753,-0.9115
1230844811694,5.3657,-8.8852,2.1251,-1.9254,2.4362,-0.8956
1230844811704,5.1288,-8.2894,1.9720,-1.5821,2.3140,-0.8981
1230844811714,5.0427,-7.7128,1.9026,-1.3047,2.1747,-0.8895
1230844811723,5.2054,-7.3060,2.1634,-1.2204,2.0892,-0.8748
1230844811733,5.4375,-7.2270,2.3955,-1.2913,2.0904,-0.8565
1230844811743,5.4806,-7.4783,2.4769,-1.4122,2.1088,-0.8296
1230844811752,5.5356,-7.7774,2.3788,-1.5234,2.1088,-0.8015
1230844811760,5.5093,-8.1004,2.1969,-1.5259,2.0953,-0.7747
1230844811769,5.5213,-8.3277,2.0653,-1.4122,2.0697,-0.7612
1230844811779,5.5811,-8.4378,1.8165,-1.2437,2.0269,-0.7466
1230844811789,5.6098,-8.5933,1.5150,-1.1032,1.9695,-0.7197
1230844811798,5.6481,-8.6914,1.2398,-1.0518,1.8937,-0.6806
1230844811810,5.7821,-8.8063,0.9359,-1.0665,1.8204,-0.6268
1230844811820,5.8276,-8.9690,0.7947,-1.0470,1.7850,-0.5780
1230844811829,5.5667,-8.9403,0.9598,-0.9285,1.7410,-0.5719
1230844811839,5.2533,-8.4665,0.9574,-0.7733,1.6445,-0.6036
1230844811848,5.1001,-8.2368,0.8474,-0.6084,1.5199,-0.5938
1230844811858,5.1480,-8.2129,0.8234,-0.4837,1.4051,-0.5376
1230844811868,5.3083,-7.7128,0.9216,-0.4642,1.2756,-0.5303
1230844811877,5.5954,-7.3610,1.1345,-0.4691,1.1570,-0.5486
1230844811887,5.7701,-7.4759,1.2326,-0.4923,1.1008,-0.5291
1230844811896,5.8706,-7.5118,1.4480,-0.5412,1.0776,-0.5108
1230844811906,5.8898,-7.2581,1.3307,-0.5338,1.0263,-0.5499
1230844811916,6.1003,-7.3706,1.0699,-0.4398,0.9567,-0.5719
1230844811925,6.3085,-8.0693,1.1130,-0.2797,0.9200,-0.5267
1230844811934,6.2487,-8.2727,1.3546,-0.0696,0.8565,-0.4973
1230844811944,6.3085,-7.6290,1.4073,0.2212,0.7172,-0.5535
1230844811954,6.5239,-6.7245,1.5054,0.4899,0.5755,-0.6232
1230844811964,6.6435,-5.8559,1.5485,0.5193,0.4448,-0.6403
1230844811973,6.9426,-5.3343,1.5078,0.2627,0.3580,-0.6171
1230844811983,7.2010,-5.4228,1.2518,-0.1258,0.3177,-0.5841
1230844811992,7.4307,-6.3154,1.1082,-0.4520,0.2957,-0.5511
1230844812002,7.5025,-7.2557,0.9550,-0.6304,0.2640,-0.5584
1230844812012,7.4331,-7.6721,0.9240,-0.6206,0.2017,-0.6109
1230844812021,7.3111,-7.3347,1.0292,-0.4715,0.1100,-0.6647
1230844812031,7.3279,-6.1574,1.0364,-0.2541,-0.0341,-0.6953
1230844812041,7.6365,-5.3941,0.8952,-0.0928,-0.1905,-0.6684
1230844812050,8.4262,-5.4827,0.1870,-0.1771,-0.2785,-0.5572
1230844812060,9.0220,-6.4565,-0.7774,-0.3298,-0.2565,-0.4069
1230844812069,9.0100,-7.6147,-0.7797,-0.2186,-0.2149,-0.3629
1230844812079,8.5602,-8.2392,-0.0356,0.2236,-0.2760,-0.3532
1230844812089,8.5697,-7.4807,0.5722,0.6805,-0.4666,-0.2896
1230844812098,8.9358,-6.3154,0.8593,0.9957,-0.6315,-0.1931
1230844812108,9.0148,-5.4037,1.1058,1.1326,-0.6975,-0.1198
1230844812117,8.9191,-4.8246,1.3283,1.1204,-0.7048,-0.0575
1230844812127,8.8090,-5.0663,1.2685,1.0825,-0.7305,0.0647
1230844812137,8.8904,-5.7195,1.0268,1.0556,-0.7598,0.1905
1230844812146,9.0387,-6.4972,0.7588,1.1301,-0.7855,0.2992
1230844812156,9.0985,-6.4470,0.7325,1.3293,-0.8221,0.3615
1230844812165,9.0268,-6.0354,0.6703,1.6286,-0.9297,0.4397
1230844812175,9.0483,-5.7650,0.5339,1.9255,-1.0469,0.5472
1230844812185,9.0100,-5.6669,0.5746,2.1490,-1.1373,0.6511
1230844812194,8.8282,-5.3726,0.7684,2.3311,-1.2314,0.7305
1230844812204,8.7444,-5.3295,0.8139,2.5327,-1.3548,0.8356
1230844812213,8.8736,-5.4659,0.8833,2.7514,-1.4758,0.9773
1230844812223,9.1344,-5.2577,1.1608,2.9530,-1.5588,1.0848
1230844812233,9.1823,-5.2410,1.1848,3.1912,-1.6443,1.1862
1230844812242,9.4790,-5.3104,1.1943,3.4221,-1.7030,1.2913
1230844812252,9.8666,-5.0328,1.3977,3.6163,-1.7360,1.3902
1230844812262,10.0796,-4.5614,1.5533,3.7898,-1.7861,1.4843
1230844812271,10.1801,-4.1235,1.4528,3.8534,-1.8191,1.5735
1230844812281,10.1921,-3.8053,1.2135,3.7862,-1.8081,1.6407
1230844812290,10.0365,-3.7646,1.0532,3.7007,-1.7787,1.6834
1230844812300,9.8666,-4.0015,1.0962,3.6603,-1.7604,1.7042
1230844812308,9.7063,-4.2719,1.4097,3.7434,-1.7458,1.7189
1230844812317,9.5508,-4.0637,1.6729,3.9450,-1.8056,1.7237
1230844812327,9.4958,-3.3578,2.0103,4.1319,-1.8972,1.7213
1230844812336,9.4359,-2.4701,2.4218,4.1942,-1.9742,1.7457
1230844812346,9.4383,-1.5464,2.7784,4.0562,-2.0231,1.7604
1230844812358,9.4910,-0.9435,3.1588,3.7397,-2.0121,1.7592
1230844812367,9.5699,-0.9746,3.5656,3.3524,-1.9571,1.7763
1230844812377,9.7303,-1.2761,3.8910,2.9725,-1.8814,1.7885
1230844812387,9.8212,-1.2809,4.1734,2.6891,-1.8068,1.7641
1230844812396,9.7566,-1.0224,4.5156,2.5009,-1.7714,1.7555
1230844812406,9.3929,-0.7281,4.4007,2.2785,-1.7763,1.7604
1230844812416,9.2876,-1.2282,4.2667,1.9169,-1.7836,1.7616
1230844812425,9.7542,-2.6160,4.5347,1.4905,-1.6309,1.7641
1230844812435,9.9001,-3.9465,4.8625,1.3122,-1.4403,1.7445
1230844812444,9.7255,-4.5040,5.0181,1.5467,-1.3890,1.7066
1230844812454,9.4694,-4.3341,4.7955,2.0293,-1.4782,1.7360
1230844812463,9.4144,-3.3841,4.8841,2.4019,-1.5491,1.7836
1230844812473,9.4670,-1.8958,5.2669,2.4642,-1.5307,1.7922
1230844812483,9.4742,-0.7329,5.8795,2.2395,-1.4355,1.7812
1230844812492,9.2613,-0.2998,6.3772,1.8742,-1.3182,1.7763
1230844812502,8.9454,-0.2639,6.7002,1.4649,-1.2265,1.7457
1230844812512,8.4549,-0.0198,6.5447,0.9847,-1.2131,1.7177
1230844812521,8.5291,0.2482,6.6380,0.4240,-1.2791,1.6663
1230844812530,9.1560,-0.0868,6.7457,-0.2113,-1.1593,1.5918
1230844812540,9.4431,-1.0727,6.8223,-0.8222,-0.9077,1.5283
1230844812548,9.2158,-2.3409,7.0017,-1.2204,-0.6584,1.4550
1230844812560,8.5961,-3.3363,6.7050,-1.2901,-0.5778,1.3988
1230844812569,8.2108,-3.8172,6.6236,-1.1716,-0.6035,1.3389
1230844812579,7.9476,-3.5875,6.6213,-1.0347,-0.6572,1.2436
1230844812588,7.8878,-2.9080,6.3700,-0.9785,-0.7256,1.1288
1230844812598,8.0744,-2.6591,6.0350,-1.0066,-0.7501,1.0701
1230844812608,8.1271,-2.8099,5.5182,-1.1435,-0.7134,1.0591
1230844812617,8.2084,-2.9630,4.9271,-1.3744,-0.6291,0.9919
1230844812627,8.4022,-3.3028,4.6017,-1.6419,-0.4984,0.8893
1230844812636,8.4740,-4.1092,4.4940,-1.7934,-0.3261,0.8233
1230844812646,8.3328,-5.0567,4.2332,-1.7861,-0.1807,0.7757
1230844812655,8.2084,-5.8176,4.4151,-1.5882,-0.0916,0.7293
1230844812664,7.9141,-6.2340,4.0920,-1.2241,-0.0781,0.6902
1230844812675,7.9596,-5.9708,3.7140,-0.8087,-0.1123,0.6217
1230844812684,8.0481,-5.4563,3.2976,-0.3909,-0.1270,0.5399
1230844812694,8.1725,-5.0615,3.4101,-0.0794,-0.0634,0.4800
1230844812704,8.2563,-4.7050,3.7044,0.0123,0.0563,0.4275
1230844812713,8.3663,-4.4848,3.9485,-0.0977,0.1931,0.3689
1230844812723,8.4597,-4.5207,4.0872,-0.3029,0.3299,0.3041
1230844812732,8.3927,-4.7528,4.0920,-0.5729,0.4655,0.2479
1230844812742,8.2563,-4.9586,3.9198,-0.8710,0.5926,0.1929
1230844812751,8.1127,-5.2338,3.7762,-1.1533,0.7258,0.1331
1230844812761,7.8519,-5.5520,3.7307,-1.3402,0.8712,0.0659
1230844812770,7.5241,-5.8655,3.8671,-1.4098,0.9970,-0.0025
1230844812780,7.2872,-5.9540,3.9245,-1.3964,1.0727,-0.0661
1230844812788,7.1891,-5.8727,3.9341,-1.3487,1.1363,-0.1149
1230844812797,7.0862,-5.8296,3.9245,-1.2705,1.2133,-0.1687
1230844812808,6.8804,-5.7722,3.7762,-1.2339,1.2963,-0.2383
1230844812819,6.7177,-5.6860,3.6087,-1.3243,1.3818,-0.3177
1230844812828,6.5478,-5.5616,3.5584,-1.4807,1.4955,-0.3971
1230844812838,6.4234,-5.4683,3.4388,-1.6688,1.5981,-0.4790
1230844812848,6.3444,-5.3917,3.3263,-1.8973,1.6836,-0.5706
1230844812855,6.3492,-5.6071,3.2139,-2.0940,1.7826,-0.6549
1230844812865,6.3994,-6.2579,3.0344,-2.2552,1.9121,-0.7038
1230844812874,6.4329,-7.0212,2.9100,-2.3713,2.0526,-0.7148
1230844812884,6.3683,-7.6003,2.6755,-2.4080,2.1747,-0.7209
1230844812894,6.2080,-7.9018,2.4266,-2.3383,2.2529,-0.7478
1230844812906,5.9687,-7.9473,2.2496,-2.1856,2.2945,-0.7722
1230844812914,5.7773,-7.7558,1.9265,-2.0378,2.3006,-0.7893
1230844812922,5.6433,-7.6099,1.6633,-1.9413,2.2993,-0.8015
1230844812933,5.5763,-7.5381,1.6011,-1.8948,2.3152,-0.8138
1230844812942,5.5572,-7.6793,1.8332,-1.8826,2.3763,-0.8260
1230844812954,5.3562,-7.9090,2.1132,-1.8435,2.4728,-0.8443
1230844812963,5.2652,-8.0525,2.2185,-1.7641,2.5706,-0.8675
1230844812973,5.2006,-8.1650,1.9241,-1.5857,2.6097,-0.8712
1230844812982,5.1958,-8.0860,1.5820,-1.3536,2.5926,-0.8785
1230844812992,5.2892,-7.8874,1.2422,-1.1190,2.5706,-0.9054
1230844813001,5.2987,-7.9162,1.0220,-0.9150,2.5718,-0.9261
1230844813010,5.2940,-7.9544,1.0699,-0.8380,2.5718,-0.9323
1230844813019,5.2844,-7.8348,1.1465,-0.8649,2.5547,-0.9482
1230844813030,5.3155,-7.7845,1.4049,-0.9272,2.5400,-0.9652
1230844813038,5.1887,-7.7845,1.5891,-1.0005,2.5290,-0.9750
1230844813049,5.0618,-7.7917,1.6801,-1.1044,2.5009,-0.9787
1230844813059,5.0547,-7.7343,1.5868,-1.2119,2.4692,-0.9665
1230844813069,5.2102,-7.6960,1.4647,-1.2718,2.4435,-0.9433
1230844813078,5.3059,-7.7917,1.5676,-1.2534,2.4374,-0.9274
1230844813087,5.2557,-7.8372,1.6849,-1.1875,2.4301,-0.9274
1230844813095,5.0690,-7.7678,1.6227,-1.1630,2.3837,-0.9261
1230844813154,5.0116,-7.5859,1.3259,-1.1740,2.2932,-0.9188
1230844813155,5.0666,-7.5979,1.0340,-1.1924,2.2126,-0.9017
1230844813156,5.0714,-7.8707,1.1058,-1.1838,2.1601,-0.8968
1230844813157,5.0547,-8.2416,1.2757,-1.1533,2.1234,-0.9054
1230844813158,5.0188,-8.3684,1.3403,-1.1349,2.0391,-0.8932
1230844813158,5.1217,-8.2320,1.4743,-1.1410,1.9292,-0.8553
1230844813164,5.5093,-8.1507,1.4599,-1.1435,1.8388,-0.7930
1230844813172,5.6577,-8.3899,1.2900,-1.0909,1.8107,-0.7331
1230844813184,5.5428,-8.6268,1.5772,-1.0140,1.7765,-0.7038
1230844813193,5.1432,-8.5191,1.5772,-0.9174,1.6983,-0.7087
1230844813203,4.8297,-8.2990,1.6777,-0.8112,1.5871,-0.7099
1230844813213,4.6168,-8.2248,1.7949,-0.6694,1.4490,-0.7063
1230844813222,4.6407,-7.8683,1.6849,-0.5961,1.2829,-0.7160
1230844813232,4.7604,-7.2151,1.4336,-0.6377,1.1045,-0.7380
1230844813241,5.1312,-6.7676,1.4193,-0.7647,0.9494,-0.7576
1230844813251,5.6313,-6.7604,1.3929,-0.9431,0.8907,-0.7514
1230844813259,5.8682,-7.4400,1.3570,-1.0506,0.9005,-0.7343
1230844813270,6.0525,-8.4521,1.5006,-1.0213,0.8944,-0.7233
1230844813280,6.0956,-9.0838,1.6968,-0.8845,0.8369,-0.7123
1230844813289,5.9951,-8.9762,1.8260,-0.6499,0.7111,-0.7038
1230844813299,5.8969,-8.3971,1.8643,-0.3714,0.5560,-0.7111
1230844813308,5.8754,-7.5524,1.8236,-0.1698,0.4155,-0.7209
1230844813318,5.9592,-6.7963,1.6322,-0.1233,0.3250,-0.7307
1230844813326,6.0860,-6.5642,1.4671,-0.2028,0.2750,-0.7282
1230844813338,6.3635,-6.6958,1.3977,-0.3481,0.2432,-0.7307
1230844813347,6.6842,-6.9566,1.1656,-0.4337,0.2408,-0.7356
1230844813356,6.8110,-7.4280,1.0699,-0.3384,0.2456,-0.7405
1230844813366,6.8325,-7.7319,1.0843,-0.1514,0.2114,-0.7588
1230844813374,6.9857,-7.6481,1.1489,0.0391,0.1332,-0.7698
1230844813383,7.1986,-7.3156,1.1130,0.2114,0.0502,-0.7600
1230844813393,7.4619,-6.9375,0.8928,0.3103,-0.0305,-0.7551
1230844813403,7.6844,-6.8202,0.4765,0.3275,-0.0989,-0.7343
1230844813415,7.8184,-6.7389,0.2109,0.2957,-0.1392,-0.7001
1230844813424,7.9141,-7.0811,0.0769,0.3604,-0.1856,-0.6525
1230844813434,8.1271,-7.4687,0.1319,0.4765,-0.2540,-0.5804
1230844813443,8.4238,-7.4041,0.3473,0.5632,-0.3249,-0.5108
1230844813453,8.6272,-7.0093,0.6727,0.6537,-0.4031,-0.4472
1230844813463,8.7516,-6.4589,0.7732,0.7221,-0.4813,-0.3703
1230844813472,8.7516,-6.3393,0.8139,0.8161,-0.5497,-0.2579
1230844813481,8.7133,-6.4685,0.8234,0.9236,-0.6181,-0.1504
1230844813489,8.7468,-6.7628,0.6464,1.0910,-0.6926,-0.0379
1230844813500,8.7755,-7.0212,0.6153,1.2743,-0.7867,0.0781
1230844813510,8.8808,-6.7221,0.6057,1.3439,-0.8490,0.1832
1230844813520,8.8999,-6.3895,0.6990,1.4148,-0.8991,0.2907
1230844813529,8.8114,-6.4398,0.7229,1.5785,-0.9712,0.4189
1230844813537,8.8449,-6.5522,0.7899,1.7166,-1.0201,0.5485
1230844813548,8.8640,-6.5499,1.0029,1.8656,-1.0604,0.6804
1230844813559,8.8832,-6.2651,1.1201,2.0379,-1.1508,0.8050
1230844813568,8.9645,-5.7339,1.0508,2.1442,-1.2619,0.9137
1230844813578,9.0555,-5.0807,0.9431,2.1808,-1.3365,0.9956
1230844813588,9.1009,-4.6691,0.9096,2.1967,-1.3792,1.0616
1230844813597,9.0650,-4.7050,0.7947,2.2676,-1.4147,1.1361
1230844813607,9.0985,-5.0591,0.8330,2.4129,-1.4550,1.2143
1230844813616,9.1631,-5.1572,1.0508,2.5437,-1.4978,1.2852
1230844813626,9.4096,-4.6858,1.3020,2.6292,-1.5564,1.3340
1230844813636,9.6202,-4.3796,1.4576,2.7049,-1.6089,1.3853
1230844813646,9.7470,-4.3939,1.5844,2.7440,-1.6358,1.4538
1230844813655,9.7255,-4.3317,1.8069,2.7257,-1.6443,1.4965
1230844813664,9.6417,-4.1522,1.9361,2.7123,-1.6676,1.5381
1230844813674,9.6465,-3.9153,2.1706,2.6707,-1.7018,1.5796
1230844813684,9.5771,-3.7646,2.2496,2.5962,-1.7225,1.6150
1230844813693,9.4024,-3.7120,1.6585,2.5021,-1.7604,1.6333
1230844813701,9.3594,-3.7742,1.3666,2.4728,-1.7983,1.6126
1230844813712,9.3594,-3.5397,1.4815,2.5400,-1.8203,1.5698
1230844813722,9.3570,-2.9941,1.8978,2.6854,-1.8508,1.5136
1230844813731,9.3019,-2.7620,2.2759,2.8747,-1.8899,1.4794
1230844813741,9.2517,-2.9821,2.8358,3.1069,-1.9217,1.4818
1230844813751,9.3785,-2.9582,3.4914,3.2840,-1.9595,1.4843
1230844813761,9.5029,-2.5610,3.7618,3.3818,-1.9864,1.4818
1230844813770,9.5005,-2.1901,3.4651,3.4539,-2.0268,1.5014
1230844813780,9.5293,-1.7690,3.4579,3.4282,-2.0549,1.5136
1230844813789,9.3809,-1.4412,3.2474,3.2620,-2.0891,1.5185
1230844813799,9.5508,-1.7139,3.3263,2.9530,-2.0768,1.5381
1230844813809,9.8714,-2.4964,3.5465,2.6158,-2.0084,1.5527
1230844813818,10.0605,-3.2813,3.7547,2.4129,-1.9046,1.5478
1230844813828,9.9552,-4.0470,4.1112,2.4973,-1.8508,1.5698
1230844813838,9.7542,-4.0948,4.1901,2.7770,-1.8875,1.6138
1230844813847,9.8403,-3.3913,4.6113,3.0434,-1.9180,1.6443
1230844813857,9.8810,-2.5443,4.9176,3.2083,-1.9021,1.6798
1230844813867,9.9193,-1.7786,5.1521,3.1582,-1.8374,1.7213
1230844813874,9.8427,-1.3215,5.4081,2.9652,-1.7421,1.7567
1230844813884,9.6058,-0.8310,5.4344,2.6719,-1.6774,1.7677
1230844813894,9.4240,-0.3261,5.9943,2.2541,-1.6456,1.7616
1230844813903,9.1967,0.0950,6.7816,1.6555,-1.6443,1.7421
1230844813913,9.4312,0.1572,7.6837,0.8528,-1.5405,1.7030
1230844813924,9.5484,-0.3572,7.5018,0.0037,-1.3426,1.6908
1230844813933,9.6321,-1.1277,7.2625,-0.6609,-1.1349,1.6602
1230844813942,9.4718,-1.6589,7.1716,-1.0396,-0.9565,1.5625
1230844813953,9.0627,-1.5058,7.0974,-1.2486,-0.8392,1.4220
1230844813962,8.6654,-1.0583,6.8438,-1.4648,-0.7598,1.2790
1230844813972,8.1582,-0.9339,6.0757,-1.7079,-0.7329,1.1788
1230844813981,8.1127,-1.6182,5.2334,-1.9718,-0.7183,1.1031
1230844813991,8.3376,-2.6160,4.6520,-2.2418,-0.6157,1.0201
1230844814001,8.4286,-3.5253,4.3768,-2.4642,-0.4483,0.9174
1230844814010,8.5506,-4.6380,4.5682,-2.4788,-0.2760,0.8148
1230844814020,8.3687,-6.0091,4.4390,-2.2088,-0.1697,0.7549
1230844814029,8.2204,-7.1361,4.5132,-1.7104,-0.1282,0.7036
1230844814039,8.1845,-7.3730,4.8434,-1.1056,-0.1111,0.6401
1230844814049,8.0170,-6.1407,4.6208,-0.5375,-0.1526,0.5240
1230844814058,8.0936,-4.9227,4.3864,-0.1331,-0.2162,0.4189
1230844814067,8.1558,-4.2480,4.1255,-0.0268,-0.1978,0.4214
1230844814077,8.2419,-3.7933,4.1351,-0.3017,-0.0525,0.4018
1230844814087,8.2658,-3.6545,4.2787,-0.8026,0.1711,0.3249
1230844814097,8.1247,-3.9967,4.4151,-1.3316,0.4301,0.2369
1230844814106,7.8686,-4.6356,4.5850,-1.7470,0.6659,0.1563
1230844814116,7.5193,-5.3104,4.7477,-1.9791,0.8369,0.0903
1230844814126,7.2058,-5.6382,4.7764,-2.0390,0.9347,0.0207
1230844814135,7.0120,-5.6932,4.5204,-1.9828,0.9726,-0.0636
1230844814145,7.0359,-5.7770,4.2954,-1.8851,1.0068,-0.1442
1230844814154,7.1316,-5.7865,4.1016,-1.8447,1.0703,-0.2078
1230844814164,7.1269,-5.7889,3.8097,-1.9070,1.1632,-0.2615
1230844814173,7.0287,-5.8775,3.5896,-2.0305,1.2804,-0.3104
1230844814183,6.8589,-6.2723,3.3479,-2.1135,1.4246,-0.3556
1230844814193,6.7081,-6.9088,3.2378,-2.1221,1.5651,-0.3861
1230844814203,6.5287,-7.3778,3.3024,-2.0549,1.6885,-0.4167
1230844814212,6.3061,-7.4352,3.3790,-1.9144,1.7801,-0.4717
1230844814222,6.0525,-7.3371,3.3862,-1.6994,1.8266,-0.5254
1230844814231,5.9400,-7.2629,3.2211,-1.4892,1.8436,-0.5670
1230844814241,5.9113,-7.1409,3.0009,-1.3414,1.8620,-0.6012
1230844814250,5.8730,-7.0284,2.9722,-1.2693,1.9035,-0.6513
1230844814260,5.8778,-6.9447,2.9435,-1.2803,1.9670,-0.7123
1230844814270,5.8563,-7.0308,2.7688,-1.3158,2.0367,-0.7600
1230844814280,5.9065,-7.3969,2.8717,-1.3243,2.1246,-0.7942
1230844814289,5.8587,-7.7654,2.8382,-1.2950,2.2053,-0.8162
1230844814299,5.7749,-7.9018,2.8406,-1.2119,2.2603,-0.8357
1230844814308,5.5763,-7.8779,2.7903,-1.0714,2.2920,-0.8553
1230844814318,5.3562,-7.7199,2.6540,-0.9138,2.3018,-0.8773
1230844814327,5.2485,-7.4519,2.4912,-0.8002,2.3067,-0.9078
1230844814337,5.2365,-7.2605,2.4554,-0.7256,2.3165,-0.9396
1230844814346,5.2413,-7.1696,2.2974,-0.7256,2.3336,-0.9738
1230844814356,5.2796,-7.2174,2.2280,-0.7819,2.3531,-1.0007
1230844814366,5.3538,-7.4376,2.1993,-0.8515,2.3653,-1.0153
1230844814376,5.3969,-7.7750,2.2567,-0.8955,2.3665,-1.0190
1230844814385,5.4591,-7.9640,2.2855,-0.9150,2.3556,-1.0141
1230844814393,5.5452,-8.0597,2.2567,-0.9004,2.3360,-1.0056
1230844814402,5.6002,-8.1698,2.2065,-0.8429,2.3189,-0.9970
1230844814413,5.6624,-8.1746,2.1180,-0.7879,2.2920,-0.9897
1230844814422,5.6983,-8.1363,1.9265,-0.7599,2.2615,-0.9750
1230844814431,5.6744,-8.0836,1.8811,-0.7489,2.2297,-0.9542
1230844814443,5.6529,-8.0334,1.8213,-0.7623,2.1833,-0.9249
1230844814453,5.7031,-8.1267,1.6897,-0.7990,2.1430,-0.8883
1230844814462,5.6792,-8.2727,1.7351,-0.8258,2.1051,-0.8406
1230844814471,5.6074,-8.2966,1.8906,-0.8283,2.0501,-0.8199
1230844814479,5.5739,-8.1100,1.9935,-0.7806,1.9976,-0.8162
1230844814491,5.5524,-7.7415,2.2113,-0.7061,1.9512,-0.8150
1230844814501,5.3897,-7.2438,2.3190,-0.6157,1.8974,-0.8419
1230844814510,5.2987,-6.8130,2.1443,-0.6035,1.8204,-0.8699
1230844814520,5.2437,-6.8202,1.9792,-0.6646,1.7508,-0.8651
1230844814529,5.3873,-7.1815,1.8548,-0.7892,1.7031,-0.8394
1230844814538,5.5428,-7.7965,1.7878,-0.8808,1.6848,-0.8101
1230844814548,5.6840,-8.2081,1.9457,-0.8869,1.6384,-0.8150
1230844814557,5.7175,-8.2057,1.9433,-0.8063,1.5700,-0.8357
1230844814567,5.6696,-7.9066,1.8093,-0.6475,1.4796,-0.8431
1230844814577,5.5787,-7.3060,1.8811,-0.5302,1.3769,-0.8773
1230844814587,5.5715,-6.5833,1.9720,-0.4899,1.2597,-0.9164
1230844814596,5.7294,-6.0593,1.8428,-0.6255,1.1424,-0.9176
1230844814606,6.0884,-6.1000,1.8906,-0.8784,1.0886,-0.8834
1230844814615,6.4736,-6.7054,1.7949,-1.0690,1.1045,-0.8528
1230844814626,6.5957,-7.4519,1.8835,-1.0922,1.1290,-0.8797
1230844814635,6.4617,-7.7175,2.0175,-0.9712,1.1021,-0.9604
1230844814644,6.3588,-7.4854,1.9864,-0.7550,0.9982,-1.0190
1230844814654,6.5215,-7.2940,1.9720,-0.5681,0.8736,-1.0129
1230844814664,6.7249,-6.8059,1.7040,-0.5277,0.7466,-0.9836
1230844814673,7.0934,-6.0378,1.2613,-0.6108,0.6366,-0.9738
1230844814683,7.2393,-5.6645,0.8904,-0.6951,0.5511,-0.9628
1230844814693,7.2489,-5.5114,0.6559,-0.8454,0.4655,-0.9408
1230844814702,7.3015,-5.7818,0.4214,-1.0421,0.3739,-0.9164
1230844814712,7.4953,-6.3943,0.2994,-1.2144,0.2725,-0.8748
1230844814721,7.6820,-6.8513,0.3066,-1.3035,0.1687,-0.8394
1230844814731,8.0194,-6.9542,0.0601,-1.2583,0.0245,-0.7832
1230844814741,8.2970,-7.1648,-0.2773,-1.0408,-0.1184,-0.6904
1230844814750,8.4549,-7.4256,-0.8396,-0.6719,-0.2394,-0.6036
1230844814760,8.5578,-8.0190,-0.9927,-0.2272,-0.3420,-0.5071
1230844814769,8.5314,-8.3516,-0.8587,0.2358,-0.4617,-0.4081
1230844814779,8.5410,-8.0813,-0.3873,0.6903,-0.6071,-0.3214
1230844814789,8.6343,-7.3012,0.0697,1.1020,-0.7659,-0.2115
1230844814798,8.7133,-6.4709,0.4837,1.4368,-0.9187,-0.0795
1230844814808,8.7659,-5.8296,0.7182,1.6249,-1.0274,0.0610
1230844814818,8.9598,-5.6262,0.8761,1.6555,-1.0872,0.2149
1230844814827,9.1033,-5.6406,0.6942,1.6066,-1.1129,0.3530
1230844814837,9.1727,-5.9469,0.6583,1.5663,-1.1080,0.4654
1230844814846,9.1703,-6.2651,0.7253,1.5846,-1.1117,0.5656
1230844814856,9.1392,-6.2675,0.8091,1.7080,-1.1434,0.6376
1230844814866,9.0938,-6.1502,0.9216,1.9255,-1.2106,0.7256
1230844814875,9.1751,-5.8631,0.9646,2.1747,-1.2986,0.8307
1230844814885,9.2565,-5.5544,1.1297,2.4019,-1.3927,0.9431
1230844814892,9.3259,-5.1237,1.2398,2.5754,-1.4806,1.0445
1230844814902,9.5005,-4.8557,1.2829,2.6891,-1.5723,1.1520
1230844814912,9.7087,-4.7313,1.3116,2.7489,-1.6492,1.2644
1230844814921,9.8930,-4.4155,1.3882,2.7392,-1.6981,1.3389
1230844814931,9.8978,-4.1451,1.6059,2.7220,-1.7323,1.3963
1230844814942,9.8523,-4.0278,1.6035,2.7220,-1.7702,1.4501
1230844814952,9.7446,-4.1881,1.6011,2.7514,-1.7959,1.5161
1230844814962,9.6489,-4.3126,1.9505,2.7978,-1.8203,1.5686
1230844814971,9.7111,-4.0876,2.3644,2.8393,-1.8594,1.6028
1230844814981,9.7015,-4.0254,2.0725,2.9041,-1.8997,1.6443
1230844814991,9.7207,-4.1857,2.0366,3.0116,-1.9241,1.6993
1230844815000,9.7757,-3.9943,2.1921,3.1338,-1.9645,1.7360
1230844815010,9.8188,-3.5014,2.4051,3.2645,-1.9999,1.7409
1230844815020,9.6489,-3.0946,2.5391,3.3952,-2.0255,1.7592
1230844815029,9.5364,-2.9630,2.8430,3.4868,-2.0353,1.7800
1230844815039,9.5125,-2.8434,3.2881,3.5149,-2.0255,1.7922
1230844815048,9.5340,-2.6878,3.5967,3.5064,-2.0182,1.7971
1230844815058,9.4910,-2.4940,3.4460,3.4551,-2.0292,1.8300
1230844815067,9.5293,-2.4892,3.4675,3.3891,-2.0402,1.8545
1230844815077,9.6130,-2.3145,3.2976,3.2584,-2.0365,1.8484
1230844815086,9.7303,-2.3241,3.4819,3.0482,-1.9889,1.8484
1230844815096,9.7087,-2.2667,3.8121,2.8100,-1.9144,1.8239
1230844815106,9.3929,-2.4318,4.0011,2.6328,-1.8569,1.7971
1230844815115,9.1703,-2.7453,4.1064,2.5400,-1.8337,1.8032
1230844815124,9.1990,-2.9319,4.0538,2.4924,-1.8447,1.8093
1230844815134,9.3905,-2.7883,4.0705,2.4313,-1.8423,1.7861
1230844815144,9.4646,-2.5514,4.4964,2.3506,-1.7995,1.7543
1230844815154,9.3976,-2.3528,4.6831,2.2627,-1.7653,1.7299
1230844815163,9.4072,-2.2691,4.8171,2.1930,-1.7274,1.7054
1230844815172,9.3354,-2.1447,4.7668,2.0880,-1.6957,1.6761
1230844815183,9.3570,-1.7187,5.0540,1.9133,-1.6553,1.6187
1230844815192,9.3187,-1.0559,5.7646,1.6811,-1.5772,1.5381
1230844815202,9.1153,-0.6180,6.4227,1.3488,-1.4929,1.4892
1230844815211,8.9789,-0.4458,6.8893,0.9017,-1.3963,1.4489
1230844815221,8.8162,-0.1395,6.8916,0.3482,-1.3120,1.3780
1230844815231,8.7372,0.2577,6.5734,-0.2663,-1.2302,1.2778
1230844815240,8.9717,0.3774,6.5447,-0.9089,-1.0970,1.1679
1230844815250,9.1273,-0.1132,6.7648,-1.4905,-0.8576,1.0481
1230844815259,8.8856,-0.9626,6.6021,-1.9474,-0.6083,0.9296
1230844815269,8.4381,-2.0346,6.1977,-2.2614,-0.4495,0.8233
1230844815279,8.0194,-3.0204,5.7335,-2.4128,-0.3982,0.7500
1230844815288,7.8495,-3.7814,5.2789,-2.4642,-0.4092,0.6938
1230844815298,7.9715,-4.4705,4.8697,-2.4605,-0.4129,0.6254
1230844815307,8.3041,-5.1812,4.4773,-2.3945,-0.3762,0.5692
1230844815317,8.6295,-5.9780,4.1495,-2.2186,-0.3078,0.5265
1230844815327,8.8521,-6.8920,4.0394,-1.9303,-0.2247,0.5081
1230844815337,8.7970,-7.5548,4.3935,-1.5259,-0.1319,0.5228
1230844815346,8.7157,-7.4448,4.3241,-1.0873,-0.0977,0.5167
1230844815356,8.7037,-6.8083,3.9987,-0.6010,-0.0744,0.4617
1230844815365,8.8353,-6.5738,3.7068,-0.1197,-0.0439,0.4617
1230844815375,8.9095,-6.3943,3.7953,0.2077,0.0318,0.5289
1230844815385,8.8258,-5.9684,4.0226,0.2933,0.1454,0.5228
1230844815394,8.6008,-5.2745,4.2906,0.2163,0.2884,0.4483
1230844815404,8.3185,-4.6882,4.5562,0.0330,0.4399,0.3774
1230844815411,8.0313,-4.3245,4.7883,-0.2052,0.5889,0.3224
1230844815421,7.6605,-4.1140,4.8434,-0.4679,0.7099,0.2418
1230844815431,7.3087,-3.9919,4.8314,-0.7269,0.8052,0.1233
1230844815441,7.0599,-3.9991,4.6424,-0.9920,0.8821,0.0085
1230844815450,6.9665,-4.0828,4.5060,-1.2608,0.9554,-0.0905
1230844815461,6.9809,-4.2886,4.3433,-1.5271,1.0397,-0.1931
1230844815471,6.9474,-4.5303,4.1997,-1.7592,1.1277,-0.2945
1230844815480,6.8397,-4.8174,4.0250,-1.9547,1.2181,-0.3776
1230844815488,6.7249,-5.0591,3.8432,-2.1465,1.2951,-0.4497
1230844815500,6.6292,-5.3128,3.6063,-2.2895,1.3757,-0.5242
1230844815510,6.5861,-5.5784,3.3311,-2.3933,1.4686,-0.5914
1230844815519,6.5741,-5.8751,3.0799,-2.4532,1.5614,-0.6574
1230844815530,6.6004,-6.1263,2.8262,-2.4813,1.6470,-0.7185
1230844815538,6.6507,-6.4470,2.6659,-2.4801,1.7300,-0.7649
1230844815547,6.6244,-6.8178,2.5415,-2.4190,1.8253,-0.7905
1230844815558,6.5741,-7.1098,2.5032,-2.3151,1.9121,-0.8076
1230844815567,6.4712,-7.3156,2.3884,-2.1795,1.9793,-0.8248
1230844815577,6.3947,-7.3921,2.3668,-2.0146,2.0440,-0.8480
1230844815586,6.2918,-7.2940,2.1730,-1.8399,2.1027,-0.8785
1230844815596,6.2224,-7.1313,2.0558,-1.6749,2.1515,-0.9176
1230844815605,6.1243,-7.0739,2.0940,-1.5247,2.1992,-0.9592
1230844815614,5.9615,-7.0308,2.1275,-1.4440,2.2383,-0.9909
1230844815625,5.8156,-6.8968,2.2065,-1.4220,2.2725,-1.0288
1230844815634,5.7630,-6.8848,2.2209,-1.4013,2.3189,-1.0777
1230844815644,5.7964,-6.9710,2.2017,-1.3793,2.3714,-1.1228
1230844815653,5.9544,-7.2174,2.1945,-1.3609,2.4350,-1.1534
1230844815662,6.0453,-7.7606,2.2496,-1.2791,2.5058,-1.1656
1230844815672,6.0238,-8.1937,2.2233,-1.1850,2.5547,-1.1668
1230844815682,5.9592,-8.3445,2.2304,-1.0763,2.5706,-1.1742
1230844815692,5.8993,-8.1722,2.3525,-0.9138,2.5694,-1.1925
1230844815701,5.8682,-7.8109,2.4123,-0.7379,2.5437,-1.2206
1230844815711,5.9065,-7.3778,2.4506,-0.6243,2.5083,-1.2389
1230844815721,6.0429,-7.1935,2.3860,-0.6365,2.4655,-1.2279
1230844815730,6.2080,-7.1815,2.2974,-0.7831,2.4472,-1.1876
1230844815740,6.2798,-7.3586,2.2711,-0.9382,2.4777,-1.1473
1230844815749,6.0597,-7.6314,2.3285,-1.0201,2.4997,-1.1338
1230844815759,5.8323,-7.6481,2.3477,-1.0189,2.4631,-1.1473
1230844815769,5.7869,-7.6936,2.3764,-0.9480,2.3849,-1.1461
1230844815778,5.9137,-7.7128,2.2735,-0.8710,2.3042,-1.1241
1230844815788,6.1171,-7.6625,2.0486,-0.8551,2.2285,-1.1094
1230844815797,6.2870,-7.7223,1.9552,-0.8405,2.1906,-1.0972
1230844815807,6.2918,-8.0023,1.9433,-0.7782,2.1735,-1.0886
1230844815817,6.2439,-8.4354,2.1084,-0.6462,2.1638,-1.0752
1230844815827,6.2008,-8.6388,2.4051,-0.4789,2.1051,-1.0483
1230844815838,6.2080,-8.1339,2.3979,-0.3652,1.9902,-1.0227
1230844815845,6.2989,-7.3826,2.2233,-0.3237,1.8461,-0.9909
1230844815855,6.3779,-6.7484,1.8284,-0.3775,1.7031,-0.9530
1230844815865,6.4401,-6.4589,1.6227,-0.5607,1.6017,-0.9274
1230844815875,6.5215,-6.7126,1.5604,-0.7599,1.5419,-0.9164
1230844815884,6.5143,-7.4089,1.5724,-0.8906,1.4967,-0.9042
1230844815894,6.5143,-7.9903,1.7064,-0.8955,1.4295,-0.8919
1230844815903,6.4904,-8.0262,2.0294,-0.7660,1.3256,-0.9042
1230844815913,6.4951,-7.4472,1.9816,-0.5485,1.1851,-0.9298
1230844815922,6.7249,-6.6743,1.6992,-0.3946,1.0446,-0.9335
1230844815930,6.9809,-6.2507,1.5556,-0.3677,0.9457,-0.9066
1230844815939,7.0383,-6.3201,1.5796,-0.4715,0.8883,-0.8785
1230844815950,6.8708,-6.4828,1.6035,-0.6548,0.8357,-0.8528
1230844815960,6.6818,-6.2125,1.6059,-0.8442,0.7404,-0.8492
1230844815970,6.8182,-5.7458,1.4863,-0.9883,0.6170,-0.8614
1230844815980,7.3207,-6.0186,1.2948,-1.0311,0.5523,-0.8406
1230844815990,7.6605,-6.9734,1.3714,-0.9957,0.5560,-0.7759
1230844816000,7.7944,-7.4807,1.4791,-0.9162,0.5279,-0.7441
1230844816009,7.8591,-7.4567,1.6370,-0.6988,0.4338,-0.7563
1230844816019,7.7801,-7.1552,1.6370,-0.4227,0.3018,-0.7539
1230844816028,7.7251,-6.4613,1.3092,-0.2687,0.1674,-0.7295
1230844816038,7.9021,-5.8152,0.9718,-0.2602,0.0648,-0.6928
1230844816048,8.1582,-5.7148,0.7780,-0.2907,-0.0011,-0.6317
1230844816057,8.3879,-6.1861,0.5937,-0.3604,-0.0439,-0.5547
1230844816067,8.3807,-6.7197,0.4956,-0.3445,-0.0732,-0.4790
1230844816076,8.1869,-6.9231,0.4837,-0.2101,-0.1465,-0.4167
1230844816086,8.1893,-6.8633,0.6559,0.0489,-0.2565,-0.3324
1230844816095,8.3376,-6.5259,1.0053,0.3519,-0.3774,-0.2493
1230844816105,8.6224,-6.0043,1.2015,0.5987,-0.4825,-0.1626
1230844816115,8.8928,-5.6190,1.3092,0.7111,-0.5558,-0.0612
1230844816124,8.9909,-5.5975,1.0005,0.7050,-0.6035,0.0610
1230844816134,8.8066,-5.6430,0.7110,0.6634,-0.6315,0.1673
1230844816143,8.5051,-5.7052,0.6368,0.6720,-0.6682,0.2418
1230844816153,8.5578,-5.5879,0.8593,0.7160,-0.7452,0.3224
1230844816161,8.8353,-5.3367,1.1967,0.7795,-0.8160,0.4006
1230844816170,9.0172,-5.2170,1.4121,0.8821,-0.8893,0.4800
1230844816180,8.9645,-5.4563,1.4647,1.0385,-0.9748,0.5704
1230844816192,8.8856,-5.5042,1.4264,1.1839,-1.0408,0.6584
1230844816201,8.7755,-5.3247,1.2087,1.3415,-1.1202,0.7207
1230844816211,8.7037,-5.2338,1.1465,1.5480,-1.2119,0.7732
1230844816221,8.9119,-5.2314,1.2542,1.7618,-1.3108,0.8380
1230844816230,9.2301,-5.0543,1.2853,1.9426,-1.3963,0.9137
1230844816240,9.4790,-4.8653,1.2709,2.1210,-1.4916,0.9712
1230844816249,9.6058,-4.7935,1.0603,2.2871,-1.5662,1.0457
1230844816258,9.6944,-4.9179,1.0627,2.4545,-1.6211,1.1178
1230844816268,9.6967,-4.9945,1.2039,2.6390,-1.6688,1.1715
1230844816278,9.7733,-5.0424,1.5293,2.8931,-1.7238,1.2289
1230844816288,10.0294,-4.9371,1.8906,3.1594,-1.7885,1.3169
1230844816297,10.3117,-4.4442,2.2017,3.4123,-1.8313,1.4110
1230844816307,10.3931,-3.5995,2.4027,3.6139,-1.8582,1.4806
1230844816317,10.3165,-2.8864,2.3668,3.6909,-1.8765,1.5539
1230844816326,10.2184,-2.3145,2.1371,3.5663,-1.8728,1.6236
1230844816336,10.1155,-2.0178,2.3405,3.2975,-1.8093,1.6749
1230844816346,9.8642,-2.1638,2.3668,3.0446,-1.7568,1.7079
1230844816356,9.4838,-2.5826,2.1993,2.8992,-1.7482,1.7177
1230844816365,9.2613,-2.9534,2.4841,2.8992,-1.7690,1.7287
1230844816374,9.3761,-2.7333,2.9746,3.0104,-1.8130,1.7604
1230844816384,9.7279,-2.1638,3.4005,3.1448,-1.8692,1.7958
1230844816393,10.0700,-1.8527,3.5776,3.2217,-1.8887,1.8325
1230844816403,10.1945,-1.8886,3.7714,3.2034,-1.8423,1.8642
1230844816413,9.9982,-2.0896,3.8432,3.1790,-1.7702,1.8704
1230844816422,9.6848,-2.2739,3.4986,3.2278,-1.7262,1.8569
1230844816432,9.4958,-2.4270,3.1708,3.3671,-1.7397,1.8655
1230844816442,9.5316,-2.2882,3.2378,3.4758,-1.7629,1.8997
1230844816449,9.7350,-2.0226,3.6829,3.5247,-1.7519,1.9559
1230844816459,10.0963,-1.9006,4.1973,3.4673,-1.7152,2.0402
1230844816468,10.3285,-1.8432,4.5084,3.3573,-1.6566,2.1025
1230844816478,10.2423,-1.8815,4.5610,3.2633,-1.6004,2.1428
1230844816488,10.1418,-1.6422,4.8195,3.1692,-1.5368,2.1624
1230844816499,9.9049,-1.3311,5.1090,3.0299,-1.4770,2.1868
1230844816509,9.8164,-1.2689,5.5158,2.7868,-1.4049,2.2051
1230844816518,9.6752,-1.5058,5.5421,2.4386,-1.3084,2.2051
1230844816528,9.4910,-1.9461,5.5373,2.0977,-1.2546,2.1697
1230844816537,9.4862,-2.4892,5.3794,1.8180,-1.1850,2.1501
1230844816547,9.5293,-2.5634,5.4727,1.6579,-1.1434,2.1355
1230844816556,9.5053,-2.0657,6.3987,1.6066,-1.0958,2.1110
1230844816566,9.2924,-1.0488,7.0448,1.5015,-1.0762,2.0817
1230844816576,9.0531,0.0615,7.4611,1.2034,-1.0640,2.0206
1230844816586,8.4812,0.9397,6.9586,0.6879,-1.1349,1.9473
1230844816595,8.7970,1.3369,6.9419,-0.1563,-1.1202,1.8569
1230844816604,9.0244,1.0115,6.5064,-1.1850,-0.9284,1.7421
1230844816614,9.4814,-0.1634,6.6835,-2.1661,-0.5851,1.5906
1230844816624,9.3235,-1.8647,6.7242,-2.8001,-0.2076,1.4452
1230844816634,8.4525,-2.8434,6.5231,-3.0237,-0.0268,1.2803
1230844816643,7.7562,-2.8697,6.3652,-2.8967,-0.0341,1.0909
1230844816654,7.6772,-2.8362,6.3844,-2.6059,-0.0671,0.9651
1230844816663,7.5911,-2.7453,6.0948,-2.3395,-0.0537,0.8746
1230844816671,7.5336,-2.4701,5.7598,-2.2382,-0.0243,0.7537
1230844816681,7.6293,-2.4629,5.3028,-2.3163,-0.0219,0.6450
1230844816691,7.7203,-2.7764,4.6950,-2.5204,0.0208,0.5607
1230844816701,7.7466,-3.3674,3.8887,-2.7696,0.0917,0.4922
1230844816710,8.0481,-4.0589,3.7403,-2.9932,0.2065,0.3945
1230844816720,8.2276,-4.4705,3.2282,-3.1337,0.3678,0.2687
1230844816730,8.2706,-4.9155,2.5917,-3.1080,0.4704,0.1318
1230844816739,8.3304,-6.0067,2.2089,-2.8625,0.5266,0.0756
1230844816749,8.3209,-7.0858,1.8906,-2.5314,0.5706,0.1001
1230844816759,8.2036,-7.8133,1.9337,-2.1929,0.6708,0.1282
1230844816768,7.9476,-7.9209,2.2041,-1.8667,0.7673,0.1013
1230844816778,7.6868,-7.4830,2.3931,-1.5454,0.8260,0.0439
1230844816787,7.6652,-7.0835,2.4195,-1.2876,0.8492,0.0207
1230844816797,7.6772,-6.8130,2.5080,-1.1533,0.9029,0.0219
1230844816806,7.5911,-6.5451,2.5678,-1.1789,0.9762,0.0109
1230844816816,7.4953,-6.1981,2.6922,-1.3329,1.0654,-0.0416
1230844816826,7.3733,-5.9445,2.7616,-1.5613,1.1839,-0.1149
1230844816836,7.2154,-5.9469,2.7616,-1.8313,1.3183,-0.1772
1230844816845,7.0646,-6.0904,2.7138,-2.1196,1.4527,-0.2224
1230844816855,6.9306,-6.2818,2.6181,-2.3737,1.5822,-0.2615
1230844816864,6.6962,-6.4948,2.6348,-2.5546,1.7117,-0.3043
1230844816874,6.4688,-6.6336,2.4027,-2.6413,1.8082,-0.3519
1230844816883,6.3827,-6.8705,2.2113,-2.6914,1.8827,-0.3886
1230844816893,6.3061,-7.0835,2.0605,-2.7012,1.9560,-0.4179
1230844816903,6.2319,-7.2916,1.9337,-2.6975,2.0416,-0.4436
1230844816912,6.0836,-7.4496,1.8356,-2.6694,2.1295,-0.4607
1230844816922,6.0118,-7.5788,1.6203,-2.6291,2.2029,-0.4753
1230844816931,5.9855,-7.8013,1.4647,-2.5521,2.2639,-0.4814
1230844816939,5.9472,-7.9616,1.3140,-2.4324,2.3201,-0.4729
1230844816950,5.8754,-8.1722,1.3092,-2.2650,2.3837,-0.4656
1230844816960,5.8228,-8.3588,1.0723,-2.0830,2.4484,-0.4717
1230844816968,5.7869,-8.5790,1.1441,-1.8557,2.5205,-0.4729
1230844816977,5.6648,-8.5957,1.1537,-1.6664,2.5865,-0.4668
1230844816987,5.5500,-8.4019,1.0867,-1.5088,2.6280,-0.4717
1230844816997,5.4495,-8.2105,0.9240,-1.3744,2.6427,-0.4839
1230844817009,5.3873,-8.0119,0.7541,-1.2913,2.6512,-0.4949
1230844817018,5.3346,-8.0166,0.8402,-1.2351,2.6781,-0.4876
1230844817027,5.2844,-8.1554,0.8928,-1.1777,2.7086,-0.4741
1230844817037,5.2102,-8.3253,0.7684,-1.1019,2.7257,-0.4668
1230844817047,5.2198,-8.4186,0.5435,-1.0140,2.7282,-0.4692
1230844817057,5.1791,-8.7225,0.2109,-0.8527,2.7221,-0.4692
1230844817066,5.1097,-9.0934,-0.0069,-0.6694,2.7037,-0.4692
1230844817073,5.0427,-9.4476,-0.0499,-0.4825,2.6756,-0.4790
1230844817085,4.8633,-9.5265,0.0434,-0.2785,2.6353,-0.4961
1230844817093,4.7005,-9.2250,0.2228,-0.0696,2.5816,-0.5254
1230844817104,4.5474,-8.7393,0.5004,0.1393,2.5107,-0.5658
1230844817114,4.5139,-8.0908,0.8210,0.3128,2.4313,-0.6183
1230844817124,4.5713,-7.5213,1.0651,0.3739,2.3446,-0.6806
1230844817133,4.7604,-6.9662,1.4264,0.2798,2.2786,-0.7429
1230844817142,4.8848,-6.6121,1.5174,0.1014,2.2444,-0.7796
1230844817152,4.9087,-6.6408,1.1608,-0.1013,2.2175,-0.7869
1230844817162,4.9087,-7.1385,0.8282,-0.2467,2.1796,-0.7796
1230844817172,4.8226,-7.6960,0.5243,-0.3274,2.1100,-0.8015
1230844817181,4.8513,-8.2081,0.2875,-0.3506,2.0306,-0.8492
1230844817191,4.8345,-8.4258,0.1582,-0.2980,1.9365,-0.9029
1230844817200,4.9446,-8.1052,0.2707,-0.2125,1.8082,-0.9726
1230844817210,5.2533,-7.6673,0.3808,-0.1185,1.6787,-1.0288
1230844817219,5.5811,-7.4950,0.7732,-0.0219,1.6127,-1.0556
1230844817228,5.7797,-7.3323,0.8976,0.0623,1.5737,-1.1241
1230844817239,5.8419,-7.2127,0.9862,0.1540,1.5199,-1.2206
1230844817248,5.9496,-7.4352,0.7349,0.2407,1.4319,-1.2805
1230844817258,6.3085,-7.8204,0.5531,0.2004,1.3281,-1.2646
1230844817268,6.9283,-7.9066,0.3927,-0.0012,1.2230,-1.1778
1230844817277,7.5193,-7.6840,0.2133,-0.2553,1.1253,-1.0740
1230844817287,7.8208,-7.6075,0.3162,-0.4984,1.0508,-1.0141
1230844817297,7.8758,-7.8300,0.3138,-0.7220,1.0202,-0.9604
1230844817306,7.7777,-7.9903,0.4430,-0.8979,0.9995,-0.9029
1230844817316,7.5241,-7.9090,0.5124,-0.8979,0.9457,-0.8785
1230844817325,7.2106,-7.8468,0.4693,-0.7452,0.8260,-0.8626
1230844817335,7.0670,-7.5213,0.2492,-0.5742,0.6720,-0.8162
1230844817344,7.2010,-7.1361,0.2348,-0.4691,0.5254,-0.7417
1230844817354,7.4044,-6.7556,0.2061,-0.4202,0.3947,-0.6830
1230844817364,7.5623,-6.7293,0.2994,-0.4483,0.2859,-0.6158
1230844817373,7.6629,-6.8585,0.2755,-0.4948,0.2017,-0.5462
1230844817383,7.7035,-6.9064,-0.0116,-0.4776,0.1112,-0.4998
1230844817393,7.6533,-7.1241,-0.2103,-0.3750,0.0074,-0.4558
1230844817402,7.6652,-7.4376,-0.2677,-0.2198,-0.0940,-0.3923
1230844817412,7.7155,-7.3132,-0.1432,-0.0586,-0.2162,-0.3312
1230844817421,7.9093,-6.8681,0.1343,0.1002,-0.3542,-0.2713
1230844817431,8.1725,-6.7724,0.3353,0.2701,-0.4825,-0.2029
1230844817441,8.5410,-6.5833,0.3592,0.3360,-0.5656,-0.1504
1230844817450,8.7492,-6.4158,0.3880,0.3812,-0.6157,-0.0954
1230844817460,8.7300,-6.2436,0.3951,0.4753,-0.6731,-0.0514
1230844817468,8.6965,-6.1694,0.5459,0.5791,-0.7342,-0.0074
1230844817477,8.7564,-6.0737,0.7804,0.6427,-0.8002,0.0769
1230844817487,9.0124,-5.8703,0.7708,0.7258,-0.8747,0.1819
1230844817496,9.3354,-5.6621,0.7445,0.8577,-0.9553,0.2772
1230844817506,9.5340,-5.3415,0.6918,1.0153,-1.0286,0.3701
1230844817518,9.6178,-5.0328,0.7732,1.1570,-1.1007,0.4556
1230844817527,9.5963,-5.0137,1.0627,1.2877,-1.1325,0.5313
1230844817537,9.3546,-5.2194,1.3882,1.4441,-1.1667,0.5961
1230844817546,9.0985,-5.2290,1.6897,1.6518,-1.2143,0.6572
1230844817556,9.0507,-4.7504,1.7925,1.8583,-1.2950,0.7097
1230844817565,9.0842,-4.3843,1.8930,2.0757,-1.3805,0.7818
1230844817576,9.1464,-4.4059,1.7231,2.2248,-1.4538,0.8734
1230844817585,9.2900,-4.6021,1.6753,2.2981,-1.4916,0.9626
1230844817595,9.3952,-4.6045,1.6585,2.3396,-1.5148,1.0335
1230844817604,9.5101,-4.5782,1.6418,2.3885,-1.5576,1.1104
1230844817613,9.7183,-4.4059,1.6466,2.4142,-1.6101,1.1788
1230844817624,9.8571,-4.0996,1.6203,2.4215,-1.6431,1.2167
1230844817633,9.8212,-4.0111,1.3044,2.4472,-1.6798,1.2595
1230844817643,9.8307,-4.2910,1.3666,2.5449,-1.7152,1.3120
1230844817652,9.9169,-4.2623,1.7423,2.6133,-1.7384,1.3609
1230844817662,9.9432,-3.8890,2.2831,2.6304,-1.7494,1.4098
1230844817672,9.8690,-3.7526,2.4171,2.6842,-1.7702,1.4660
1230844817681,9.7901,-3.4942,2.0486,2.7404,-1.8093,1.4977
1230844817691,9.7877,-3.0372,2.0797,2.7575,-1.8276,1.5075
1230844817698,9.7207,-2.5012,2.3022,2.6866,-1.8191,1.5271
1230844817708,9.5029,-2.1064,2.5295,2.5278,-1.8007,1.5454
1230844817720,9.1847,-2.1064,2.5774,2.2639,-1.8337,1.5490
1230844817729,9.3115,-2.8817,2.6635,1.9511,-1.8227,1.5539
1230844817738,9.5197,-4.0063,2.8980,1.7789,-1.7824,1.5332
1230844817748,9.4886,-4.8366,3.2905,1.8485,-1.7409,1.5026
1230844817758,9.1727,-5.0519,2.6181,2.1503,-1.7995,1.4892
1230844817768,9.1967,-4.8988,2.5008,2.5913,-1.8911,1.4794
1230844817777,9.3378,-4.0230,2.7927,2.9872,-1.9437,1.4672
1230844817787,9.4838,-2.9606,3.2019,3.2010,-1.9608,1.4672
1230844817796,9.6752,-2.3768,3.6422,3.2718,-1.9486,1.4770
1230844817806,9.7303,-2.1423,4.2093,3.2071,-1.8911,1.4733
1230844817816,9.5627,-1.9197,4.5515,3.0299,-1.8252,1.4770
1230844817825,9.4814,-1.8001,4.8314,2.8173,-1.7922,1.4904
1230844817835,9.4431,-1.8456,5.0755,2.5962,-1.7665,1.4990
1230844817845,9.4479,-1.8527,5.6354,2.2688,-1.7164,1.4843
1230844817854,9.2756,-1.8623,5.8771,1.8534,-1.6590,1.4599
1230844817864,9.1655,-2.0800,5.9249,1.4075,-1.6297,1.4415
1230844817873,9.1703,-2.6567,5.9249,1.0312,-1.6028,1.4073
1230844817883,9.2206,-3.2166,5.5421,0.7355,-1.5430,1.3560
1230844817893,9.3689,-3.4775,5.5469,0.5474,-1.4709,1.2986
1230844817902,9.4814,-3.2789,6.3580,0.4484,-1.3291,1.2119
1230844817912,9.0818,-2.7859,6.5423,0.3727,-1.2229,1.1349
1230844817921,8.8712,-2.6687,6.7002,0.2187,-1.0775,1.1227
1230844817930,8.2850,-2.9726,6.8031,0.0232,-0.9590,1.1117
1230844817940,7.7394,-2.8625,7.0328,-0.3640,-0.9028,0.9895
1230844817948,7.4427,-2.3217,6.3987,-0.9211,-0.8600,0.8123
1230844817960,7.1580,-2.3648,5.1712,-1.4074,-0.8282,0.7244
1230844817969,7.1029,-3.0731,4.2404,-1.8289,-0.7879,0.6938
1230844817979,7.1986,-3.8340,3.6446,-2.2003,-0.7036,0.5448
1230844817987,7.2082,-4.7122,3.4819,-2.3591,-0.5949,0.3224
1230844817996,7.0120,-5.8392,3.2450,-2.3066,-0.5265,0.1648
1230844818007,6.8995,-7.5118,3.3263,-2.0305,-0.4740,0.1245
1230844818016,7.0000,-8.9642,4.1447,-1.5589,-0.3982,0.1392
1230844818025,6.8924,-9.0312,4.2308,-0.9346,-0.3799,0.0683
1230844818037,6.9259,-8.1961,4.0466,-0.2015,-0.4373,-0.0379
1230844818046,6.8517,-7.4065,3.7618,0.4496,-0.4935,-0.0270
1230844818056,6.7632,-6.8202,3.8360,0.7490,-0.4740,0.0573
1230844818066,6.5263,-6.4757,4.0274,0.7111,-0.3860,0.1147
1230844818075,6.2798,-6.3082,4.4916,0.4729,-0.2577,0.1160
1230844818085,6.1003,-6.3991,5.2143,0.2248,-0.1111,0.1025
1230844818094,6.0094,-6.6025,5.8221,0.0135,0.0172,0.0927
1230844818104,5.9711,-6.8705,6.1283,-0.1221,0.1174,0.0842
1230844818113,5.9927,-7.2605,6.1451,-0.1685,0.2090,0.0781
1230844818172,6.0022,-7.5477,6.3604,-0.1575,0.3202,0.0805
1230844818173,5.8706,-7.3969,6.6548,-0.1319,0.4264,0.0756
1230844818173,5.7893,-7.0595,6.4825,-0.1233,0.4863,0.0512
1230844818174,5.9137,-6.8920,6.1331,-0.1417,0.5266,0.0537
1230844818175,6.1673,-7.0021,5.7694,-0.2076,0.6024,0.1050
1230844818176,6.3755,-7.3466,5.5588,-0.2932,0.7294,0.1636
1230844818179,6.4832,-7.8252,5.5684,-0.3652,0.8699,0.2027
1230844818190,6.5263,-8.3636,5.5517,-0.3750,1.0092,0.2381
1230844818199,6.4473,-9.0145,5.4464,-0.2626,1.1363,0.3029
1230844818208,6.3085,-9.5863,5.4847,-0.0500,1.2242,0.3884
1230844818219,6.1219,-9.7706,5.5900,0.2566,1.2548,0.4580
1230844818229,5.9855,-9.6557,5.5780,0.5926,1.2511,0.5057
1230844818238,6.0309,-9.3662,5.5229,0.9041,1.2401,0.5436
1230844818248,6.1721,-8.9427,5.4320,1.0862,1.2548,0.5875
1230844818257,6.4210,-8.6531,5.3411,1.1680,1.3146,0.6230
1230844818267,6.5645,-8.8661,5.2861,1.2328,1.4258,0.6706
1230844818276,6.6172,-9.3494,5.3196,1.2975,1.5419,0.7464
1230844818286,6.5478,-9.7706,5.3555,1.4282,1.6494,0.8148
1230844818296,6.4042,-10.1175,5.3961,1.7263,1.7154,0.8661
1230844818305,6.2559,-10.1917,5.4655,2.1161,1.7508,0.9211
1230844818315,6.0094,-9.8328,5.6928,2.4594,1.7545,0.9651
1230844818325,5.5643,-9.1078,5.6115,2.7343,1.6873,0.9773
1230844818334,5.6648,-8.4474,5.4057,2.8797,1.6152,0.9980
1230844818344,5.9951,-8.2272,5.4655,2.8784,1.6763,1.0237
1230844818354,6.0908,-8.1339,5.8819,2.8149,1.8058,1.0261
1230844818363,5.7677,-7.9999,6.1618,2.7562,1.8693,1.0103
1230844818372,5.3562,-8.0430,6.1738,2.8076,1.8351,1.0237
1230844818382,5.1552,-8.1817,6.3341,2.9200,1.7740,1.0579
1230844818392,4.9063,-8.3158,6.7170,3.1020,1.7532,1.0714
1230844818402,4.8728,-8.2655,6.4083,3.3024,1.6861,1.0750
1230844818411,4.9470,-8.0549,6.3844,3.4819,1.6677,1.0995
1230844818421,4.5785,-7.3562,6.3915,3.5992,1.6433,1.1153
1230844818431,4.2698,-6.4422,6.4944,3.6628,1.5969,1.0933
1230844818440,4.0784,-5.9827,6.6260,3.6860,1.5810,1.0933
1230844818450,3.9396,-5.8416,6.8725,3.6713,1.5749,1.0982
1230844818459,3.9229,-5.8152,7.1261,3.6200,1.5627,1.0872
1230844818468,3.8152,-5.5520,7.2888,3.5748,1.5333,1.0848
1230844818478,3.5352,-5.0400,7.4563,3.5711,1.4588,1.0824
1230844818488,3.1739,-4.5207,7.5114,3.5699,1.3782,1.0726
1230844818498,2.8605,-4.1522,7.3487,3.5577,1.3171,1.0628
1230844818506,2.7456,-3.8555,7.5114,3.5125,1.2988,1.0445
1230844818515,2.4728,-3.3004,7.7602,3.4746,1.2878,1.0103
1230844818525,2.1378,-2.6639,7.9828,3.4355,1.2193,0.9773
1230844818534,1.9512,-2.2930,8.2149,3.3305,1.1326,0.9687
1230844818544,2.0660,-2.2978,8.3082,3.1301,1.1045,0.9870
1230844818555,2.0230,-2.1949,8.3991,2.8919,1.1192,0.9944
1230844818565,1.7957,-1.7618,8.4470,2.7086,1.0935,0.9712
1230844818575,1.5085,-1.2785,8.4278,2.5938,1.0373,0.9504
1230844818584,1.4176,-0.9889,8.3154,2.4740,0.9836,0.9480
1230844818594,1.5300,-1.0751,8.3178,2.3409,0.9726,0.9418
1230844818604,1.4224,-1.0535,8.2029,2.1845,0.9591,0.9321
1230844818613,1.2238,-0.6731,8.1598,2.0464,0.9225,0.9199
1230844818623,0.9342,-0.3524,8.0833,1.9853,0.8675,0.9076
1230844818632,0.8002,-0.2471,8.2914,1.9377,0.8125,0.8869
1230844818642,0.7883,-0.1754,8.2795,1.8717,0.7710,0.8771
1230844818652,0.8792,0.1477,8.3202,1.7862,0.7282,0.8795
1230844818661,0.9175,0.4468,8.3513,1.7056,0.6867,0.8673
1230844818670,0.9199,0.4898,8.3728,1.6176,0.6561,0.8453
1230844818678,0.8194,0.6549,8.3178,1.4918,0.6366,0.8221
1230844818690,0.6543,0.8775,8.2651,1.3769,0.6134,0.7989
1230844818700,0.5155,1.0426,8.2244,1.3000,0.5779,0.7720
1230844818709,0.3863,1.1670,8.2268,1.2499,0.5401,0.7415
1230844818719,0.3839,1.4111,8.2508,1.1949,0.4912,0.7207
1230844818728,0.5466,1.5140,8.2723,1.1106,0.4546,0.6975
1230844818738,0.5657,1.5331,8.1072,1.0043,0.4423,0.6645
1230844818748,0.6926,1.6934,8.4757,0.9017,0.4338,0.6181
1230844818756,0.4294,1.7293,8.4207,0.8479,0.4228,0.5533
1230844818767,0.4796,1.7676,7.9038,0.7881,0.3935,0.5289
1230844818777,0.4509,2.2988,8.0163,0.7221,0.3556,0.4776
1230844818786,0.2020,2.3730,8.0809,0.6854,0.3189,0.4434
1230844818796,0.3360,2.2581,8.0976,0.6158,0.2615,0.4654
1230844818806,0.4102,2.3443,8.3369,0.5046,0.2310,0.4373
1230844818815,0.3791,2.2988,8.4637,0.4325,0.2224,0.3909
1230844818824,0.2140,2.1552,8.5116,0.4081,0.2200,0.3664
1230844818834,0.0585,2.0069,8.5044,0.4398,0.2077,0.3420
1230844818843,-0.0253,1.9471,8.4063,0.5303,0.1907,0.2943
1230844818853,0.0250,2.0284,8.4829,0.6207,0.1687,0.2516
1230844818863,0.0704,2.1576,8.6504,0.6757,0.1430,0.2333
1230844818873,0.0752,2.2940,8.6863,0.6402,0.1149,0.2296
1230844818882,0.1231,2.4448,8.7006,0.5352,0.0990,0.2247
1230844818892,0.1374,2.5883,8.7844,0.4056,0.1100,0.2296
1230844818901,0.0345,2.5405,8.7174,0.2835,0.1235,0.2308
1230844818911,0.0561,2.4950,8.6815,0.2310,0.1247,0.2113
1230844818920,0.0250,2.5333,8.6073,0.2493,0.1174,0.1770
1230844818930,-0.0468,2.6075,8.5666,0.2847,0.0990,0.1514
1230844818940,-0.1066,2.7367,8.4637,0.3079,0.0685,0.1294
1230844818948,-0.0923,2.9664,8.3393,0.3042,0.0453,0.1123
1230844818959,-0.0564,3.1842,8.2723,0.2884,0.0184,0.0927
1230844818968,-0.0109,3.2296,8.3393,0.2358,-0.0073,0.0781
1230844818978,0.1255,2.9951,8.6145,0.1515,-0.0134,0.0671
1230844818988,0.1302,2.7056,8.8155,0.0819,-0.0060,0.0585
1230844818997,0.1135,2.5668,8.9519,0.0330,-0.0048,0.0561
1230844819007,0.0393,2.5118,9.0667,0.0501,-0.0158,0.0512
1230844819017,0.0345,2.5788,8.9208,0.0843,-0.0390,0.0463
1230844819024,0.1111,2.7798,8.8490,0.0941,-0.0537,0.0439
1230844819034,0.1494,3.0741,8.8179,0.0709,-0.0573,0.0341
1230844819043,0.1039,3.1985,8.7748,0.0025,-0.0525,0.0146
1230844819053,-0.0133,3.0884,8.8442,-0.0842,-0.0415,0.0048
1230844819062,-0.0157,2.7774,8.9997,-0.1404,-0.0256,-0.0050
1230844819075,-0.0396,2.4902,9.0547,-0.1270,-0.0146,-0.0135
1230844819084,0.0010,2.4328,9.1696,-0.0598,-0.0243,-0.0184
1230844819094,0.0489,2.4591,9.2390,0.0513,-0.0488,-0.0123
1230844819103,0.0800,2.6649,9.2869,0.1308,-0.0793,-0.0087
1230844819113,0.1542,2.8516,9.3706,0.1540,-0.0940,-0.0135
1230844819122,0.2260,2.8827,9.4687,0.1136,-0.0806,-0.0209
1230844819132,0.2020,2.9425,9.5237,0.0245,-0.0537,-0.0343
1230844819142,0.1637,2.9808,9.5022,-0.0549,-0.0329,-0.0526
1230844819151,0.1279,2.8013,9.4615,-0.0928,-0.0097,-0.0648
1230844819161,0.0704,2.5142,9.4400,-0.0928,0.0147,-0.0710
1230844819170,0.0896,2.4256,9.5046,-0.0452,0.0184,-0.0697
1230844819180,0.0920,2.5357,9.5979,0.0330,-0.0024,-0.0600
1230844819190,0.1590,2.7917,9.6673,0.1051,-0.0305,-0.0477
1230844819199,0.2499,2.9903,9.6410,0.1051,-0.0378,-0.0428
1230844819209,0.2953,3.0071,9.7032,0.0440,-0.0170,-0.0416
1230844819219,0.2379,2.8468,9.7415,-0.0219,0.0147,-0.0465
1230844819228,0.1733,2.6338,9.7654,-0.0549,0.0428,-0.0526
1230844819237,0.0967,2.4902,9.6984,-0.0427,0.0550,-0.0551
1230844819247,0.0680,2.5477,9.6410,0.0037,0.0526,-0.0538
1230844819257,0.0704,2.7271,9.5692,0.0294,0.0465,-0.0477
1230844819266,0.0393,2.8516,9.4568,0.0220,0.0392,-0.0367
1230844819276,0.0345,2.8276,9.3778,-0.0170,0.0416,-0.0319
1230844819286,0.1039,2.6673,9.2605,-0.0769,0.0514,-0.0343
1230844819295,0.5131,2.9975,10.2942,-0.0256,0.0929,-0.0147
1230844819304,-0.5828,2.3610,9.1026,-0.0195,0.0379,-0.0233
1230844819313,-0.2167,2.6482,9.5046,-0.1624,0.0208,-0.0087
1230844819324,-0.3962,2.3945,9.8683,0.0025,-0.0011,0.0146
1230844819337,-0.0875,2.5716,9.7941,0.0892,-0.0683,0.0060
1230844819344,-0.0612,2.9353,9.6123,0.0819,-0.0964,0.0109
1230844819355,0.1757,2.9855,9.6195,0.0648,-0.0683,0.0280
