1230822223146,2.4752,0.4731,9.6290,-0.0032,-0.0326,-0.0172
1230822223148,2.5326,0.5616,9.5692,-0.0007,-0.0351,-0.0111
1230822223148,2.4297,0.6071,9.5285,-0.0117,-0.0278,-0.0062
1230822223149,2.4034,0.5377,9.4855,-0.0312,-0.0168,-0.0074
1230822223174,2.4417,0.4539,9.5118,-0.0300,-0.0155,-0.0086
1230822223175,2.4967,0.5210,9.5046,-0.0178,-0.0216,-0.0123
1230822223176,2.4608,0.5903,9.4855,-0.0117,-0.0265,-0.0123
1230822223202,2.4202,0.5832,9.4783,-0.0178,-0.0253,-0.0123
1230822223203,2.4226,0.5449,9.4568,-0.0288,-0.0265,-0.0147
1230822223219,2.4321,0.5401,9.4687,-0.0325,-0.0253,-0.0184
1230822223221,2.4226,0.5257,9.4591,-0.0312,-0.0278,-0.0208
1230822223229,2.4489,0.5066,9.4950,-0.0251,-0.0351,-0.0208
1230822223246,2.5015,0.5880,9.4926,-0.0349,-0.0388,-0.0208
1230822223262,2.4967,0.4707,9.4998,-0.0361,-0.0278,-0.0220
1230822223263,2.4896,0.4348,9.4926,-0.0422,-0.0278,-0.0208
1230822223268,2.5350,0.4372,9.4783,-0.0374,-0.0338,-0.0196
1230822223275,2.6020,0.4539,9.3850,-0.0325,-0.0375,-0.0233
1230822223281,2.5829,0.4874,9.4113,-0.0276,-0.0363,-0.0245
1230822223293,2.5733,0.4587,9.3228,-0.0276,-0.0436,-0.0245
1230822223300,2.5853,0.4516,9.3539,-0.0325,-0.0510,-0.0269
1230822223310,2.6044,0.4850,9.3228,-0.0435,-0.0546,-0.0282
1230822223320,2.5948,0.4539,9.3539,-0.0667,-0.0510,-0.0306
1230822223329,2.5422,0.4372,9.4735,-0.0862,-0.0510,-0.0355
1230822223339,2.6212,0.2888,9.3658,-0.0984,-0.0583,-0.0318
1230822223348,2.6690,0.2625,9.3084,-0.0997,-0.0632,-0.0294
1230822223359,2.6571,0.3654,9.3419,-0.0789,-0.0766,-0.0440
1230822223367,2.6882,0.4635,9.4209,-0.0679,-0.0888,-0.0550
1230822223378,2.7241,0.4324,9.4424,-0.0972,-0.0852,-0.0526
1230822223388,2.7719,0.3295,9.4711,-0.1314,-0.0681,-0.0550
1230822223396,2.7432,0.2888,9.4639,-0.1375,-0.0620,-0.0550
1230822223406,2.7049,0.2697,9.4687,-0.1168,-0.0730,-0.0489
1230822223416,2.7552,0.2793,9.4496,-0.0887,-0.0913,-0.0453
1230822223425,2.8437,0.3822,9.4065,-0.0850,-0.0925,-0.0453
1230822223437,2.8413,0.4492,9.3299,-0.1058,-0.0815,-0.0526
1230822223444,2.8365,0.4468,9.2892,-0.1314,-0.0803,-0.0611
1230822223455,2.9227,0.4539,9.2318,-0.1522,-0.0778,-0.0734
1230822223463,2.9610,0.4372,9.0595,-0.1729,-0.0791,-0.0868
1230822223473,3.0016,0.3511,9.0069,-0.1815,-0.0803,-0.0966
1230822223483,3.0758,0.4324,8.8801,-0.1852,-0.0864,-0.1137
1230822223492,3.1237,0.4970,8.9543,-0.1901,-0.0876,-0.1479
1230822223510,3.2457,0.4827,9.0308,-0.2011,-0.0852,-0.1735
1230822223513,3.4036,0.4898,9.3204,-0.2304,-0.0705,-0.1955
1230822223524,3.2935,0.2697,9.2462,-0.2915,-0.0497,-0.2175
1230822223531,3.1548,0.4731,9.1816,-0.3782,-0.0534,-0.2481
1230822223540,3.0830,0.5784,9.1217,-0.3806,-0.0461,-0.3372
1230822223550,3.1428,0.0878,8.8226,-0.3330,-0.0558,-0.3751
1230822223559,3.3510,0.2601,8.7126,-0.2903,-0.1035,-0.3763
1230822223569,3.2959,0.8033,8.7939,-0.2597,-0.1377,-0.4545
1230822223579,3.3366,0.7363,8.8083,-0.3183,-0.1365,-0.4985
1230822223590,3.4012,0.3032,8.8131,-0.4356,-0.1145,-0.5144
1230822223600,3.3175,0.0520,8.9351,-0.5150,-0.1035,-0.5535
1230822223610,3.2792,-0.0844,8.9255,-0.5041,-0.1340,-0.5889
1230822223619,3.3677,-0.1155,8.8801,-0.4674,-0.1792,-0.6134
1230822223629,3.4611,-0.0246,8.9351,-0.4368,-0.2061,-0.6415
1230822223638,3.4802,0.0711,8.9782,-0.4381,-0.2183,-0.6708
1230822223648,3.4850,0.1022,9.0332,-0.4698,-0.2171,-0.6989
1230822223657,3.4778,-0.0103,8.9806,-0.5163,-0.2147,-0.7307
1230822223667,3.5161,-0.0725,9.0093,-0.5688,-0.2134,-0.7661
1230822223676,3.5496,-0.1251,9.0237,-0.5896,-0.2147,-0.8040
1230822223685,3.5687,-0.2328,8.9925,-0.5945,-0.2183,-0.8430
1230822223696,3.6286,-0.3716,8.9830,-0.5945,-0.2208,-0.8785
1230822223703,3.5855,-0.3859,9.0045,-0.5969,-0.2208,-0.9102
1230822223715,3.4993,-0.2807,9.0907,-0.6128,-0.2147,-0.9359
1230822223725,3.4491,-0.4529,9.1505,-0.6116,-0.2159,-0.9591
1230822223734,3.5041,-0.5702,9.2462,-0.6445,-0.2183,-0.9835
1230822223744,3.6190,-0.6850,9.2318,-0.6983,-0.1964,-1.0117
1230822223754,3.3893,-0.7975,9.1648,-0.7569,-0.1560,-1.0385
1230822223763,3.3414,-0.5343,9.0691,-0.7655,-0.1573,-1.0898
1230822223773,3.3438,-0.6779,9.0380,-0.7264,-0.1682,-1.1595
1230822223783,3.4802,-0.9506,8.9136,-0.7606,-0.1548,-1.1815
1230822223790,3.5280,-1.0440,8.8849,-0.8241,-0.1353,-1.2120
1230822223800,3.3988,-1.0416,8.9375,-0.8547,-0.1169,-1.2719
1230822223809,3.3151,-1.1014,8.9495,-0.8779,-0.1059,-1.2988
1230822223819,3.3917,-1.2091,9.0141,-0.9011,-0.0962,-1.3159
1230822223828,3.4156,-1.3048,8.9901,-0.9316,-0.0876,-1.3501
1230822223838,3.4276,-1.5082,9.0571,-0.9744,-0.0705,-1.3769
1230822223850,3.3797,-1.6900,9.0428,-1.0257,-0.0534,-1.3904
1230822223859,3.3342,-1.7857,9.0093,-1.0343,-0.0485,-1.4136
1230822223869,3.3199,-1.7092,8.9878,-1.0111,-0.0644,-1.4429
1230822223878,3.3869,-1.5943,9.0260,-1.0098,-0.0656,-1.4649
1230822223889,3.4611,-1.5847,8.9734,-1.0587,-0.0436,-1.4857
1230822223898,3.4252,-1.6948,8.9447,-1.1442,-0.0082,-1.5101
1230822223908,3.3797,-1.8623,8.9447,-1.2102,0.0236,-1.5382
1230822223917,3.3605,-2.1183,8.9734,-1.2310,0.0443,-1.5639
1230822223927,3.3869,-2.2619,8.9710,-1.2175,0.0553,-1.5810
1230822223936,3.4395,-2.2787,8.9830,-1.1967,0.0517,-1.5920
1230822223946,3.4898,-2.2452,8.9088,-1.1772,0.0565,-1.6042
1230822223955,3.5304,-2.2571,8.9112,-1.1907,0.0785,-1.6188
1230822223965,3.5448,-2.2571,8.9255,-1.2444,0.1030,-1.6335
1230822223975,3.4969,-2.2141,8.8705,-1.3116,0.1091,-1.6567
1230822223985,3.5233,-2.2978,8.8586,-1.3751,0.1152,-1.6677
1230822223994,3.5855,-2.3098,8.7987,-1.4509,0.1201,-1.6726
1230822224004,3.6429,-2.3074,8.7006,-1.5254,0.1225,-1.6812
1230822224013,3.6477,-2.4773,8.7198,-1.5865,0.1469,-1.6824
1230822224023,3.6381,-2.7979,8.9088,-1.6122,0.1750,-1.6702
1230822224033,3.5759,-3.0635,8.9806,-1.5804,0.1824,-1.6457
1230822224042,3.4969,-3.1760,9.1026,-1.5156,0.1616,-1.6091
1230822224050,3.3677,-3.1329,9.0524,-1.4484,0.1445,-1.5761
1230822224060,3.3414,-2.9893,8.9375,-1.4045,0.1225,-1.5443
1230822224070,3.4634,-2.9534,8.9303,-1.3971,0.1176,-1.5113
1230822224080,3.4993,-2.9367,8.9830,-1.4032,0.1384,-1.4783
1230822224088,3.3247,-2.8170,8.8322,-1.4154,0.1164,-1.4392
1230822224097,3.1787,-2.6830,8.6456,-1.4411,0.0688,-1.3916
1230822224109,3.1931,-2.8840,8.5188,-1.4937,0.0480,-1.3537
1230822224119,3.3677,-3.0970,8.5164,-1.5731,0.0443,-1.3159
1230822224129,3.3438,-3.1114,8.5235,-1.6537,0.0358,-1.2816
1230822224138,3.2744,-3.1975,8.6049,-1.7160,0.0162,-1.2487
1230822224148,3.3247,-3.4631,8.6241,-1.7490,0.0199,-1.1949
1230822224157,3.4012,-3.6091,8.6910,-1.7233,0.0248,-1.1570
1230822224166,3.3486,-3.6928,8.6695,-1.6317,-0.0216,-1.1033
1230822224177,3.4395,-3.4631,8.6767,-1.5731,-0.0717,-1.0581
1230822224186,3.4754,-3.2884,8.5786,-1.5816,-0.0705,-1.0251
1230822224196,3.4922,-3.4487,8.6839,-1.6268,-0.0595,-0.9872
1230822224205,3.5687,-3.6689,8.6432,-1.6855,-0.0497,-0.9420
1230822224214,3.6620,-4.0733,8.8298,-1.7050,-0.0265,-0.8980
1230822224224,3.7219,-4.3700,8.5427,-1.6659,-0.0265,-0.8455
1230822224234,3.7338,-4.2001,8.3130,-1.5926,-0.0644,-0.7844
1230822224244,3.8343,-4.0900,8.4087,-1.5278,-0.1072,-0.7416
1230822224253,3.9707,-4.1905,8.1670,-1.5621,-0.1279,-0.7074
1230822224263,4.1382,-4.4968,8.0809,-1.6855,-0.0839,-0.6561
1230822224272,4.0569,-4.8677,8.4207,-1.7783,-0.0314,-0.6122
1230822224282,3.9157,-5.2362,8.4063,-1.7966,-0.0131,-0.5645
1230822224292,3.7984,-5.4707,8.3106,-1.7429,-0.0204,-0.5022
1230822224301,3.7961,-5.3463,8.0569,-1.6635,-0.0448,-0.4606
1230822224311,3.9109,-4.9275,8.1144,-1.6317,-0.0681,-0.4496
1230822224319,4.0042,-4.5399,8.0019,-1.6916,-0.0717,-0.4521
1230822224328,4.1622,-4.6834,7.6789,-1.8406,-0.0351,-0.4277
1230822224339,4.0808,-5.0735,7.4875,-2.0361,0.0284,-0.3776
1230822224349,3.9013,-5.4803,7.2099,-2.1741,0.0553,-0.3348
1230822224358,3.9157,-6.1885,6.9347,-2.1851,0.0639,-0.2823
1230822224369,3.9324,-6.7652,6.5854,-2.0862,0.0504,-0.2261
1230822224378,4.0258,-7.0093,6.4131,-1.9457,0.0223,-0.1735
1230822224388,4.0760,-6.9973,6.3054,-1.7856,-0.0229,-0.1161
1230822224397,4.0593,-6.7484,6.2647,-1.6757,-0.0485,-0.0734
1230822224407,3.8870,-6.4278,6.0685,-1.6378,-0.0803,-0.0611
1230822224417,3.7841,-6.2507,5.9321,-1.6769,-0.0962,-0.0526
1230822224426,3.7961,-6.2723,5.8867,-1.8027,-0.1035,-0.0306
1230822224436,3.9899,-6.3225,5.8221,-1.9860,-0.0864,-0.0086
1230822224446,4.2291,-6.4350,5.6019,-2.1522,-0.0620,0.0012
1230822224455,4.2794,-6.5714,5.1999,-2.2450,-0.0632,-0.0220
1230822224465,4.2387,-7.0763,5.0444,-2.2670,-0.0534,-0.0330
1230822224475,4.1478,-7.5931,5.0085,-2.2291,-0.0424,0.0134
1230822224483,4.0880,-7.6649,5.0109,-2.1412,-0.0583,0.0390
1230822224493,4.0975,-7.4902,4.8123,-1.9591,-0.1157,0.0195
1230822224503,4.2004,-7.4400,4.5562,-1.7380,-0.1646,0.0121
1230822224513,4.3105,-7.5165,4.3768,-1.5792,-0.1805,0.0427
1230822224522,4.4086,-7.6123,4.3600,-1.4582,-0.1756,0.0696
1230822224532,4.4493,-7.8372,4.2835,-1.3165,-0.1719,0.0781
1230822224541,4.4469,-7.9592,4.2404,-1.2175,-0.1866,0.0769
1230822224551,4.4469,-8.0358,4.2691,-1.1332,-0.2086,0.0879
1230822224561,4.5115,-8.1315,4.3289,-1.0465,-0.2074,0.1160
1230822224570,4.5019,-8.0980,4.2093,-0.9695,-0.2281,0.1270
1230822224580,4.5211,-7.9712,4.0896,-0.9048,-0.2611,0.1160
1230822224588,4.5713,-7.9449,3.9269,-0.8498,-0.2745,0.1233
1230822224597,4.5881,-7.9496,3.8910,-0.8144,-0.2562,0.1453
1230822224607,4.5067,-7.9592,3.8910,-0.7447,-0.2391,0.1563
1230822224616,4.3536,-7.8492,3.8504,-0.6531,-0.2416,0.1490
1230822224626,4.2435,-7.7343,3.7068,-0.5578,-0.2623,0.1465
1230822224636,4.2100,-7.7965,3.5919,-0.4821,-0.2819,0.1661
1230822224647,4.1861,-8.0095,3.4867,-0.4210,-0.2831,0.1844
1230822224657,4.2483,-8.2248,3.5034,-0.3464,-0.2733,0.1954
1230822224666,4.3249,-8.4282,3.4795,-0.2328,-0.2745,0.2027
1230822224676,4.4158,-8.5000,3.5656,-0.0654,-0.2953,0.2137
1230822224686,4.3871,-8.3732,3.5321,0.1190,-0.3332,0.2223
1230822224695,4.4254,-8.1411,3.5776,0.2302,-0.3674,0.2223
1230822224705,4.4708,-7.8970,3.5058,0.2742,-0.3857,0.2259
1230822224714,4.4876,-7.7367,3.4771,0.2534,-0.3747,0.2284
1230822224724,4.4421,-7.7175,3.4771,0.2363,-0.3588,0.2174
1230822224734,4.3823,-7.7151,3.5465,0.2314,-0.3466,0.2076
1230822224743,4.3416,-7.6147,3.5584,0.2155,-0.3552,0.2052
1230822224753,4.4541,-7.4998,3.5249,0.1972,-0.3772,0.2003
1230822224762,4.5689,-7.4448,3.4221,0.1740,-0.3992,0.1942
1230822224772,4.6910,-7.6051,3.3527,0.1202,-0.3955,0.1954
1230822224782,4.7532,-7.8444,3.4579,0.0616,-0.3613,0.1991
1230822224791,4.7173,-8.0095,3.6302,0.0323,-0.3185,0.2015
1230822224801,4.6479,-8.0549,3.7738,0.0677,-0.3051,0.1966
1230822224811,4.5976,-8.0238,3.7738,0.1312,-0.3161,0.2003
1230822224820,4.6359,-7.8659,3.7594,0.1728,-0.3259,0.2149
1230822224827,4.6311,-7.6769,3.7738,0.1911,-0.3210,0.2162
1230822224839,4.5737,-7.5237,3.8145,0.1813,-0.3039,0.2076
1230822224848,4.5474,-7.4687,3.7594,0.1410,-0.2904,0.2003
1230822224864,4.6120,-7.5979,3.7140,0.1068,-0.2684,0.1954
1230822224868,4.6383,-7.7726,3.7618,0.0885,-0.2452,0.1868
1230822224876,4.7125,-7.8037,3.7116,0.0848,-0.2306,0.1783
1230822224885,4.7029,-7.7343,3.6326,0.0909,-0.2293,0.1685
1230822224895,4.7173,-7.6960,3.5608,0.0897,-0.2318,0.1698
1230822224905,4.7316,-7.6721,3.6877,0.0763,-0.2244,0.1710
1230822224916,4.6503,-7.7008,3.7068,0.0531,-0.2208,0.1746
1230822224926,4.5330,-7.7104,3.7953,0.0347,-0.2000,0.1600
1230822224935,4.4852,-7.5811,3.7953,-0.0068,-0.1915,0.1441
1230822224945,4.5474,-7.5668,3.7762,-0.0459,-0.1915,0.1306
1230822224955,4.6359,-7.6314,3.7164,-0.0740,-0.1878,0.1184
1230822224964,4.7436,-7.7510,3.6781,-0.1045,-0.1792,0.1001
1230822224974,4.7580,-7.9281,3.6470,-0.1168,-0.1646,0.0781
1230822224983,4.6910,-8.0693,3.6254,-0.0728,-0.1450,0.0598
1230822224993,4.6311,-8.0573,3.6302,0.0042,-0.1401,0.0512
1230822225003,4.6096,-7.9066,3.5417,0.0787,-0.1621,0.0463
1230822225012,4.6407,-7.5668,3.4938,0.1300,-0.1817,0.0403
1230822225022,4.7149,-7.3849,3.4508,0.1251,-0.1890,0.0354
1230822225031,4.7962,-7.3921,3.4460,0.0677,-0.1792,0.0378
1230822225041,4.8345,-7.4639,3.4914,-0.0361,-0.1585,0.0305
1230822225050,4.8226,-7.5261,3.5202,-0.1155,-0.1340,0.0097
1230822225060,4.7986,-7.8228,3.4436,-0.1632,-0.1206,0.0085
1230822225070,4.7843,-8.0310,3.5536,-0.1620,-0.1072,0.0109
1230822225079,4.7651,-8.1411,3.5536,-0.1216,-0.1108,0.0231
1230822225089,4.7604,-8.0501,3.6087,-0.0777,-0.1133,0.0158
1230822225098,4.7580,-7.9640,3.6589,-0.0361,-0.1084,0.0109
1230822225108,4.7651,-7.8611,3.7092,-0.0105,-0.0998,0.0085
1230822225118,4.7986,-7.8372,3.6494,-0.0117,-0.0888,0.0085
1230822225126,4.7245,-7.9305,3.5776,-0.0019,-0.0693,-0.0025
1230822225135,4.6766,-8.1315,3.6278,0.0237,-0.0461,-0.0049
1230822225162,4.6168,-8.2248,3.6039,0.0543,-0.0424,0.0073
1230822225164,4.6311,-8.1817,3.5656,0.1141,-0.0497,0.0158
1230822225177,4.5976,-8.0430,3.5417,0.1740,-0.0571,0.0121
1230822225179,4.6120,-7.8826,3.5824,0.1935,-0.0644,0.0073
1230822225184,4.6216,-7.6218,3.3455,0.1520,-0.0705,0.0048
1230822225193,4.6838,-7.6984,3.3981,0.1105,-0.0607,-0.0001
1230822225205,4.6814,-7.8563,3.3766,0.0555,-0.0400,0.0012
1230822225215,4.7125,-7.9568,3.4005,0.0054,-0.0143,-0.0025
1230822225222,4.6646,-7.9832,3.3455,-0.0032,-0.0070,-0.0111
1230822225232,4.6144,-8.0214,3.3694,0.0286,-0.0131,-0.0196
1230822225241,4.5809,-8.0286,3.3981,0.0469,-0.0168,-0.0196
1230822225255,4.6000,-8.0095,3.4005,0.0604,-0.0192,-0.0062
1230822225260,4.6168,-7.8731,3.2139,0.0726,-0.0326,-0.0062
1230822225270,4.5761,-7.9329,3.2282,0.1044,-0.0363,-0.0208
1230822225280,4.4708,-7.7893,3.3000,0.1044,-0.0241,-0.0172
1230822225289,4.3990,-7.4496,3.1397,0.0763,-0.0436,-0.0159
1230822225299,4.4182,-7.5118,3.4316,0.0787,-0.0607,-0.0282
1230822225308,4.4708,-7.3227,3.2258,-0.0056,-0.0668,-0.0184
1230822225322,4.4780,-7.3945,3.2857,-0.0654,-0.0730,-0.0318
1230822225328,4.4613,-7.6745,3.3455,-0.0935,-0.0571,-0.0465
1230822225337,4.3943,-7.8204,3.2689,-0.1387,-0.0546,-0.0465
1230822225347,4.3081,-8.0047,3.4938,-0.1436,-0.0607,-0.0440
1230822225356,4.2387,-7.9592,3.3096,-0.1339,-0.0815,-0.0404
1230822225366,4.1574,-7.9688,3.2713,-0.0887,-0.1023,-0.0563
1230822225376,4.0425,-7.9736,3.4747,-0.0227,-0.1145,-0.0563
1230822225388,4.0401,-8.0478,3.7499,-0.0093,-0.1450,-0.0355
1230822225395,4.0066,-7.8396,3.4843,-0.0435,-0.1695,-0.0025
1230822225406,3.9253,-7.6912,3.5106,-0.0483,-0.1890,-0.0049
1230822225414,3.7625,-7.3227,3.1636,-0.0166,-0.1988,-0.0330
1230822225424,3.5663,-7.7510,3.5130,0.0286,-0.2550,-0.0746
1230822225439,3.5759,-7.7199,3.7116,-0.0056,-0.2635,-0.0440
1230822225443,3.5927,-6.8944,2.8286,-0.1632,-0.3259,-0.0245
1230822225452,3.7075,-7.4089,3.4292,-0.0422,-0.3784,-0.1015
1230822225462,3.7625,-7.0858,2.2783,-0.0728,-0.3943,-0.1186
1230822225471,3.6644,-7.6577,3.4747,-0.0667,-0.4211,-0.1772
1230822225483,3.6740,-7.8156,4.2452,-0.0544,-0.3710,-0.1797
1230822225492,3.5998,-6.9399,3.6207,-0.2707,-0.3833,-0.1845
1230822225502,3.4922,-6.8920,3.4508,-0.1656,-0.3686,-0.2615
1230822225512,3.4515,-7.0141,2.9818,-0.1265,-0.3869,-0.3275
1230822225523,3.6620,-7.2749,3.3335,-0.1400,-0.4004,-0.3739
1230822225531,3.9085,-7.0284,2.9770,-0.1449,-0.4077,-0.3788
1230822225541,4.1765,-7.2557,3.9796,-0.1253,-0.4395,-0.4179
1230822225551,4.3009,-6.6815,2.9937,-0.1839,-0.4725,-0.4411
1230822225560,4.3416,-6.4278,2.0103,-0.3306,-0.5226,-0.4301
1230822225570,4.1574,-6.4206,0.8474,-0.2939,-0.5164,-0.5291
1230822225579,4.1406,-7.3251,2.1586,-0.2585,-0.5250,-0.6451
1230822225589,4.3105,-7.1792,1.4025,-0.4210,-0.5983,-0.6402
1230822225598,4.6551,-7.1935,1.8260,-0.5847,-0.6398,-0.6036
1230822225607,4.5211,-6.8609,-0.7893,-0.5786,-0.7877,-0.6158
1230822225616,5.3131,-9.3088,6.1020,-0.3904,-0.7327,-0.6720
1230822225627,5.6816,-9.1987,2.0390,-0.6507,-0.7095,-0.4436
1230822225637,5.6481,-6.0354,1.2278,-0.9304,-0.6032,-0.5352
1230822225647,5.5715,-4.7552,1.9696,-0.5578,-0.5836,-0.8858
1230822225656,5.9257,-5.2553,2.8813,-0.5529,-0.4199,-1.1472
1230822225665,6.7751,-7.1576,3.5919,-1.0819,-0.2574,-1.0177
1230822225674,7.7514,-9.4619,3.2689,-1.4216,-0.1890,-0.7099
1230822225683,8.3711,-11.7542,2.5271,-1.0404,-0.0876,-0.6537
1230822225694,8.4214,-11.5844,2.7114,-0.2340,0.0834,-0.8589
1230822225704,7.9476,-10.5363,2.8980,0.7885,0.1457,-0.9493
1230822225712,7.6389,-9.4380,2.2855,1.7024,-0.0473,-0.8137
1230822225722,8.0098,-8.1459,1.9600,2.1715,-0.2391,-0.6781
1230822225733,8.6272,-6.6456,1.9552,2.2155,-0.2709,-0.6549
1230822225742,9.1320,-5.4444,2.1754,1.9626,-0.1951,-0.6781
1230822225753,9.4670,-4.7768,2.2735,1.3762,-0.0852,-0.6622
1230822225762,9.4622,-5.2745,2.4697,0.6578,0.0565,-0.5621
1230822225772,9.1273,-6.5762,2.7927,0.0701,0.1995,-0.4460
1230822225781,8.7827,-7.8013,2.9076,-0.2621,0.2740,-0.3446
1230822225791,8.6032,-8.5574,2.8861,-0.3000,0.2764,-0.2676
1230822225800,8.6032,-8.8757,3.1062,-0.0997,0.2496,-0.1907
1230822225810,8.5458,-8.6771,2.8980,0.1728,0.2251,-0.0880
1230822225820,8.5051,-8.2033,3.0033,0.3988,0.2264,-0.0098
1230822225829,8.1390,-7.6577,3.3622,0.5820,0.2728,0.0256
1230822225838,7.6006,-7.3156,2.9363,0.7677,0.2752,0.0793
1230822225848,7.2824,-7.3538,2.1156,0.8484,0.2129,0.1526
1230822225858,7.0096,-7.5165,1.9337,0.8802,0.1738,0.1954
1230822225868,6.7272,-6.9614,2.2639,0.7580,0.1494,0.2357
1230822225877,6.6842,-5.6669,2.9387,0.4379,0.1323,0.2296
1230822225887,6.5621,-4.5614,2.6085,0.1508,0.1396,0.1392
1230822225896,6.3707,-4.8533,2.5176,0.0176,0.1738,0.0903
1230822225906,6.2319,-5.8775,2.7162,-0.0874,0.2007,0.1331
1230822225915,6.1960,-6.3130,2.8119,-0.2230,0.2080,0.1478
1230822225925,6.2248,-6.4972,2.8932,-0.3147,0.1873,0.0854
1230822225935,6.3013,-6.6312,3.0655,-0.4686,0.1946,0.0561
1230822225943,6.2104,-6.9231,3.0129,-0.5444,0.2312,0.0793
1230822225952,5.9400,-7.1552,2.7401,-0.4894,0.2593,0.0916
1230822225962,5.7031,-7.3802,2.5822,-0.3183,0.2422,0.0842
1230822225971,5.5428,-7.6840,2.7664,-0.0544,0.2129,0.1062
1230822225981,5.4973,-7.5955,2.9698,0.1642,0.1775,0.1367
1230822225991,5.5332,-7.1528,3.0775,0.2937,0.1396,0.1245
1230822226002,5.5763,-6.6671,3.0560,0.3316,0.1189,0.1013
1230822226012,5.5859,-6.5355,2.8956,0.2815,0.1201,0.1001
1230822226021,5.5165,-6.6958,2.8645,0.1764,0.1237,0.1123
1230822226031,5.4327,-6.8154,2.8454,0.0701,0.1091,0.1197
1230822226041,5.3705,-6.9016,2.8119,-0.0044,0.0810,0.1245
1230822226050,5.3466,-7.0811,2.7927,-0.0374,0.0541,0.1343
1230822226060,5.4088,-7.2031,2.8885,-0.0606,0.0455,0.1502
1230822226069,5.3179,-7.3778,2.7353,-0.0703,0.0382,0.1539
1230822226079,5.2078,-7.6505,2.7066,-0.0618,0.0174,0.1502
1230822226088,5.2246,-7.9114,2.9770,-0.0166,-0.0143,0.1636
1230822226098,5.2605,-7.7415,3.1373,0.0066,-0.0461,0.1673
1230822226106,5.2581,-7.2797,3.2426,0.0433,-0.0681,0.1441
1230822226115,5.2222,-6.9183,3.1612,0.0628,-0.0949,0.1343
1230822226125,5.2126,-6.8681,2.9028,0.0188,-0.1255,0.1380
1230822226137,5.2844,-7.1815,2.7903,-0.0801,-0.1365,0.1380
1230822226146,5.3801,-7.5788,2.7832,-0.1925,-0.1120,0.1392
1230822226156,5.4088,-7.8802,3.0009,-0.2182,-0.0742,0.1245
1230822226165,5.2557,-7.8707,3.1349,-0.1119,-0.0681,0.0916
1230822226174,5.1958,-7.7080,3.1517,0.0384,-0.1108,0.0928
1230822226184,5.2628,-7.3802,3.1325,0.1569,-0.1499,0.1172
1230822226194,5.3921,-7.1600,3.0942,0.2449,-0.1609,0.1221
1230822226202,5.5620,-7.0380,3.1852,0.2864,-0.1560,0.1197
1230822226213,5.6074,-6.8394,3.2833,0.2681,-0.1377,0.1135
1230822226223,5.6050,-6.7030,3.3838,0.2314,-0.1230,0.1038
1230822226231,5.5907,-6.4254,3.4747,0.1654,-0.1194,0.0891
1230822226240,5.6074,-6.2890,3.4125,0.0946,-0.1304,0.0842
1230822226250,5.7007,-6.3800,3.3598,0.0188,-0.1328,0.0793
1230822226262,5.8371,-6.6551,3.3455,-0.0508,-0.1230,0.0769
1230822226272,5.8754,-6.8442,3.3694,-0.1168,-0.1035,0.0720
1230822226281,5.9065,-7.0906,3.4556,-0.1326,-0.0791,0.0598
1230822226290,5.9975,-7.4496,3.5560,-0.0984,-0.0632,0.0525
1230822226300,6.0357,-7.4998,3.6900,-0.0557,-0.0473,0.0525
1230822226310,6.0142,-7.2892,3.6350,0.0042,-0.0522,0.0573
1230822226319,6.0238,-7.0380,3.5824,0.0714,-0.0705,0.0622
1230822226329,6.0644,-6.8657,3.4029,0.0921,-0.0852,0.0610
1230822226338,6.1219,-6.9710,3.3909,0.0579,-0.0766,0.0610
1230822226348,6.1314,-7.1481,3.3933,-0.0093,-0.0448,0.0635
1230822226357,6.1219,-7.2318,3.3072,-0.0422,-0.0290,0.0525
1230822226367,6.0764,-7.2414,3.2498,-0.0117,-0.0265,0.0463
1230822226376,6.0573,-7.1624,3.2234,0.0372,-0.0375,0.0561
1230822226385,6.1003,-6.9112,3.1708,0.0689,-0.0510,0.0525
1230822226396,6.1793,-6.9303,3.1708,0.0689,-0.0510,0.0476
1230822226406,6.2463,-7.1505,3.3335,0.0482,-0.0290,0.0427
1230822226415,6.2176,-7.2892,3.4771,0.0262,0.0016,0.0341
1230822226424,6.1051,-7.1361,3.5513,0.0103,0.0187,0.0268
1230822226434,5.9951,-6.8585,3.4986,0.0323,0.0101,0.0256
1230822226444,5.9472,-6.6479,3.3072,0.0213,0.0003,0.0366
1230822226453,6.0285,-6.6671,3.1110,-0.0056,-0.0119,0.0378
1230822226461,6.0908,-6.8035,2.9243,-0.0593,0.0003,0.0403
1230822226471,6.0644,-7.2103,3.0823,-0.0838,0.0236,0.0280
1230822226481,5.9879,-7.4663,3.3718,-0.0887,0.0541,0.0354
1230822226490,5.8682,-7.1122,3.3000,-0.0874,0.0529,0.0158
1230822226500,5.8395,-6.9136,3.1804,-0.0337,0.0223,-0.0062
1230822226509,5.8539,-7.0930,3.2474,-0.0178,0.0174,0.0182
1230822226521,5.9257,-7.1313,3.3287,-0.0459,0.0431,0.0280
1230822226531,5.9161,-7.1385,3.4101,-0.0557,0.0517,0.0036
1230822226540,5.8706,-7.1026,3.4053,-0.0532,0.0529,-0.0013
1230822226550,5.7749,-7.1792,3.3527,-0.0398,0.0565,0.0097
1230822226559,5.7031,-7.1409,3.1612,-0.0288,0.0504,0.0195
1230822226570,5.7342,-7.0835,2.9554,-0.0044,0.0309,0.0146
1230822226578,5.8036,-7.2222,3.0679,0.0237,0.0272,0.0268
1230822226588,5.7342,-7.0284,3.1971,0.0152,0.0419,0.0293
1230822226598,5.6936,-6.9829,3.2952,0.0005,0.0431,-0.0074
1230822226607,5.6672,-7.1696,3.3359,-0.0300,0.0358,-0.0074
1230822226616,5.6696,-7.3299,3.3168,-0.0911,0.0358,0.0048
1230822226625,5.7055,-7.4280,3.2043,-0.0935,0.0333,0.0024
1230822226637,5.7342,-7.3969,3.1493,-0.0740,0.0333,-0.0049
1230822226646,5.7366,-7.3993,3.1612,-0.0508,0.0321,0.0061
1230822226656,5.7079,-7.3658,3.0679,-0.0227,0.0345,0.0182
1230822226664,5.6960,-7.4950,3.0990,0.0249,0.0358,0.0256
1230822226673,5.6242,-7.4950,3.1780,0.0665,0.0296,0.0366
1230822226684,5.6050,-7.2127,3.2737,0.0995,0.0199,0.0354
1230822226694,5.6122,-7.0164,3.1923,0.1031,-0.0070,0.0268
1230822226703,5.6816,-6.9686,3.3287,0.0653,-0.0119,0.0378
1230822226713,5.6816,-6.8513,3.1493,-0.0251,-0.0119,0.0525
1230822226721,5.6672,-6.8250,3.0871,-0.0874,-0.0082,0.0390
1230822226730,5.6624,-7.0141,3.0918,-0.1534,-0.0021,0.0390
1230822226740,5.6337,-7.0499,3.1612,-0.2059,0.0162,0.0354
1230822226749,5.6002,-7.2151,3.1804,-0.2035,0.0138,0.0354
1230822226759,5.5165,-7.3490,3.1373,-0.1534,0.0126,0.0280
1230822226769,5.4064,-7.2270,3.2665,-0.1131,0.0040,0.0170
1230822226780,5.3418,-7.0404,3.2952,-0.0984,-0.0192,0.0024
1230822226790,5.3107,-6.8729,3.1995,-0.1119,-0.0388,-0.0159
1230822226800,5.2963,-6.7939,3.2258,-0.1559,-0.0375,-0.0269
1230822226809,5.2724,-6.7772,3.1158,-0.2206,-0.0278,-0.0367
1230822226819,5.2676,-7.0117,2.7951,-0.2377,-0.0473,-0.0672
1230822226828,5.2628,-7.3084,3.1421,-0.1949,-0.0607,-0.0844
1230822226838,5.2341,-7.1815,3.5082,-0.2450,-0.0522,-0.0685
1230822226848,5.2294,-6.4374,3.0081,-0.3354,-0.0693,-0.0929
1230822226857,5.2605,-6.1407,2.5678,-0.3660,-0.0949,-0.1393
1230822226866,5.3059,-6.6551,2.8885,-0.4210,-0.1230,-0.1564
1230822226877,5.2700,-6.1598,1.8141,-0.6152,-0.1181,-0.1320
1230822226886,5.1958,-5.9181,0.9359,-0.7191,-0.1866,-0.2065
1230822226895,5.2868,-7.7151,2.8549,-0.6201,-0.2281,-0.2578
1230822226905,5.4662,-8.2631,3.4747,-1.0037,-0.1560,-0.1589
1230822226915,5.4662,-7.6721,2.4817,-1.2884,-0.0400,-0.1308
1230822226924,5.3370,-8.6364,2.9890,-0.9170,-0.0583,-0.2408
1230822226934,5.2365,-8.1961,2.0007,-0.4258,-0.0998,-0.2957
1230822226944,4.9494,-5.3798,-2.3423,-0.1656,-0.2562,-0.3275
1230822226953,4.9709,-7.1289,4.0418,0.3145,-0.4126,-0.5059
1230822226963,5.6481,-8.2583,3.6446,0.0995,-0.3906,-0.4106
1230822226972,6.0166,-5.2625,2.0581,-1.0868,-0.2672,-0.2114
1230822226980,5.9903,-5.0448,2.3955,-1.1222,-0.1511,-0.4216
1230822226990,5.9568,-7.0523,1.8715,-0.7337,-0.1853,-0.5266
1230822226999,6.0573,-6.8418,1.7040,-0.8974,-0.1340,-0.4851
1230822227009,5.8898,-6.9375,1.8882,-0.7032,-0.0730,-0.5205
1230822227022,5.9735,-7.5213,2.0055,-0.2866,-0.1267,-0.6586
1230822227030,6.4617,-6.8513,1.8595,-0.3440,-0.1915,-0.6940
1230822227040,6.8708,-6.2723,1.9241,-0.4198,-0.1475,-0.6952
1230822227049,7.0527,-6.6599,1.7614,-0.3110,-0.1218,-0.7074
1230822227059,7.3709,-6.9877,1.7471,-0.2035,-0.1414,-0.7612
1230822227069,7.6102,-7.2318,1.8954,0.0115,-0.1218,-0.8174
1230822227078,7.7370,-7.4065,2.1491,0.3768,-0.0668,-0.8711
1230822227088,7.9763,-7.0332,2.3333,0.6993,-0.0510,-0.9164
1230822227097,8.2036,-6.2771,2.7951,0.8814,-0.0290,-0.9506
1230822227105,8.4549,-5.5688,3.0823,0.9730,-0.0058,-0.9261
1230822227117,8.6774,-5.0902,3.2306,0.9767,0.0016,-0.8846
1230822227126,8.8904,-4.7289,3.3383,0.8667,0.0236,-0.8760
1230822227136,9.0339,-4.9849,3.2569,0.6798,0.0675,-0.8382
1230822227145,9.2110,-5.6932,3.1421,0.4440,0.1323,-0.7966
1230822227154,9.4312,-6.2005,2.7281,0.2045,0.1836,-0.7526
1230822227164,9.5149,-6.5738,2.7233,0.0897,0.2520,-0.7123
1230822227174,9.4144,-6.8178,2.9315,0.1117,0.3241,-0.6879
1230822227183,9.2134,-6.4350,2.7879,0.1886,0.3302,-0.6390
1230822227193,8.9693,-6.3847,2.6300,0.2534,0.2960,-0.5450
1230822227203,8.7994,-7.1074,1.7064,0.2986,0.2215,-0.4228
1230822227212,8.9598,-7.7080,1.5939,0.1801,0.1482,-0.2493
1230822227222,9.1320,-6.9542,2.4649,-0.0911,0.1604,-0.1467
1230822227232,8.8904,-5.0256,2.5846,-0.3587,0.2496,-0.1369
1230822227240,8.4429,-3.9225,2.0151,-0.5101,0.2948,-0.2004
1230822227249,8.1247,-5.0567,1.3499,-0.5016,0.2618,-0.1784
1230822227259,8.0936,-6.6695,1.2470,-0.6409,0.2545,-0.0074
1230822227268,8.1725,-6.9734,1.7997,-0.7826,0.3058,0.1038
1230822227278,8.1031,-6.7317,2.1850,-0.6470,0.3265,0.0537
1230822227288,8.0888,-6.5044,2.0199,-0.4637,0.2984,0.0476
1230822227299,8.0888,-6.5857,1.8835,-0.4075,0.2911,0.1502
1230822227309,7.9285,-7.0691,1.8069,-0.3293,0.3180,0.2394
1230822227318,7.7155,-7.5381,1.9026,-0.1791,0.3290,0.2785
1230822227328,7.5265,-7.7391,1.8906,0.0103,0.2972,0.3359
1230822227338,7.4188,-7.5931,1.8213,0.1996,0.2422,0.4055
1230822227347,7.2800,-7.3443,1.7016,0.3536,0.2007,0.4532
1230822227357,7.1269,-7.1169,1.7375,0.4550,0.1763,0.4862
1230822227366,6.9522,-7.0308,1.8930,0.4855,0.1555,0.5228
1230822227376,6.8254,-7.0691,2.0175,0.5075,0.1311,0.5521
1230822227386,6.6938,-7.0452,2.1251,0.5405,0.1005,0.5607
1230822227395,6.5478,-7.0141,2.2687,0.5601,0.0663,0.5631
1230822227405,6.4281,-6.9279,2.3046,0.5197,0.0309,0.5729
1230822227414,6.3803,-6.7843,2.3094,0.4135,0.0089,0.5692
1230822227424,6.2319,-6.7772,2.3094,0.3169,0.0003,0.5583
1230822227434,6.1027,-6.8609,2.3118,0.2277,-0.0082,0.5570
1230822227443,5.9472,-6.9590,2.3094,0.1728,-0.0229,0.5485
1230822227454,5.7534,-6.9853,2.2903,0.1544,-0.0522,0.5302
1230822227462,5.6648,-6.9901,2.2209,0.1361,-0.0766,0.5167
1230822227472,5.6792,-7.0547,2.2233,0.1679,-0.0949,0.5094
1230822227481,5.7007,-7.1624,2.2807,0.2168,-0.1096,0.4972
1230822227491,5.7486,-7.2103,2.4793,0.2901,-0.1169,0.4874
1230822227499,5.7869,-7.0835,2.6611,0.3414,-0.1218,0.4776
1230822227509,5.7773,-6.8298,2.7784,0.3756,-0.1279,0.4556
1230822227518,5.7438,-6.4350,2.7712,0.3487,-0.1450,0.4336
1230822227528,5.7510,-6.2914,2.7879,0.2595,-0.1401,0.4202
1230822227537,5.7653,-6.4350,2.8885,0.1398,-0.1084,0.4068
1230822227547,5.7151,-6.7724,2.9674,0.0482,-0.0766,0.3872
1230822227559,5.6672,-7.0547,2.9937,0.0152,-0.0583,0.3701
1230822227568,5.5524,-7.1074,3.0177,0.0543,-0.0571,0.3493
1230822227578,5.4758,-6.9566,2.9794,0.1080,-0.0766,0.3310
1230822227587,5.4423,-6.7054,2.9698,0.1435,-0.1011,0.3115
1230822227597,5.5189,-6.5642,2.9220,0.1569,-0.1181,0.2956
1230822227607,5.6385,-6.6647,2.8454,0.1703,-0.1133,0.2834
1230822227616,5.7318,-6.9901,3.1158,0.2204,-0.0901,0.2601
1230822227626,5.7582,-7.0571,3.2689,0.2925,-0.0717,0.2333
1230822227636,5.7366,-6.7341,3.4316,0.3304,-0.0791,0.1966
1230822227645,5.6983,-6.4158,3.3670,0.3585,-0.0925,0.1710
1230822227655,5.6960,-6.1861,3.2306,0.3279,-0.0974,0.1600
1230822227664,5.7630,-6.1622,3.1684,0.2277,-0.0925,0.1416
1230822227673,5.8754,-6.3847,3.1373,0.1361,-0.0803,0.1233
1230822227683,5.9305,-6.6073,3.1828,0.0799,-0.0632,0.1038
1230822227693,5.9592,-6.7317,3.2139,0.0934,-0.0656,0.0830
1230822227703,6.0309,-6.7006,3.1876,0.0983,-0.0827,0.0696
1230822227714,6.1482,-6.6384,3.1947,0.0995,-0.0876,0.0622
1230822227722,6.2319,-6.6121,3.2354,0.0860,-0.0791,0.0586
1230822227732,6.2942,-6.5163,3.2857,0.0799,-0.0681,0.0500
1230822227741,6.3324,-6.3919,3.3144,0.0848,-0.0656,0.0366
1230822227750,6.3683,-6.3393,3.3551,0.0750,-0.0558,0.0341
1230822227761,6.3851,-6.4278,3.3335,0.0469,-0.0461,0.0378
1230822227768,6.3899,-6.6838,3.3215,-0.0044,-0.0192,0.0341
1230822227777,6.3755,-6.9088,3.4125,-0.0569,0.0113,0.0244
1230822227787,6.3659,-7.0308,3.4005,-0.0716,0.0236,0.0195
1230822227797,6.3516,-6.9829,3.3215,-0.0642,0.0187,0.0146
1230822227810,6.3420,-6.9112,3.1517,-0.0532,0.0162,0.0134
1230822227818,6.3588,-6.8753,3.1134,-0.0422,0.0236,0.0109
1230822227828,6.3659,-6.8896,3.0248,-0.0374,0.0309,0.0109
1230822227837,6.3540,-7.0164,3.0560,-0.0374,0.0419,0.0121
1230822227846,6.3540,-7.1217,3.1469,-0.0374,0.0602,0.0036
1230822227856,6.2942,-7.0595,3.2402,-0.0227,0.0688,-0.0062
1230822227864,6.2296,-6.9040,3.2211,-0.0044,0.0602,-0.0025
1230822227875,6.2224,-6.7484,3.1445,0.0127,0.0602,-0.0001
1230822227886,6.2296,-6.6432,3.0823,-0.0068,0.0639,-0.0037
1230822227895,6.2678,-6.7197,2.9794,-0.0349,0.0688,-0.0062
1230822227904,6.2894,-6.9136,2.9674,-0.0618,0.0871,-0.0159
1230822227914,6.2702,-7.0858,2.9650,-0.0899,0.0981,-0.0123
1230822227924,6.2702,-7.1265,2.8885,-0.0826,0.0883,-0.0001
1230822227933,6.2248,-7.1026,2.9004,-0.0374,0.0846,-0.0049
1230822227943,6.1482,-6.9471,2.8717,-0.0166,0.0785,-0.0062
1230822227953,6.0979,-6.7580,2.8406,-0.0190,0.0602,0.0024
1230822227962,6.1243,-6.7867,2.7521,-0.0349,0.0419,0.0207
1230822227972,6.1434,-6.9518,2.7903,-0.0557,0.0406,0.0244
1230822227982,6.1649,-7.0499,2.7975,-0.0984,0.0309,0.0219
1230822227991,6.1482,-7.1839,2.7664,-0.0911,0.0223,0.0244
1230822228001,6.0884,-7.1600,2.7999,-0.0679,0.0187,0.0182
1230822228010,6.1290,-7.0978,2.8239,-0.0264,0.0052,0.0195
1230822228019,6.1841,-7.0499,2.8789,0.0152,-0.0082,0.0195
1230822228028,6.1793,-6.9877,2.9507,0.0188,-0.0143,0.0146
1230822228037,6.2128,-7.0236,2.9961,0.0078,-0.0168,0.0097
1230822228047,6.1889,-7.0643,2.9746,-0.0019,-0.0229,0.0048
1230822228056,6.1960,-7.0858,2.9459,-0.0032,-0.0278,0.0085
1230822228066,6.2296,-7.0212,2.8262,0.0140,-0.0388,0.0097
1230822228078,6.2248,-6.9447,2.8765,0.0372,-0.0436,0.0109
1230822228087,6.1984,-6.9279,2.9459,0.0421,-0.0375,0.0097
1230822228096,6.1889,-6.9614,2.9937,0.0249,-0.0338,0.0109
1230822228104,6.1626,-7.0332,2.9698,0.0164,-0.0363,0.0134
1230822228116,6.1578,-7.0475,3.0033,-0.0007,-0.0400,0.0121
1230822228126,6.1267,-6.9494,3.0512,-0.0056,-0.0412,0.0134
1230822228135,6.1386,-6.8202,3.0823,0.0005,-0.0510,0.0036
1230822228144,6.1099,-6.9112,3.0871,0.0066,-0.0534,0.0036
1230822228154,6.0908,-7.0882,3.1564,-0.0056,-0.0448,0.0121
1230822228215,6.0932,-7.1122,3.2211,-0.0007,-0.0363,0.0061
1230822228216,6.0860,-6.9710,3.1636,0.0188,-0.0473,0.0036
1230822228217,6.0812,-6.9303,3.0847,0.0372,-0.0558,0.0085
1230822228218,6.1003,-7.0356,3.0033,0.0543,-0.0595,0.0182
1230822228219,6.0573,-7.0858,2.9818,0.0738,-0.0583,0.0158
1230822228220,6.0309,-6.9997,2.9890,0.0824,-0.0607,0.0121
1230822228221,5.9592,-6.9997,3.0918,0.0970,-0.0595,0.0061
1230822228231,5.9233,-6.9207,3.0679,0.0958,-0.0571,0.0024
1230822228241,5.9185,-6.9901,3.2019,0.0872,-0.0620,-0.0147
1230822228250,5.9448,-7.2007,3.5465,0.0885,-0.0534,-0.0147
1230822228260,5.9496,-6.9518,3.3885,0.0677,-0.0571,-0.0062
1230822228269,5.9496,-6.7556,3.2234,0.1031,-0.0668,-0.0220
1230822228279,5.8563,-6.7006,3.2211,0.1337,-0.0607,-0.0355
1230822228287,5.8706,-6.8035,3.4556,0.0763,-0.0436,-0.0465
1230822228296,5.8682,-6.6551,3.4197,-0.0202,-0.0216,-0.0502
1230822228306,5.8969,-6.7628,3.3527,-0.0716,-0.0082,-0.0685
1230822228316,5.8491,-6.9686,3.1134,-0.0813,-0.0082,-0.0905
1230822228325,5.7079,-7.1361,3.3096,-0.0777,0.0211,-0.0966
1230822228335,5.6026,-6.8537,3.0464,-0.0483,0.0223,-0.1222
1230822228346,5.6122,-6.9447,3.3503,0.0115,-0.0192,-0.1613
1230822228356,5.6122,-6.9375,3.1947,-0.0105,-0.0021,-0.1357
1230822228365,5.6266,-6.6145,3.0416,-0.1045,-0.0009,-0.1491
1230822228375,5.5021,-6.5905,2.7473,-0.0398,-0.0070,-0.2016
1230822228385,5.5572,-6.6551,2.9578,-0.0178,-0.0510,-0.2126
1230822228394,5.4160,-5.7770,0.3760,0.0188,-0.1243,-0.2212
1230822228404,5.8228,-7.4687,5.0228,0.0909,-0.1035,-0.3104
1230822228412,5.8802,-7.1815,3.6589,-0.2756,-0.0290,-0.2077
1230822228422,5.7271,-6.6216,2.7784,-0.5627,0.0529,-0.2285
1230822228433,5.2557,-7.7463,2.8597,-0.1277,0.0174,-0.3153
1230822228443,5.6409,-7.9999,3.0009,0.0298,-0.0839,-0.2578
1230822228452,5.9807,-7.2438,2.7401,-0.0032,-0.0656,-0.2126
1230822228462,5.8491,-6.7772,3.0727,0.1459,0.0003,-0.3006
1230822228472,5.4782,-5.8727,0.1295,0.3353,-0.0888,-0.3849
1230822228481,5.6936,-6.3273,2.3692,0.4941,-0.2330,-0.4460
1230822228491,6.3947,-8.2009,5.3315,0.4868,-0.1267,-0.3996
1230822228501,6.6698,-6.4374,1.2207,-0.0422,-0.0815,-0.2188
1230822228509,6.1697,-5.2338,1.3762,0.1386,-0.0925,-0.4436
1230822228520,6.0309,-7.1983,4.2356,1.0133,-0.2049,-0.6341
1230822228529,6.7225,-5.7100,2.0007,0.5747,-0.3637,-0.3654
1230822228539,7.3614,-4.4322,3.1636,-0.0349,-0.2904,-0.3617
1230822228546,7.2202,-4.1140,2.3285,-0.0923,-0.2635,-0.5877
1230822228556,7.6102,-4.2695,2.7066,-0.5664,-0.2306,-0.6317
1230822228565,7.7514,-5.7458,2.7640,-0.8363,-0.1340,-0.5217
1230822228575,7.7801,-7.0117,2.7664,-0.8437,-0.0546,-0.4802
1230822228585,7.8854,-7.3849,2.4865,-0.6372,-0.0974,-0.5572
1230822228594,8.0050,-7.1720,2.2711,-0.3171,-0.1450,-0.6170
1230822228606,8.0601,-6.8824,2.2400,0.0188,-0.1499,-0.6073
1230822228616,8.2658,-6.3369,2.4075,0.2363,-0.1511,-0.5779
1230822228625,8.6248,-5.9708,2.4912,0.3340,-0.1731,-0.5462
1230822228635,8.6774,-5.6549,2.6085,0.4367,-0.1157,-0.5718
1230822228645,8.6152,-5.4252,2.8502,0.5588,-0.0595,-0.5816
1230822228654,8.8210,-5.1883,3.1517,0.6089,-0.0546,-0.5498
1230822228664,8.9765,-5.4611,3.4388,0.6395,-0.0338,-0.4887
1230822228673,9.1488,-5.8751,3.6087,0.6395,0.0211,-0.4460
1230822228683,9.2589,-5.8344,3.6805,0.5454,0.0761,-0.4216
1230822228693,9.1488,-5.6166,3.5967,0.4562,0.1225,-0.3861
1230822228702,8.9574,-5.4850,3.3096,0.3939,0.1421,-0.3360
1230822228712,8.8162,-5.3343,2.8143,0.2754,0.1274,-0.2664
1230822228721,8.6583,-5.4085,2.6396,0.1239,0.1335,-0.1967
1230822228731,8.5243,-5.9875,2.7281,0.0140,0.1531,-0.1137
1230822228740,8.3735,-6.7963,2.3884,-0.0532,0.1201,-0.0147
1230822228750,8.3233,-7.1624,1.5868,-0.0618,0.0236,0.0916
1230822228760,8.4166,-6.6958,1.8189,-0.0752,-0.0070,0.1539
1230822228769,8.2132,-5.2697,3.0440,-0.1192,0.0834,0.1123
1230822228779,7.6557,-4.1163,3.5513,-0.1742,0.1408,0.0195
1230822228789,7.3159,-4.3293,3.2330,-0.2768,0.1103,0.0280
1230822228798,7.3757,-5.2697,2.6994,-0.4405,0.0626,0.1197
1230822228806,7.5408,-5.9492,2.5032,-0.5908,0.0626,0.1649
1230822228815,7.5719,-6.2675,2.5941,-0.6213,0.1030,0.1197
1230822228825,7.4714,-6.5163,2.7018,-0.5541,0.1469,0.0757
1230822228834,7.1723,-6.9901,2.7569,-0.4198,0.1628,0.0806
1230822228844,6.9785,-7.2701,2.7473,-0.2976,0.1482,0.1343
1230822228854,6.8971,-7.1026,2.5247,-0.1546,0.1030,0.1783
1230822228866,6.8517,-6.8083,2.3788,0.0592,0.0529,0.1758
1230822228875,6.8373,-6.4446,2.3836,0.2119,0.0113,0.1868
1230822228885,6.8780,-6.1550,2.4147,0.2168,-0.0168,0.2296
1230822228895,6.9450,-6.0737,2.6037,0.1630,-0.0155,0.2650
1230822228904,6.8948,-5.9971,2.7784,0.0640,0.0040,0.2724
1230822228914,6.7943,-5.9229,2.7569,-0.0642,0.0150,0.2760
1230822228923,6.6962,-6.0833,2.6013,-0.1717,0.0101,0.2870
1230822228933,6.6579,-6.4972,2.6372,-0.2487,0.0211,0.3029
1230822228943,6.6411,-6.8274,2.7569,-0.2976,0.0394,0.3164
1230822228952,6.6698,-7.1050,2.9459,-0.2548,0.0455,0.3127
1230822228962,6.6507,-7.3538,3.0416,-0.1326,0.0431,0.3127
1230822228971,6.6292,-7.3443,3.1014,-0.0422,0.0394,0.3420
1230822228981,6.6674,-7.1098,3.0727,0.0274,0.0321,0.3689
1230822228990,6.6626,-6.8968,3.1612,0.1080,0.0443,0.3750
1230822229000,6.5645,-6.8059,3.1876,0.1667,0.0517,0.3896
1230822229010,6.3970,-6.8561,3.0871,0.1911,0.0468,0.4092
1230822229019,6.2822,-6.9160,2.8885,0.1960,0.0370,0.4177
1230822229028,6.3061,-6.9782,3.0201,0.1459,0.0272,0.4251
1230822229039,6.3037,-6.9566,2.9291,0.0824,0.0101,0.4239
1230822229048,6.2678,-6.8824,2.9076,0.0274,0.0089,0.4104
1230822229058,6.2056,-6.9183,2.9602,-0.0019,0.0174,0.3982
1230822229065,6.0956,-6.9064,3.0081,0.0140,0.0223,0.3884
1230822229075,6.0094,-6.7102,3.0440,0.0506,0.0101,0.3787
1230822229084,5.9639,-6.5163,3.0248,0.0763,-0.0155,0.3701
1230822229094,5.9663,-6.3130,2.9842,0.0482,-0.0363,0.3579
1230822229104,6.0070,-6.2005,2.8262,-0.0349,-0.0400,0.3420
1230822229115,6.0238,-6.3297,2.8215,-0.0972,-0.0290,0.3249
1230822229125,6.0477,-6.5235,2.8095,-0.1314,-0.0229,0.3102
1230822229135,6.0621,-6.6527,2.9028,-0.1082,-0.0241,0.2882
1230822229144,6.0549,-6.6934,3.0775,-0.0703,-0.0192,0.2626
1230822229154,6.0692,-6.6838,3.2498,-0.0447,-0.0204,0.2504
1230822229164,6.1338,-6.6073,3.4651,-0.0361,-0.0168,0.2467
1230822229173,6.1745,-6.3991,3.5178,-0.0349,-0.0107,0.2382
1230822229182,6.1793,-6.2340,3.3981,-0.0288,-0.0204,0.2308
1230822229192,6.2343,-6.1981,3.1373,-0.0288,-0.0278,0.2235
1230822229202,6.3181,-6.3249,2.9961,-0.0325,-0.0253,0.2137
1230822229211,6.3923,-6.4828,3.0033,-0.0374,-0.0094,0.2064
1230822229221,6.3755,-6.5953,2.9770,-0.0361,0.0040,0.1917
1230822229230,6.3755,-6.6695,2.9866,0.0054,0.0101,0.1685
1230822229241,6.3923,-6.7054,2.9985,0.0396,0.0089,0.1588
1230822229250,6.4664,-6.7508,3.1469,0.0506,0.0199,0.1526
1230822229260,6.4784,-6.7173,3.3000,0.0592,0.0345,0.1416
1230822229269,6.4425,-6.5546,3.3168,0.0518,0.0345,0.1209
1230822229279,6.4377,-6.4206,3.2809,0.0176,0.0345,0.1123
1230822229288,6.4353,-6.3608,3.1780,-0.0422,0.0406,0.1026
1230822229298,6.4377,-6.4158,3.0560,-0.0923,0.0517,0.0903
1230822229308,6.4760,-6.6647,2.8885,-0.1216,0.0602,0.0891
1230822229317,6.4353,-6.8059,2.9052,-0.1119,0.0785,0.0793
1230822229325,6.3970,-6.6958,2.9363,-0.0935,0.0871,0.0598
1230822229334,6.3970,-6.6097,2.9411,-0.0740,0.0797,0.0549
1230822229346,6.4329,-6.6312,2.9913,-0.0581,0.0761,0.0525
1230822229353,6.4760,-6.6456,3.0105,-0.0593,0.0773,0.0415
1230822229364,6.4784,-6.6695,3.0536,-0.0483,0.0749,0.0305
1230822229375,6.4808,-6.5499,2.9913,-0.0569,0.0688,0.0158
1230822229384,6.4641,-6.5187,2.9459,-0.0813,0.0724,0.0061
1230822229394,6.4449,-6.6192,2.9028,-0.1094,0.0749,0.0061
1230822229403,6.4521,-6.8394,2.8669,-0.1277,0.0749,0.0109
1230822229413,6.4593,-6.9518,2.8502,-0.1106,0.0736,0.0048
1230822229423,6.4569,-7.0356,2.8885,-0.0813,0.0700,-0.0001
1230822229433,6.4042,-7.1002,2.9291,-0.0459,0.0639,0.0048
1230822229442,6.3588,-7.0452,2.9698,-0.0178,0.0578,0.0036
1230822229452,6.3516,-6.9901,2.9124,0.0030,0.0517,0.0036
1230822229461,6.3468,-6.8633,2.8549,0.0140,0.0455,-0.0013
1230822229471,6.3181,-6.8178,2.7975,0.0176,0.0406,-0.0001
1230822229480,6.2439,-6.8298,2.7808,0.0213,0.0370,0.0097
1230822229490,6.2511,-6.8848,2.8837,0.0188,0.0345,0.0121
1230822229499,6.2630,-6.9112,2.9387,-0.0044,0.0321,0.0097
1230822229509,6.2535,-6.9064,2.9890,-0.0202,0.0345,0.0134
1230822229519,6.2128,-6.9160,2.9554,-0.0398,0.0284,0.0244
1230822229529,6.2008,-6.8394,2.8765,-0.0544,0.0138,0.0268
1230822229538,6.2248,-6.8729,2.7784,-0.0606,0.0003,0.0268
1230822229549,6.2008,-7.0045,2.7688,-0.0703,-0.0033,0.0256
1230822229558,6.2152,-7.1145,2.8191,-0.0703,-0.0009,0.0207
1230822229567,6.1530,-7.1122,2.8167,-0.0471,-0.0009,0.0097
1230822229575,6.1099,-7.1457,2.8908,-0.0117,-0.0107,0.0024
1230822229585,6.0884,-7.1074,2.9339,0.0213,-0.0168,0.0036
1230822229595,6.0860,-7.0212,3.0105,0.0469,-0.0253,0.0048
1230822229605,6.0812,-6.9160,3.0894,0.0616,-0.0363,0.0097
1230822229615,6.1051,-6.7987,3.0751,0.0494,-0.0436,0.0146
1230822229624,6.1243,-6.6934,2.9363,0.0188,-0.0485,0.0219
1230822229634,6.1984,-6.9566,2.7664,0.0103,-0.0510,0.0244
1230822229643,6.1936,-7.2701,2.8023,0.0152,-0.0436,0.0329
1230822229653,6.1410,-7.4065,3.0823,0.0396,-0.0253,0.0305
1230822229663,6.0238,-7.2581,3.1636,0.0665,-0.0265,0.0256
1230822229673,6.0070,-7.0739,3.1588,0.0897,-0.0424,0.0280
1230822229682,6.0573,-7.0475,3.1421,0.1080,-0.0546,0.0390
1230822229692,6.1290,-7.0452,3.0966,0.0836,-0.0558,0.0463
1230822229702,6.1721,-7.0619,3.1660,0.0653,-0.0461,0.0488
1230822229711,6.1123,-7.1313,3.2282,0.0616,-0.0388,0.0512
1230822229721,6.0836,-6.9494,3.1636,0.0421,-0.0436,0.0549
1230822229730,6.1195,-6.8968,3.1206,0.0188,-0.0510,0.0549
1230822229740,6.1314,-6.8801,2.9554,0.0140,-0.0485,0.0635
1230822229750,6.1626,-6.9806,2.8789,0.0017,-0.0497,0.0683
1230822229759,6.0860,-6.9279,2.8693,0.0140,-0.0461,0.0635
1230822229769,5.9998,-6.9231,2.8741,0.0213,-0.0497,0.0525
1230822229778,5.9615,-7.1600,3.0775,0.0396,-0.0448,0.0451
1230822229788,5.9137,-7.0069,2.8478,0.0237,-0.0424,0.0537
1230822229798,5.8778,-7.0093,2.6946,0.0518,-0.0632,0.0451
1230822229807,5.8898,-7.3347,3.0703,0.1068,-0.0852,0.0354
1230822229816,5.8491,-6.8944,2.6300,0.0811,-0.0901,0.0610
1230822229826,5.8060,-6.9399,2.7784,0.1251,-0.1145,0.0219
1230822229834,5.7247,-7.0332,3.0177,0.1703,-0.1145,0.0329
1230822229844,5.6912,-6.6408,3.1014,0.0787,-0.1292,0.0219
1230822229855,5.6505,-6.6360,2.9100,0.0592,-0.1585,-0.0196
1230822229864,5.7175,-6.4948,2.5200,0.0091,-0.1841,-0.0184
1230822229874,5.7821,-6.3919,2.9961,-0.0740,-0.1878,-0.0392
1230822229884,5.7247,-6.4158,2.6013,-0.1363,-0.1695,-0.0599
1230822229894,5.7630,-6.8011,3.2091,-0.2059,-0.1670,-0.0844
1230822229904,5.7653,-6.8657,3.0607,-0.2389,-0.1353,-0.0770
1230822229913,5.3275,-5.5807,-0.3131,-0.2353,-0.1792,-0.1357
1230822229923,5.3609,-7.2749,3.9868,0.1312,-0.2550,-0.2725
1230822229933,5.7055,-7.7487,4.5108,0.0616,-0.2134,-0.1857
1230822229942,5.9328,-6.7532,4.6472,-0.5101,-0.0216,-0.0831
1230822229952,5.2868,-6.0402,1.0173,-0.3611,-0.0412,-0.2249
1230822229961,5.2246,-6.4302,2.6994,0.0836,-0.2293,-0.3825
1230822229971,5.8491,-6.8705,3.3287,0.1654,-0.2428,-0.3385
1230822229980,5.8826,-4.9682,0.9144,-0.2805,-0.1817,-0.2591
1230822229990,5.8156,-6.3177,4.4199,-0.1094,-0.1011,-0.4753
1230822230000,6.0644,-7.5740,2.7856,0.0005,-0.1548,-0.5034
1230822230009,6.5095,-7.0787,2.9913,-0.2976,-0.0791,-0.3690
1230822230020,6.1889,-6.7796,2.4051,0.0872,-0.0436,-0.4729
1230822230028,6.0860,-6.4446,1.9194,0.5442,-0.1560,-0.6586
1230822230037,6.4281,-6.1239,1.8356,0.6749,-0.2379,-0.6573
1230822230046,6.3205,-5.1979,0.2755,0.6077,-0.2929,-0.6182
1230822230056,7.0503,-7.0356,4.2835,0.6615,-0.2477,-0.7380
1230822230066,7.8304,-7.9233,4.1590,0.4635,-0.2464,-0.6146
1230822230077,7.8615,-6.3800,2.2783,0.0616,-0.1634,-0.5413
1230822230086,7.3829,-5.3678,1.4312,0.4806,-0.2464,-0.7490
1230822230093,7.5528,-5.3606,2.3214,0.8753,-0.4102,-0.8907
1230822230105,8.2156,-5.5927,2.5032,0.6370,-0.4578,-0.6940
1230822230114,8.7324,-6.1431,2.4649,0.2705,-0.3637,-0.5229
1230822230124,9.0124,-6.5714,2.3836,0.2497,-0.3039,-0.5963
1230822230133,9.2780,-6.2866,2.5343,0.2864,-0.3295,-0.6732
1230822230143,9.4407,-6.1861,2.4960,0.3389,-0.3478,-0.5229
1230822230153,9.2206,-6.3465,2.5726,0.4477,-0.2574,-0.3959
1230822230163,9.1488,-6.1598,2.4697,0.4953,-0.2452,-0.3629
1230822230173,9.4288,-5.8368,2.4697,0.4403,-0.2648,-0.2945
1230822230182,9.6273,-5.9397,2.5104,0.4098,-0.2147,-0.1797
1230822230192,9.7326,-6.1550,2.7090,0.3377,-0.1084,-0.0905
1230822230201,9.6800,-5.9875,3.0703,0.2424,-0.0046,-0.0392
1230822230210,9.2014,-5.9540,3.2976,0.2534,0.0749,0.0109
1230822230220,8.7516,-5.8751,3.2785,0.2974,0.1005,0.0720
1230822230230,8.6942,-5.5784,2.9626,0.2009,0.0871,0.1588
1230822230240,8.8856,-5.5185,2.9220,0.0482,0.1176,0.2467
1230822230249,8.8712,-5.7435,3.3574,-0.0337,0.2056,0.2846
1230822230259,8.5099,-5.6812,3.5776,-0.0728,0.2545,0.2956
1230822230268,8.1247,-5.4109,3.3622,-0.1901,0.2435,0.3261
1230822230277,7.8926,-5.0735,2.7473,-0.3464,0.2300,0.3750
1230822230286,7.8304,-5.2314,2.8765,-0.4931,0.2471,0.3799
1230822230297,7.7634,-5.8966,2.8167,-0.5810,0.2887,0.3652
1230822230307,7.7179,-6.3871,2.1275,-0.6507,0.2655,0.4177
1230822230317,7.5408,-6.7173,1.9337,-0.5236,0.2202,0.4214
1230822230326,7.2537,-6.7317,1.9888,-0.3782,0.1860,0.3945
1230822230335,7.3207,-6.4422,2.4314,-0.4674,0.1714,0.4532
1230822230345,7.4212,-5.5712,2.9004,-0.6201,0.2154,0.4984
1230822230353,7.2608,-4.5901,2.9961,-0.6787,0.2483,0.3921
1230822230362,6.9689,-4.6188,2.7712,-0.6250,0.2716,0.2773
1230822230372,6.7608,-5.6190,2.6181,-0.6482,0.2862,0.3066
1230822230382,6.7943,-6.2890,2.8717,-0.7472,0.2874,0.3518
1230822230391,6.8110,-6.3154,3.0153,-0.8388,0.2887,0.2980
1230822230401,6.7943,-6.0976,2.7329,-0.8987,0.2789,0.2626
1230822230413,6.7919,-6.6910,2.2089,-0.9194,0.2581,0.3029
1230822230422,6.5693,-7.3490,2.1371,-0.8791,0.3143,0.3078
1230822230432,6.3444,-7.5835,2.3405,-0.7899,0.3473,0.2919
1230822230441,6.1889,-7.6840,2.3884,-0.5676,0.3143,0.2785
1230822230451,6.1530,-7.6099,2.4075,-0.3012,0.2655,0.2822
1230822230460,6.1889,-7.2390,2.3836,-0.1632,0.2325,0.2834
1230822230470,6.2463,-6.8083,2.3357,-0.1424,0.2178,0.2834
1230822230479,6.2032,-6.6336,2.3070,-0.1705,0.2178,0.2760
1230822230489,6.1195,-6.6551,2.3572,-0.2072,0.2154,0.2540
1230822230499,6.0501,-6.7484,2.4338,-0.2768,0.2129,0.2516
1230822230509,6.0070,-6.9590,2.4577,-0.3232,0.2068,0.2491
1230822230517,5.9424,-7.2940,2.4721,-0.3183,0.1934,0.2321
1230822230528,5.8802,-7.5548,2.4984,-0.3037,0.1775,0.2382
1230822230537,5.8347,-7.7151,2.4984,-0.2658,0.1604,0.2504
1230822230547,5.7534,-7.6840,2.4649,-0.1473,0.1359,0.2455
1230822230557,5.7199,-7.5548,2.5224,-0.0349,0.1054,0.2479
1230822230566,5.6888,-7.4400,2.5606,0.0579,0.0834,0.2553
1230822230576,5.6792,-7.3706,2.5295,0.1276,0.0602,0.2516
1230822230586,5.7151,-7.4280,2.4075,0.1618,0.0296,0.2406
1230822230595,5.7630,-7.5022,2.5822,0.1459,0.0284,0.2321
1230822230605,5.6888,-7.5046,2.7640,0.1447,0.0382,0.2272
1230822230615,5.5859,-7.3921,2.7712,0.1728,0.0248,0.2113
1230822230622,5.5548,-7.2127,2.6061,0.2204,-0.0143,0.1991
1230822230631,5.6409,-7.1672,2.5152,0.2302,-0.0375,0.2076
1230822230641,5.7247,-7.3251,2.4865,0.2192,-0.0400,0.2198
1230822230651,5.7941,-7.4974,2.5511,0.2070,-0.0338,0.2211
1230822230664,5.7582,-7.5213,2.6635,0.2082,-0.0302,0.2137
1230822230672,5.7055,-7.5046,2.7425,0.2522,-0.0241,0.2137
1230822230681,5.6624,-7.4232,2.7856,0.3145,-0.0278,0.2125
1230822230690,5.6600,-7.2031,2.7257,0.3634,-0.0436,0.2088
1230822230701,5.6960,-6.9877,2.6827,0.3976,-0.0534,0.2125
1230822230711,5.7271,-6.7700,2.6707,0.3951,-0.0632,0.2149
1230822230720,5.7175,-6.6479,2.6587,0.3573,-0.0656,0.2064
1230822230730,5.7725,-6.6192,2.6755,0.2583,-0.0607,0.1930
1230822230739,5.8299,-6.7461,2.7975,0.1581,-0.0388,0.1795
1230822230749,5.7821,-6.9016,2.8430,0.0909,-0.0094,0.1698
1230822230758,5.8012,-6.8777,2.9028,0.0445,0.0028,0.1563
1230822230768,5.7845,-6.8178,2.9076,0.0078,0.0040,0.1441
1230822230777,5.8228,-6.7772,2.8813,-0.0398,0.0064,0.1331
1230822230787,5.9161,-6.9782,2.8526,-0.1082,0.0211,0.1306
1230822230795,6.0094,-7.2653,2.8478,-0.1510,0.0382,0.1392
1230822230805,6.0190,-7.3945,2.9411,-0.1192,0.0602,0.1367
1230822230815,5.9376,-7.1911,2.9794,-0.0606,0.0749,0.1282
1230822230826,5.9376,-6.9447,2.9172,-0.0129,0.0663,0.1148
1230822230836,5.9615,-6.8394,2.8191,0.0078,0.0626,0.1148
1230822230845,6.0142,-6.9112,2.7879,-0.0154,0.0724,0.1221
1230822230855,6.0788,-6.9614,2.7784,-0.0349,0.0810,0.1172
1230822230864,6.0716,-7.0212,2.8262,-0.0459,0.0895,0.1038
1230822230872,6.0405,-6.9877,2.8980,-0.0789,0.0993,0.0842
1230822230881,6.0190,-7.0188,3.0009,-0.1253,0.1078,0.0708
1230822230891,5.9807,-7.0954,3.0344,-0.1729,0.1091,0.0683
1230822230901,5.9951,-7.1792,2.9435,-0.1925,0.0932,0.0671
1230822230910,6.0166,-7.1409,2.8167,-0.2157,0.0846,0.0549
1230822230920,6.0405,-7.0906,2.6707,-0.2194,0.0834,0.0390
1230822230932,6.0644,-7.2103,2.5846,-0.1839,0.0785,0.0451
1230822230941,6.0644,-7.2509,2.5894,-0.1180,0.0749,0.0586
1230822230951,6.0597,-7.0691,2.6922,-0.0386,0.0700,0.0549
1230822230960,6.0979,-6.9112,2.6827,0.0152,0.0565,0.0500
1230822230970,6.0932,-6.7820,2.7090,0.0237,0.0504,0.0463
1230822230980,6.0597,-6.8633,2.6420,-0.0068,0.0529,0.0451
1230822230989,6.0381,-6.9973,2.6037,-0.0642,0.0504,0.0390
1230822230998,6.0621,-7.1911,2.6109,-0.1119,0.0480,0.0329
1230822231008,5.9927,-7.3945,2.7138,-0.1265,0.0578,0.0268
1230822231018,6.0022,-7.4304,2.7712,-0.1229,0.0517,0.0268
1230822231027,5.9855,-7.4184,2.7999,-0.1192,0.0406,0.0317
1230822231036,5.9376,-7.3179,2.7186,-0.1106,0.0358,0.0317
1230822231046,5.9113,-7.2892,2.6827,-0.1033,0.0345,0.0268
1230822231055,5.8969,-7.3371,2.6420,-0.1058,0.0272,0.0341
1230822231065,5.8587,-7.2940,2.5941,-0.0960,0.0223,0.0341
1230822231076,5.8611,-7.3299,2.5487,-0.0618,0.0162,0.0317
1230822231085,5.8371,-7.3802,2.5750,-0.0300,0.0101,0.0378
1230822231094,5.8299,-7.3275,2.4841,-0.0032,0.0040,0.0378
1230822231104,5.8228,-7.2725,2.5128,0.0176,-0.0070,0.0317
1230822231113,5.8491,-7.2820,2.5319,0.0127,-0.0131,0.0317
1230822231124,5.8706,-7.2390,2.5535,-0.0019,-0.0204,0.0305
1230822231133,5.8993,-7.2462,2.6611,-0.0251,-0.0192,0.0268
1230822231141,5.8826,-7.2581,2.6300,-0.0435,-0.0155,0.0158
1230822231150,5.9089,-7.3490,2.6252,-0.0618,-0.0131,0.0182
1230822231160,5.9233,-7.4232,2.5630,-0.0532,-0.0192,0.0280
1230822231169,5.9424,-7.4137,2.5965,-0.0239,-0.0265,0.0256
1230822231179,5.9257,-7.3108,2.5965,0.0005,-0.0314,0.0170
1230822231189,5.9257,-7.2605,2.6109,0.0140,-0.0388,0.0146
1230822231201,5.9089,-7.2007,2.5463,0.0078,-0.0400,0.0134
1230822231210,5.9185,-7.1935,2.4888,0.0115,-0.0461,0.0085
1230822231219,5.9041,-7.2007,2.5247,0.0152,-0.0436,0.0061
1230822231229,5.9209,-7.2438,2.5941,-0.0044,-0.0375,-0.0013
1230822231239,5.9233,-7.3299,2.6779,-0.0044,-0.0351,-0.0062
1230822231249,5.8898,-7.3634,2.6420,-0.0056,-0.0412,-0.0001
1230822231258,5.8706,-7.3036,2.6348,0.0066,-0.0473,0.0012
1230822231267,5.8778,-7.2677,2.6085,0.0017,-0.0546,-0.0001
1230822231275,5.9209,-7.3538,2.6276,-0.0141,-0.0522,0.0036
1230822231285,5.9209,-7.5644,2.7497,-0.0093,-0.0412,0.0085
1230822231294,5.8730,-7.6410,2.8047,0.0140,-0.0388,0.0109
1230822231304,5.8443,-7.5333,2.7162,0.0518,-0.0522,0.0182
1230822231314,5.8539,-7.3203,2.5702,0.0836,-0.0717,0.0244
1230822231324,5.8658,-7.2079,2.4386,0.0824,-0.0803,0.0293
1230822231333,5.8587,-7.3084,2.4123,0.0726,-0.0815,0.0280
1230822231342,5.8419,-7.4687,2.5870,0.0811,-0.0717,0.0256
1230822231352,5.7773,-7.5022,2.7664,0.1105,-0.0705,0.0219
1230822231361,5.7079,-7.2988,2.7927,0.1422,-0.0815,0.0207
1230822231371,5.7271,-7.1528,2.7281,0.1618,-0.1072,0.0207
1230822231380,5.8084,-7.1265,2.6420,0.1422,-0.1267,0.0219
1230822231390,5.8347,-7.2127,2.6085,0.0860,-0.1206,0.0207
1230822231400,5.8132,-7.4256,2.7688,0.0469,-0.0998,0.0158
1230822231409,5.7390,-7.6338,2.9148,0.0592,-0.0901,0.0121
1230822231419,5.7055,-7.6458,2.9243,0.1031,-0.0998,0.0134
1230822231429,5.7271,-7.4208,2.7879,0.1618,-0.1108,0.0134
1230822231438,5.7342,-7.1935,2.7784,0.2045,-0.1181,0.0146
1230822231448,5.7462,-6.9901,2.6516,0.1972,-0.1206,0.0170
1230822231458,5.8228,-7.1217,2.4912,0.1606,-0.1255,0.0061
1230822231469,5.8658,-7.4328,2.4649,0.1373,-0.1157,0.0024
1230822231479,5.8491,-7.4998,2.6013,0.1373,-0.1059,-0.0013
1230822231488,5.7510,-7.5165,2.8095,0.1422,-0.1108,0.0024
1230822231498,5.6744,-7.3562,2.7449,0.1496,-0.1230,-0.0086
1230822231507,5.7247,-7.3323,2.7257,0.1606,-0.1365,-0.0123
1230822231517,5.8204,-7.4735,2.7712,0.1386,-0.1524,0.0219
1230822231525,5.8802,-7.2486,2.6037,0.0897,-0.1499,0.0195
1230822231537,5.7917,-7.0308,2.4554,0.0909,-0.1389,-0.0172
1230822231546,5.7534,-7.0811,2.1347,0.1019,-0.1719,-0.0220
1230822231556,5.7677,-7.2964,2.1993,0.1276,-0.1829,0.0109
1230822231565,5.7223,-7.3227,2.7712,0.1361,-0.1878,-0.0257
1230822231575,5.6266,-7.1313,2.9004,0.1496,-0.1988,-0.0453
1230822231585,5.6481,-6.7413,2.8334,0.0934,-0.2281,-0.0282
1230822231594,5.7749,-6.6503,2.7066,0.0799,-0.2501,-0.0465
1230822231604,5.8706,-6.6767,2.8310,0.0506,-0.2477,-0.0709
1230822231613,5.9735,-6.8130,3.1541,0.0030,-0.2342,-0.0795
1230822231623,5.9520,-6.8609,3.0560,-0.0325,-0.2220,-0.1222
1230822231633,5.8084,-6.6767,2.6228,-0.0435,-0.2049,-0.1540
1230822231643,5.6792,-6.5379,1.6155,0.0286,-0.2550,-0.1931
1230822231652,5.9759,-7.6577,4.8099,0.0811,-0.2281,-0.1919
1230822231662,6.1003,-6.9494,2.3022,-0.1705,-0.2049,-0.1064
1230822231669,5.9520,-7.2509,2.0318,-0.0728,-0.1524,-0.1870
1230822231680,6.0142,-8.2870,4.1016,0.1716,-0.1646,-0.2212
1230822231690,6.1506,-7.7582,1.7590,0.1471,-0.1597,-0.1357
1230822231700,6.2319,-7.4328,3.4699,0.2412,-0.1389,-0.1857
1230822231707,5.9376,-6.8513,1.2972,0.4697,-0.1841,-0.2163
1230822231717,6.3851,-7.8180,5.1090,0.4367,-0.1487,-0.1625
1230822231729,6.1362,-6.7556,1.2661,0.2510,-0.1560,-0.1027
1230822231739,6.0285,-6.1143,3.5776,0.1850,-0.1206,-0.1907
1230822231748,5.7797,-6.3991,-0.4926,0.3047,-0.1585,-0.1870
1230822231758,6.2367,-6.8226,4.6615,0.0066,-0.1304,-0.1296
1230822231767,6.0764,-6.3106,1.2613,0.0103,-0.2452,-0.1919
1230822231777,6.5980,-9.0145,5.1927,0.0103,-0.0681,-0.2175
1230822231787,6.4593,-7.1576,1.0220,-0.2169,-0.1463,-0.1051
1230822231797,6.1960,-6.6216,3.9461,0.0017,-0.0546,-0.2578
1230822231806,6.1913,-7.2318,2.4338,0.3963,-0.1829,-0.3043
1230822231816,6.5119,-6.3776,3.1588,0.0372,-0.1401,-0.2016
1230822231825,6.5167,-6.5116,2.6563,-0.0251,-0.0473,-0.2383
1230822231834,6.4784,-6.7843,1.5628,0.0054,-0.0400,-0.3140
1230822231844,6.8038,-7.6458,3.7666,0.0738,-0.0070,-0.3043
1230822231854,6.5669,-6.8609,2.4577,0.1508,0.0064,-0.2615
1230822231864,6.2152,-5.9732,2.8239,0.2876,-0.0009,-0.3372
1230822231873,6.1243,-5.7148,2.0055,0.4269,-0.0949,-0.3983
1230822231883,6.5765,-5.9110,2.1467,0.2241,-0.1157,-0.3568
1230822231892,6.8971,-6.9136,2.2591,0.0824,-0.1047,-0.3446
1230822231902,7.1747,-7.4543,2.3549,0.0726,-0.1035,-0.3715
1230822231912,7.2752,-7.1361,2.2304,0.1202,-0.1243,-0.3556
1230822231921,7.2034,-6.8442,2.5104,0.2106,-0.1414,-0.3263
1230822231929,7.3183,-6.9734,3.0727,0.2461,-0.1230,-0.2921
1230822231938,7.2656,-6.6575,1.3810,0.1373,-0.1108,-0.2408
1230822231948,7.0024,-6.0019,0.2803,0.1276,-0.1585,-0.2737
1230822231959,7.6700,-8.3588,6.1068,0.2583,-0.0351,-0.2945
1230822231971,7.4547,-6.0497,0.7804,-0.0032,-0.0803,-0.1088
1230822231979,7.4379,-6.2196,2.3740,0.1447,-0.0681,-0.1967
1230822231988,7.6437,-6.4876,1.9720,0.2950,-0.1401,-0.2640
1230822231998,7.8351,-5.7650,2.0558,-0.1998,-0.0424,-0.1320
1230822232008,7.5600,-6.2962,2.6803,-0.3098,0.0455,-0.1320
1230822232017,7.4427,-6.6934,2.8454,-0.3147,0.0296,-0.1674
1230822232027,7.4523,-6.8035,3.2689,-0.2951,0.0468,-0.1308
1230822232036,7.3661,-6.8250,3.6111,-0.2572,0.0932,-0.0990
1230822232046,7.3207,-7.3012,3.4221,-0.1375,0.1066,-0.0758
1230822232055,7.2920,-7.6577,3.0679,-0.0141,0.1103,-0.0306
1230822232065,7.1340,-7.6123,2.6516,0.0995,0.1433,0.0109
1230822232075,7.0623,-6.9494,2.7784,0.2400,0.1531,0.0195
1230822232084,7.0168,-6.3536,2.7736,0.3585,0.1262,0.0231
1230822232093,7.1197,-6.0880,2.7545,0.3230,0.1225,0.0610
1230822232103,7.2585,-5.9062,2.8645,0.1716,0.1665,0.0793
1230822232113,7.1604,-5.6382,3.1421,0.0127,0.2312,0.0121
1230822232123,6.9953,-5.7028,3.2019,-0.0935,0.2581,-0.0636
1230822232133,6.9043,-7.0930,2.6372,-0.1754,0.2496,-0.0379
1230822232142,7.0216,-8.4928,1.5796,-0.2536,0.2007,0.0818
1230822232152,7.3590,-9.1389,3.0368,-0.3978,0.2154,0.1820
1230822232161,7.6916,-7.9879,5.0252,-0.5773,0.3290,0.2760
1230822232171,7.5145,-5.0998,3.1995,-0.6018,0.3803,0.2919
1230822232180,7.0120,-5.0926,1.8859,-0.0471,0.2911,0.1001
1230822232188,6.4975,-6.7102,2.1371,0.4245,0.2557,0.0916
1230822232197,6.3205,-6.1072,2.9052,0.1984,0.3192,0.2272
1230822232207,6.3683,-5.1692,3.2234,0.1166,0.3400,0.1074
1230822232217,6.6411,-4.8581,2.6827,0.0909,0.2703,-0.0062
1230822232226,6.8278,-5.1022,2.3070,-0.1681,0.2630,0.0549
1230822232238,6.7440,-5.9205,2.5630,-0.3721,0.3204,0.0586
1230822232248,6.4425,-6.3465,2.6683,-0.4173,0.3326,-0.0147
1230822232257,6.1745,-6.5499,2.7329,-0.3391,0.2911,-0.0807
1230822232265,6.1314,-6.4182,2.5271,-0.3000,0.2496,-0.0831
1230822232277,6.1817,-6.2771,1.9624,-0.2438,0.2068,-0.0905
1230822232286,6.2152,-6.5762,1.8715,-0.1277,0.1824,-0.1393
1230822232296,6.1530,-6.6791,2.2280,-0.0630,0.1775,-0.1430
1230822232305,6.0644,-6.4589,2.4314,0.0213,0.1591,-0.1540
1230822232315,6.0070,-6.2866,2.4554,0.1532,0.1042,-0.2041
1230822232325,6.0190,-6.2316,2.5247,0.2033,0.0504,-0.2298
1230822232334,6.0573,-6.2818,2.6683,0.1337,0.0321,-0.2200
1230822232343,6.0884,-6.4661,2.7664,0.0604,0.0272,-0.2212
1230822232353,6.1075,-6.6815,2.8239,-0.0007,0.0211,-0.2212
1230822232363,6.1362,-6.9088,2.9220,-0.0044,0.0199,-0.2077
1230822232373,6.1602,-7.0523,2.9746,0.0384,0.0126,-0.1943
1230822232382,6.1865,-7.0787,3.0368,0.0872,0.0064,-0.1833
1230822232392,6.2750,-7.0978,3.1469,0.1349,0.0077,-0.1687
1230822232401,6.3109,-7.0835,3.2091,0.1801,0.0174,-0.1589
1230822232411,6.3372,-7.1289,3.2067,0.2180,0.0236,-0.1528
1230822232421,6.3588,-7.2797,3.1493,0.2534,0.0272,-0.1393
1230822232430,6.3755,-7.4280,3.2139,0.3047,0.0406,-0.1112
1230822232440,6.3947,-7.4878,3.2091,0.3731,0.0443,-0.0917
1230822232447,6.3923,-7.4567,3.2833,0.4587,0.0455,-0.0734
1230822232458,6.3755,-7.4184,3.3622,0.5381,0.0406,-0.0477
1230822232468,6.4018,-7.3395,3.4197,0.5637,0.0394,-0.0245
1230822232478,6.5023,-7.3466,3.5824,0.5674,0.0480,-0.0086
1230822232486,6.5358,-7.4065,3.6183,0.5601,0.0651,0.0024
1230822232495,6.5095,-7.3490,3.7475,0.5430,0.0810,0.0182
1230822232507,6.4999,-7.2366,3.7977,0.5112,0.0785,0.0354
1230822232517,6.5191,-7.1026,3.9413,0.4489,0.0785,0.0647
1230822232526,6.5478,-6.9447,3.9509,0.3573,0.0846,0.0928
1230822232536,6.5550,-6.9375,3.7475,0.2901,0.1091,0.1123
1230822232546,6.5191,-7.1169,3.8241,0.2840,0.1384,0.1245
1230822232555,6.4305,-7.2390,3.9533,0.3194,0.1567,0.1380
1230822232565,6.4162,-7.1600,4.0418,0.3621,0.1494,0.1588
1230822232574,6.4664,-7.1624,4.0753,0.4428,0.1274,0.1868
1230822232584,6.5023,-7.2749,4.1208,0.5258,0.0968,0.2076
1230822232594,6.4473,-7.3778,4.1255,0.5625,0.0773,0.2272
1230822232603,6.3994,-7.3682,4.1519,0.5955,0.0651,0.2638
1230822232613,6.4042,-7.3538,4.1566,0.6774,0.0553,0.3041
1230822232622,6.3683,-7.5548,4.2978,0.8142,0.0639,0.3469
1230822232632,6.4569,-7.8180,4.4797,0.9754,0.0968,0.3884
1230822232641,6.5861,-8.1028,4.7070,1.2015,0.1531,0.4141
1230822232651,6.5933,-8.3445,4.7692,1.5484,0.1860,0.4544
1230822232661,6.4258,-8.1459,4.6759,1.9113,0.1591,0.5033
1230822232671,6.2535,-7.5788,4.6113,2.2900,0.0871,0.5326
1230822232680,6.2487,-6.9351,4.7429,2.6052,0.0370,0.5436
1230822232689,6.5526,-6.5283,4.9678,2.8337,0.0382,0.5815
1230822232699,6.4234,-6.4661,4.7955,2.9351,0.0211,0.6670
1230822232707,6.4401,-5.7411,4.8721,2.8080,0.0040,0.6988
1230822232716,6.4928,-5.5305,4.8171,2.6321,0.0639,0.6878
1230822232726,6.3755,-5.9564,5.1186,2.5051,0.1836,0.7366
1230822232736,6.1984,-6.2316,5.3866,2.3584,0.2532,0.7989
1230822232745,6.1362,-6.2603,5.6737,2.2631,0.2471,0.8319
1230822232755,6.0644,-6.1550,5.7048,2.2216,0.2215,0.8576
1230822232767,6.1051,-5.9110,5.9273,2.2008,0.2141,0.8796
1230822232776,6.0668,-5.8368,6.1140,2.2460,0.2361,0.9003
1230822232786,6.0118,-5.8727,6.2863,2.2815,0.2679,0.9272
1230822232795,5.8850,-5.7889,6.3700,2.2986,0.2935,0.9467
1230822232805,5.7390,-5.6597,6.5471,2.3425,0.3155,0.9553
1230822232815,5.5954,-5.4204,6.5447,2.3890,0.3278,0.9480
1230822232825,5.4806,-5.1979,6.6404,2.4232,0.3522,0.9492
1230822232834,5.3945,-5.0543,6.7816,2.4464,0.3840,0.9590
1230822232844,5.3179,-4.9132,7.0424,2.4806,0.4145,0.9651
1230822232853,5.2676,-4.7361,7.3271,2.4818,0.4145,0.9798
1230822232863,5.2533,-4.6858,7.5066,2.4721,0.4120,1.0103
1230822232872,5.2652,-4.6141,7.5305,2.4452,0.4047,1.0359
1230822232882,5.2605,-4.4035,7.4516,2.4134,0.3950,1.0323
1230822232891,5.2317,-4.1905,7.4731,2.3841,0.3888,1.0286
1230822232901,5.1982,-4.0039,7.5951,2.3597,0.3901,1.0445
1230822232911,5.1480,-3.7646,7.7411,2.3230,0.4059,1.0555
1230822232920,5.0499,-3.6043,8.0235,2.2790,0.4182,1.0616
1230822232930,4.9685,-3.5612,8.1216,2.2338,0.4206,1.0665
1230822232939,4.9661,-3.5708,8.2508,2.1923,0.4304,1.0860
1230822232949,5.0092,-3.6665,8.4039,2.1679,0.4475,1.1105
1230822232959,5.0355,-3.6497,8.6073,2.1288,0.4487,1.1300
1230822232969,5.1480,-3.5062,8.6599,2.0787,0.4475,1.1496
1230822232976,5.1408,-3.3052,8.6360,2.0249,0.4707,1.1654
1230822232985,5.0618,-3.0324,8.6887,1.9492,0.5074,1.1716
1230822232995,4.9613,-2.8864,8.6049,1.8808,0.5367,1.1752
1230822233005,4.8489,-2.9008,8.7198,1.8368,0.5868,1.1801
1230822233014,4.6599,-3.0946,8.6671,1.8258,0.6112,1.1960
1230822233026,4.6527,-3.1257,8.7078,1.8490,0.6259,1.2204
1230822233035,4.5618,-3.0037,8.7676,1.9113,0.6369,1.2388
1230822233043,4.4301,-2.6567,8.7987,1.9589,0.6307,1.2424
1230822233055,4.3416,-2.1997,8.8490,1.9528,0.6185,1.2449
1230822233064,4.2507,-1.7666,8.8298,1.8844,0.6234,1.2449
1230822233074,4.2268,-1.4507,8.9686,1.7598,0.6539,1.2327
1230822233084,4.0856,-1.3837,8.9901,1.6156,0.7016,1.2216
1230822233093,4.0258,-1.3359,9.0189,1.4837,0.7285,1.2106
1230822233102,3.9540,-1.3861,9.0356,1.3969,0.7456,1.2021
1230822233113,3.8750,-1.4460,8.9734,1.3346,0.7505,1.1923
1230822233122,3.7721,-1.3000,8.9016,1.2760,0.7431,1.1740
1230822233132,3.6142,-1.1684,8.8657,1.2296,0.7444,1.1508
1230822233141,3.4778,-1.2330,9.0141,1.1954,0.7566,1.1373
1230822233151,3.4012,-1.1899,8.9638,1.1721,0.7603,1.1312
1230822233160,3.3342,-1.0631,8.9327,1.1734,0.7480,1.1141
1230822233168,3.2577,-0.8884,8.9208,1.1929,0.7297,1.0921
1230822233178,3.1404,-0.7233,8.7915,1.1832,0.7187,1.0750
1230822233189,3.0280,-0.7114,8.9088,1.1624,0.7224,1.0579
1230822233199,2.8748,-0.8023,8.9399,1.1489,0.7248,1.0408
1230822233208,2.7839,-0.7807,8.9878,1.1746,0.7040,1.0311
1230822233218,2.7360,-0.5510,8.9232,1.1966,0.6637,1.0164
1230822233226,2.7145,-0.2304,8.9614,1.2125,0.6173,0.9968
1230822233235,2.6690,0.0783,8.8753,1.2125,0.5855,0.9773
1230822233245,2.6116,0.1955,8.9495,1.1673,0.5672,0.9553
1230822233254,2.6236,0.1620,8.9327,1.1001,0.5599,0.9345
1230822233264,2.5566,0.1453,8.8609,1.0292,0.5709,0.9138
1230822233276,2.4226,0.1764,8.7939,0.9901,0.5599,0.8857
1230822233285,2.2599,0.2099,8.5834,0.9840,0.5354,0.8564
1230822233295,2.1546,0.1907,8.5044,1.0023,0.5074,0.8368
1230822233304,2.0900,0.1357,8.5355,1.0524,0.4683,0.8258
1230822233314,2.0971,0.0496,8.6815,1.1196,0.4341,0.8221
1230822233323,2.1809,0.0831,8.7724,1.1917,0.3803,0.8282
1230822233333,2.2383,0.4850,8.9184,1.2381,0.3180,0.8270
1230822233343,2.2790,0.8942,9.0691,1.2308,0.2740,0.8124
1230822233352,2.3197,1.2986,9.0907,1.1477,0.2691,0.7806
1230822233361,2.3436,1.5666,8.9925,0.9828,0.2862,0.7293
1230822233371,2.2503,1.6408,8.9255,0.8142,0.3217,0.6755
1230822233381,2.0995,1.5355,8.7652,0.6602,0.3534,0.6267
1230822233391,1.9775,1.3249,8.7700,0.5527,0.3656,0.5851
1230822233400,1.9320,0.9899,8.8274,0.4892,0.3607,0.5546
1230822233410,1.9368,0.7507,8.8466,0.4806,0.3436,0.5424
1230822233420,1.9608,0.6310,8.8920,0.5002,0.3155,0.5338
1230822233429,1.9799,0.6597,8.8920,0.5405,0.2813,0.5253
1230822233437,1.9895,0.8129,8.8562,0.5723,0.2496,0.5155
1230822233449,1.9488,1.0546,8.8179,0.5955,0.2239,0.5008
1230822233458,1.8842,1.2962,8.7580,0.5845,0.2080,0.4874
1230822233468,1.7837,1.4948,8.6719,0.5552,0.1897,0.4678
1230822233477,1.6951,1.6671,8.6815,0.5063,0.1763,0.4373
1230822233486,1.6593,1.8179,8.7365,0.4538,0.1616,0.4031
1230822233494,1.6951,1.9471,8.7724,0.3866,0.1518,0.3701
1230822233504,1.7334,2.1050,8.7915,0.2852,0.1408,0.3347
1230822233514,1.7334,2.0547,8.8418,0.1911,0.1457,0.2944
1230822233523,1.6760,1.8944,8.8466,0.1044,0.1579,0.2565
1230822233533,1.5899,1.6647,8.8203,0.0543,0.1665,0.2174
1230822233543,1.5300,1.4661,8.8107,0.0567,0.1506,0.1905
1230822233554,1.4846,1.4374,8.7341,0.0983,0.1176,0.1661
1230822233564,1.4846,1.5546,8.6887,0.1386,0.0724,0.1429
1230822233574,1.4966,1.7580,8.6839,0.1581,0.0321,0.1172
1230822233583,1.4966,1.9542,8.7365,0.1447,0.0138,0.0940
1230822233593,1.4894,2.0691,8.8203,0.0872,0.0077,0.0708
1230822233602,1.4822,2.0476,8.9327,0.0286,0.0064,0.0451
1230822233612,1.5013,1.8107,9.1313,-0.0007,0.0052,0.0268
1230822233622,1.5707,1.5618,9.2725,-0.0129,0.0040,0.0207
1230822233631,1.5827,1.4326,9.3706,0.0042,-0.0143,0.0182
1230822233641,1.6593,1.4302,9.3467,0.0433,-0.0436,0.0134
1230822233650,1.6832,1.5044,9.3634,0.0653,-0.0583,0.0109
1230822233660,1.6712,1.5666,9.4280,0.0763,-0.0595,0.0085
1230822233669,1.6449,1.4876,9.4663,0.0689,-0.0497,0.0097
1230822233679,1.6258,1.4230,9.5237,0.0555,-0.0412,0.0073
1230822233688,1.6521,1.5666,9.5573,0.0469,-0.0424,-0.0001
1230822233698,1.6832,1.7198,9.5788,0.0335,-0.0400,-0.0001
1230822233708,1.6473,1.8226,9.5836,0.0066,-0.0326,-0.0013
1230822233718,1.6162,1.8585,9.5836,-0.0361,-0.0204,-0.0049
1230822233727,1.5683,1.8250,9.5285,-0.0826,-0.0058,-0.0074
1230822233737,1.5612,1.6815,9.5190,-0.1155,0.0040,-0.0159
1230822233746,1.5635,1.5116,9.5692,-0.1216,0.0101,-0.0257
1230822233754,1.5899,1.2962,9.6003,-0.1070,0.0126,-0.0233
1230822233764,1.5947,1.1981,9.6290,-0.0703,0.0052,-0.0196
1230822233773,1.5635,1.2101,9.6960,-0.0300,-0.0046,-0.0147
1230822233783,1.5564,1.3345,9.7152,0.0017,-0.0131,-0.0086
1230822233796,1.5612,1.5140,9.7415,0.0140,-0.0180,-0.0074
1230822233803,1.5635,1.6121,9.7319,0.0078,-0.0070,-0.0098
1230822233815,1.5779,1.6791,9.6889,-0.0239,0.0101,-0.0135
1230822233823,2.2000,1.7820,7.8488,-0.0569,0.0345,-0.0220
1230822233831,1.2979,1.8035,10.1842,0.0311,0.1408,-0.0257
1230822233842,1.5396,2.0045,8.8633,-0.1412,0.0859,-0.0514
1230822233850,1.6664,1.3201,9.1050,-0.2377,0.1543,-0.0416
1230822233863,1.6138,0.9062,9.6482,-0.2340,0.1152,-0.0294
1230822233875,1.2238,1.2005,9.7200,-0.1290,-0.0216,-0.0306
1230822233881,1.2166,1.3848,9.8468,0.0201,-0.1511,-0.0098
1230822233889,1.4654,1.7676,9.8157,0.0372,-0.1939,-0.0159
1230822233898,2.1761,2.1098,9.6458,-0.0447,-0.1365,-0.0257
1230822233907,1.9655,1.7963,9.7989,-0.1742,-0.0033,-0.0367
