1636209461072,0.8306,0.2800,9.8906,0.0369,0.0073,0.0622
1636209461077,0.9121,0.2727,9.9688,0.1688,-0.0820,0.0345
1636209461087,1.1465,0.3806,10.0313,0.2932,-0.1874,-0.0112
1636209461097,1.4053,0.4834,9.7891,0.2454,-0.1777,-0.1006
1636209461102,1.3711,-0.0646,9.3828,0.1422,-0.0693,-0.1676
1636209461107,1.0000,0.0718,9.3984,0.2527,-0.0938,-0.1877
1636209461109,0.6606,0.0144,9.4063,0.4465,-0.2267,-0.2346
1636209461111,0.8882,-0.1604,9.5391,0.5708,-0.3352,-0.3367
1636209461115,2.4648,1.1533,9.7813,0.5146,-0.3650,-0.2421
1636209461118,3.9414,3.9668,9.6172,-0.1025,-0.0522,0.1558
1636209461121,1.9463,2.8359,9.7578,-1.0156,0.5786,0.1708
1636209461123,0.2585,-0.4165,9.7813,-1.2861,0.6689,0.3633
1636209461126,0.3901,-1.8096,9.3984,-0.9175,0.2690,0.2015
1636209461129,0.9575,-0.6436,9.6484,-0.3206,-0.0863,-0.2952
1636209461130,1.5752,0.5361,10.0781,0.0709,-0.2874,-0.3975
1636209461130,2.3613,0.6079,10.0313,0.0986,-0.3032,-0.2389
1636209461131,2.4121,0.3110,10.0234,-0.1121,-0.1022,-0.1399
1636209461132,2.1641,-0.4045,10.1094,-0.2153,0.0371,-0.1484
1636209461133,2.0684,-0.9717,10.0547,-0.1174,0.0222,-0.2197
1636209461138,2.0645,-0.6104,10.0000,0.0369,-0.0203,-0.2612
1636209461141,2.1230,0.1652,9.8516,0.1348,-0.0491,-0.3047
1636209461143,2.2227,0.8184,9.6484,0.0900,-0.0341,-0.3335
1636209461145,2.2031,1.2109,9.4297,-0.0600,0.0190,-0.3398
1636209461147,2.0586,1.2178,9.2031,-0.2271,0.0712,-0.3218
1636209461148,1.8047,0.9668,9.1250,-0.3333,0.0775,-0.3240
1636209461149,1.7109,0.7515,9.1797,-0.3611,0.0382,-0.3835
1636209461174,1.9580,0.5815,9.3047,-0.3472,-0.0182,-0.4624
1636209461181,2.4219,0.5049,9.3594,-0.3579,-0.0544,-0.5410
1636209461182,2.7578,0.6680,9.3750,-0.4312,-0.0522,-0.6206
1636209461204,2.7676,0.8232,9.2813,-0.5396,-0.0097,-0.6816
1636209461213,2.6543,0.7324,9.1172,-0.6333,0.0414,-0.7349
1636209461214,2.5391,0.5693,8.8984,-0.6719,0.0584,-0.8145
1636209461235,2.5078,0.5454,8.7266,-0.6523,0.0265,-0.9282
1636209461236,2.5508,0.5503,8.5625,-0.6152,-0.0203,-1.0537
1636209461240,2.6328,0.5264,8.5469,-0.6216,-0.0416,-1.1543
1636209461261,2.6992,0.3423,8.5938,-0.6802,-0.0246,-1.2422
1636209461265,2.7539,0.0239,8.6484,-0.7695,0.0137,-1.3271
1636209461270,2.7305,-0.2969,8.5938,-0.8579,0.0403,-1.4150
1636209461294,2.6367,-0.5693,8.5859,-0.9121,0.0594,-1.5020
1636209461298,2.5293,-0.8882,8.4688,-0.9092,0.0669,-1.5742
1636209461300,2.4316,-1.2090,8.3203,-0.8633,0.0509,-1.6279
1636209461324,2.3027,-1.4668,8.2813,-0.7803,0.0286,-1.6787
1636209461328,2.2285,-1.5674,8.3828,-0.6821,-0.0150,-1.7422
1636209461330,2.3145,-1.4385,8.5547,-0.6226,-0.0565,-1.8066
1636209461358,2.3359,-1.0459,8.7891,-0.6035,-0.0714,-1.8516
1636209461360,2.4297,-0.6582,9.1797,-0.6235,-0.0948,-1.8877
1636209461362,2.4668,-0.5454,9.7578,-0.7207,-0.0916,-1.9180
1636209461387,2.2402,-0.3901,10.1875,-0.8940,-0.0810,-1.9629
1636209461389,2.0156,-0.2537,10.2734,-1.0713,-0.0682,-1.9658
1636209461391,1.8525,-1.0459,9.8047,-1.3867,-0.0618,-1.9385
1636209461417,1.7813,-1.4453,9.2734,-1.5625,-0.0331,-1.9297
1636209461420,1.5889,-1.8623,8.7578,-1.6270,-0.0182,-1.8994
1636209461423,1.4336,-2.4395,8.3125,-1.5752,-0.0363,-1.8242
1636209461435,1.3857,-2.8457,8.1328,-1.4336,-0.0938,-1.7686
1636209461437,1.3838,-3.2578,8.4531,-1.2539,-0.1362,-1.7178
1636209461469,1.3447,-3.5371,8.7969,-1.1035,-0.1831,-1.6318
1636209461471,1.3066,-3.6660,8.9844,-0.9717,-0.2225,-1.5430
1636209461472,1.2686,-3.8672,9.3516,-0.8218,-0.2532,-1.4541
1636209461499,1.3018,-4.0078,9.8125,-0.7217,-0.2852,-1.3770
1636209461501,1.2324,-3.8438,9.9219,-0.6899,-0.3013,-1.2910
1636209461502,1.1318,-3.5625,10.0469,-0.6470,-0.3044,-1.2246
1636209461525,1.0645,-3.2871,10.2422,-0.5728,-0.3013,-1.1748
1636209461526,1.0840,-2.9277,10.2656,-0.5215,-0.3130,-1.1182
1636209461530,1.2324,-2.6426,10.1094,-0.4897,-0.3235,-1.0537
1636209461558,1.3574,-2.5664,10.0000,-0.4888,-0.3108,-0.9814
1636209461561,1.4121,-2.5156,9.8438,-0.5566,-0.2820,-0.9102
1636209461567,1.4619,-2.4570,9.6172,-0.6694,-0.2522,-0.8496
1636209461574,1.6133,-2.4238,9.4531,-0.8091,-0.2183,-0.7983
1636209461575,1.6348,-2.4297,9.3984,-0.9697,-0.1608,-0.7686
1636209461604,1.4766,-2.5137,9.2734,-1.1162,-0.1076,-0.7314
1636209461605,1.4121,-2.7168,9.2344,-1.1934,-0.0661,-0.6826
1636209461607,1.4531,-3.1426,9.2969,-1.1846,-0.0171,-0.6494
1636209461634,1.5029,-3.5215,9.3906,-1.0908,0.0169,-0.5908
1636209461635,1.5703,-3.6699,9.5547,-0.9229,0.0414,-0.5664
1636209461637,1.7285,-3.7871,9.5156,-0.7324,0.0456,-0.5664
1636209461665,1.7979,-3.6328,9.3672,-0.5513,0.0116,-0.5142
1636209461667,1.7236,-3.0391,9.2031,-0.4324,-0.0406,-0.4941
1636209461668,1.8770,-2.4238,9.1641,-0.4260,-0.0703,-0.5420
1636209461695,2.1387,-2.1797,9.0938,-0.5396,-0.0341,-0.5581
1636209461697,2.2500,-2.2754,8.8750,-0.6953,0.0446,-0.5039
1636209461698,2.2617,-2.7969,8.7109,-0.7939,0.1350,-0.4443
1636209461725,2.2227,-3.4199,8.7266,-0.8081,0.1914,-0.4133
1636209461727,2.1172,-3.5859,8.8203,-0.7471,0.2052,-0.4209
1636209461728,2.1816,-3.6367,8.6484,-0.6250,0.1903,-0.4368
1636209461755,2.3555,-3.7578,8.6406,-0.4761,0.1818,-0.4272
1636209461757,2.1992,-3.2246,8.7578,-0.3450,0.1477,-0.4390
1636209461759,2.0645,-2.5313,9.2188,-0.2813,0.0818,-0.4910
1636209461785,2.1367,-2.5273,9.4219,-0.3535,0.0446,-0.4612
1636209461787,2.2070,-2.5449,9.1406,-0.5811,0.0573,-0.3740
1636209461789,2.1387,-2.4551,8.7813,-0.8208,0.1233,-0.3528
1636209461816,2.0645,-2.6035,8.6250,-1.0342,0.1605,-0.4143
1636209461817,2.0605,-3.0117,8.5391,-1.2803,0.1382,-0.4080
1636209461819,2.1270,-3.3262,8.4609,-1.5518,0.1925,-0.3696
1636209461846,1.8555,-3.7266,8.3672,-1.7109,0.2998,-0.3474
1636209461847,1.5176,-3.8340,8.2891,-1.7930,0.3328,-0.3601
1636209461849,1.3096,-4.0547,8.1875,-1.7607,0.3296,-0.3975
1636209461876,1.4648,-4.4336,8.3672,-1.6826,0.3223,-0.3750
1636209461878,1.6777,-4.9453,8.8594,-1.5742,0.4009,-0.3154
1636209461879,1.5176,-5.2500,8.7734,-1.4072,0.4937,-0.2581
1636209461906,1.5508,-5.2930,8.3750,-1.1240,0.4937,-0.2856
1636209461908,1.7783,-5.7109,8.1250,-0.7417,0.4626,-0.3240
1636209461909,1.7090,-5.7734,8.4688,-0.4355,0.4233,-0.2581
1636209461936,1.4980,-5.4023,8.9531,-0.3184,0.3489,-0.1324
1636209461938,1.8066,-5.0547,9.0000,-0.4568,0.2881,-0.0314
1636209461939,2.0918,-5.0859,8.6406,-0.7524,0.3093,0.0186
1636209461966,2.0742,-5.3555,8.1406,-1.0381,0.3499,0.1058
1636209461968,1.9219,-5.6445,8.0156,-1.1846,0.3765,0.2026
1636209461970,1.6016,-5.9492,8.1563,-1.1631,0.3584,0.2430
1636209461997,1.3066,-5.9063,8.2266,-1.0781,0.2839,0.3240
1636209461998,1.2617,-5.6953,8.1641,-0.9282,0.1957,0.3813
1636209462000,1.3955,-5.7578,8.0234,-0.7261,0.1233,0.4026
1636209462027,1.4189,-5.7188,7.8594,-0.5205,0.0414,0.4304
1636209462028,1.5029,-5.4922,7.9297,-0.2908,-0.0703,0.4526
1636209462030,1.9170,-5.3008,8.5078,-0.0408,-0.1459,0.4634
1636209462057,2.3750,-5.0625,8.7969,0.2316,-0.1661,0.4719
1636209462059,2.4961,-4.7266,8.7422,0.4954,-0.2043,0.4941
1636209462060,2.5742,-4.6094,8.2500,0.7090,-0.2864,0.5464
1636209462088,2.8965,-5.1797,7.8594,0.8765,-0.3108,0.6016
1636209462089,2.8906,-5.7461,7.5625,1.0479,-0.2927,0.6802
1636209462091,2.4844,-5.8906,7.2461,1.3115,-0.3384,0.7358
1636209462118,2.4395,-5.6094,7.3555,1.5586,-0.5190,0.7461
1636209462120,3.0020,-4.8477,8.3125,1.5352,-0.5737,0.6919
1636209462122,3.4219,-4.4414,9.3125,1.3213,-0.4651,0.7251
1636209462147,3.3828,-3.6406,9.9766,0.4636,-0.1522,0.7280
1636209462148,3.0469,-4.2617,10.3281,0.1730,0.0244,0.7622
1636209462149,2.7305,-5.0078,10.0391,0.1677,0.2180,0.7720
1636209462179,1.5361,-4.8164,9.4297,0.4358,0.1276,0.7090
1636209462180,1.2998,-3.4492,8.4688,0.6250,-0.1362,0.6270
1636209462181,1.9004,-3.0586,7.8594,0.7104,-0.1619,0.4539
1636209462230,2.2402,-2.8887,7.1680,0.6123,-0.1501,0.5122
1636209462232,2.4102,-2.4980,6.7891,0.3528,-0.0969,0.5698
1636209462234,2.5586,-3.6406,7.4258,0.0933,-0.0022,0.5518
1636209462236,2.4551,-5.0664,7.8047,-0.2238,0.0541,0.7007
1636209462237,2.1484,-5.3438,8.1641,-0.4973,0.1223,0.7866
1636209462259,1.8887,-4.9297,8.7500,-0.6450,0.1223,0.6729
1636209462261,2.0156,-4.5859,9.5078,-0.7896,0.0659,0.6162
1636209462262,2.0918,-4.5391,9.8516,-1.0889,0.0924,0.6982
1636209462288,1.8428,-4.4219,9.7031,-1.4102,0.2286,0.7324
1636209462290,1.3662,-4.6719,9.4141,-1.4688,0.2849,0.6450
1636209462292,1.0605,-4.9961,8.9688,-1.3652,0.2074,0.6196
1636209462319,1.1563,-5.4570,8.5781,-1.1992,0.1531,0.6294
1636209462320,1.2539,-5.9805,8.4922,-1.0381,0.2041,0.6484
1636209462322,1.1152,-5.8477,8.3906,-0.8750,0.2275,0.6216
1636209462349,1.0146,-4.6445,8.0391,-0.7324,0.1052,0.5303
1636209462351,1.2471,-2.9629,6.8047,-0.8833,-0.1033,0.4368
1636209462352,1.9893,-2.9902,5.5977,-1.2305,-0.0086,0.3857
1636209462379,1.9551,-5.3477,5.2070,-1.2744,0.2244,0.3994
1636209462381,1.1699,-7.9492,5.3984,-0.9248,0.3372,0.5654
1636209462382,0.5361,-9.0859,6.2148,-0.1844,0.2573,0.6006
1636209462409,0.4619,-8.8359,6.7578,0.8125,0.0701,0.4653
1636209462411,0.5073,-7.0273,7.8633,1.6143,-0.1661,0.3804
1636209462420,0.8472,-4.9102,9.0313,1.9141,-0.3140,0.3389
1636209462443,1.3926,-4.1094,9.3047,1.7744,-0.2108,0.3696
1636209462447,1.4912,-4.9141,9.1094,1.6074,0.0743,0.3940
1636209462449,0.6606,-6.1641,8.7344,1.9131,0.2913,0.3760
1636209462475,-0.1819,-6.3164,8.7969,2.6758,0.2009,0.2813
1636209462477,-0.1436,-4.8242,9.5000,3.3262,-0.0608,0.1824
1636209462479,0.5361,-2.5410,10.4844,3.3828,-0.2012,0.1771
1636209462499,1.2012,-1.1514,10.4531,2.7266,-0.1171,0.2527
1636209462500,1.2354,-1.3281,9.8906,1.6777,0.1946,0.3442
1636209462509,0.6079,-2.1465,10.2500,0.8477,0.4617,0.2708
1636209462510,-0.0335,-2.9453,9.9453,0.3848,0.5283,0.1814
1636209462539,-0.3711,-3.6387,10.4219,0.2847,0.5156,0.2495
1636209462541,-0.5791,-3.6641,10.3672,0.3306,0.4658,0.2813
1636209462542,-0.3926,-3.2090,9.1641,0.2593,0.4202,0.2389
1636209462568,-0.1508,-2.4551,8.3359,0.0464,0.4351,0.1952
1636209462570,0.4309,-2.5391,7.7656,-0.1450,0.4722,0.1771
1636209462572,1.3018,-3.4512,8.4453,-0.2046,0.5298,0.2749
1636209462598,1.6709,-3.1348,9.8906,-0.2271,0.5625,0.2090
1636209462600,1.5820,-1.3594,10.5000,-0.2930,0.4756,-0.0580
1636209462601,1.9551,0.6582,10.6328,-0.5854,0.3701,-0.2952
1636209462628,2.3398,2.3398,10.4219,-1.1631,0.4341,-0.4314
1636209462630,2.3086,2.6992,9.4063,-1.9053,0.6284,-0.4729
1636209462632,2.0176,1.2256,7.5625,-2.7129,0.7607,-0.3335
1636209462658,1.6680,-0.2394,4.9258,-3.4668,0.7427,-0.1814
1636209462659,1.3809,-1.6182,3.2910,-4.0547,0.5903,-0.1016
1636209462660,1.1729,-2.8418,2.4043,-4.7695,0.3872,-0.0133
1636209462688,1.0313,-4.1094,0.8926,-5.6680,0.2393,0.0133
1636209462689,1.1514,-7.3906,-0.1699,-6.4375,0.3403,0.1665
1636209462691,0.7275,-12.1563,-0.9575,-6.5898,0.6699,0.3921
1636209462718,-2.6094,-14.9609,0.4524,-5.5508,0.8374,0.4932
1636209462720,-7.0977,-10.8281,1.8770,-4.0391,-0.2214,0.0399
1636209462721,-7.0547,-6.5039,1.9336,-2.6875,-1.5303,-0.4932
1636209462749,-3.8242,-6.2930,1.3643,-2.1055,-1.9561,-0.4878
1636209462750,-0.8618,-8.3750,2.4355,-2.1387,-1.4541,-0.1602
1636209462752,-0.5718,-10.4141,3.5996,-1.7236,-0.5840,0.1898
1636209462781,-1.8027,-13.3047,2.4395,-0.1206,-0.2246,0.2058
1636209462785,-2.7305,-16.7969,2.7852,2.4180,-0.5947,0.0388
1636209462791,-1.8955,-15.6719,7.2969,5.2500,-1.1094,0.0356
1636209462802,0.8140,-6.9453,12.9453,7.6211,-1.5938,-0.0293
1636209462806,6.5117,-2.2168,12.7813,8.8906,-1.9570,-0.2825
1636209462832,9.4531,-11.0703,7.4023,8.6406,-1.4814,0.6738
1636209462836,4.1836,-16.9844,9.3203,7.6836,-0.2458,1.3027
1636209462841,-3.3965,-6.0977,10.5625,8.2500,-0.4065,-0.5239
1636209462852,0.3997,-0.0024,13.0313,9.5938,-1.1045,-0.9741
1636209462857,6.7578,1.8857,14.8125,8.8125,-1.2725,-0.2910
1636209462882,8.1328,-2.0371,14.6719,0.9126,0.5830,0.6890
1636209462887,5.1484,-7.0703,14.1172,-2.1914,1.8350,0.5103
1636209462891,1.2900,-6.2148,13.9688,-2.5703,1.9365,0.2378
1636209462902,0.3687,-3.7891,13.9375,-1.4678,1.3887,0.3867
1636209462924,1.6367,-2.0586,13.1406,-0.4897,1.0713,0.3218
1636209462930,1.1992,0.6318,10.8281,-0.4675,1.1104,0.3728
1636209463007,0.4644,3.4512,8.5234,-1.0400,1.0811,0.3196
1636209463013,0.4692,5.8906,5.8203,-1.7744,0.8906,0.0228
1636209463018,0.9741,7.7852,5.8047,-2.6523,0.7168,-0.1027
1636209463027,0.7012,6.1211,6.9453,-3.6016,0.7988,0.2006
1636209463031,-0.4788,3.1074,5.1641,-4.9336,0.9351,0.5684
1636209463045,-2.2715,1.1563,1.2520,-6.2109,0.9839,0.6855
1636209463052,-3.5273,0.0551,-1.8857,-6.9688,0.8086,0.5791
1636209463057,-3.3828,-1.2129,-3.5742,-7.3320,0.4924,0.3633
1636209463075,-2.7109,-3.0508,-3.4375,-7.2891,0.2415,0.2771
1636209463091,-2.3145,-4.8594,-3.5801,-6.9648,-0.0001,0.2527
1636209463122,-2.3457,-6.1445,-3.0547,-6.5742,-0.1479,0.0803
1636209463134,-2.2168,-7.5156,-1.2109,-5.9961,-0.2449,-0.2261
1636209463151,-1.7568,-9.8438,0.6655,-4.9609,-0.2734,-0.3506
1636209463166,-1.2041,-13.0625,3.6484,-3.4395,-0.0320,-0.2314
1636209463171,-1.4697,-13.9531,7.5234,-1.8232,0.1265,-0.2771
1636209463182,-1.3047,-12.4688,9.4375,-0.1515,-0.1076,-0.5186
1636209463193,-0.1221,-10.6094,7.1641,1.4434,-0.5747,-0.5645
1636209463213,1.8115,-9.4766,4.1289,2.4707,-0.8618,-0.5166
1636209463225,1.9863,-11.0078,1.2588,3.3379,-0.6362,-0.5581
1636209463236,-0.3423,-12.0313,2.9102,4.4102,-0.1533,-0.8018
1636209463246,-2.4258,-9.8984,8.6563,6.1484,0.1031,-1.3955
1636209463258,-1.4844,-6.3516,12.9219,8.1719,-0.1969,-1.6006
1636209463267,2.6621,-2.8867,14.9609,9.0391,-0.7236,-0.9111
1636209463279,7.0391,-2.3965,13.8750,7.8867,-0.9702,-0.1261
1636209463294,8.2422,-7.6875,11.7734,5.2969,-0.2235,0.0824
1636209463305,4.4414,-11.6797,10.7266,2.8301,0.7646,-0.2898
1636209463316,0.1245,-9.2969,10.5625,1.7129,0.7573,-0.8018
1636209463322,-0.5552,-3.8086,10.1719,1.0967,0.0818,-0.7441
1636209463332,2.3574,1.6924,8.9766,0.0677,-0.2449,-0.6060
1636209463341,5.1094,3.2285,8.6250,-0.9238,0.1797,-0.4805
1636209463352,5.9023,0.8091,9.9141,-1.8184,0.9116,-0.2495
1636209463364,4.8164,-1.6680,10.7188,-2.5566,1.3936,-0.2432
1636209463374,2.8770,-3.5762,10.2188,-2.7656,1.4883,-0.3240
1636209463379,1.2734,-5.3711,8.4922,-2.4727,1.3428,-0.3474
1636209463394,0.5742,-7.1602,6.4414,-1.7627,1.0771,-0.4963
1636209463406,0.5435,-8.7344,5.1445,-0.8013,0.8286,-0.6367
1636209463411,0.4070,-8.3203,4.7461,0.1092,0.5767,-0.7612
1636209463417,0.3494,-5.4453,5.5703,0.7729,0.3245,-0.9761
1636209463425,0.3831,-1.9961,6.5781,0.9531,0.0807,-1.1602
1636209463432,1.1875,0.0455,7.4570,0.4731,0.0286,-1.2188
1636209463447,1.7666,-0.4954,7.9375,-0.3367,0.3115,-1.1387
1636209463451,1.4980,-2.6328,7.9297,-1.2041,0.5815,-1.0430
1636209463458,0.8066,-4.5898,7.5313,-1.7705,0.6924,-1.0283
1636209463467,0.1938,-5.5039,7.0313,-1.8545,0.5498,-1.1523
1636209463475,0.0862,-5.4023,6.6406,-1.7012,0.2944,-1.2715
1636209463485,0.3374,-4.8359,6.3125,-1.5996,0.1265,-1.2969
1636209463491,0.7251,-4.7930,6.1328,-1.5879,0.1350,-1.2832
1636209463500,0.9023,-5.5586,6.0117,-1.6123,0.2361,-1.2705
1636209463510,0.7637,-6.7969,5.8125,-1.5977,0.3083,-1.2686
1636209463524,0.4763,-7.9648,5.6563,-1.4609,0.2966,-1.2725
1636209463528,0.3230,-8.7734,5.7461,-1.1729,0.2264,-1.2588
1636209463532,0.2155,-8.9297,5.9023,-0.8301,0.0786,-1.2256
1636209463538,0.5049,-8.3438,6.0898,-0.6099,-0.0938,-1.1631
1636209463543,0.9907,-7.5664,6.2070,-0.5591,-0.1874,-1.0771
1636209463548,1.2373,-7.1406,6.2188,-0.7109,-0.1842,-1.0098
1636209463553,1.1680,-7.1953,6.2305,-0.9941,-0.0906,-0.9346
1636209463562,0.9238,-7.6719,6.2109,-1.2217,-0.0012,-0.8784
1636209463565,0.6196,-8.2109,6.1758,-1.2725,0.0244,-0.8252
1636209463569,0.5313,-8.5781,6.2148,-1.1602,-0.0214,-0.7837
1636209463573,0.6055,-8.6797,6.2773,-0.9507,-0.0969,-0.7568
1636209463577,0.7158,-8.4219,6.1719,-0.7461,-0.1948,-0.7261
1636209463581,1.0361,-8.2500,6.0859,-0.5811,-0.2500,-0.6748
1636209463584,1.3115,-8.2188,6.0117,-0.4612,-0.2310,-0.6152
1636209463588,1.4023,-8.0391,5.9531,-0.3833,-0.1842,-0.5718
1636209463593,1.3975,-7.8359,5.9609,-0.2949,-0.1470,-0.5273
1636209463597,1.2617,-7.8672,6.4297,-0.1132,-0.0714,-0.4697
1636209463601,1.0791,-7.8086,6.6172,-0.0663,-0.0448,-0.4409
1636209463609,1.0889,-7.6172,6.7227,-0.0355,-0.0341,-0.4143
1636209463615,1.2734,-7.5117,6.7148,-0.0131,-0.0150,-0.3975
1636209463629,1.4053,-7.3906,6.6680,-0.0578,0.0158,-0.3794
1636209463631,1.4023,-7.0859,6.4883,-0.1664,0.0626,-0.3677
1636209463655,1.3838,-6.7500,6.2305,-0.2949,0.1074,-0.3750
1636209463660,1.3594,-6.6211,6.0703,-0.4045,0.1616,-0.3696
1636209463664,1.1846,-6.6953,5.9180,-0.4951,0.1978,-0.3484
1636209463676,1.1084,-6.9688,5.8125,-0.5591,0.1967,-0.3240
1636209463679,1.1436,-7.5234,5.7383,-0.5522,0.2063,-0.2878
1636209463706,1.1055,-7.9766,5.7148,-0.4875,0.2041,-0.2654
1636209463709,1.0342,-7.8594,5.8203,-0.4111,0.1605,-0.2505
1636209463712,1.0557,-7.3164,5.8984,-0.3301,0.0914,-0.2527
1636209463736,1.1611,-6.6914,5.9375,-0.3025,0.0329,-0.2590
1636209463739,1.3115,-6.3984,5.9531,-0.3706,0.0307,-0.2314
1636209463742,1.4189,-6.6523,6.0039,-0.4824,0.0914,-0.1846
1636209463767,1.4102,-7.0352,5.9961,-0.5757,0.1509,-0.1602
1636209463771,1.3359,-7.3750,6.0234,-0.5747,0.1775,-0.1505
1636209463776,1.2637,-7.4961,6.0352,-0.4919,0.1584,-0.1527
1636209463790,1.2949,-7.4766,6.0820,-0.3665,0.1414,-0.1473
1636209463794,1.3613,-7.3711,6.1406,-0.2334,0.1265,-0.1293
1636209463806,1.4219,-7.1914,6.1523,-0.1174,0.1105,-0.1176
1636209463810,1.4766,-6.9609,6.0469,-0.0355,0.0882,-0.1282
1636209463836,1.5801,-6.8867,5.9648,-0.0089,0.0743,-0.1346
1636209463839,1.7471,-7.0156,5.8633,-0.0280,0.0935,-0.1198
1636209463843,1.7998,-7.2930,5.8203,-0.0546,0.1276,-0.1069
1636209463867,1.6729,-7.5391,5.7891,-0.0791,0.1296,-0.1027
1636209463870,1.6924,-7.7656,5.7344,-0.1025,0.1148,-0.0974
1636209463873,1.7588,-7.8516,5.6836,-0.1121,0.0945,-0.1006
1636209463897,1.8691,-7.7188,5.7500,-0.1100,0.0818,-0.0974
1636209463902,1.9648,-7.3711,5.9023,-0.0940,0.0690,-0.1038
1636209463905,2.0078,-7.0625,6.0313,-0.0674,0.0467,-0.1144
1636209463927,2.0195,-6.9531,6.1328,-0.0780,0.0371,-0.0920
1636209463930,2.0371,-6.9375,6.0664,-0.1344,0.0446,-0.0687
1636209463933,2.0078,-7.0313,5.9609,-0.1696,0.0659,-0.0633
1636209463957,1.9482,-7.1367,5.8828,-0.1599,0.0616,-0.0687
1636209463960,1.8887,-7.1602,5.8984,-0.1142,0.0382,-0.0771
1636209463963,1.9150,-7.1172,5.9219,-0.0642,0.0095,-0.0771
1636209463987,1.9795,-7.0352,5.9023,-0.0355,-0.0171,-0.0644
1636209463990,2.0723,-6.8945,5.7891,-0.0270,-0.0427,-0.0623
1636209463994,2.2070,-7.0039,5.6992,-0.0217,-0.0565,-0.0740
1636209464017,2.3027,-7.4570,5.6953,-0.0089,-0.0459,-0.0580
1636209464020,2.3223,-7.5508,5.6250,0.0049,-0.0437,-0.0463
1636209464024,2.2617,-7.2734,5.7070,0.0688,-0.0629,-0.0687
1636209464048,2.2695,-7.0234,5.8555,0.1315,-0.1033,-0.0889
1636209464051,2.3438,-6.9180,5.9297,0.1060,-0.1118,-0.0707
1636209464054,2.2949,-6.9648,5.9102,0.0369,-0.0767,-0.0559
1636209464078,2.2109,-7.1680,5.8477,-0.0142,-0.0533,-0.0623
1636209464081,2.0996,-7.2773,5.7578,-0.0312,-0.0544,-0.0782
1636209464084,2.0703,-7.2188,5.6406,-0.0099,-0.0724,-0.1016
1636209464108,2.1426,-7.2227,5.5078,0.0209,-0.0767,-0.1006
1636209464111,2.2090,-7.2891,5.5000,0.0358,-0.0565,-0.0899
1636209464114,2.1445,-7.2148,5.5664,0.0337,-0.0395,-0.0920
1636209464138,2.0273,-7.0898,5.6016,0.0230,-0.0469,-0.0910
1636209464141,1.9746,-7.0742,5.5938,0.0007,-0.0512,-0.0857
1636209464144,1.9912,-7.2031,5.5000,-0.0163,-0.0193,-0.0867
1636209464168,1.9678,-7.2930,5.3477,0.0241,-0.0150,-0.0963
1636209464171,1.9678,-7.4688,5.3867,0.1273,-0.0608,-0.0974
1636209464174,2.0723,-7.6367,5.5703,0.2050,-0.1086,-0.0750
1636209464198,2.2285,-7.5820,5.8086,0.2124,-0.1012,-0.0537
1636209464201,2.2715,-7.4336,5.9883,0.2178,-0.0703,-0.0463
1636209464204,2.3027,-7.1523,6.0352,0.2347,-0.0661,-0.0537
1636209464228,2.3965,-6.9766,6.0352,0.2476,-0.0682,-0.0537
1636209464231,2.4883,-6.9531,6.0547,0.2444,-0.0491,-0.0399
1636209464235,2.5254,-7.0234,6.1211,0.2252,-0.0108,-0.0335
1636209464258,2.4746,-7.1680,6.1641,0.2347,0.0137,-0.0357
1636209464261,2.3926,-7.2734,6.1836,0.2603,0.0201,-0.0357
1636209464265,2.4004,-7.1992,6.1289,0.2688,0.0190,-0.0410
1636209464288,2.4844,-7.0117,5.9883,0.2847,0.0254,-0.0516
1636209464291,2.4551,-6.8359,5.9141,0.2976,0.0190,-0.0580
1636209464295,2.4199,-6.7500,5.8203,0.2676,0.0148,-0.0559
1636209464318,2.4414,-6.7969,5.7734,0.2230,0.0360,-0.0527
1636209464322,2.4219,-7.0781,5.7891,0.2081,0.0765,-0.0410
1636209464325,2.3008,-7.2266,5.8281,0.2156,0.0839,-0.0388
1636209464348,2.2422,-7.1172,5.8984,0.2316,0.0626,-0.0421
1636209464352,2.2383,-7.0078,5.9727,0.2593,0.0541,-0.0421
1636209464355,2.1328,-7.3398,6.1445,0.3635,0.0999,0.0026
1636209464379,2.0645,-7.3242,6.2188,0.4614,0.0839,0.0101
1636209464382,2.0723,-7.1445,6.3750,0.6094,0.0648,0.0005
1636209464385,2.0859,-6.9375,6.4453,0.7378,0.0478,0.0154
1636209464409,2.1563,-6.6094,6.5273,0.8169,0.0690,0.0378
1636209464412,2.0918,-6.2578,6.4453,0.8594,0.1010,0.0260
1636209464415,2.0957,-5.9414,6.2852,0.8638,0.1307,0.0133
1636209464439,2.1680,-6.2461,6.2852,0.8975,0.2126,0.0399
1636209464442,1.9990,-6.9375,6.1836,0.9092,0.2881,0.1069
1636209464445,1.8027,-7.3359,6.3125,0.8169,0.3137,0.1686
1636209464469,1.5195,-7.2773,6.3242,0.6743,0.2913,0.1580
1636209464472,1.4355,-7.3594,6.0977,0.5303,0.2615,0.1526
1636209464477,1.8379,-8.2188,5.8203,0.4326,0.2839,0.2686
1636209464499,2.0898,-9.7500,5.9648,0.4700,0.3669,0.4355
1636209464502,1.6631,-10.4844,6.6289,0.5835,0.3574,0.5293
1636209464505,1.3809,-10.2422,7.6172,0.7041,0.2678,0.5674
1636209464529,1.5342,-9.3594,8.6172,0.7124,0.1978,0.5942
1636209464532,1.4482,-7.5234,8.6172,0.5654,0.1425,0.6260
1636209464536,1.5342,-5.7617,8.2813,0.3347,0.1031,0.6738
1636209464559,2.1484,-6.2773,8.1563,0.1071,0.1808,0.7930
1636209464562,2.2480,-8.1641,7.8867,-0.1547,0.3394,1.0215
1636209464565,1.4336,-9.2500,7.5664,-0.2397,0.4094,1.1836
1636209464589,0.6870,-8.8047,7.2070,-0.0408,0.2913,1.1426
1636209464592,0.6367,-7.4844,7.0430,0.2644,0.0967,1.0938
1636209464596,1.0527,-6.4727,7.0859,0.4453,-0.0076,1.1475
1636209464619,1.2852,-5.9688,6.9922,0.4390,-0.0193,1.2100
1636209464622,1.0459,-5.8555,6.6094,0.4136,-0.0310,1.2539
1636209464626,0.9863,-6.2617,6.3867,0.4868,-0.0576,1.2900
1636209464649,0.9165,-6.6367,6.2773,0.6328,-0.0863,1.3008
1636209464653,0.8882,-6.6523,6.2930,0.8242,-0.1288,1.2813
1636209464656,0.8496,-6.2461,6.3438,1.0088,-0.1906,1.2588
1636209464679,0.7778,-5.4102,6.3555,1.1230,-0.2617,1.2285
1636209464683,0.8643,-5.0820,6.6719,1.1660,-0.2842,1.2197
1636209464686,1.0479,-5.7539,6.8477,1.1934,-0.2798,1.2334
1636209464710,1.1172,-6.6367,6.9063,1.3086,-0.2512,1.2480
1636209464713,0.7300,-6.3945,7.0508,1.6016,-0.2798,1.1787
1636209464718,0.2705,-4.9766,7.1094,1.9746,-0.4150,1.0820
1636209464739,0.6318,-3.5469,7.4961,2.0352,-0.5278,1.0381
1636209464743,1.4551,-3.2695,8.0469,1.6191,-0.4290,1.0625
1636209464746,1.7930,-4.2227,8.1719,1.0381,-0.1863,1.0703
1636209464769,1.2256,-5.9805,7.7344,0.8403,0.0126,1.0303
1636209464771,0.4907,-7.5352,7.6797,1.3975,0.0467,0.8887
1636209464774,0.1938,-7.3516,8.3125,2.4727,-0.1118,0.6919
1636209464799,0.3638,-4.9570,9.7656,3.3965,-0.3428,0.5386
1636209464801,0.8833,-2.0527,11.1563,3.5996,-0.4353,0.4941
1636209464804,1.3398,-0.7251,11.4453,3.0332,-0.2257,0.5518
1636209464830,0.8379,-0.7637,10.7031,2.1660,0.0648,0.6069
1636209464833,-0.1053,-1.3047,9.3672,1.4092,0.1957,0.5972
1636209464837,-0.5718,-2.0215,8.1250,0.8945,0.2000,0.5366
1636209464860,-0.3469,-3.2266,7.2266,0.7026,0.2700,0.5049
1636209464863,-0.4739,-4.6055,6.8125,0.9009,0.4021,0.5366
1636209464867,-0.9360,-3.7344,6.7266,1.3408,0.2957,0.4846
1636209464890,-0.7373,-1.9990,7.5000,1.8848,0.0541,0.3452
1636209464894,0.0048,-1.6777,9.0547,2.2051,-0.1256,0.2961
1636209464897,0.7729,-2.3906,10.3672,2.1426,-0.0820,0.4856
1636209464920,0.3184,-2.6992,11.0547,1.9277,-0.0033,0.7432
1636209464924,-0.3064,-2.5391,11.8359,1.6426,0.0169,0.8057
1636209464927,-0.1652,-2.3398,12.2891,1.1338,0.0967,0.7505
1636209464950,-0.1819,-1.5771,11.6875,0.3708,0.2830,0.6792
1636209464954,-0.5742,0.2202,9.8906,-0.4856,0.3594,0.6323
1636209464957,-0.4211,1.5146,8.8828,-1.1719,0.3892,0.5503
1636209464981,-0.5361,2.3008,6.9727,-1.5674,0.2424,0.5684
1636209464984,-0.2656,3.5977,4.3047,-1.9775,-0.1321,0.5825
1636209464987,1.2324,1.4912,5.1641,-2.4863,-0.2161,0.6558
1636209465011,2.2266,-2.9375,6.1328,-3.3613,0.0095,0.9697
1636209465014,1.7158,-6.2695,6.1289,-4.2031,0.3796,1.2344
1636209465017,-0.1293,-8.4531,7.6602,-4.2422,0.6011,1.0693
1636209465041,-2.5723,-7.7852,8.6484,-3.6230,0.2435,0.6675
1636209465044,-3.5625,-4.7773,8.0156,-2.9238,-0.4299,0.3921
1636209465048,-2.5410,-3.5000,6.6484,-2.6348,-0.7642,0.3357
1636209465071,-1.1035,-4.9219,5.3477,-2.8242,-0.5542,0.5112
1636209465074,-1.9072,-5.7813,4.2656,-2.7969,-0.1682,0.7197
1636209465078,-4.0039,-4.6563,2.9590,-2.2617,-0.3213,0.7388
1636209465101,-4.3633,-3.7285,2.4707,-1.8740,-0.9448,0.6665
1636209465105,-2.6484,-3.8086,3.3301,-2.3730,-1.1768,0.5483
1636209465108,-1.0391,-4.4258,5.6836,-3.1816,-0.5659,0.4644
1636209465131,-0.6006,-6.4844,8.5469,-3.0273,0.3904,0.3525
1636209465135,0.0455,-11.7734,8.6406,-1.1650,0.9087,0.2771
1636209465138,0.9863,-13.2969,9.1094,2.1270,0.5171,0.0494
1636209465162,1.4648,-10.9375,9.0234,5.8398,-0.6533,-0.5752
1636209465165,3.4805,-10.7422,7.9141,7.8906,-1.5811,-0.2996
1636209465168,4.5195,-13.2969,7.5430,8.0313,-0.6128,0.2834
1636209465192,-1.2305,0.4619,13.3438,8.5391,-0.9106,-0.6865
1636209465195,-1.2305,0.4619,13.3438,8.0000,-1.2451,-0.6006
1636209465199,7.3633,-4.5938,13.9766,5.7773,-0.4492,0.1824
1636209465222,5.2500,-4.6055,15.5391,3.3184,0.4424,0.2410
1636209465225,2.7852,-2.2852,15.7891,1.5107,0.6880,0.0941
1636209465229,2.0625,-1.4453,16.1719,0.5068,0.6987,0.0186
1636209465254,1.3447,-1.1680,15.8906,-0.2323,0.9019,0.2144
1636209465257,0.5049,0.3350,15.6250,-0.9229,1.0713,0.4314
1636209465260,0.2991,3.4805,13.8359,-1.6895,1.1650,0.2037
1636209465283,0.0622,9.0391,11.6250,-2.6094,1.2852,-0.3655
1636209465285,0.6699,11.5547,10.3594,-3.2324,1.5830,-0.6963
1636209465287,0.4978,6.5586,6.3438,-3.6797,1.6836,-0.2771
1636209465311,-0.8232,0.7876,3.9922,-4.4023,1.5176,0.4602
1636209465314,-3.0117,0.7466,-0.5024,-5.6328,1.2832,0.6050
1636209465316,-3.4961,1.1611,-5.2227,-6.3711,1.1338,0.0378
1636209465342,-3.9238,-1.2637,-3.8809,-6.2813,0.9873,0.1494
1636209465344,-5.3008,-2.5313,-3.3027,-6.3516,0.5518,0.6421
1636209465346,-6.4297,-2.6855,-3.9844,-6.4766,0.2000,0.6357
1636209465373,-6.8281,-4.2461,-5.5195,-6.2695,-0.2458,0.4238
1636209465376,-5.6758,-7.4492,-5.0820,-6.0742,-0.8438,0.1643
1636209465380,-3.4785,-11.4688,0.1771,-6.0547,-0.7959,0.0845
1636209465404,-2.4102,-14.3047,3.0039,-4.9219,-0.2927,0.0452
1636209465411,-3.2383,-14.6172,7.8633,-2.3359,-0.1544,-0.1144
1636209465418,-2.6367,-13.4063,13.0000,0.2188,-0.2842,-0.3379
1636209465424,0.7876,-11.8438,14.4219,2.6074,-0.2585,-0.4558
1636209465429,3.5645,-8.0859,12.8438,4.8242,-0.2991,-0.4399
1636209465454,5.4336,-5.5234,6.6328,6.4688,-0.8330,-0.6729
1636209465459,5.8242,-11.0625,4.0234,7.3594,-0.8184,-0.0750
1636209465465,2.3965,-14.4844,6.2148,7.9570,-0.0512,0.1600
1636209465475,-4.4766,-7.9023,10.3281,9.6250,0.0903,-0.6890
1636209465485,-5.5898,3.6387,12.0156,11.5625,-1.4219,-1.4414
1636209465495,3.1133,4.1953,14.0078,11.1172,-2.5098,-1.1689
1636209465499,8.8750,-2.3613,16.2656,6.8516,-1.3232,0.2272
1636209465526,6.0586,-2.3770,16.7188,1.8232,0.6392,0.1995
1636209465531,0.7251,-1.9434,17.1250,-0.6470,1.3848,-0.2166
1636209465535,-1.3115,-3.6758,16.3906,-1.2139,1.0410,-0.0027
1636209465545,-1.5010,-2.0684,14.9922,-1.5391,0.7681,-0.1410
1636209465550,-1.9463,2.3984,13.2656,-2.1172,0.9126,-0.1208
1636209465576,-1.6016,8.2734,10.3438,-2.9082,0.8540,-0.3984
1636209465580,1.3047,12.2578,8.6094,-3.5840,0.8989,-1.0811
1636209465585,4.0508,7.8047,9.3906,-3.7402,1.5908,-0.9956
1636209465596,3.3516,1.6729,7.3164,-3.8066,2.1133,-0.4453
1636209465600,-1.2568,-1.2920,5.1875,-3.6367,1.7383,-0.2389
1636209465626,-3.0547,-4.9336,1.4932,-3.8672,0.5220,-0.1793
1636209465631,1.6514,-10.3359,0.2010,-3.9121,0.1371,0.0079
1636209465635,1.9199,-10.4766,1.7158,-3.8750,0.9604,0.0101
1636209465646,0.3423,-5.3906,2.6875,-4.2734,1.4912,-0.7231
1636209465651,-0.7109,-3.8242,4.1797,-3.8633,1.5020,-1.3916
1636209465676,-1.1201,-5.5586,5.0703,-2.7988,1.1768,-1.4746
1636209465681,-2.3066,-6.4805,6.0859,-1.8066,1.1621,-0.8389
1636209465685,-3.5586,-6.3555,7.1289,-0.7666,1.0479,-0.6196
1636209465697,-3.4941,-6.0273,7.5820,0.2634,0.6255,-0.9507
1636209465701,-2.4434,-5.3359,7.6563,0.9785,0.2137,-1.2773
1636209465727,-1.4453,-4.3516,7.5078,1.2676,0.0148,-1.4355
1636209465737,-0.9907,-3.4395,7.5352,1.1035,0.0467,-1.4502
1636209465742,-0.5361,-3.1660,7.4609,0.6240,0.2095,-1.5078
1636209465748,-0.1891,-3.7285,7.3242,0.0837,0.4341,-1.5840
1636209465753,-0.6392,-4.5234,7.0117,-0.2813,0.6147,-1.5352
1636209465767,-1.1650,-5.2656,6.3320,-0.3896,0.6104,-1.4678
1636209465772,-0.8857,-5.8047,5.8047,-0.3035,0.4319,-1.4922
1636209465805,-0.2632,-5.7930,5.3281,-0.1621,0.2223,-1.5762
1636209465823,0.0862,-5.5508,5.2305,-0.0908,0.0743,-1.6553
1636209465826,0.1866,-5.6641,5.5547,-0.1472,-0.0161,-1.6436
1636209465831,0.1915,-5.9609,5.8555,-0.3950,-0.0352,-1.5605
1636209465834,0.0598,-6.4492,6.0977,-0.7344,0.0339,-1.4736
1636209465838,-0.0622,-7.1992,6.4258,-1.0566,0.1158,-1.4150
1636209465846,-0.1005,-8.0391,6.6367,-1.2979,0.1808,-1.3662
1636209465849,-0.2202,-8.5391,6.7227,-1.4023,0.2009,-1.3311
1636209465876,-0.4285,-8.6641,6.7695,-1.2744,0.1754,-1.3252
1636209465889,-0.7852,-8.8047,6.7461,-0.8525,0.0807,-1.3037
1636209465898,-0.9888,-8.4219,6.6016,0.1549,-0.3267,-1.1709
1636209465902,-0.6416,-7.5586,6.6055,0.4294,-0.4534,-1.1660
1636209465906,-0.3447,-6.6484,6.5313,0.4900,-0.4873,-1.1621
1636209465916,-0.1771,-5.9727,6.5742,0.3572,-0.4426,-1.1201
1636209465920,-0.1532,-5.5859,6.8359,0.1486,-0.3342,-1.0781
1636209465947,-0.1580,-5.4570,7.4063,-0.0163,-0.1874,-1.0547
1636209465955,-0.1819,-6.0859,8.0859,0.0007,-0.0299,-1.0195
1636209465959,-0.3613,-7.0000,8.3359,0.1560,0.0297,-0.9487
1636209465967,-0.4668,-7.2891,8.3203,0.3379,-0.0235,-0.9058
1636209465970,-0.3398,-7.1289,8.1563,0.5508,-0.1076,-0.9541
1636209465997,-0.1724,-6.6641,7.9453,0.7080,-0.1619,-1.0039
1636209466000,-0.0526,-6.1797,7.8672,0.7104,-0.1501,-0.9858
1636209466004,0.1747,-6.0273,7.8477,0.5913,-0.0682,-0.9336
1636209466017,0.5791,-6.1523,7.9688,0.3838,0.0467,-0.9009
1636209466020,1.0527,-6.7891,8.2422,0.2167,0.2158,-0.8496
1636209466047,1.0410,-7.7461,8.4375,0.1497,0.3542,-0.7559
1636209466051,0.8403,-8.1172,8.5703,0.1422,0.3872,-0.6729
1636209466054,0.7012,-7.8359,8.5313,0.2517,0.3489,-0.6685
1636209466067,0.6294,-7.2539,8.2969,0.4485,0.2659,-0.7007
1636209466086,0.5815,-6.5117,8.1563,0.6133,0.1849,-0.6816
1636209466090,0.5215,-5.8555,8.0391,0.6860,0.1360,-0.6323
1636209466096,0.5361,-5.3672,7.9961,0.6431,0.1190,-0.5972
1636209466107,0.6128,-5.0664,8.0391,0.5029,0.1403,-0.5762
1636209466111,0.6821,-5.0039,8.0703,0.3081,0.1829,-0.5474
1636209466138,0.7251,-5.0273,8.0469,0.0847,0.2275,-0.5039
1636209466141,0.6919,-5.2930,7.9961,-0.0950,0.2795,-0.4688
1636209466145,0.6270,-5.6484,7.8281,-0.2153,0.3010,-0.4292
1636209466158,0.5410,-5.7695,7.6133,-0.2695,0.2830,-0.3984
1636209466161,0.4763,-5.8086,7.4727,-0.2429,0.2382,-0.3994
1636209466188,0.5889,-5.9141,7.4531,-0.1887,0.1989,-0.3962
1636209466191,0.7158,-6.0859,7.5000,-0.1344,0.1957,-0.3579
1636209466195,0.7397,-6.2344,7.5273,-0.0972,0.1957,-0.3081
1636209466208,0.7158,-6.1602,7.5703,-0.0685,0.1860,-0.2803
1636209466211,0.6987,-5.9531,7.6016,-0.0323,0.1659,-0.2847
1636209466238,0.7251,-5.7930,7.6016,0.0092,0.1531,-0.2686
1636209466254,0.7422,-5.8125,7.6523,0.0422,0.1520,-0.2240
1636209466270,0.7588,-5.9375,7.6992,0.0762,0.1509,-0.1857
1636209466275,0.7754,-6.0352,7.7227,0.1092,0.1499,-0.1591
1636209466286,0.7202,-6.0430,7.7617,0.1571,0.1360,-0.1442
1636209466290,0.8447,-5.9180,7.8008,0.1986,0.0999,-0.1378
1636209466295,1.0342,-5.7266,7.8242,0.2050,0.0839,-0.1462
1636209466298,1.1084,-5.5547,7.7539,0.1794,0.0861,-0.1537
1636209466309,1.0771,-5.5000,7.6250,0.1486,0.0956,-0.1261
1636209466312,1.0605,-5.5625,7.5586,0.1283,0.0892,-0.1006
1636209466339,1.0508,-5.6602,7.4922,0.1262,0.0775,-0.0952
1636209466343,0.9956,-5.5664,7.4375,0.1305,0.0509,-0.0942
1636209466346,1.0146,-5.4102,7.5117,0.1357,0.0158,-0.1069
1636209466359,1.1006,-5.3164,7.6289,0.1390,0.0041,-0.1027
1636209466367,1.1221,-5.1797,7.7656,0.1251,0.0031,-0.0910
1636209466379,1.0625,-5.2188,7.9414,0.1071,0.0126,-0.0771
1636209466383,1.0146,-5.3281,8.0000,0.0613,0.0105,-0.0516
1636209466417,0.9189,-5.2734,8.0078,0.0145,-0.0054,-0.0452
1636209466420,0.8569,-5.2617,7.9258,-0.0142,-0.0140,-0.0537
1636209466424,0.8784,-5.4219,7.8047,-0.0195,-0.0278,-0.0506
1636209466429,0.9575,-5.5039,7.6680,-0.0206,-0.0459,-0.0357
1636209466433,1.0693,-5.5352,7.5898,-0.0163,-0.0469,-0.0399
1636209466459,1.1250,-5.7852,7.5781,0.0145,-0.0331,-0.0272
1636209466463,1.1729,-5.9414,7.5430,0.0326,-0.0384,0.0069
1636209466468,1.1582,-5.7813,7.5156,0.0571,-0.0522,0.0207
1636209466479,1.1201,-5.6016,7.4883,0.0869,-0.0778,0.0175
1636209466483,1.1367,-5.5391,7.5234,0.0975,-0.0927,0.0260
1636209466510,1.1270,-5.5781,7.6367,0.0890,-0.0916,0.0548
1636209466532,1.0742,-5.6094,7.7344,0.0507,-0.0938,0.0792
1636209466536,1.0342,-5.7227,7.7695,0.0113,-0.0991,0.0931
1636209466540,1.0430,-5.9297,7.7266,-0.0376,-0.0884,0.1048
1636209466544,1.0361,-6.0586,7.7031,-0.0695,-0.0724,0.1176
1636209466547,1.1221,-5.9609,7.5469,-0.0717,-0.0948,0.1197
1636209466560,1.2754,-5.7266,7.2656,-0.0482,-0.1151,0.0878
1636209466567,1.3379,-5.5039,7.3359,-0.0153,-0.1204,0.0378
1636209466580,1.2949,-5.3125,7.6328,-0.0578,-0.1086,0.0335
1636209466583,1.2832,-5.3125,7.9414,-0.1844,-0.0661,0.0580
1636209466610,1.1777,-5.4844,8.0078,-0.3206,-0.0097,0.1037
1636209466614,1.1006,-5.7930,8.0391,-0.4026,-0.0022,0.1580
1636209466617,1.2686,-6.0625,7.8477,-0.4377,-0.0416,0.1771
1636209466630,1.2178,-6.0430,7.2148,-0.4761,-0.0522,0.1271
1636209466634,1.2178,-6.0430,7.2148,-0.4761,-0.0522,0.1271
1636209466660,1.0742,-6.2383,6.8242,-0.4526,-0.1086,0.2515
1636209466664,1.1631,-6.4180,6.8984,-0.4163,-0.1256,0.3015
1636209466667,1.2832,-6.5039,7.1680,-0.4355,-0.1076,0.2993
1636209466680,1.2129,-6.6289,7.4961,-0.4504,-0.0714,0.2761
1636209466684,0.9263,-6.5625,7.5195,-0.4099,-0.0810,0.3027
1636209466711,0.8330,-6.4727,7.3320,-0.2983,-0.1405,0.3335
1636209466714,1.0605,-6.3320,7.1094,-0.1748,-0.1959,0.3430
1636209466718,1.1992,-5.9844,6.7813,-0.0674,-0.2532,0.3452
1636209466731,1.3428,-6.0391,6.4102,0.0507,-0.3235,0.3750
1636209466734,1.5508,-6.7266,5.9727,0.1624,-0.3577,0.4548
1636209466761,1.6445,-7.2266,5.6133,0.2922,-0.3577,0.5313
1636209466765,1.5439,-7.0586,5.7422,0.4583,-0.3843,0.5601
1636209466776,1.3857,-6.4219,6.2578,0.5913,-0.5244,0.6035
1636209466781,1.2900,-6.2383,7.0234,0.5825,-0.6714,0.7739
1636209466785,1.0098,-6.8828,7.9688,0.3188,-0.6841,1.0576
1636209466811,0.5601,-7.6641,8.4922,-0.1407,-0.6201,1.2754
1636209466815,-0.0431,-7.8516,8.7031,-0.6216,-0.5957,1.3447
1636209466831,-0.5981,-7.3086,8.0391,-1.0059,-0.6831,1.3291
1636209466836,-0.6392,-6.9492,6.6484,-1.1885,-0.7578,1.3496
1636209466839,-0.1364,-8.1094,5.6914,-1.0186,-0.6616,1.4414
1636209466851,-0.0837,-10.4844,6.0039,-0.4460,-0.4885,1.5869
1636209466855,-0.7876,-11.8203,7.0313,0.4050,-0.4980,1.7373
1636209466882,-1.1846,-10.7813,8.2188,1.3750,-0.7173,1.7412
1636209466896,-0.9287,-7.7148,9.4766,2.1973,-0.9629,1.6025
1636209466899,-0.1221,-4.4297,10.1641,2.5586,-1.0557,1.5254
1636209466904,0.8018,-2.6680,10.2422,2.4316,-0.8662,1.5557
1636209466907,1.1201,-2.7695,10.1250,2.0254,-0.5435,1.6260
1636209466932,0.9502,-4.4688,9.3828,1.6836,-0.2883,1.7744
1636209466935,0.6821,-7.1367,8.3516,1.7324,-0.0969,1.8867
1636209466939,-0.0120,-8.5703,7.4609,2.2695,-0.0416,1.8613
1636209466952,-0.5527,-6.9805,7.3320,3.0586,-0.2183,1.6924
1636209466964,-0.3447,-3.7617,7.8086,3.6348,-0.4556,1.4443
1636209466972,0.5146,-0.9404,8.6094,3.5957,-0.4885,1.2451
1636209466976,1.3643,-0.1652,9.2656,3.1406,-0.2522,1.2217
1636209467002,1.7158,-1.6514,9.5547,2.7383,0.0999,1.3506
1636209467013,1.2734,-4.1680,9.5156,2.7715,0.3350,1.3955
1636209467017,0.9165,-6.0313,9.2813,3.1855,0.2830,1.3271
1636209467022,0.6772,-5.6328,8.9375,3.7168,0.1116,1.2363
1636209467030,0.1532,-2.2520,7.7578,4.0000,-0.1416,0.9805
1636209467042,1.6445,0.7012,8.2734,3.8730,-0.1586,0.6538
1636209467046,1.7158,0.6509,9.4531,3.6504,0.0669,0.6377
1636209467073,2.0527,1.7832,10.2500,2.9727,0.0190,0.8687
1636209467076,2.0332,1.9863,11.1250,1.9814,0.2424,0.8125
1636209467079,2.0527,0.3972,11.1953,0.9722,0.5698,0.7241
1636209467095,1.3574,-1.2852,10.4063,0.4124,0.7490,0.7344
1636209467098,0.6152,-1.7979,9.6953,0.4785,0.6299,0.6514
1636209467123,0.6294,-1.9482,9.2188,0.8223,0.3530,0.5835
1636209467126,0.9238,-1.0645,9.0938,0.8921,0.1127,0.6333
1636209467130,1.0000,0.6079,9.2031,0.5977,0.0212,0.6953
1636209467143,1.4102,1.7881,11.4375,0.0347,0.0999,0.6631
1636209467147,2.0625,1.8721,15.6328,-0.7227,0.3733,0.6348
1636209467173,1.7852,1.5488,17.3281,-1.5684,0.8232,0.6348
1636209467177,0.5527,0.6699,15.2031,-2.0410,1.2148,0.5879
1636209467180,-1.1172,0.5073,11.9609,-2.1602,1.2490,0.4707
1636209467193,-2.0039,2.3379,9.1641,-2.3887,0.9937,0.2771
1636209467197,-1.8887,5.9805,6.5352,-2.9629,0.7583,0.0526
1636209467223,-1.5127,7.3906,6.0820,-3.7891,0.7104,-0.1527
1636209467227,-1.3184,3.6133,3.6055,-4.8516,0.7817,0.1218
1636209467245,-1.4141,-2.0078,-2.8066,-5.6563,0.7563,0.7061
1636209467250,-1.1533,-7.0273,-2.4102,-5.6133,0.8438,1.1348
1636209467261,-2.4199,-7.4766,1.1152,-5.1016,0.8257,0.7803
1636209467266,-4.6914,-4.4531,1.4580,-4.6211,0.2913,-0.0559
1636209467269,-6.0820,-3.3613,1.3262,-4.1367,-0.2937,-0.2666
1636209467294,-6.2695,-4.2031,0.9360,-3.9590,-0.5693,-0.1080
1636209467297,-5.9492,-6.4492,-0.1938,-3.5742,-0.4299,0.0952
1636209467300,-5.5586,-9.7969,-0.7373,-2.3008,-0.2522,0.2727
1636209467313,-5.4297,-12.5156,0.6030,0.0369,-0.3757,0.2612
1636209467328,-5.4844,-11.9922,3.7480,2.9043,-0.9673,0.0356
1636209467333,-3.7383,-6.6484,9.3828,5.0508,-1.5576,-0.2240
1636209467337,-0.9146,-0.4907,15.1875,6.2969,-1.5820,-0.4453
1636209467364,3.0820,1.5508,16.9688,7.1523,-1.2725,-0.5664
1636209467367,6.0391,-3.5547,14.2578,7.8320,-0.9810,0.0378
1636209467370,4.9453,-9.7031,7.2734,7.7188,-1.2607,0.8687
1636209467384,1.1514,-13.6484,6.1836,6.9570,-1.2695,0.7505
1636209467387,-3.6504,-3.1016,11.0703,6.5781,-1.2471,-0.8730
1636209467425,-0.0837,16.0000,14.4219,6.7578,-2.3359,-2.4375
1636209467442,9.6328,10.2031,19.3906,4.6328,-1.9473,-0.6387
1636209467458,12.4766,0.3806,21.1719,0.1294,0.3584,0.5283
1636209467463,2.3809,-3.6133,18.1719,-2.8301,1.4375,-0.1122
1636209467466,2.3809,-3.6133,18.1719,-2.8301,1.4375,-0.1122
1636209467471,0.3782,-2.4414,16.0156,-3.9141,1.5254,-0.0623
1636209467474,-1.1348,-1.0049,14.8984,-3.8730,1.7998,0.2695
1636209467478,-1.9316,-0.4692,12.4063,-3.3301,1.5273,0.1600
1636209467484,-2.6191,1.3135,8.9063,-3.2012,1.1201,-0.0293
1636209467487,-2.8633,2.9922,5.9570,-3.5488,0.8306,0.1239
1636209467524,-2.5137,3.6113,4.0859,-4.1992,0.7310,0.5142
1636209467528,-2.8555,3.6484,1.9248,-4.9766,0.6348,0.8452
1636209467543,-3.6602,3.4258,-0.9072,-5.6016,0.5039,1.0127
1636209467547,-4.2813,1.3691,-2.6563,-5.8594,0.2393,1.0156
1636209467557,-4.2148,-0.9648,-2.5254,-5.8438,-0.0555,1.0518
1636209467576,-4.3711,-2.1289,-1.9072,-5.8164,-0.1384,0.9082
1636209467580,-4.6680,-4.7266,-0.5098,-5.5273,-0.0012,0.5771
1636209467584,-4.9063,-5.6953,1.4863,-4.9883,0.0126,0.1995
1636209467587,-5.2344,-4.1719,3.6406,-3.9063,-0.3608,-0.3772
1636209467594,-3.3027,-5.4570,0.6436,-2.5254,-0.7861,-0.6475
1636209467608,1.8525,-13.4375,4.6055,-0.5718,-0.0491,-0.0282
1636209467614,1.5225,-16.1719,10.8828,1.5273,0.8564,0.3665
1636209467618,0.5576,-11.2422,13.8750,3.8047,0.7295,-0.2654
1636209467645,1.1387,-8.9844,5.8164,6.5430,-0.5269,-0.7485
1636209467648,3.1426,-12.2266,-0.1794,8.2031,-1.3750,-0.2421
1636209467651,-0.1819,-12.3594,3.9590,8.8906,-0.9951,-0.1846
1636209467665,-5.2852,-5.6055,9.5313,9.9297,-0.9121,-1.0879
1636209467668,-3.8359,2.4824,10.3906,11.2734,-1.7031,-1.5059
1636209467695,3.0020,4.9023,11.0078,11.0000,-2.5957,-1.0391
1636209467698,7.2656,1.7070,13.8047,7.5703,-2.1758,-0.0442
1636209467701,6.2305,0.6079,15.2422,2.5176,-0.6416,0.2197
1636209467715,3.0684,0.5171,15.3516,-1.1055,0.6753,-0.2878
1636209467718,1.0410,-2.0332,16.3906,-2.3203,1.1357,-0.2102
1636209467745,0.2705,-2.0820,16.5938,-2.3320,0.9756,-0.0931
1636209467748,-0.2466,1.0361,15.7109,-1.7939,0.6338,-0.1218
1636209467752,-0.1627,2.5605,14.2500,-1.3838,0.4702,-0.1048
1636209467772,-0.5361,3.5156,12.1094,-1.7109,0.4690,-0.3442
1636209467776,-1.6133,4.2305,10.9219,-2.6230,0.5796,-0.5889
1636209467785,-2.2129,5.4844,8.7656,-3.7813,0.6338,-0.6484
1636209467789,-0.8184,6.9102,6.2539,-4.7813,0.5220,-0.8154
1636209467822,1.0557,4.5430,4.4375,-5.5273,0.7095,-0.7930
1636209467838,0.7754,1.5078,3.3770,-6.6016,0.7944,-0.5376
1636209467855,0.4189,-2.4648,-1.1133,-8.1953,0.5688,-0.1899
1636209467860,3.6191,-8.9531,-5.1289,-9.2109,0.9116,0.4282
1636209467871,3.8008,-14.8438,-2.1113,-8.7344,2.0234,0.4390
1636209467887,-0.2250,-15.1016,1.6494,-7.6133,2.5273,-0.3591
1636209467896,-4.1484,-12.0547,5.6680,-5.4453,1.8320,-0.9795
1636209467901,-4.7813,-9.5938,6.9570,-2.7285,0.5659,-1.3018
1636209467920,-2.9199,-8.0547,7.0039,-0.8003,0.0743,-1.1279
1636209467933,-1.4912,-6.7656,7.4805,0.2305,0.2744,-0.9355
1636209467953,-1.1318,-5.4219,7.7852,0.6494,0.5669,-0.9849
1636209467958,-0.9863,-4.6250,7.7656,0.6611,0.7427,-1.1973
1636209467970,-0.5288,-4.8594,7.4063,0.4700,0.8320,-1.4561
1636209467986,-0.6343,-5.3945,6.8125,0.0464,0.9331,-1.4834
1636209467990,-0.7441,-5.4961,6.2031,-0.5718,1.0156,-1.3818
1636209467994,-0.6030,-5.4492,5.5352,-1.1035,1.0508,-1.3828
1636209468005,-0.4165,-5.9336,5.4219,-1.5205,1.0420,-1.4590
1636209468010,-0.5073,-6.7539,5.1289,-1.9443,1.0234,-1.4375
1636209468014,-0.4858,-7.3164,4.7461,-2.3594,1.0029,-1.3613
1636209468021,-0.4045,-7.7148,4.4219,-2.6328,1.0029,-1.3398
1636209468037,-0.3015,-8.3984,4.2852,-2.7109,1.0166,-1.3555
1636209468041,-0.3757,-9.5781,4.1367,-2.6484,1.0410,-1.3369
1636209468052,-0.6055,-10.0547,3.8008,-2.5703,1.0293,-1.2451
1636209468070,-0.9648,-9.7891,3.3965,-2.3145,0.9756,-1.1680
1636209468074,-1.2061,-9.4297,3.0254,-1.7832,0.8477,-1.1719
1636209468078,-1.1963,-9.1875,2.5879,-1.0820,0.7075,-1.1621
1636209468083,-1.2090,-9.2578,2.2441,-0.2323,0.5815,-1.1123
1636209468118,-1.1465,-9.7891,2.6367,0.6494,0.4500,-1.0967
1636209468122,-1.0693,-10.8047,3.2910,1.4316,0.3445,-1.0801
1636209468134,-1.0938,-11.0391,3.9238,1.9072,0.1754,-1.0117
1636209468138,-1.0625,-9.9297,4.3438,2.0703,-0.0044,-0.8813
1636209468151,-0.9907,-8.5313,4.7227,2.1113,-0.1554,-0.8296
1636209468167,-0.8423,-7.5508,5.0273,1.9707,-0.2607,-0.8462
1636209468184,-0.6919,-6.9883,5.3672,1.6230,-0.3032,-0.8135
1636209468197,-0.4763,-6.9258,5.7188,1.2471,-0.3096,-0.7656
1636209468201,-0.4116,-7.5313,5.9414,0.9468,-0.2756,-0.7036
1636209468205,-0.3687,-8.0000,5.9219,0.6431,-0.2778,-0.6284
1636209468208,-0.1555,-8.2031,5.8711,0.4231,-0.2715,-0.5645
1636209468212,0.0886,-8.5625,5.6445,0.3772,-0.2532,-0.5273
1636209468215,0.2130,-8.8047,5.3945,0.3838,-0.2512,-0.4751
1636209468220,0.2058,-8.7734,5.3164,0.4402,-0.2554,-0.4241
1636209468224,0.1149,-8.9063,5.4141,0.6377,-0.2798,-0.4133
1636209468235,0.1316,-9.2969,5.7617,0.9019,-0.2981,-0.3782
1636209468250,0.0503,-9.7109,6.0977,1.1377,-0.3193,-0.2996
1636209468266,0.1388,-9.3594,6.0742,1.2598,-0.3926,-0.2261
1636209468276,0.3806,-8.4141,6.1797,1.3242,-0.4226,-0.1910
1636209468280,0.4500,-7.2227,6.5352,1.3301,-0.4214,-0.2739
1636209468284,0.4404,-6.0938,6.5313,1.1934,-0.4268,-0.3794
1636209468289,0.6392,-5.5430,6.3633,0.9126,-0.4172,-0.3813
1636209468293,1.0215,-5.9023,6.3164,0.5806,-0.3362,-0.3059
1636209468309,1.1387,-6.8555,6.3672,0.2761,-0.1831,-0.2155
1636209468313,0.9360,-7.5469,6.5352,0.0188,-0.0746,-0.1580
1636209468329,0.6606,-7.5859,6.5781,-0.1398,-0.0852,-0.1719
1636209468333,0.5718,-7.3203,6.5625,-0.1674,-0.1470,-0.2069
1636209468348,0.6245,-7.0547,6.6055,-0.1567,-0.1777,-0.1963
1636209468381,0.6631,-6.7500,6.5859,-0.1738,-0.1533,-0.1633
1636209468390,0.6846,-6.5898,6.5898,-0.1716,-0.0895,-0.1708
1636209468400,0.7876,-6.7969,6.6445,-0.1716,-0.0895,-0.1708
1636209468414,0.8447,-7.2656,6.6758,-0.0515,-0.0650,-0.1548
1636209468431,1.0361,-7.2578,6.5469,0.0315,-0.0640,-0.1591
1636209468447,1.1172,-7.1992,6.5977,0.1539,-0.0533,-0.1814
1636209468464,1.0674,-7.0547,6.6094,0.2167,-0.0544,-0.1665
1636209468474,1.0576,-6.8008,6.6289,0.2336,-0.0555,-0.1346
1636209468478,1.1152,-6.6172,6.7148,0.2433,-0.0544,-0.1399
1636209468482,1.1895,-6.5664,6.8633,0.2379,-0.0406,-0.1431
1636209468487,1.2373,-6.6289,6.9414,0.2252,-0.0257,-0.1250
1636209468491,1.2949,-6.8281,6.9805,0.2230,-0.0150,-0.0931
1636209468494,1.3281,-6.8086,6.9414,0.2156,-0.0203,-0.0729
1636209468517,1.3232,-6.7109,6.8555,0.2145,-0.0193,-0.0825
1636209468521,1.2754,-6.5859,6.6836,0.2050,-0.0193,-0.0974
1636209468526,1.2178,-6.4336,6.5313,0.1730,-0.0150,-0.0942
1636209468536,1.1895,-6.3633,6.4961,0.1390,-0.0033,-0.0974
1636209468539,1.1611,-6.4297,6.5000,0.1007,0.0116,-0.1091
1636209468550,1.1963,-6.5859,6.5391,0.0603,0.0265,-0.1069
1636209468555,1.2686,-6.8828,6.6875,0.0390,0.0626,-0.1016
1636209468559,1.2705,-7.3047,6.9297,0.0496,0.1084,-0.0878
1636209468583,1.2705,-7.6172,7.0586,0.0880,0.1382,-0.0602
1636209468600,1.1650,-7.7695,7.0508,0.1890,0.1477,-0.0410
1636209468616,1.0479,-7.7070,6.8984,0.3572,0.1201,-0.0357
1636209468649,1.0645,-7.6367,6.8320,0.5771,0.0924,-0.0250
1636209468665,1.1250,-7.7148,6.8086,0.8115,0.0743,0.0016
1636209468670,1.2422,-7.7109,6.8945,1.0020,0.0669,0.0484
1636209468695,1.2109,-7.6914,7.0000,1.1689,0.0818,0.0909
1636209468701,1.1348,-7.4766,7.0313,1.2871,0.0733,0.1058
1636209468717,1.0508,-7.0273,7.0273,1.3584,0.0648,0.1143
1636209468720,1.0078,-6.5000,7.0234,1.3857,0.0541,0.1154
1636209468733,1.0195,-6.0352,7.0742,1.3633,0.0531,0.1197
1636209468737,0.9790,-5.7734,7.2109,1.3096,0.0669,0.1377
1636209468742,0.9121,-5.5742,7.2969,1.2178,0.0659,0.1633
1636209468746,0.9146,-5.3828,7.3906,1.0918,0.0541,0.1803
1636209468781,0.9526,-5.1758,7.4492,0.9370,0.0403,0.1803
1636209468785,1.0098,-5.0078,7.4805,0.7466,0.0382,0.1792
1636209468799,1.0146,-4.8789,7.4414,0.5239,0.0371,0.1866
1636209468803,1.0693,-4.7500,7.3594,0.2932,0.0488,0.1888
1636209468807,1.0693,-4.9102,7.2695,0.1092,0.0829,0.1888
1636209468812,0.9888,-5.2383,7.1172,-0.0408,0.0892,0.2123
1636209468816,0.8906,-5.4727,6.9258,-0.1493,0.0818,0.2303
1636209468819,0.7490,-5.7109,6.8945,-0.1759,0.0743,0.2175
1636209468823,0.5957,-5.8633,6.9414,-0.1567,0.0520,0.1995
1636209468827,0.4644,-6.0117,7.0039,-0.1036,0.0435,0.1963
1636209468832,0.3374,-6.0820,7.0898,-0.0312,0.0297,0.1898
1636209468835,0.2776,-6.0391,7.1836,0.0358,-0.0022,0.1857
1636209468840,0.2417,-5.8945,7.2266,0.1188,-0.0129,0.1846
1636209468844,-0.0335,-5.5664,7.1484,0.1880,-0.0544,0.1708
1636209468847,-0.0933,-5.2188,6.9453,0.1794,-0.1608,0.1526
1636209468857,0.2800,-5.5039,6.9180,0.1921,-0.1917,0.1442
1636209468860,0.4309,-6.1328,6.8984,0.3049,-0.1777,0.1580
1636209468894,0.4475,-6.4336,7.1328,0.4583,-0.1353,0.1718
1636209468898,0.3088,-6.3750,7.7461,0.6807,-0.1246,0.1101
1636209468901,0.5146,-6.4492,7.3906,0.9785,-0.1725,0.0867
1636209468907,0.8447,-6.1445,7.2930,1.3018,-0.1448,0.0537
1636209468910,1.0342,-5.5742,7.1992,1.6641,-0.1639,-0.0952
1636209468937,1.0313,-4.9922,7.1094,1.9971,-0.2352,-0.1410
1636209468947,1.0938,-4.0664,7.2227,2.1230,-0.3428,-0.2037
1636209468964,1.3213,-3.2344,7.6875,2.0605,-0.3447,-0.2866
1636209468968,1.6777,-3.2520,8.3359,1.8613,-0.2566,-0.2708
1636209468972,1.9004,-3.7441,8.7734,1.5596,-0.1427,-0.1761
1636209468975,1.8477,-3.7676,8.5313,1.2441,-0.0586,-0.1367
1636209468987,1.6279,-3.3398,8.0938,1.0449,-0.0374,-0.2048
1636209468997,1.3662,-2.9063,7.8164,0.9678,-0.1033,-0.2825
1636209469007,1.3525,-3.0332,7.8203,0.9219,-0.2054,-0.2272
1636209469011,1.4697,-4.1172,8.0234,0.8145,-0.2416,-0.0357
1636209469037,1.2490,-5.1602,8.2344,0.7104,-0.2108,0.1345
1636209469045,0.7729,-5.2773,8.4375,0.7593,-0.2384,0.1569
1636209469048,0.7012,-4.9023,8.5781,0.9688,-0.3149,0.1313
1636209469058,0.8379,-4.7852,8.8047,1.2471,-0.3511,0.1537
1636209469061,0.7158,-4.5859,9.2266,1.4639,-0.3875,0.2527
1636209469094,0.5889,-3.7402,9.3203,1.5430,-0.4331,0.3186
1636209469098,0.7729,-3.1777,9.3125,1.5625,-0.4417,0.2942
1636209469101,0.9214,-3.1758,9.1016,1.5479,-0.4226,0.3059
1636209469108,0.8403,-3.1973,8.6406,1.5166,-0.4395,0.3335
1636209469111,1.0625,-3.9629,8.2031,1.5459,-0.4587,0.3750
1636209469138,1.2109,-4.8516,8.0156,1.6709,-0.4958,0.4292
1636209469141,1.5098,-4.1914,8.2969,1.8760,-0.6382,0.3569
1636209469145,2.5703,-2.6543,8.7266,2.0137,-0.8076,0.1857
1636209469158,3.9063,-1.6514,9.7266,1.9551,-0.8887,0.1016
1636209469161,4.8711,-1.3047,11.0625,1.6602,-0.8896,0.2058
1636209469188,5.4297,-1.5605,12.2422,1.1484,-0.7681,0.4089
1636209469191,6.1172,-0.8232,13.4609,0.4561,-0.6479,0.5762
1636209469195,7.5078,-2.1777,16.8125,-0.5313,-0.2810,0.7197
1636209469208,6.6680,-7.6484,17.5313,-1.5879,0.5371,1.2842
1636209469212,3.1621,-7.1367,13.4688,-1.6328,0.7031,1.3105
1636209469238,0.4812,-5.2070,12.8906,-0.4080,0.2913,0.8135
1636209469242,0.7158,-5.6406,13.2109,0.3198,0.0063,0.9771
1636209469245,1.0098,-3.8438,10.9063,-0.1461,0.0594,1.1895
1636209469258,0.8809,-0.6680,10.2734,-0.9907,0.2944,1.0889
1636209469262,1.3164,1.4189,10.9219,-1.7354,0.3711,0.7476
1636209469288,1.1611,4.0664,10.6484,-2.6973,0.3394,0.4973
1636209469292,0.5981,7.2773,9.5234,-4.0547,0.3701,0.4558
1636209469295,0.7515,8.6328,5.8828,-5.6758,0.4797,0.3208
1636209469308,0.9072,6.4258,2.6641,-8.7500,0.9170,0.9336
1636209469312,0.1652,1.3906,-4.5898,-8.7500,0.9170,0.9336
1636209469338,-1.7422,-8.5234,-0.6987,-8.2188,1.1904,1.1904
1636209469342,-3.3438,-4.9414,0.8306,-7.8008,0.3606,0.2048
1636209469345,-3.1660,-3.2383,0.3015,-7.3359,-0.3171,-0.4092
1636209469359,-2.6563,-5.4609,0.1794,-7.2891,-0.5415,-0.0931
1636209469362,-2.8984,-9.3828,-1.1436,-7.5859,-0.1714,0.5410
1636209469389,-3.6309,-15.6094,-1.6445,-7.1406,0.4988,0.7515
1636209469392,-4.2539,-21.1094,-1.8242,-5.3398,0.7671,0.4070
1636209469396,-5.0898,-22.3438,-1.3398,-1.9697,0.3435,0.3899
1636209469409,-4.5625,-19.6563,0.9360,2.2969,-0.6938,0.6206
1636209469412,-2.3086,-13.2188,4.0117,5.6992,-1.5840,0.7153
1636209469439,0.6152,-6.8320,3.9355,7.4453,-1.9619,0.7578
1636209469442,4.3984,-4.0352,4.7266,8.2891,-2.0000,0.6782
1636209469446,7.7344,-5.0664,7.7656,8.8359,-1.3535,0.1995
1636209469459,7.4688,-5.5781,8.9297,9.4297,-0.4268,-0.1814
1636209469462,4.0430,-2.3594,9.3047,10.4453,-0.4939,-0.6450
1636209469489,2.9492,-2.2012,10.2734,11.5156,-0.9844,-0.5220
1636209469492,4.3672,-3.3984,9.2813,11.4141,-1.2441,-0.0995
1636209469496,7.0273,-4.2500,9.8203,9.8672,-1.1670,-0.2866
1636209469509,7.9766,-6.6680,12.3984,7.4727,-0.6680,-0.1335
1636209469526,6.3164,-3.7754,15.5547,4.8125,-0.4043,-0.2666
1636209469531,6.3359,-1.5391,18.3906,2.1465,-0.1129,-0.0069
1636209469534,6.8711,-5.4258,20.1094,-0.3525,0.7744,0.8877
1636209469559,5.2109,-7.1523,20.4063,-1.9541,1.4551,1.0977
1636209469563,2.7090,-5.6563,19.5938,-2.5938,1.6455,1.0449
1636209469566,0.3757,-3.3320,16.8281,-3.1270,1.5713,0.8262
1636209469579,-1.8770,0.2751,15.5156,-4.3516,1.5527,0.5527
1636209469583,-2.9805,-0.5215,13.6563,-5.7500,2.1055,0.5854
1636209469609,-3.8203,-0.3040,10.5469,-6.6680,2.3652,0.6421
1636209469613,-4.6523,3.6172,7.5313,-6.9180,1.7617,0.2123
1636209469616,-2.7715,9.0547,1.7715,-7.2422,0.9043,-0.1484
1636209469629,-0.0191,9.0078,-2.1270,-7.6836,0.4680,0.3259
1636209469633,0.2489,3.4922,-4.2266,-8.2734,0.6597,1.0439
1636209469659,-1.0693,-1.8525,-4.9102,-8.7031,0.7935,1.3193
1636209469663,-3.1602,-5.7617,-3.5996,-8.0703,0.6328,1.3818
1636209469666,-4.2969,-6.7383,-4.0391,-6.8594,0.1637,1.3682
1636209469690,-3.6367,-7.3984,-3.3848,-5.3242,-0.2332,1.3701
1636209469694,-2.9004,-11.9219,-0.9238,-3.2246,-0.1969,1.4219
1636209469699,-1.4932,-13.4531,1.2061,-0.4111,-0.2043,1.3818
1636209469703,0.3469,-7.9844,2.1211,2.3086,-0.5991,0.8911
1636209469730,0.6870,-3.9141,4.6328,3.7578,-0.8057,0.5176
1636209469733,0.9385,-3.4004,6.8281,3.7676,-0.7788,0.3899
1636209469736,2.0254,-5.3125,8.9141,3.3027,-0.3894,0.2888
1636209469757,2.9961,-8.0703,7.1016,3.1465,0.2979,0.2101
1636209469760,2.0313,-10.7500,1.8643,3.6211,0.4446,0.1176
1636209469770,0.5674,-10.9219,-2.7012,4.2852,0.0222,-0.1559
1636209469773,-0.2297,-11.4063,0.1029,5.9102,0.1445,-0.8208
1636209469800,-1.9727,-10.7344,8.7344,8.2734,0.4702,-1.4141
1636209469803,-2.1797,-6.1719,11.9063,10.1406,-0.3320,-1.0527
1636209469807,0.6030,-1.9033,8.6563,10.4844,-1.5645,-0.0101
1636209469820,2.2637,-2.6211,9.5234,8.8281,-1.7451,0.3142
1636209469823,2.0996,-3.8887,13.1406,5.6367,-0.8320,-0.0740
1636209469850,0.7227,-2.8320,15.2422,2.7402,0.0701,-0.2888
1636209469858,-0.0239,-2.8145,16.0625,1.1465,0.4424,-0.2208
1636209469862,-0.1555,-3.3203,15.6719,0.1517,0.5146,-0.1505
1636209469870,-0.4714,-2.1973,14.1875,-0.9907,0.6284,-0.1155
1636209469874,-0.9668,0.8735,11.5625,-2.4063,0.6968,-0.2527
1636209469901,-0.6631,3.8125,8.8984,-3.6484,0.7031,-0.5156
1636209469905,-0.6392,3.4941,7.2891,-4.3633,0.6787,-0.5347
1636209469908,-0.0383,0.8833,6.6172,-5.1133,0.6636,-0.3889
1636209469920,1.0215,-1.6631,5.9063,-5.9414,0.7944,-0.2815
1636209469924,1.4697,-4.3320,5.0508,-6.3984,1.1113,-0.2654
1636209469950,0.8975,-7.3086,4.2734,-6.2188,1.5117,-0.3335
1636209469955,-0.2632,-9.6641,3.8457,-5.3438,1.6689,-0.4985
1636209469958,-1.1270,-10.3359,3.7402,-3.9590,1.5430,-0.6748
1636209469970,-1.6660,-9.4766,3.6191,-2.2500,1.2295,-0.7876
1636209469974,-1.8721,-8.0391,3.6836,-0.5483,0.8711,-0.8506
1636209470000,-1.8721,-6.8047,4.4219,0.8433,0.5894,-0.8613
1636209470004,-1.4268,-5.9844,5.4141,1.7197,0.4392,-0.8721
1636209470023,-0.9048,-5.1680,5.9922,2.0137,0.3818,-0.8984
1636209470027,-0.5479,-4.4023,6.4180,1.8506,0.4021,-0.9751
1636209470039,-0.5000,-3.9668,6.8398,1.4551,0.4478,-1.0801
1636209470044,-0.6030,-3.8555,7.1094,0.9053,0.4626,-1.1309
1636209470047,-0.6221,-3.8184,7.2852,0.2433,0.4446,-1.1143
1636209470060,-0.4573,-4.2305,7.3984,-0.3887,0.3989,-1.1055
1636209470073,-0.3567,-5.0195,7.3750,-0.9673,0.3191,-1.1006
1636209470080,-0.4932,-5.6680,7.2266,-1.5068,0.2052,-1.0576
1636209470089,-0.6318,-5.8477,6.8438,-2.0234,0.0116,-1.0303
1636209470101,-0.4092,-5.5977,6.1602,-2.6172,-0.1597,-1.0264
1636209470105,-0.1221,-5.5156,5.3633,-3.2520,-0.1895,-0.9922
1636209470131,-0.0909,-6.0313,4.6445,-3.8086,-0.1140,-0.9336
1636209470139,-0.3230,-7.0000,3.9766,-4.1758,-0.0310,-0.8901
1636209470142,-0.5864,-8.3516,3.5234,-4.2266,0.0052,-0.8921
1636209470151,-0.9023,-10.1094,3.2207,-3.8887,-0.0395,-0.9111
1636209470154,-1.2158,-11.5078,2.9219,-3.3105,-0.2438,-0.8877
1636209470187,-0.9980,-12.0234,2.7363,-2.6133,-0.5117,-0.8179
1636209470190,-0.4595,-11.7422,2.7148,-1.8428,-0.7085,-0.7559
1636209470194,-0.0598,-10.8906,2.8203,-1.1855,-0.7925,-0.7241
1636209470201,0.0000,-9.8359,3.0566,-0.7876,-0.7744,-0.6738
1636209470205,-0.0909,-9.0078,3.3105,-0.5938,-0.7012,-0.6548
1636209470231,-0.2585,-8.7266,3.5059,-0.3674,-0.5596,-0.6196
1636209470234,-0.4331,-9.0391,3.6211,-0.3674,-0.5596,-0.6196
1636209470238,-0.3040,-9.2344,3.8398,-0.2079,-0.5630,-0.5088
1636209470251,-0.1627,-8.9219,3.8594,-0.0759,-0.5630,-0.5103
1636209470255,-0.0479,-8.4375,3.8711,-0.0450,-0.5605,-0.5088
1636209470281,0.1101,-8.0703,3.8496,-0.1674,-0.5151,-0.4910
1636209470285,0.1891,-7.9336,3.8223,-0.4058,-0.4141,-0.4656
1636209470288,0.1580,-7.9063,3.7930,-0.7002,-0.2947,-0.4453
1636209470308,0.0407,-7.9063,3.7227,-0.9790,-0.2118,-0.4517
1636209470311,-0.0048,-8.1172,3.7813,-1.2295,-0.1395,-0.4656
1636209470321,0.0622,-8.5156,3.8105,-1.4541,-0.0437,-0.4570
1636209470324,0.2035,-8.8047,3.6445,-1.6357,0.0541,-0.4304
1636209470351,0.4475,-9.0391,3.4902,-1.7432,0.1265,-0.4028
1636209470370,0.7661,-9.3672,3.3438,-1.7881,0.1711,-0.3762
1636209470386,1.0244,-9.7422,3.1621,-1.7861,0.2212,-0.3335
1636209470391,1.1367,-10.1328,3.0234,-1.6953,0.2817,-0.3027
1636209470403,1.1465,-10.3906,2.8906,-1.5156,0.3147,-0.2793
1636209470406,1.1533,-10.3203,2.7910,-1.2764,0.3223,-0.2432
1636209470410,1.1436,-10.1563,2.6563,-0.9805,0.3169,-0.2155
1636209470414,1.1699,-9.9375,2.5254,-0.6875,0.3062,-0.1793
1636209470418,1.2012,-9.7188,2.3750,-0.4526,0.2903,-0.1282
1636209470441,1.2520,-9.6172,2.3164,-0.2578,0.2776,-0.1006
1636209470445,1.2158,-9.5703,2.3672,-0.1089,0.2871,-0.0995
1636209470448,1.1006,-9.5938,2.5156,-0.0078,0.2998,-0.1027
1636209470462,1.0244,-9.4844,2.6055,0.0677,0.2979,-0.0836
1636209470465,1.0195,-9.2031,2.6582,0.1486,0.2712,-0.0633
1636209470492,1.0459,-8.8750,2.7520,0.2347,0.2372,-0.0803
1636209470495,0.9980,-8.6328,2.8164,0.2922,0.2115,-0.1080
1636209470499,0.9097,-8.4609,2.8809,0.2710,0.1914,-0.1144
1636209470512,0.8403,-8.3359,2.9082,0.1975,0.1840,-0.1133
1636209470515,0.8472,-8.3203,2.8242,0.1082,0.1700,-0.1240
1636209470542,0.9048,-8.3359,2.7832,-0.0057,0.1552,-0.1431
1636209470545,0.9336,-8.3594,2.7109,-0.1407,0.1509,-0.1570
1636209470576,0.9263,-8.2969,2.6152,-0.2781,0.1542,-0.1708
1636209470581,0.8330,-8.2500,2.6133,-0.3909,0.1509,-0.1995
1636209470584,0.7827,-8.2109,2.6426,-0.4866,0.1328,-0.2378
1636209470588,0.7729,-8.2578,2.6621,-0.5972,0.1148,-0.2632
1636209470591,0.9097,-8.5781,2.5703,-0.7334,0.1020,-0.2495
1636209470602,1.1914,-8.9219,2.3496,-0.9092,0.0924,-0.2080
1636209470605,1.4482,-9.1406,2.1563,-1.0898,0.1052,-0.1888
1636209470632,1.5273,-9.2813,1.9580,-1.2021,0.1371,-0.2006
1636209470635,1.4580,-9.5000,1.8213,-1.2246,0.1584,-0.2048
1636209470639,1.3789,-9.7578,1.6230,-1.1875,0.1499,-0.1803
1636209470652,1.4219,-9.8594,1.4863,-1.0918,0.1169,-0.1388
1636209470658,1.5771,-9.8516,1.4316,-0.8931,0.0850,-0.1133
1636209470682,1.6328,-9.9922,1.3711,-0.6162,0.0754,-0.0942
1636209470692,1.5342,-10.1172,1.3359,-0.3760,0.0839,-0.0707
1636209470695,1.4336,-10.2734,1.3047,-0.1876,0.0722,-0.0654
1636209470702,1.4355,-10.3047,1.3379,-0.0174,0.0563,-0.0506
1636209470705,1.4482,-10.1094,1.3789,0.1571,0.0467,-0.0208
1636209470732,1.4316,-9.7500,1.4600,0.3059,0.0307,-0.0112
1636209470735,1.4746,-9.2969,1.5674,0.3794,0.0158,-0.0133
1636209470739,1.4912,-8.9688,1.6182,0.3740,0.0073,-0.0069
1636209470752,1.4238,-8.9219,1.6992,0.3145,0.0041,-0.0048
1636209470758,1.4023,-9.1328,1.7686,0.2188,0.0009,-0.0080
1636209470782,1.4102,-9.3203,1.7979,0.1166,-0.0033,-0.0027
1636209470792,1.4004,-9.3125,1.8145,0.0592,-0.0118,0.0079
1636209470808,1.3047,-9.2422,1.8193,0.0379,-0.0225,-0.0016
1636209470812,1.2637,-9.1875,1.8428,-0.0025,-0.0363,-0.0208
1636209470815,1.3525,-9.1016,2.1543,-0.0950,-0.0374,-0.0197
1636209470819,1.5605,-8.6563,2.7695,-0.2930,-0.0214,-0.0155
1636209470832,1.7422,-8.1172,3.0977,-0.5747,-0.0140,-0.0186
1636209470839,1.8428,-7.8945,2.8164,-0.9282,-0.0161,0.0345
1636209470852,1.8262,-8.0000,2.1738,-1.3486,0.0169,0.1027
1636209470856,1.6016,-8.3438,1.1416,-1.7012,0.0722,0.1250
1636209470888,1.1914,-9.1563,0.0479,-1.8496,0.1041,0.1207
1636209470904,0.6655,-10.1563,-0.8306,-1.7773,0.0999,0.1250
1636209470921,0.1915,-10.9844,-1.4219,-1.4639,0.0637,0.1271
1636209470938,-0.0383,-11.6250,-1.6182,-0.8428,-0.0118,0.1250
1636209470942,-0.0622,-11.8750,-1.3115,0.0007,-0.1342,0.1250
1636209470945,0.1340,-11.6016,-0.7085,0.9316,-0.2522,0.1143
1636209470971,0.4021,-11.0234,-0.0144,1.8447,-0.3203,0.0994
1636209470987,0.5649,-9.9531,0.7588,2.5938,-0.3564,0.0952
1636209470991,0.6821,-8.8672,1.3711,3.1289,-0.3992,0.0898
1636209470995,0.7539,-8.1563,1.8193,3.4277,-0.4204,0.1016
1636209470999,0.6846,-7.8398,2.0684,3.5195,-0.3862,0.1313
1636209471004,0.4883,-7.7695,2.1445,3.4688,-0.3447,0.1600
1636209471009,0.3088,-7.8125,2.1973,3.3555,-0.3298,0.1877
1636209471020,0.2944,-7.8047,2.4023,3.1895,-0.3459,0.1973
1636209471027,0.3733,-7.7383,2.6309,3.0273,-0.3406,0.1973
1636209471036,0.4355,-7.9336,2.9023,2.9473,-0.2937,0.2026
1636209471040,0.3542,-8.2969,3.2129,2.9121,-0.2566,0.2175
1636209471052,0.3184,-8.5391,3.6875,2.8496,-0.2512,0.2568
1636209471057,0.2297,-8.5469,4.0742,2.7949,-0.2671,0.3015
1636209471061,0.2847,-8.3984,4.2734,2.7930,-0.2969,0.3408
1636209471073,0.4788,-8.3672,4.2383,2.8242,-0.2947,0.4143
1636209471088,0.6870,-8.7109,3.7969,2.9121,-0.2544,0.5024
1636209471093,0.5601,-9.7109,3.4570,3.1621,-0.2310,0.5981
1636209471106,0.1699,-10.0859,3.8867,3.4219,-0.3672,0.6411
1636209471113,-0.1986,-9.1250,4.4648,3.5918,-0.7163,0.5918
1636209471121,-0.0096,-7.1719,5.7188,3.4199,-1.1201,0.4910
1636209471133,1.3311,-6.1445,7.8477,2.7949,-1.1260,0.4292
1636209471139,2.0859,-6.6836,8.0234,1.9883,-0.6265,0.5205
1636209471153,1.6680,-8.5469,7.3672,1.3945,-0.0576,0.7524
1636209471160,0.3877,-10.1563,6.3984,1.2715,0.2041,0.9399
1636209471178,-0.6055,-9.9063,5.4375,1.7920,0.0009,0.8452
1636209471183,-0.8687,-7.9141,4.7500,2.7344,-0.4958,0.7188
1636209471201,-0.2561,-5.3555,4.8281,3.3789,-1.0039,0.7061
1636209471205,0.9624,-2.2285,5.6250,3.0566,-1.1992,0.6738
1636209471218,2.0938,0.9907,5.7266,1.9502,-1.0000,0.5322
1636209471222,2.6973,1.8477,5.5273,0.6646,-0.6235,0.4558
1636209471234,2.8223,-2.2598,5.5586,-0.6396,-0.2363,0.8091
1636209471238,2.4863,-7.8164,6.0938,-1.9150,0.2957,1.3545
1636209471268,0.7349,-10.8516,6.2109,-1.2383,0.5767,0.9688
1636209471272,-1.5703,-11.8672,6.5508,-1.2383,0.5767,0.9688
1636209471275,-1.6611,-7.4180,6.7656,2.4609,-0.6499,0.5220
1636209471283,-0.6772,-4.2031,6.2148,3.9395,-0.9590,0.4441
1636209471301,1.5361,-4.4922,8.6797,5.1055,-0.8618,0.4919
1636209471346,3.0820,-5.3750,8.6328,6.2617,-0.6875,0.4165
1636209471350,3.9844,-4.3203,8.0547,7.2773,-1.1279,0.1537
1636209471355,5.3477,-5.8672,7.8906,7.2930,-1.5254,0.6475
1636209471359,4.6563,-5.9844,9.4297,5.7266,-1.2598,1.0664
1636209471363,3.0898,-1.4980,12.4453,3.9746,-0.7109,0.3804
1636209471384,4.8125,-0.0622,16.4063,3.0234,-0.3916,-0.0707
1636209471387,7.4570,-2.9121,20.0469,2.1543,-0.0682,0.4219
1636209471392,7.1836,-3.7168,20.9688,1.0693,0.3584,0.6431
1636209471396,5.4727,-2.6094,20.5000,0.1646,0.6582,0.5591
1636209471416,4.1836,-2.2109,19.9844,-0.8740,0.9351,0.5747
1636209471435,2.7266,-1.6924,17.2031,-2.0527,1.3486,0.6025
1636209471449,0.7778,0.2920,13.3516,-3.0273,1.5977,0.4932
1636209471466,0.0120,1.8262,10.3125,-3.7578,1.6113,0.2144
1636209471477,0.1484,3.4746,7.8711,-4.4453,1.5508,-0.0644
1636209471481,0.3877,4.5000,5.7227,-5.0000,1.4854,-0.1367
1636209471487,0.8115,4.0898,3.0820,-5.4453,1.2920,0.1037
1636209471490,1.0000,2.8691,2.0527,-5.6797,1.1533,0.3867
1636209471494,-0.0598,1.2012,1.3184,-5.5469,1.0410,0.7920
1636209471498,-2.0078,-0.5313,-0.1221,-5.2539,0.8374,1.1563
1636209471502,-4.0742,-1.0674,-2.4844,-4.9961,0.4031,1.2217
1636209471507,-5.3164,-2.1172,-3.7129,-4.7969,-0.0320,1.0957
1636209471515,-5.7070,-3.7930,-4.1719,-5.0039,-0.3086,1.0459
1636209471541,-5.7109,-4.5039,-4.8945,-5.6289,-0.5488,0.7900
1636209471545,-4.9258,-4.9766,-3.5742,-6.2188,-0.7588,0.1313
1636209471550,-3.1113,-8.1875,-1.7637,-6.2422,-0.7769,-0.0952
1636209471555,-2.0527,-13.3594,-1.3926,-5.0430,-0.7280,0.0814
1636209471564,-1.4385,-18.2500,-0.2058,-3.0664,-0.6382,-0.0654
1636209471581,-0.0670,-19.7031,2.1426,-0.3047,-0.2715,-0.2186
1636209471586,0.7993,-17.2031,6.8711,3.1953,-0.1427,-0.2452
1636209471597,1.9268,-13.2109,12.6563,6.9297,-0.3523,-0.0963
1636209471614,4.0625,-8.7109,9.8672,9.8047,-1.2676,0.2197
1636209471630,7.7109,-13.5469,0.0311,11.2500,-1.9063,0.3557
1636209471635,6.6953,-23.4688,0.5503,11.8359,-0.7471,0.8569
1636209471647,-2.9063,-12.9375,4.6563,13.0313,-0.3054,-0.1995
1636209471663,-8.2266,9.7109,8.7813,15.7188,-2.2168,-2.1133
1636209471668,1.1133,16.5781,13.4375,15.7188,-3.5840,-1.6758
1636209471680,11.6797,5.7266,17.1875,9.7969,-2.4531,0.2983
1636209471696,12.5938,-0.4595,19.1563,1.7266,0.7871,0.6494
1636209471704,4.6875,-3.0547,20.7500,-2.7051,2.7148,0.2664
1636209471713,-0.6582,-5.3438,20.2188,-3.4648,2.2422,0.6206
1636209471731,-2.9551,-2.5254,17.4063,-3.4023,1.6240,0.2261
1636209471736,-4.8047,4.9609,16.2344,-3.8223,1.6855,-0.2686
1636209471740,-4.0664,7.6445,15.4922,-4.1953,2.0977,-0.3230
1636209471746,-1.7158,8.7031,9.5625,-4.6836,2.0078,-0.3208
1636209471764,-0.2250,9.1563,3.4375,-4.9531,1.7959,-0.2283
1636209471769,-1.0361,3.6875,-0.1508,-4.6523,1.6738,0.3123
1636209471779,-3.0684,-1.8721,-3.2070,-4.4219,1.4736,0.9219
1636209471782,-5.3672,-3.0039,-4.5742,-4.2930,1.2148,1.1504
1636209471787,-5.5273,-1.2803,-2.2129,-4.5117,1.0117,0.8452
1636209471805,-5.0391,0.4978,-4.1563,-4.8359,0.5444,0.3740
1636209471810,-3.3398,1.1777,-5.8008,-4.9688,-0.0618,0.1302
1636209471814,-1.3311,-0.0933,-7.1250,-5.3906,-0.4492,0.0420
1636209471824,0.3567,-4.4258,-4.5977,-5.7305,-0.4226,-0.0431
1636209471828,1.7715,-10.9922,-0.9551,-5.3984,0.3318,-0.0197
1636209471861,1.3740,-20.9531,6.3945,-3.2676,1.4902,-0.0506
1636209471879,-1.2305,-26.7813,19.0469,0.7007,1.5625,-0.1803
1636209471882,-1.9053,-13.0078,11.2266,4.9492,-0.8940,-0.8408
1636209471887,2.6113,-2.6230,-1.7158,8.1406,-3.0234,-1.9199
1636209471891,7.0000,-12.4531,1.9121,9.1406,-2.6465,-1.0625
1636209471894,3.8008,-16.8906,7.4492,7.8945,-0.9341,0.4441
1636209471904,-4.8477,-7.2422,10.0703,8.4063,-0.4258,-0.5918
1636209471907,-6.7188,3.8125,13.4453,10.7734,-1.9854,-1.9063
1636209471934,1.4336,9.7656,17.3281,10.9844,-3.3672,-1.9385
1636209471937,8.0078,9.5781,19.7344,6.8633,-2.7109,-0.6865
1636209471941,8.5391,3.5977,17.7344,0.7070,-0.0746,0.6133
1636209471954,4.0391,-2.0313,15.0781,-3.8887,2.1230,0.2101
1636209471957,-2.2188,-5.9961,12.0938,-5.3984,2.4531,-0.1868
1636209471984,-5.5391,-4.3086,9.4297,-5.2344,1.5078,-0.3081
1636209471987,-3.3906,0.6030,8.7656,-4.3398,0.7544,-0.7153
1636209471991,-0.0048,2.5938,7.9531,-3.3105,0.5093,-0.5156
1636209472004,1.8477,1.8379,7.5781,-2.7813,0.6274,-0.1687
1636209472007,2.3008,1.0938,7.3750,-2.6836,0.7861,-0.3826
1636209472034,2.0469,-0.0981,7.2383,-2.6953,0.9170,-0.6763
1636209472038,0.5649,-1.2373,6.5234,-2.9277,0.9712,-0.7163
1636209472041,-1.1348,-3.0430,5.2422,-3.5215,0.7944,-0.6079
1636209472054,-1.0459,-6.4297,4.3477,-4.3867,0.6211,-0.2803
1636209472058,-0.2035,-9.3984,3.4102,-5.1836,0.8232,-0.0771
1636209472084,-0.1125,-10.5234,3.1328,-5.1953,1.2842,-0.3623
1636209472088,-1.3115,-10.4297,3.6113,-4.1641,1.3828,-0.7578
1636209472091,-2.4219,-9.5703,4.3594,-2.5840,0.8945,-0.9570
1636209472104,-2.7422,-8.3594,5.0586,-0.9092,0.2700,-0.9590
1636209472108,-2.1348,-7.3945,5.8828,0.4900,-0.1479,-0.8760
1636209472134,-1.4746,-6.6055,6.6250,1.3770,-0.3545,-0.7622
1636209472138,-0.8423,-5.9023,7.2422,1.7314,-0.4736,-0.6997
1636209472141,-0.2632,-5.5391,7.7227,1.6904,-0.4980,-0.6963
1636209472154,-0.0526,-5.4258,7.9219,1.3936,-0.4236,-0.6973
1636209472158,-0.1412,-5.3516,8.0313,0.9712,-0.3171,-0.6089
1636209472185,-0.4331,-5.2617,7.9570,0.5400,-0.2681,-0.4941
1636209472188,-0.5742,-5.3398,7.8398,0.1752,-0.2617,-0.4443
1636209472192,-0.6104,-5.9336,7.9219,-0.0727,-0.2267,-0.3984
1636209472205,-0.9502,-6.6523,8.0156,-0.2355,-0.2172,-0.3091
1636209472208,-1.3789,-7.1328,8.1875,-0.3259,-0.3096,-0.2177
1636209472235,-1.2852,-7.5430,8.2500,-0.3323,-0.4321,-0.1719
1636209472238,-0.9907,-7.5742,7.8281,-0.2600,-0.5127,-0.1462
1636209472241,-0.8423,-7.1523,7.1719,-0.0919,-0.5928,-0.0367
1636209472255,-1.2568,-6.5547,5.9375,-0.0993,-0.6851,0.0218
1636209472258,-1.2568,-6.5547,5.9375,-0.0993,-0.6851,0.0218
1636209472285,-0.7422,-5.8945,5.2734,-0.1855,-0.7500,0.0367
1636209472288,-0.4070,-6.2930,5.7695,-0.0748,-0.6641,0.0282
1636209472292,-0.2920,-6.5195,6.5586,0.0241,-0.6201,0.0803
1636209472305,-0.2969,-6.4961,7.4648,0.1262,-0.6001,0.1090
1636209472308,-0.3638,-6.3086,8.2656,0.2507,-0.5874,0.0718
1636209472335,-0.4260,-6.0352,8.6953,0.3474,-0.5713,0.0601
1636209472338,-0.4021,-5.8750,8.7656,0.4263,-0.5513,0.1005
1636209472342,-0.2346,-5.9180,8.5547,0.5303,-0.5415,0.1282
1636209472355,-0.1508,-5.9727,8.1953,0.6528,-0.5596,0.1356
1636209472358,0.0335,-5.9492,7.8984,0.7559,-0.6128,0.1313
1636209472385,0.4165,-6.1016,7.8359,0.8071,-0.6318,0.1197
1636209472390,0.7637,-6.5898,7.9375,0.7378,-0.5737,0.1591
1636209472394,0.9287,-6.8516,8.0313,0.5562,-0.4661,0.2229
1636209472405,0.9287,-6.6367,8.0859,0.3921,-0.3511,0.2133
1636209472409,0.6484,-6.1094,8.0547,0.3306,-0.2778,0.1409
1636209472438,0.3567,-5.5039,8.1484,0.3337,-0.2756,0.0898
1636209472444,0.2346,-5.0898,8.2578,0.3740,-0.2991,0.0952
1636209472449,0.2896,-4.9414,8.2266,0.4187,-0.3225,0.1218
1636209472466,0.4404,-4.8789,8.2344,0.4380,-0.3181,0.1580
1636209472470,0.5649,-4.7344,8.0625,0.4253,-0.3064,0.1537
1636209472476,0.6655,-4.5742,7.8672,0.3879,-0.2810,0.1334
1636209472481,0.6724,-4.5820,7.7539,0.3486,-0.2395,0.1399
1636209472507,0.5815,-4.8477,7.7617,0.3157,-0.1959,0.1740
1636209472511,0.5239,-5.1367,7.9531,0.2793,-0.1554,0.2133
1636209472514,0.5288,-5.3477,8.2422,0.2900,-0.1310,0.2144
1636209472525,0.5889,-5.6602,8.6016,0.3816,-0.1310,0.2303
1636209472537,0.5146,-5.9648,8.8594,0.5347,-0.1703,0.3005
1636209472545,0.4834,-5.7891,8.8594,0.7061,-0.2598,0.3728
1636209472556,0.4260,-5.2578,8.6953,0.8730,-0.3726,0.3975
1636209472565,0.5239,-4.8516,8.6641,0.9570,-0.4778,0.4165
1636209472569,0.6606,-4.7852,8.6953,0.9551,-0.4907,0.4771
1636209472595,0.6748,-5.0273,8.8828,0.9189,-0.4331,0.5420
1636209472599,0.5479,-5.6406,9.2813,0.9199,-0.3564,0.6133
1636209472604,0.3782,-6.1758,9.6016,0.9946,-0.3362,0.6729
1636209472615,0.2394,-6.1953,9.5938,1.1611,-0.3682,0.6929
1636209472619,0.1245,-5.8164,9.4609,1.4092,-0.4353,0.6899
1636209472645,0.1891,-5.2734,9.2891,1.6602,-0.5127,0.7017
1636209472649,0.3518,-4.7539,9.1172,1.8428,-0.5469,0.7344
1636209472652,0.5000,-4.3789,9.1250,1.9170,-0.5278,0.7695
1636209472665,0.4932,-4.0117,9.1250,1.8760,-0.4895,0.8047
1636209472669,0.4812,-3.6309,9.2813,1.7773,-0.4214,0.8037
1636209472696,0.3279,-3.5137,9.4766,1.6924,-0.3428,0.7930
1636209472699,0.1005,-3.4199,9.5859,1.5967,-0.3362,0.8154
1636209472702,0.0622,-3.3223,9.5781,1.5186,-0.3596,0.8433
1636209472715,0.1915,-3.4648,9.4922,1.4902,-0.3853,0.8452
1636209472719,0.3518,-3.6387,9.2266,1.4941,-0.3757,0.8740
1636209472746,0.3926,-3.5117,9.0859,1.5430,-0.3640,0.8857
1636209472749,0.4236,-3.2402,9.0000,1.6406,-0.3821,0.8730
1636209472753,0.5361,-3.1934,8.9609,1.7744,-0.3875,0.8794
1636209472766,0.5313,-3.2363,8.8594,1.8818,-0.3992,0.9082
1636209472769,0.5601,-2.9492,8.9219,1.9043,-0.4258,0.9199
1636209472796,0.6245,-2.5488,8.9297,1.8955,-0.4448,0.9004
1636209472799,0.5791,-2.0723,8.8984,1.8623,-0.4641,0.8633
1636209472803,0.5742,-1.5801,8.9219,1.7813,-0.5044,0.8252
1636209472816,0.8735,-1.5225,9.0391,1.6748,-0.4949,0.8091
1636209472819,1.1650,-1.6992,9.1875,1.5674,-0.4309,0.8145
1636209472847,1.2012,-1.6729,9.2656,1.4814,-0.3533,0.8110
1636209472849,1.0957,-1.5869,9.2969,1.4365,-0.3149,0.7920
1636209472852,1.1006,-1.5986,9.0781,1.4336,-0.3044,0.7568
1636209472885,1.0771,-1.5225,8.9375,1.4336,-0.2981,0.7261
1636209472904,1.0742,-1.3066,8.8047,1.4004,-0.2864,0.7036
1636209472907,1.0166,-1.1797,8.8594,1.3418,-0.2532,0.6729
1636209472912,0.9907,-1.1367,9.0313,1.2324,-0.2151,0.6260
1636209472915,1.0127,-1.3330,9.3047,1.0879,-0.1373,0.5918
1636209472919,1.0605,-1.6543,9.4531,0.9390,-0.0320,0.5684
1636209472926,1.0840,-1.7715,9.2891,0.8359,0.0552,0.5293
1636209472929,1.0742,-1.6201,9.0547,0.7954,0.1074,0.4739
1636209472956,1.0244,-1.2539,8.7188,0.7773,0.1244,0.4048
1636209472961,1.1006,-0.6196,8.3594,0.7295,0.1403,0.3271
1636209472970,1.1875,-0.0837,8.2578,0.6187,0.1743,0.2686
1636209472976,1.2490,0.0144,8.1719,0.4358,0.2180,0.2473
1636209472986,1.2539,-0.1891,8.2578,0.1996,0.2839,0.2515
1636209472996,1.1172,-0.4714,8.5469,-0.0429,0.3796,0.2473
1636209473000,0.8281,-0.8018,8.8672,-0.2206,0.4573,0.2261
1636209473026,0.7178,-1.2656,9.1172,-0.2844,0.5039,0.2239
1636209473030,0.6606,-1.6611,9.2734,-0.2206,0.5117,0.2324
1636209473033,0.5122,-1.6943,9.2578,-0.0482,0.4658,0.2410
1636209473046,0.3972,-1.2871,9.2344,0.1837,0.3828,0.2324
1636209473050,0.4285,-0.7373,9.2578,0.3933,0.2881,0.2133
1636209473076,0.5000,-0.2274,9.3281,0.4751,0.2074,0.2313
1636209473080,0.6030,0.3398,9.4141,0.4019,0.1722,0.2664
1636209473083,0.5674,0.6533,9.5078,0.2188,0.1765,0.2993
1636209473106,0.4932,0.5000,9.6172,-0.0195,0.1935,0.3591
1636209473110,0.3567,0.0455,9.5469,-0.2312,0.2126,0.4463
1636209473113,0.2083,-0.3972,9.5391,-0.3323,0.2201,0.5186
1636209473127,0.0215,-0.9121,9.5703,-0.2494,0.2052,0.5674
1636209473130,-0.1915,-1.1699,9.7656,-0.0334,0.1285,0.6050
1636209473157,-0.2561,-0.9863,9.9297,0.2103,0.0233,0.6177
1636209473160,-0.1484,-0.5840,10.0547,0.4114,-0.0597,0.6133
1636209473163,0.0359,-0.1412,10.1797,0.4890,-0.1108,0.6162
1636209473177,0.2920,0.1604,10.2813,0.4304,-0.1065,0.6357
1636209473180,0.4932,0.3159,10.2969,0.2805,-0.0661,0.6646
1636209473206,0.5767,0.3184,10.3438,0.0922,-0.0193,0.6909
1636209473210,0.5674,0.1245,10.3672,-0.0908,-0.0012,0.7197
1636209473218,0.7397,-0.8809,10.2109,-0.2908,0.0382,0.8027
1636209473227,0.6606,-1.1797,10.2500,-0.2355,0.0509,0.8091
1636209473230,0.6606,-1.1797,10.2500,-0.1078,0.0201,0.8101
1636209473257,0.6343,-0.9888,10.1328,0.0305,-0.0182,0.7837
1636209473260,0.7012,-0.5146,10.0625,0.1103,-0.0331,0.7407
1636209473264,0.7422,0.0096,10.0078,0.0975,-0.0257,0.7100
1636209473277,0.8594,0.2800,9.9375,-0.0014,0.0020,0.6855
1636209473280,0.9478,0.2250,10.0625,-0.1323,0.0499,0.6621
1636209473307,0.9717,-0.1125,10.1563,-0.2271,0.0818,0.6611
1636209473317,0.9526,-0.4331,10.1328,-0.2429,0.0882,0.6665
1636209473321,0.8594,-0.5815,10.1328,-0.1865,0.0669,0.6260
1636209473327,0.8926,-0.6245,10.0547,-0.0919,0.0339,0.5952
1636209473330,0.8999,-0.4788,9.8281,0.0188,-0.0033,0.5620
1636209473357,0.8662,-0.1508,9.6797,0.1050,-0.0225,0.5229
1636209473360,0.8711,0.0742,9.5469,0.1506,-0.0278,0.4805
1636209473364,0.9648,0.1197,9.5859,0.1549,-0.0225,0.4517
1636209473377,1.0078,-0.0455,9.7969,0.1411,-0.0054,0.4441
1636209473380,0.9624,-0.2681,9.9063,0.1188,0.0031,0.4431
1636209473407,0.8735,-0.2466,10.0000,0.0975,-0.0033,0.4197
1636209473411,0.7178,-0.0814,10.0391,0.0837,-0.0225,0.3823
1636209473414,0.7275,-0.0144,10.0078,0.0709,-0.0395,0.3525
1636209473427,0.7251,-0.1125,10.0078,0.0635,-0.0469,0.3357
1636209473431,0.6655,-0.1963,9.9922,0.0656,-0.0448,0.3259
1636209473457,0.6318,-0.2130,9.9219,0.0805,-0.0427,0.3091
1636209473461,0.6294,-0.1484,9.8047,0.0996,-0.0416,0.2910
1636209473464,0.5649,-0.0790,9.7188,0.1007,-0.0448,0.2825
1636209473477,0.5024,-0.0383,9.6641,0.0645,-0.0437,0.2825
1636209473482,0.4189,-0.1029,9.6094,-0.0014,-0.0214,0.2834
1636209473507,0.3135,-0.2727,9.6172,-0.0610,0.0073,0.2761
1636209473511,0.1794,-0.5264,9.7422,-0.0812,0.0339,0.2686
1636209473514,0.0981,-0.7920,9.8906,-0.0621,0.0456,0.2612
1636209473527,0.0503,-0.8926,10.0313,-0.0291,0.0488,0.2484
1636209473531,-0.0239,-0.9385,10.2109,0.0113,0.0659,0.2303
1636209473557,-0.0694,-0.8784,10.2891,0.0241,0.0733,0.2197
1636209473561,-0.0407,-0.6416,10.1641,0.0049,0.0775,0.2048
1636209473565,-0.0526,-0.3350,9.6094,-0.0227,0.0807,0.1591
1636209473577,-0.1915,-0.0120,9.1016,-0.0217,0.0446,0.1207
1636209473581,0.0526,0.2010,9.0156,0.0464,-0.0012,0.0356
1636209473607,0.5195,0.2944,9.0938,0.1220,0.0031,-0.0399
1636209473611,0.8018,0.4907,9.2344,0.1103,0.0275,-0.0548
1636209473614,0.8926,0.5889,9.3750,0.0539,0.0626,-0.0378
1636209473628,0.9790,0.3613,9.3984,-0.0046,0.0935,-0.0176
1636209473631,1.0293,-0.2537,9.5313,-0.0195,0.1360,0.0133
1636209473658,0.7490,-0.7588,9.7266,0.0166,0.1573,0.0473
1636209473661,0.3208,-0.7778,9.8906,0.0624,0.1254,0.0409
1636209473665,0.0311,-0.4739,10.0234,0.0794,0.0871,-0.0123
1636209473678,0.0551,-0.1699,10.0000,0.0550,0.0807,-0.1240
1636209473681,0.4116,-0.3638,9.8359,0.0411,0.1074,-0.1516
1636209473708,0.4453,-0.5913,9.8906,0.1124,0.1063,-0.0431
1636209473711,0.1221,-0.4932,10.0625,0.2188,0.0712,0.0345
1636209473715,0.0670,-0.2825,10.1484,0.2507,0.0520,0.0122
1636209473728,0.1053,0.0694,10.1641,0.2103,0.0541,-0.0303
1636209473731,0.1293,0.4045,10.1719,0.1166,0.0743,-0.0495
1636209473758,0.1699,0.3518,10.0469,0.0049,0.1158,-0.0495
1636209473761,0.0670,0.0718,9.9531,-0.0302,0.1382,-0.0410
1636209473765,-0.0120,-0.1484,9.9063,0.0326,0.1063,-0.0133
1636209473778,0.0000,-0.1508,9.9453,0.1698,0.0382,0.0292
1636209473797,0.1268,0.0168,10.0078,0.2742,-0.0203,0.0898
1636209473804,0.3135,0.1173,9.9766,0.2625,-0.0310,0.1591
1636209473807,1.1729,-0.6680,9.6875,-0.0153,0.0031,0.1016
1636209473818,-1.0264,2.4395,9.6719,-0.1355,0.1542,0.0580
1636209473828,-0.0909,-0.3853,9.8203,0.1646,0.0254,0.4070
1636209473841,0.5049,-0.5649,9.6406,-0.0770,0.0659,0.1282
1636209473845,-0.0909,0.6392,9.7813,-0.1078,0.0861,-0.0367
1636209473874,-0.0455,0.4619,9.8906,0.0624,-0.0225,-0.0048
1636209473876,0.1747,0.1675,9.9531,0.1007,-0.0118,0.0228
1636209473878,0.2441,0.1412,9.9531,0.0528,0.0329,-0.0016
1636209473908,0.2297,0.1724,9.8750,0.0262,0.0392,-0.0176
1636209473911,0.2969,-0.0407,9.7891,0.0209,0.0360,-0.0091
1636209473924,0.2489,-0.1340,9.7266,0.0028,0.0541,0.0037
1636209473929,0.2035,-0.2800,9.6797,0.0103,0.0616,0.0133
1636209473933,0.0551,-0.3782,9.7422,0.0486,0.0360,0.0079
1636209473936,0.0168,-0.2441,9.7344,0.0975,-0.0054,-0.0069
1636209473948,0.0072,-0.0622,9.7891,0.1763,-0.0416,0.0026
1636209473962,-0.0981,0.0431,9.9297,0.2465,-0.0703,0.0090
1636209473968,0.0646,0.0503,9.8828,0.2761,-0.0991,-0.0112
1636209473979,0.1245,0.1460,9.8672,0.2932,-0.1065,-0.0123
1636209473989,0.1532,0.2512,9.8828,0.2793,-0.0959,0.0197
1636209473992,0.2130,0.2705,9.8047,0.1943,-0.0735,0.0569
1636209474019,0.1627,0.1149,9.7422,0.0858,-0.0352,0.0803
1636209474028,0.0814,-0.0072,9.7422,0.0018,-0.0108,0.0898
1636209474045,0.1293,0.0024,9.6875,-0.0259,-0.0214,0.0814
1636209474049,0.2083,0.1747,9.6719,-0.0334,-0.0310,0.0728
1636209474053,0.1724,0.2847,9.6250,-0.0270,-0.0288,0.0750
1636209474056,0.1675,0.3303,9.7969,-0.0387,-0.0341,0.0867
1636209474069,0.0646,0.5791,9.9688,-0.1802,-0.0214,0.0590
1636209474076,0.2106,0.5146,9.7891,-0.3909,0.0563,0.0016
1636209474088,0.1029,0.0742,9.7500,-0.4717,0.1276,0.0048
1636209474092,-0.1221,-0.0790,9.7813,-0.4207,0.1063,0.0388
