1624365343754,0.8242,2.3826,9.7343,0.0366,0.0570,0.0370
1624365343755,0.6926,2.5620,9.6171,0.1099,-0.0481,0.0101
1624365343761,0.5968,2.5596,9.5525,0.1233,0.0203,-0.0107
1624365343768,0.5346,2.6123,9.4568,0.1099,0.0838,-0.0143
1624365343795,0.5203,2.5931,9.3778,0.0952,0.0790,-0.0204
1624365343796,0.5298,2.6482,9.4639,0.0891,0.0704,-0.0070
1624365343797,0.5442,2.6984,9.4807,0.0733,0.0729,0.0150
1624365343804,0.5346,2.7223,9.5620,0.0415,0.0741,0.0272
1624365343827,0.5418,2.6553,9.6960,0.0048,0.0777,0.0272
1624365343828,0.4796,2.7295,9.6577,-0.0135,0.0814,0.0089
1624365343845,0.3408,2.6984,9.6458,-0.0172,0.0875,-0.0082
1624365343847,0.3432,2.6841,9.5812,-0.0184,0.0936,-0.0094
1624365343857,0.4557,2.5955,9.5477,-0.0220,0.0667,-0.0119
1624365343865,0.3121,2.6458,9.5094,-0.0232,0.0484,-0.0155
1624365343870,0.3336,2.6386,9.4879,-0.0172,0.0411,-0.0241
1624365343881,0.3911,2.6171,9.4304,0.0122,0.0081,-0.0424
1624365343888,0.4581,2.6912,9.4185,0.0305,-0.0188,-0.0485
1624365343900,0.4509,2.7271,9.3730,0.0293,-0.0224,-0.0290
1624365343907,0.4270,2.6936,9.3754,0.0317,-0.0175,-0.0180
1624365343917,0.4150,2.6912,9.3682,0.0317,-0.0114,-0.0119
1624365343927,0.4246,2.6817,9.4280,0.0329,-0.0139,-0.0021
1624365343937,0.4700,2.6673,9.4663,0.0378,-0.0249,0.0101
1624365343948,0.4963,2.6506,9.4472,0.0427,-0.0346,0.0174
1624365343955,0.5059,2.6577,9.4161,0.0464,-0.0334,0.0138
1624365343968,0.5251,2.6673,9.3610,0.0500,-0.0310,0.0065
1624365343982,0.5490,2.6793,9.3658,0.0452,-0.0261,0.0052
1624365343987,0.5227,2.7223,9.4137,0.0354,-0.0151,0.0028
1624365343994,0.4820,2.7319,9.3969,0.0280,-0.0041,0.0016
1624365344004,0.5251,2.7104,9.4280,0.0146,0.0044,0.0077
1624365344014,0.5370,2.6888,9.4496,0.0024,0.0118,0.0125
1624365344022,0.5490,2.6841,9.4400,-0.0110,0.0191,0.0125
1624365344033,0.4892,2.6601,9.4615,-0.0220,0.0301,0.0113
1624365344041,0.4270,2.6003,9.5046,-0.0281,0.0472,0.0162
1624365344054,0.4604,2.4711,9.5237,-0.0367,0.0570,0.0248
1624365344061,0.4916,2.3108,9.5261,-0.0318,0.0545,0.0382
1624365344071,0.4724,2.2845,9.5094,-0.0110,0.0545,0.0602
1624365344085,0.5992,2.5644,9.4735,0.0195,0.0606,0.0944
1624365344090,0.6758,2.6649,9.4376,0.0635,0.0704,0.1310
1624365344101,0.6949,2.6625,9.4304,0.0794,0.1107,0.1824
1624365344109,-0.2359,2.3826,9.5214,0.0708,0.1767,0.2398
1624365344119,-1.3031,3.6436,9.5668,0.0610,0.2402,0.2654
1624365344128,-0.4034,3.6460,9.5237,0.0403,0.1645,0.1188
1624365344139,0.8481,3.5598,9.4783,0.0818,-0.1104,-0.0571
1624365344149,0.9534,3.3182,9.5860,0.0280,-0.2252,-0.0314
1624365344159,0.4174,3.5311,9.5596,-0.0733,-0.1250,0.1078
1624365344170,-0.6666,3.8757,9.6865,-0.1503,0.0777,0.1506
1624365344176,-0.8317,4.4141,9.7319,-0.2187,0.1792,0.1420
1624365344186,-0.5086,4.0001,9.7917,-0.3800,0.1022,0.2263
1624365344196,-0.3531,4.1030,9.7415,-0.4679,-0.0114,0.3192
1624365344209,-0.4799,4.0073,9.8731,-0.5804,-0.0444,0.2532
1624365344215,-0.7742,3.8948,9.8300,-0.7098,0.0044,0.2825
1624365344226,-0.9776,3.6173,9.7367,-0.8516,0.0154,0.3448
1624365344235,-1.1021,3.3708,9.6817,-0.9689,0.0044,0.3949
1624365344245,-1.1667,3.0334,9.6338,-1.0996,-0.0249,0.4377
1624365344255,-1.1284,2.7056,9.6386,-1.1924,-0.0786,0.4902
1624365344265,-1.1140,2.5046,9.7080,-1.2425,-0.1458,0.5538
1624365344274,-0.9274,2.3227,9.7056,-1.2767,-0.2130,0.6124
1624365344284,-0.7264,2.2533,9.6817,-1.2902,-0.2900,0.6686
1624365344294,-0.4919,2.1768,9.7080,-1.2938,-0.3596,0.7407
1624365344303,-0.3316,1.9064,9.6553,-1.3073,-0.4292,0.8262
1624365344313,-0.1545,1.6886,9.6889,-1.2938,-0.4867,0.9081
1624365344322,0.0202,1.3895,9.7056,-1.2951,-0.5307,0.9814
1624365344332,0.2738,1.0210,9.7200,-1.2975,-0.5783,1.0486
1624365344341,0.5275,0.8775,9.6697,-1.2584,-0.6492,1.1011
1624365344350,0.7237,0.7698,9.6266,-1.2376,-0.6968,1.1536
1624365344359,0.8433,0.5257,9.7726,-1.2596,-0.7164,1.2037
1624365344369,1.0276,0.3798,9.8564,-1.2706,-0.7469,1.2440
1624365344378,1.4224,0.0184,9.9497,-1.3170,-0.7897,1.2721
1624365344388,1.8842,-0.4003,9.9736,-1.3464,-0.8288,1.2978
1624365344399,2.2694,-0.7688,10.0956,-1.3293,-0.8446,1.2966
1624365344409,2.5374,-1.0009,10.1267,-1.3048,-0.8385,1.2514
1624365344418,2.7312,-0.9554,10.2679,-1.2780,-0.8141,1.1756
1624365344428,2.9849,-0.8095,10.5527,-1.2767,-0.8055,1.1084
1624365344437,3.2983,-0.8358,10.5718,-1.2963,-0.8178,1.0632
1624365344447,3.7865,-0.7736,10.5909,-1.3109,-0.8434,1.0095
1624365344457,4.0712,-1.1588,10.6795,-1.3500,-0.8483,0.9411
1624365344467,4.2124,-1.8073,10.5192,-1.3830,-0.8336,0.8971
1624365344476,4.2315,-2.1494,10.4904,-1.3818,-0.7713,0.8225
1624365344486,4.2268,-2.1758,10.5263,-1.3806,-0.6956,0.7321
1624365344495,4.3967,-2.1758,10.4665,-1.2926,-0.6675,0.6625
1624365344505,4.6120,-2.1734,10.4258,-1.1619,-0.6858,0.6014
1624365344515,4.8202,-2.2188,10.4570,-1.0324,-0.6846,0.5587
1624365344524,4.9925,-2.2547,10.1698,-0.9310,-0.6553,0.5367
1624365344534,4.8752,-2.3504,9.9210,-0.8247,-0.6040,0.5049
1624365344543,4.5929,-2.2523,9.7271,-0.7257,-0.5343,0.4707
1624365344553,4.3607,-2.2380,9.5070,-0.5669,-0.4781,0.4120
1624365344563,4.3344,-2.4342,9.2534,-0.4398,-0.4622,0.3937
1624365344570,4.2363,-2.4557,9.0715,-0.2945,-0.4561,0.3644
1624365344580,4.2076,-2.3744,8.9566,-0.1369,-0.4390,0.3082
1624365344590,4.2985,-2.0585,8.7652,0.0207,-0.4268,0.2923
1624365344599,4.3607,-1.4531,8.5427,0.1429,-0.4268,0.2850
1624365344609,4.4445,-1.0727,8.4948,0.1966,-0.4182,0.2984
1624365344620,4.5115,-0.9746,8.4446,0.2162,-0.3694,0.3448
1624365344630,4.2818,-1.1612,8.3848,0.2125,-0.2985,0.3681
1624365344639,3.9372,-1.6517,8.4709,0.1856,-0.2240,0.3522
1624365344649,3.5807,-2.0537,8.4733,0.1637,-0.1324,0.3387
1624365344659,3.2864,-2.1710,8.5451,0.1710,-0.0664,0.3082
1624365344668,3.2266,-1.9197,8.6456,0.2211,-0.0310,0.2654
1624365344678,3.2361,-1.4364,8.5642,0.2773,-0.0188,0.2312
1624365344687,3.2337,-1.0272,8.5140,0.2773,-0.0004,0.2325
1624365344697,3.1811,-0.5917,8.5618,0.1783,0.0423,0.2239
1624365344707,3.0806,-0.1730,8.6025,0.0146,0.1144,0.1848
1624365344716,2.9442,-0.0629,8.6193,-0.2175,0.1889,0.1653
1624365344726,2.7839,-0.5319,8.6145,-0.4948,0.2757,0.1909
1624365344736,2.4058,-1.3502,8.5355,-0.7636,0.3820,0.2227
1624365344745,1.9488,-2.2236,8.6480,-0.9530,0.4907,0.2349
1624365344754,1.6688,-2.9821,8.5547,-1.0336,0.6019,0.2483
1624365344765,1.3673,-3.5181,8.2268,-0.9469,0.6446,0.2715
1624365344774,0.9701,-3.7598,8.0258,-0.7758,0.6715,0.3119
1624365344784,0.6782,-3.5086,7.7866,-0.5510,0.7155,0.3314
1624365344792,0.6112,-2.9893,7.7172,-0.3275,0.7155,0.3522
1624365344801,0.6973,-2.4533,7.8942,-0.1454,0.6776,0.3668
1624365344811,0.7835,-2.3026,8.2651,-0.0342,0.6349,0.3803
1624365344820,0.7524,-2.1973,8.7939,-0.0037,0.6129,0.3803
1624365344830,0.5777,-2.2787,9.2079,0.0158,0.6116,0.3387
1624365344839,0.2762,-3.0898,9.9234,0.0244,0.6129,0.3326
1624365344851,-2.6000,-2.6902,10.8781,0.0513,0.6385,0.3461
1624365344860,1.8483,-3.4607,7.7722,-0.0086,0.4931,0.3998
1624365344870,0.4413,-2.1829,8.0354,-0.1479,0.6984,0.3632
1624365344880,-0.6929,-3.4607,8.0378,-0.0978,0.6324,0.2850
1624365344889,-0.2574,-3.1616,9.2892,-0.1931,0.8352,0.4438
1624365344899,1.2525,-4.3054,10.4546,0.0562,0.5469,0.0699
1624365344908,0.8912,-1.5967,9.7319,0.1966,0.2561,0.1836
1624365344918,1.0515,-1.6613,9.4137,0.3665,0.2500,0.3009
1624365344927,0.3049,-3.3339,10.0047,0.1600,0.4797,0.1994
1624365344937,0.1566,-3.0563,9.8396,0.0671,0.5188,0.0968
1624365344947,-2.0161,-3.1616,14.8406,0.0623,0.4479,0.2312
1624365344956,-0.3076,-3.1712,11.2370,0.2675,0.1840,0.1616
1624365344965,0.6686,-1.6637,9.6913,0.2883,0.2036,0.2153
1624365344976,1.9632,-3.5756,9.0069,0.2150,0.0020,0.0639
1624365344985,0.9079,-3.0779,9.6099,0.1942,-0.1299,0.0724
1624365344995,1.0012,-1.7451,8.9327,0.3200,-0.0847,0.1164
1624365345005,0.9079,-2.0609,9.5309,0.3921,-0.0432,0.1775
1624365345013,0.0513,-2.5395,9.4017,0.3225,-0.0701,0.1799
1624365345022,0.2475,-2.2380,8.6025,0.2040,0.0215,0.2080
1624365345032,0.8266,-2.2117,8.6264,0.1527,0.0448,0.1237
1624365345041,0.7524,-1.5847,8.7054,0.1710,-0.0554,0.1017
1624365345051,0.2020,-1.1325,8.9303,0.2260,-0.0517,0.1481
1624365345064,-0.0444,-1.5632,8.5044,0.1918,0.0118,0.1433
1624365345072,-0.2119,-1.8575,8.5068,0.0781,0.0631,0.1188
1624365345081,-0.5637,-1.9891,8.6025,0.0146,0.0594,0.0919
1624365345091,-0.7647,-1.8743,8.1622,0.0549,0.0057,0.0895
1624365345100,-0.9346,-1.5656,7.7028,0.0928,-0.0078,0.0956
1624365345110,-1.3126,-1.4005,7.5688,0.0989,-0.0444,0.0846
1624365345120,-1.6213,-1.3072,7.1309,0.0549,-0.0872,0.0761
1624365345129,-1.9348,-1.1014,6.2863,-0.0281,-0.1458,0.0797
1624365345138,-2.3918,-0.9411,5.6976,-0.1430,-0.1996,0.0956
1624365345149,-2.6406,-0.7760,5.1449,-0.2933,-0.2631,0.1237
1624365345158,-2.6095,-0.4936,4.5562,-0.4533,-0.3645,0.1726
1624365345168,-2.5425,-0.7233,4.1184,-0.6695,-0.4769,0.2435
1624365345178,-2.7722,-1.0176,3.9987,-0.9322,-0.5661,0.2141
1624365345187,-2.7076,-1.3000,3.4268,-1.1619,-0.6259,0.1701
1624365345197,-2.2243,-0.8501,2.9842,-1.3427,-0.7371,0.1323
1624365345206,-1.6380,-0.1227,2.2687,-1.4685,-0.8556,0.0687
1624365345216,-0.9082,-0.1778,1.4767,-1.6823,-0.9448,0.0675
1624365345225,-0.1545,-0.8310,0.3186,-1.9963,-0.9338,0.0394
1624365345234,0.3193,-1.3694,-0.1504,-2.2199,-0.8569,-0.0583
1624365345243,1.0491,-2.0035,-0.5141,-2.3225,-0.6993,-0.0045
1624365345253,2.1617,-2.8099,-0.9568,-2.3567,-0.5453,0.0956
1624365345262,3.1524,-4.0900,-1.3277,-2.2492,-0.4109,0.1958
1624365345272,3.7051,-5.1955,-0.8731,-1.8876,-0.2045,0.3387
1624365345281,4.5952,-5.5712,-0.1528,-1.2181,0.0154,0.4719
1624365345293,6.0836,-4.9179,0.2540,-0.5730,0.1889,0.5709
1624365345302,8.3663,-3.7909,1.1728,0.0488,0.3160,0.6747
1624365345312,10.5869,-2.6017,1.5245,0.4837,0.6361,1.0253
1624365345322,12.2403,-2.3648,3.4221,0.7024,1.1015,1.4529
1624365345331,13.0563,-2.8314,5.9225,0.6365,1.5634,1.5092
1624365345340,11.2281,-5.4013,7.0591,-0.1381,1.9678,1.2856
1624365345350,7.0862,-9.0551,10.3158,-1.7361,2.2903,1.1512
1624365345360,2.3819,-13.5512,16.6950,-3.1680,2.6189,1.0779
1624365345369,-1.0159,-16.0900,20.5092,-3.5577,2.5151,1.1720
1624365345379,-1.2169,-15.4224,21.6649,-2.3726,1.8847,1.0889
1624365345389,-0.2454,-11.6442,23.4907,-0.7465,1.2469,0.9533
1624365345398,-0.3699,-8.7010,22.9451,-0.4374,0.9806,0.7346
1624365345408,-1.5328,-8.5981,20.1120,-0.8723,0.9464,0.4243
1624365345417,-2.2482,-9.5816,17.3794,-1.5761,0.7436,0.1994
1624365345427,-2.0520,-11.2757,17.7670,-2.3909,0.4223,0.0895
1624365345437,-0.3029,-11.7303,14.2256,-2.8967,0.2134,0.0871
1624365345446,0.9821,-10.0194,10.7800,-3.0592,0.1645,0.1775
1624365345455,1.2621,-7.5429,9.2223,-2.8124,0.2879,0.1848
1624365345464,0.3528,-6.3393,8.6863,-2.2089,0.5713,0.0394
1624365345474,-1.3557,-6.4613,9.1457,-1.4685,0.7876,-0.0461
1624365345483,-2.9086,-7.0117,9.8540,-0.8504,0.8865,-0.0229
1624365345493,-3.4566,-6.8920,9.5190,-0.3690,0.8926,0.0028
1624365345505,-3.3250,-6.8322,8.2795,0.1368,0.8816,0.0651
1624365345512,-3.4614,-5.8966,6.9539,0.7709,0.8755,0.1176
1624365345523,-4.5310,-4.6523,7.3582,1.3426,0.9085,0.0162
1624365345533,-5.8183,-4.5901,8.2627,1.7006,0.7827,-0.2697
1624365345542,-6.3878,-5.3630,8.5307,1.9156,0.4479,-0.4639
1624365345552,-6.1557,-6.1861,9.0069,1.7995,0.2121,-0.3589
1624365345562,-5.8877,-6.8705,9.4089,1.5369,0.3026,-0.1573
1624365345571,-5.9595,-6.2579,9.2605,1.1911,0.4895,-0.1451
1624365345581,-5.8614,-5.5497,9.0547,0.6145,0.4809,-0.3320
1624365345590,-5.2919,-4.9323,8.7365,-0.0196,0.4296,-0.4053
1624365345599,-4.1840,-4.2958,8.2747,-0.5730,0.4589,-0.3601
1624365345610,-3.5332,-4.5016,7.8224,-0.9298,0.5334,-0.2904
1624365345619,-3.3968,-4.9538,7.4563,-0.9554,0.5799,-0.2440
1624365345628,-3.4375,-4.8485,7.2075,-0.8186,0.5945,-0.2464
1624365345638,-3.3609,-4.7696,7.2386,-0.7404,0.6031,-0.2061
1624365345648,-3.2652,-5.2218,7.7124,-0.6243,0.5713,-0.1621
1624365345658,-3.9064,-6.1550,8.5594,-0.4716,0.5054,-0.1719
1624365345667,-4.7846,-6.7317,8.5594,-0.4594,0.5139,-0.1793
1624365345676,-5.1866,-7.1839,8.4805,-0.6805,0.5188,-0.2477
1624365345685,-4.8923,-7.6625,8.7293,-1.0776,0.4650,-0.3234
1624365345695,-4.4209,-7.4711,8.1957,-1.4673,0.3661,-0.3796
1624365345704,-4.1721,-6.5546,7.5210,-1.7373,0.2830,-0.4444
1624365345714,-4.0405,-5.9062,6.8581,-1.9096,0.2549,-0.5128
1624365345723,-3.9112,-6.5570,6.5614,-1.9707,0.1669,-0.6313
1624365345735,-3.7342,-7.7558,7.1931,-1.9792,-0.0212,-0.7193
1624365345744,-2.9493,-8.5335,8.2197,-1.9536,-0.2228,-0.6924
1624365345785,-1.7457,-8.6531,9.0332,-1.7935,-0.3816,-0.5934
1624365345786,-0.9274,-8.4641,9.3467,-1.4991,-0.4390,-0.5250
1624365345787,-0.4129,-7.7008,9.2103,-1.2755,-0.4464,-0.5665
1624365345788,0.0537,-7.5907,9.2892,-1.3158,-0.4549,-0.6508
1624365345793,0.6399,-8.6149,9.1385,-1.4734,-0.5331,-0.6545
1624365345804,1.0419,-9.4667,9.4974,-1.5101,-0.6675,-0.5788
1624365345810,1.5324,-9.4858,9.7989,-1.4539,-0.7885,-0.4383
1624365345819,2.0517,-9.1006,9.8348,-1.1961,-0.8911,-0.3259
1624365345829,2.1976,-8.8063,9.5668,-0.8198,-0.9277,-0.2941
1624365345839,2.2096,-8.4545,8.8777,-0.5242,-0.9131,-0.3136
1624365345848,2.3771,-7.7965,8.1551,-0.4435,-0.9265,-0.3552
1624365345858,2.7312,-7.4328,7.5090,-0.4973,-0.9851,-0.4090
1624365345867,2.9418,-7.9209,7.3224,-0.4912,-1.0499,-0.4370
1624365345877,2.8581,-8.3995,7.5281,-0.3531,-1.0804,-0.3821
1624365345887,2.8844,-8.2846,7.7842,-0.1405,-1.0939,-0.3014
1624365345897,2.9777,-7.9832,8.0617,0.1368,-1.0975,-0.2526
1624365345906,2.9131,-7.7534,7.9995,0.5204,-1.0755,-0.2086
1624365345917,2.7695,-7.6673,7.7626,0.8588,-1.0377,-0.1414
1624365345925,2.6595,-7.8324,7.7148,1.0225,-1.0022,-0.1011
1624365345935,2.6953,-8.2105,7.8488,1.0433,-0.9913,-0.0498
1624365345948,2.7911,-8.3253,7.9732,1.0213,-0.9973,0.0467
1624365345954,2.9011,-7.7487,6.9299,1.0311,-0.9900,0.2007
1624365345965,2.9346,-6.3417,6.0231,1.1203,-0.9399,0.3448
1624365345979,2.8796,-4.9012,3.7283,1.2754,-0.8520,0.3290
1624365345984,2.5398,-4.2719,2.7975,1.3512,-0.7530,0.2398
1624365345992,1.9512,-5.2577,3.1349,1.3341,-0.6638,0.1005
1624365346002,1.5085,-7.3227,4.2213,1.2962,-0.6541,0.0113
1624365346013,1.3051,-9.2896,5.9919,1.2437,-0.7078,0.0382
1624365346021,1.4511,-10.1175,7.3989,1.3426,-0.7542,0.1017
1624365346031,1.7598,-9.7706,8.0881,1.6114,-0.7628,0.1665
1624365346040,1.9632,-8.6053,7.8320,2.0366,-0.7359,0.1921
1624365346050,2.0995,-6.8346,6.4729,2.4703,-0.6516,0.1787
1624365346060,1.9536,-5.1500,5.9082,2.6218,-0.5172,0.1604
1624365346069,1.8028,-4.8079,4.8314,2.4581,-0.3950,0.0919
1624365346084,1.5899,-5.3750,4.6520,2.1465,-0.3169,0.0651
1624365346089,1.3745,-6.2292,5.1832,1.6945,-0.2594,0.0419
1624365346099,1.3602,-6.9183,5.9800,1.2779,-0.2533,-0.0436
1624365346109,1.2525,-7.6338,7.2362,1.0457,-0.2631,-0.0889
1624365346119,1.1113,-7.7104,8.3202,1.1789,-0.2374,-0.1108
1624365346127,1.0515,-6.6360,8.4589,1.4624,-0.1971,-0.1414
1624365346136,1.1807,-5.1979,8.3441,1.6163,-0.1531,-0.1536
1624365346147,1.4032,-4.7026,8.1216,1.6285,-0.1360,-0.1707
1624365346156,1.3673,-4.7002,7.8368,1.5112,-0.1373,-0.1463
1624365346165,1.6281,-5.0065,7.5592,1.2229,-0.1311,-0.1060
1624365346179,1.9368,-5.1572,7.2314,0.9174,-0.0835,-0.0094
1624365346186,1.9440,-4.7935,5.0157,0.8381,-0.0627,0.1188
1624365346196,1.4128,-5.0232,8.4398,0.8344,0.0325,0.0822
1624365346206,1.3769,-5.9325,7.6597,0.9456,0.1144,-0.2404
1624365346215,1.0922,-6.6001,8.5451,0.7134,-0.0200,-0.3540
1624365346224,1.2788,-5.6501,8.5786,0.6804,-0.0603,-0.1243
1624365346235,1.6234,-4.2958,7.9421,1.1765,-0.0322,-0.1903
1624365346244,1.9033,-3.6665,7.7937,1.3658,-0.0750,-0.2440
1624365346254,1.1233,-4.8270,9.9042,1.1899,-0.0737,-0.1328
1624365346263,-0.7695,-4.7217,8.7437,1.0433,-0.0224,-0.0632
1624365346273,-1.1116,-5.6310,8.7509,0.8759,0.0924,-0.2794
1624365346282,0.9151,-6.2842,7.5999,0.7146,0.2390,-0.4346
1624365346292,2.5733,-6.6527,7.6861,0.4227,0.0313,-0.1646
1624365346301,2.3197,-6.0928,8.5283,0.4935,-0.2619,0.0529
1624365346311,1.1496,-5.1955,8.6839,0.9358,-0.1947,-0.0632
1624365346321,0.7189,-4.3030,8.6121,1.1911,0.0338,-0.2587
1624365346331,1.1065,-4.1044,9.0308,1.1557,0.1181,-0.2611
1624365346339,1.7310,-4.1929,8.3896,0.9688,-0.0102,-0.1731
1624365346348,1.7957,-3.7287,8.2627,0.9566,-0.0688,-0.1365
1624365346358,1.2453,-3.4176,8.8944,1.0225,-0.0261,-0.1194
1624365346367,1.2094,-3.2382,8.0522,1.0238,0.0191,-0.1023
1624365346377,1.4750,-3.0779,8.0139,0.9920,0.0765,-0.0815
1624365346386,1.5013,-3.7598,8.0474,0.9114,0.0741,-0.0485
1624365346396,1.0347,-3.6402,8.3919,0.8991,0.0435,-0.0901
1624365346407,0.5131,-2.8984,8.2938,0.9089,0.1034,-0.0681
1624365346417,0.5514,-2.5849,8.0665,0.8882,0.1168,-0.0266
1624365346426,0.8337,-2.5658,7.8560,0.8283,0.0680,-0.0412
1624365346436,1.3362,-2.7429,7.3678,0.7477,0.0032,-0.0168
1624365346446,1.1137,-2.3983,7.4348,0.6792,-0.0322,0.0199
1624365346456,0.8792,-2.5275,7.5377,0.6988,-0.0188,-0.0546
1624365346465,0.7596,-2.4916,7.5329,0.6157,0.0411,-0.0155
1624365346475,0.8194,-2.3839,7.4707,0.5790,0.0448,-0.0424
1624365346484,0.3982,-1.5584,7.6789,0.5119,0.0594,-0.0400
1624365346494,0.4963,-1.8049,7.8703,0.4435,0.0338,-0.0485
1624365346504,0.1566,-1.8551,7.9182,0.2626,0.0924,0.0077
1624365346513,0.1972,-1.8312,7.6717,0.1551,0.0924,-0.0339
1624365346522,0.2092,-2.2547,7.5473,0.0305,0.0460,-0.0473
1624365346532,-0.1760,-2.3313,7.5257,-0.1075,0.0289,-0.0217
1624365346542,-0.4823,-2.4366,7.5353,-0.1344,0.0350,-0.0290
1624365346552,-0.7192,-2.2691,7.3128,-0.1784,-0.0066,0.0199
1624365346561,-0.8173,-2.1997,7.1931,-0.2077,-0.0664,0.0541
1624365346569,-0.8939,-2.2906,6.9323,-0.2603,-0.1348,0.0553
1624365346579,-0.9800,-2.0872,6.5567,-0.3275,-0.1971,0.0602
1624365346588,-1.0973,-1.4675,6.2384,-0.3739,-0.2509,0.0761
1624365346598,-1.0351,-1.4172,5.7311,-0.4423,-0.3205,0.1127
1624365346607,-1.3389,-1.3598,5.3004,-0.5889,-0.3865,0.1665
1624365346618,-1.4706,-1.2593,4.9630,-0.7465,-0.3963,0.1897
1624365346629,-1.5352,-1.3024,4.6256,-0.9017,-0.4683,0.2801
1624365346638,-1.9132,-1.1564,4.2452,-1.0605,-0.5282,0.3058
1624365346648,-1.7720,-1.3000,3.5130,-1.2315,-0.5490,0.3277
1624365346657,-1.2887,-1.8647,3.0344,-1.4124,-0.6101,0.3558
1624365346667,-0.7910,-2.9367,2.2974,-1.5260,-0.6589,0.3302
1624365346677,-0.4034,-4.4753,2.1491,-1.5162,-0.6687,0.3216
1624365346686,0.1015,-5.6238,2.5104,-1.3268,-0.5954,0.3400
1624365346696,0.7691,-6.0569,2.2424,-0.9200,-0.5453,0.2215
1624365346705,1.5827,-6.2125,2.0558,-0.4008,-0.5490,0.1213
1624365346715,2.3293,-5.4515,2.2496,0.2968,-0.5282,0.0284
1624365346725,3.4778,-3.6474,2.5606,1.0763,-0.5062,-0.1292
1624365346734,5.0427,-2.1351,3.0631,1.6041,-0.4818,-0.1133
1624365346744,6.6531,-1.9532,3.7499,1.8521,-0.3193,0.0981
1624365346754,7.4738,-0.7688,3.7020,1.9657,0.0154,0.3400
1624365346762,7.6102,-0.4458,3.8695,1.5344,0.5115,0.7272
1624365346773,7.2345,-1.3526,4.3098,0.8784,1.1358,1.2819
1624365346782,6.6268,-1.2569,5.2693,0.6365,1.5817,1.3210
1624365346790,5.9257,-0.8669,7.1357,0.5558,1.8053,1.0412
1624365346800,5.3418,-0.7999,9.4424,0.4031,1.9116,0.9985
1624365346808,4.3727,-1.4364,13.1082,0.2431,2.0154,1.0314
1624365346818,3.2648,-1.9556,16.3744,0.0769,2.0765,0.9765
1624365346827,1.7310,-1.5680,18.1307,-0.1723,2.0349,0.8726
1624365346842,0.7237,-3.4823,18.6978,-0.7551,1.9323,0.6063
1624365346847,0.0321,-6.6767,18.1116,-1.4661,1.6721,0.4010
1624365346859,-1.0590,-10.8809,18.0613,-2.1881,1.1908,0.2691
1624365346869,-2.3272,-13.1445,17.9991,-2.5278,0.5848,0.3436
1624365346878,-2.6933,-11.0196,17.2286,-2.1600,0.0887,0.5037
1624365346888,-2.2195,-6.5475,16.5156,-1.3537,-0.1092,0.4145
1624365346897,-1.8797,-4.0398,14.6635,-0.6817,-0.0200,0.2043
1624365346907,-1.9132,-3.9536,13.3044,-0.5168,0.1584,0.2520
1624365346917,-1.6500,-3.9847,13.0938,-0.6268,0.1926,0.1665
1624365346926,-0.8819,-4.1738,11.9190,-0.9408,0.0411,-0.0388
1624365346936,-0.9154,-4.2671,9.7487,-1.4685,-0.0591,-0.0779
1624365346946,-1.9013,-4.8031,10.7776,-1.5712,-0.0701,-0.0840
1624365346955,-1.6404,-4.9849,10.5455,-1.2095,-0.0200,-0.0058
1624365346965,-1.4538,-4.1044,10.3421,-0.6854,-0.0188,0.1714
1624365346974,-1.6907,-2.8721,11.0408,-0.2578,-0.0102,0.2764
1624365346984,-1.5399,-2.7692,10.6412,0.0635,0.0912,0.2813
1624365346994,-1.6692,-3.5756,9.8731,0.1221,0.1303,0.2544
1624365347003,-2.3415,-4.2551,9.8181,-0.0391,0.0558,0.2019
1624365347011,-2.3583,-4.8294,9.5549,-0.2126,-0.0078,0.1628
1624365347020,-2.0353,-5.4515,8.6336,-0.2542,-0.0004,0.1347
1624365347030,-2.2650,-5.8751,8.4877,-0.2590,0.0435,0.1066
1624365347040,-2.1932,-5.8822,8.7748,-0.2566,0.0887,0.0993
1624365347049,-1.5304,-5.6023,8.7844,-0.2248,0.0985,0.1323
1624365347059,-1.0327,-5.2266,8.6480,-0.1650,0.0900,0.1396
1624365347071,-0.9417,-5.0591,9.1553,-0.1234,0.1132,0.0761
1624365347080,-0.7623,-4.9347,9.2294,-0.0709,0.1352,-0.0143
1624365347090,-0.5900,-4.9275,8.9614,-0.0587,0.1303,-0.0400
1624365347099,-0.5756,-5.0591,9.6553,-0.0172,0.1181,-0.0632
1624365347108,-0.3172,-5.1788,10.1961,0.0867,0.1242,-0.1060
1624365347118,0.1326,-5.2721,10.0334,0.0867,0.1132,-0.0998
1624365347128,0.2212,-5.0974,9.3491,0.0061,0.0582,-0.0852
1624365347138,-0.1402,-4.8797,8.9734,0.0232,0.0338,-0.0827
1624365347147,-0.5206,-4.6476,8.4901,0.1331,0.0716,-0.0461
1624365347157,-0.8030,-4.5471,8.5331,0.2516,0.0973,-0.0339
1624365347167,-0.9609,-5.0161,9.2725,0.3054,0.0973,-0.0204
1624365347176,-1.0518,-5.7530,9.1194,0.2699,0.0851,0.0101
1624365347185,-1.3007,-6.1072,9.3204,0.1783,0.0362,0.0138
1624365347195,-1.3868,-6.4757,9.9114,0.1270,0.0179,-0.0217
1624365347205,-1.3413,-6.5905,9.9880,0.1869,0.0203,-0.0620
1624365347215,-1.3940,-6.3536,9.9497,0.2309,0.0044,-0.1011
1624365347224,-1.5830,-6.2077,10.2847,0.2431,-0.0200,-0.1585
1624365347232,-1.8032,-6.1885,10.6867,0.3066,-0.0285,-0.2013
1624365347241,-1.8893,-5.9205,10.7704,0.3274,-0.0530,-0.2025
1624365347251,-1.9539,-5.7004,10.8589,0.2639,-0.1287,-0.2110
1624365347261,-2.0520,-5.5855,11.2155,0.2614,-0.2264,-0.1878
1624365347270,-1.8702,-5.1812,10.9738,0.3628,-0.2924,-0.1573
1624365347282,-1.5376,-4.7265,10.8278,0.4263,-0.3425,-0.1524
1624365347289,-1.1834,-4.6476,10.9594,0.4166,-0.4182,-0.1304
1624365347299,-0.7360,-4.5997,11.2083,0.4385,-0.5172,-0.0937
1624365347309,-0.4345,-4.7576,11.5816,0.4190,-0.6272,-0.0913
1624365347319,-0.2789,-4.8079,11.6390,0.3542,-0.7359,-0.0864
1624365347330,-0.1162,-4.7816,11.4978,0.3188,-0.7885,-0.0962
1624365347339,0.1470,-4.6356,11.3303,0.3396,-0.8312,-0.1304
1624365347348,0.6519,-4.5088,11.1006,0.3469,-0.9033,-0.1255
1624365347359,1.3602,-4.4633,10.7632,0.3567,-1.0218,-0.1157
1624365347366,2.0254,-4.3652,10.4354,0.3640,-1.1440,-0.0827
1624365347378,2.4967,-4.0972,10.3947,0.3591,-1.2246,-0.0595
1624365347387,2.5709,-4.0565,10.4881,0.3726,-1.2490,-0.1157
1624365347397,2.4465,-4.0063,10.3588,0.4141,-1.2246,-0.2098
1624365347406,2.4393,-3.8436,10.2966,0.4813,-1.1659,-0.2746
1624365347416,2.6284,-3.5923,10.2201,0.4703,-1.1501,-0.3381
1624365347425,2.8987,-3.8412,10.0430,0.3836,-1.1879,-0.3918
1624365347434,3.1883,-4.2121,9.9042,0.4104,-1.2393,-0.3882
1624365347445,3.4204,-4.3628,9.8252,0.5192,-1.2344,-0.3931
1624365347453,3.4060,-4.1211,9.6984,0.6548,-1.1977,-0.4432
1624365347462,3.2816,-3.6545,9.3156,0.7684,-1.1501,-0.4969
1624365347472,3.2505,-3.4368,8.9686,0.8271,-1.0902,-0.5421
1624365347482,3.3653,-3.7048,8.8681,0.8271,-1.0316,-0.5421
1624365347491,3.7697,-3.7957,8.1622,0.8417,-0.9790,-0.4847
1624365347501,4.0952,-3.3865,8.1239,0.9065,-0.9497,-0.4786
1624365347512,4.5091,-2.8817,7.3415,0.9810,-0.9412,-0.5055
1624365347522,4.5857,-3.0659,7.6956,1.0348,-0.9192,-0.5116
1624365347532,4.4971,-2.5586,7.4899,1.0983,-0.7775,-0.4603
1624365347541,4.3368,-1.9341,7.4851,1.1032,-0.6015,-0.4187
1624365347551,4.1406,-1.6900,7.5736,1.1154,-0.4647,-0.3943
1624365347560,4.2818,-2.2164,7.4731,1.1166,-0.3914,-0.3674
1624365347570,4.4445,-2.7548,7.2601,1.0005,-0.2582,-0.2978
1624365347579,4.0640,-3.6641,7.0879,0.9651,-0.1580,-0.2929
1624365347589,3.5639,-3.8507,7.6502,1.0250,-0.0884,-0.2306
1624365347599,3.3390,-3.7718,7.3343,1.0922,0.0301,-0.2000
1624365347608,3.3749,-3.1401,7.1860,1.2461,-0.0090,-0.2574
1624365347618,3.5616,-2.3193,6.9897,1.3854,-0.0322,-0.2953
1624365347628,3.6692,-1.7020,7.1166,1.3793,-0.0872,-0.2330
1624365347637,3.6142,-1.4316,7.0615,1.3206,-0.0725,-0.1854
1624365347647,2.9968,-1.1564,7.1237,1.2082,0.0325,-0.1817
1624365347656,2.7671,-1.3598,7.3894,1.1093,0.1486,-0.1573
1624365347666,2.1306,-1.6039,7.5186,1.0445,0.1987,-0.1512
1624365347674,1.8555,-2.2236,7.1381,1.0543,0.2341,-0.0962
1624365347684,1.3649,-2.5586,7.2817,1.0005,0.3026,-0.0632
1624365347693,1.5181,-2.3433,7.3176,1.0409,0.3624,-0.1548
1624365347703,1.7574,-1.9054,7.3654,1.0934,0.3245,-0.0864
1624365347712,1.3960,-1.4555,7.6095,1.1129,0.2793,-0.0669
1624365347724,1.1400,-1.1253,7.7650,1.0995,0.3490,-0.1988
1624365347733,1.1137,-0.1371,8.1383,1.0543,0.3661,-0.1890
1624365347743,1.0587,0.3606,7.7315,1.0152,0.3502,-0.1499
1624365347752,1.1185,0.3582,7.9708,0.9174,0.3404,-0.0620
1624365347761,1.0419,0.3606,8.0115,0.7892,0.3111,-0.0986
1624365347772,0.8577,0.3846,8.2125,0.6682,0.3258,-0.0583
1624365347781,0.6591,0.3152,8.4853,0.5827,0.3380,-0.0583
1624365347791,0.4724,0.3439,8.6145,0.4960,0.3380,-0.0620
1624365347800,0.3456,0.2290,8.7724,0.3921,0.3441,-0.0559
1624365347810,0.1398,0.1955,8.8490,0.2919,0.3490,-0.0607
1624365347820,0.1302,0.3822,8.8059,0.2431,0.3343,-0.0693
1624365347829,0.0943,0.2410,8.7533,0.1979,0.2928,-0.0473
1624365347839,-0.2095,0.1525,8.6097,0.1429,0.2573,-0.0204
1624365347848,-0.4560,0.2290,8.4996,0.0671,0.2427,-0.0070
1624365347858,-0.7168,0.3558,8.4901,-0.0269,0.2072,0.0077
1624365347868,-0.8843,0.3822,8.4230,-0.1320,0.1461,0.0345
1624365347877,-0.9441,0.2577,8.2029,-0.2517,0.0887,0.0663
1624365347887,-1.2002,0.0807,8.1192,-0.3922,0.0325,0.0919
1624365347895,-1.4323,-0.2232,7.9947,-0.5168,-0.0212,0.1188
1624365347905,-1.7194,-0.5798,8.0235,-0.6072,-0.0884,0.1457
1624365347914,-2.0592,-0.3357,7.7172,-0.6720,-0.1763,0.1591
1624365347924,-2.5617,-0.0198,7.4683,-0.6854,-0.2741,0.1701
1624365347933,-2.9756,-0.2184,7.0783,-0.7392,-0.3718,0.2104
1624365347946,-3.4662,-0.1155,6.6428,-0.8381,-0.4622,0.2202
1624365347952,-4.0069,-0.0605,6.2073,-0.9322,-0.5649,0.2593
1624365347964,-4.5764,-0.2352,5.6019,-1.0409,-0.6724,0.3314
1624365347974,-4.8564,-0.4003,4.8506,-1.1521,-0.7836,0.3363
1624365347983,-4.5358,-0.5223,3.9604,-1.2450,-0.9106,0.3326
1624365347993,-4.3108,-1.1421,3.3000,-1.3024,-1.0707,0.3253
1624365348002,-3.5715,-1.6063,2.3357,-1.3280,-1.1599,0.3045
1624365348012,-2.6263,-2.2260,1.3977,-1.3293,-1.2124,0.2080
1624365348022,-1.6907,-2.8625,0.3880,-1.2816,-1.2283,0.1848
1624365348031,-0.2095,-4.0709,-0.2725,-1.1680,-1.1757,0.1017
1624365348041,1.4870,-4.7863,-0.5716,-0.8992,-1.0890,-0.0107
1624365348050,3.4658,-4.3915,0.3521,-0.5425,-1.0755,-0.1072
1624365348059,5.5165,-3.3626,0.5698,-0.1918,-1.0499,-0.1683
1624365348070,7.8519,-1.8001,0.8761,0.0891,-0.9522,-0.0681
1624365348079,9.3211,-0.9243,1.5820,0.0476,-0.4793,0.3228
1624365348088,10.4505,-1.6350,2.0199,-0.0330,0.2036,0.7700
1624365348098,11.4076,-2.4677,2.1563,0.0623,0.8755,1.0864
1624365348108,12.0920,-3.0946,3.5178,0.1429,1.3251,1.0669
1624365348116,12.6758,-2.4797,5.0851,0.0293,1.8651,1.1890
1624365348126,12.7524,-1.2497,6.4681,-0.1295,2.4491,1.4896
1624365348135,11.3837,0.9636,7.9469,-0.2212,2.9818,1.6777
1624365348145,9.3546,2.8228,10.0837,-0.4362,3.3544,1.6289
1624365348155,6.1936,1.3177,13.9002,-1.0617,3.6696,1.1988
1624365348164,2.4274,-2.7142,19.5305,-1.8277,3.8700,0.8409
1624365348175,-0.5015,-7.2366,23.8974,-2.5803,3.7881,0.7321
1624365348185,-1.0207,-10.7995,24.8857,-2.7636,3.0771,0.7749
1624365348195,-0.0181,-10.2180,24.3305,-1.8546,2.0667,0.8580
1624365348204,-0.0995,-7.7319,23.1270,-1.0947,1.4265,0.7590
1624365348214,-1.6668,-6.3393,20.9734,-0.8675,1.2250,0.5513
1624365348223,-2.9756,-5.5879,18.1929,-0.6268,1.1419,0.3021
1624365348233,-3.5212,-5.5688,15.6590,-0.6598,0.9647,0.0235
1624365348243,-3.7174,-6.4422,14.2950,-0.9493,0.7020,-0.1292
1624365348252,-3.2891,-6.6647,13.4169,-1.1521,0.3881,-0.0510
1624365348262,-1.9061,-6.4350,13.2254,-1.2083,0.1217,0.0809
1624365348271,-0.9585,-5.0161,9.9257,-1.0043,-0.0481,0.0272
1624365348281,-1.3174,-3.3435,10.0071,-0.7025,-0.1092,-0.1536
1624365348290,-1.9850,-1.7187,9.9090,-0.3336,0.0997,-0.1854
1624365348300,-2.4014,-1.4077,9.3228,0.1514,0.4186,-0.0779
1624365348310,-2.4947,-0.8454,9.5477,0.3433,0.4626,0.0761
1624365348319,-2.3296,-1.6278,10.0789,0.2125,0.3563,0.0797
1624365348329,-2.4851,-3.2119,10.1818,0.1197,0.2586,0.1030
1624365348337,-2.6646,-4.3508,10.2129,-0.1393,0.1792,0.2019
1624365348347,-2.6430,-4.9203,10.0645,-0.3165,0.1022,0.2483
1624365348356,-2.4133,-5.0830,9.9329,-0.1955,0.0582,0.2190
1624365348366,-2.1525,-4.6332,9.0835,-0.0098,0.0619,0.1653
1624365348379,-2.0520,-4.3532,9.0069,0.0134,0.0313,0.0981
1624365348385,-1.9635,-4.1666,8.9208,0.0219,0.0179,0.0394
1624365348396,-1.7362,-4.0900,8.4829,0.0195,0.0472,0.0138
1624365348406,-1.5423,-4.1451,8.8586,-0.0049,0.0594,-0.0058
1624365348416,-1.3150,-4.3532,10.1387,0.0488,0.0777,-0.0143
1624365348425,-0.9130,-4.5351,10.3612,0.0696,0.1059,-0.0119
1624365348435,-0.5780,-4.4633,9.9114,0.0439,0.0497,-0.0241
1624365348445,-0.2119,-4.7911,12.1152,0.0586,-0.0224,-0.0363
1624365348454,0.2188,-4.9108,11.4930,0.1136,-0.0175,-0.0278
1624365348464,0.3049,-4.5662,10.1913,0.0097,-0.1067,-0.0546
1624365348473,0.3408,-4.5925,9.8946,-0.1088,-0.2607,-0.0620
1624365348483,0.2140,-4.0972,7.9373,0.1111,-0.2094,0.0101
1624365348492,-0.2957,-3.4105,7.8799,0.3237,-0.1470,-0.0412
1624365348501,-0.7982,-3.4057,9.2390,0.3640,-0.0701,-0.0632
1624365348511,-1.0781,-3.7598,8.8394,0.3481,0.0374,-0.0045
1624365348521,-1.1547,-4.5375,9.5166,0.2406,0.0289,0.0028
1624365348531,-1.0590,-5.7076,11.0312,0.2394,-0.0053,-0.0192
1624365348540,-1.0327,-6.4805,11.6677,0.3762,0.0167,-0.0375
1624365348550,-1.2050,-6.1120,11.0264,0.3665,-0.0273,-0.1170
1624365348558,-1.7410,-5.4180,10.6101,0.2675,-0.1641,-0.2452
1624365348567,-2.1645,-4.6308,10.9475,0.4495,-0.1910,-0.2978
1624365348577,-2.2386,-3.5612,10.5503,0.6866,-0.0835,-0.3271
1624365348587,-2.2554,-3.0611,11.1724,0.6267,-0.0933,-0.3759
1624365348596,-1.9419,-2.8218,11.2203,0.4715,-0.2521,-0.3479
1624365348606,-1.4634,-3.0013,11.5624,0.3885,-0.3950,-0.2929
1624365348618,-0.9633,-3.3961,11.4978,0.2773,-0.4769,-0.2379
1624365348627,-0.6498,-4.0015,12.0889,0.1942,-0.5771,-0.1463
1624365348637,-0.4321,-4.2767,12.2946,0.2626,-0.6614,-0.0620
1624365348646,-0.3938,-4.4585,12.4693,0.3860,-0.7054,-0.0498
1624365348656,-0.4177,-4.5495,12.5244,0.5070,-0.7286,-0.0876
1624365348665,-0.2765,-4.2791,12.3712,0.5522,-0.7616,-0.1389
1624365348675,0.0632,-3.8412,12.3592,0.5693,-0.8520,-0.2245
1624365348684,0.6064,-3.7191,12.2133,0.5033,-0.9888,-0.2245
1624365348694,1.3027,-3.7359,11.9908,0.3982,-1.1256,-0.1377
1624365348704,1.8531,-3.7526,12.0841,0.3323,-1.2661,-0.1194
1624365348713,2.2886,-3.6426,11.7419,0.2590,-1.3920,-0.2049
1624365348723,2.5685,-3.4655,11.3184,0.2248,-1.4812,-0.3430
1624365348732,2.7552,-3.2406,11.4045,0.2761,-1.5019,-0.4358
1624365348742,3.0495,-3.2813,11.3495,0.3054,-1.4824,-0.4700
1624365348752,3.4850,-3.0898,10.6962,0.3860,-1.5227,-0.4908
1624365348759,3.9205,-2.8003,10.3828,0.4532,-1.5911,-0.4969
1624365348817,4.2315,-2.5251,9.9138,0.4776,-1.6290,-0.4615
1624365348818,4.4804,-2.2787,9.5501,0.5314,-1.6168,-0.4603
1624365348819,4.5881,-1.9149,9.1840,0.6059,-1.5655,-0.4993
1624365348820,4.6240,-1.7379,8.7030,0.6206,-1.5105,-0.5629
1624365348820,4.8489,-1.8575,7.7507,0.5448,-1.4396,-0.5763
1624365348821,5.0499,-2.4342,7.4994,0.4789,-1.3480,-0.5360
1624365348837,5.4303,-3.0946,7.2266,0.4385,-1.2551,-0.4444
1624365348842,5.6481,-3.7814,7.3535,0.4874,-1.1635,-0.3576
1624365348847,5.8587,-3.0539,6.9299,0.7024,-1.0438,-0.3369
1624365348856,5.8108,-1.9102,6.8175,1.0079,-0.8849,-0.4492
1624365348865,5.5596,-0.6109,6.6380,1.2864,-0.7054,-0.4578
1624365348878,5.2317,-0.0486,7.0902,1.3683,-0.5221,-0.4480
1624365348885,5.0882,-0.3572,7.0424,1.3133,-0.3608,-0.4334
1624365348896,4.8704,-0.7568,7.4157,1.0922,-0.2203,-0.3442
1624365348905,4.8991,-1.1397,7.2003,0.8698,-0.0554,-0.2819
1624365348915,4.6766,-1.3455,7.0400,0.8124,0.0301,-0.2648
1624365348925,4.3177,-1.6517,6.7481,0.8942,0.0826,-0.3136
1624365348934,3.2792,-1.4101,7.6597,0.8906,0.1657,-0.2831
1624365348944,3.2481,-1.4866,6.9897,0.8967,0.2195,-0.2611
1624365348954,2.9107,-0.5367,6.8103,0.9688,0.2353,-0.2098
1624365348963,2.6307,-0.9076,6.4873,1.0189,0.2769,-0.2086
1624365348973,2.7336,-1.6158,6.4466,0.9297,0.3184,-0.0730
1624365348982,2.3843,-2.3433,6.4968,0.7916,0.3758,-0.0730
1624365348992,2.4106,-1.9915,6.4466,0.7232,0.4650,-0.0925
1624365349001,1.4487,-1.4029,6.7911,0.7550,0.5200,-0.1671
1624365349011,0.9773,-0.6994,6.9730,0.7990,0.6092,-0.1316
1624365349020,1.1328,-0.5486,6.7768,0.7647,0.6691,-0.1634
1624365349029,0.7237,-0.4888,6.9419,0.7220,0.6605,-0.2025
1624365349038,0.5203,-0.3141,6.9539,0.6071,0.7375,-0.0925
1624365349047,-0.2406,-0.1586,7.5162,0.5387,0.7839,-0.1328
1624365349056,-0.4010,-0.0438,7.6071,0.4679,0.8474,-0.1768
1624365349066,-0.6259,0.2051,8.1144,0.4092,0.8083,-0.1463
1624365349079,-1.1140,0.1859,8.4685,0.3567,0.7424,-0.1292
1624365349087,-1.7601,0.2171,8.8298,0.3359,0.7118,-0.1011
1624365349098,-1.7194,0.2171,8.5355,0.2773,0.6617,-0.0717
1624365349107,-1.6237,-0.1371,8.3154,0.2138,0.5444,-0.0498
1624365349117,-1.7410,-0.8071,8.4613,0.1258,0.4675,-0.0681
1624365349126,-1.8989,-0.9698,8.6241,0.0696,0.4076,-0.1084
1624365349136,-2.1262,-0.2400,8.4278,0.0757,0.2793,-0.0876
1624365349145,-2.3344,-0.1443,8.5427,0.0708,0.2146,-0.0791
1624365349156,-2.5043,-0.2543,8.4350,-0.0281,0.1388,-0.1316
1624365349165,-2.7148,-0.2448,8.2843,-0.1857,0.0631,-0.1646
1624365349175,-2.7603,-0.4816,8.2890,-0.3116,-0.0371,-0.1927
1624365349184,-2.9493,-0.2400,8.0187,-0.4020,-0.1641,-0.1890
1624365349194,-3.1623,0.2697,7.7961,-0.4118,-0.3034,-0.1988
1624365349204,-3.2125,0.3104,7.5521,-0.4032,-0.4647,-0.1890
1624365349213,-3.7677,0.5425,7.2865,-0.4619,-0.6247,-0.1890
1624365349222,-4.0213,0.6813,6.8366,-0.5449,-0.7371,-0.1854
1624365349232,-4.0189,0.6238,6.2982,-0.6585,-0.8935,-0.1536
1624365349242,-3.9782,0.2888,5.7455,-0.7966,-1.0548,-0.0986
1624365349250,-3.8969,-0.3213,5.0731,-0.9640,-1.1867,-0.0485
1624365349259,-3.8083,-1.0775,4.8027,-1.0605,-1.2881,-0.0388
1624365349269,-3.3609,-2.0537,3.8097,-1.0874,-1.3895,-0.0669
1624365349278,-2.9254,-3.2262,3.1445,-1.0727,-1.4677,-0.0510
1624365349288,-2.5952,-4.5207,2.6755,-0.9481,-1.5019,-0.1524
1624365349298,-1.6333,-4.9801,1.9888,-0.6964,-1.5349,-0.3845
1624365349309,-0.5182,-6.3058,1.4145,-0.5180,-1.4909,-0.5934
1624365349319,0.8601,-7.0691,1.0077,-0.3116,-1.4323,-0.5959
1624365349328,2.5948,-6.7532,0.8569,-0.1369,-1.2564,-0.5372
1624365349338,4.4349,-6.0067,0.7852,-0.0294,-1.0279,-0.3735
1624365349347,6.3372,-4.1738,0.3114,0.1490,-0.7286,-0.1060
1624365349357,7.7035,-2.3337,0.2037,0.2871,-0.2631,0.1518
1624365349367,8.7899,-0.8860,0.4813,0.4764,0.3612,0.3839
1624365349377,10.1753,0.1668,0.5674,0.6695,0.8572,0.5990
1624365349386,11.3239,-0.1921,0.3401,0.5998,1.2592,0.9838
1624365349396,13.1903,0.9564,2.2974,0.2602,1.7014,1.4236
1624365349405,13.9177,1.8131,5.1449,-0.1576,2.1095,1.5458
1624365349415,13.5731,2.9162,7.8320,-0.7771,2.3880,1.7058
1624365349425,11.2832,3.0717,10.9403,-1.5358,2.7741,1.6093
1624365349434,7.7897,1.7915,15.1612,-1.9792,3.2115,1.3039
1624365349444,4.5378,-0.7520,19.2554,-2.1539,3.4705,1.0779
1624365349453,1.5875,-4.8581,22.4426,-2.5009,3.2946,1.0363
1624365349463,-0.4991,-8.4665,24.3712,-2.6524,2.7301,0.9948
1624365349471,-0.6068,-9.4715,24.6368,-2.0892,1.9054,0.8751
1624365349480,0.6662,-7.6242,23.6653,-1.1900,1.1565,0.8091
1624365349490,1.2453,-5.6023,23.8568,-0.6060,0.7350,0.8470
1624365349499,0.6758,-5.0328,22.3684,-0.6585,0.6666,0.8225
1624365349509,-0.1186,-5.8894,20.7030,-1.0776,0.5677,0.4841
1624365349521,-0.2550,-6.8298,18.5997,-1.6958,0.3404,0.0932
1624365349530,0.2523,-7.4735,16.5610,-2.2236,0.0374,-0.1463
1624365349540,0.7021,-6.2794,16.4079,-2.3470,-0.2020,-0.2074
1624365349549,1.4630,-5.8152,14.5702,-2.1564,-0.3730,-0.3332
1624365349559,2.0948,-5.3319,12.9910,-1.5321,-0.4671,-0.3845
1624365349569,2.4154,-4.3341,12.0386,-0.7624,-0.4928,-0.4554
1624365349578,2.1953,-3.8244,11.4452,-0.2187,-0.4402,-0.5336
1624365349588,1.3290,-3.7072,6.2169,0.1808,-0.3608,-0.5568
1624365349597,-1.1380,-1.1875,5.6282,0.4459,-0.2985,-0.6521
1624365349607,-3.3752,3.7130,7.9588,0.5656,-0.0688,-0.8585
1624365349617,-3.4375,4.5241,6.9778,0.2773,0.5506,-0.8170
1624365349626,-2.3176,1.3704,7.1094,-0.0892,0.7057,-0.4395
1624365349636,-1.0710,-0.6683,8.2795,-0.2200,0.2989,-0.1145
1624365349645,-0.5039,-2.8290,9.1553,-0.7135,-0.1751,-0.0852
1624365349655,-0.9106,-4.2097,10.5359,-0.9408,-0.2264,-0.0082
1624365349665,-0.9298,-4.2216,10.5646,-0.4130,-0.0408,0.0296
1624365349674,-0.4632,-3.1449,10.8709,0.2321,0.1816,0.1030
1624365349684,0.3121,-3.1568,11.2538,0.5375,0.2463,0.2104
1624365349692,0.6399,-3.6306,11.8974,0.6780,0.1010,0.2312
1624365349701,0.1972,-4.8438,11.1724,0.4593,-0.0762,0.1653
1624365349711,-0.3818,-5.3558,10.7824,0.1796,-0.2484,0.0052
1624365349720,-0.2694,-5.6023,10.1985,0.2162,-0.1959,-0.1194
1624365349730,0.2116,-5.7052,9.7582,0.2565,-0.1470,-0.0168
1624365349744,0.7237,-5.0735,10.3158,0.3738,-0.2387,0.0724
1624365349751,0.9031,-4.6093,10.7369,0.5192,-0.2814,-0.0094
1624365349761,0.6710,-4.6045,10.6962,0.5192,-0.2655,-0.0779
1624365349770,0.5968,-4.3963,10.8542,0.4764,-0.2936,-0.1426
1624365349780,0.9749,-4.1163,11.1293,0.4202,-0.3071,-0.1609
1624365349789,1.5827,-4.1786,11.4165,0.3494,-0.3498,-0.1328
1624365349799,2.1211,-4.4465,11.4045,0.2687,-0.4635,-0.1096
1624365349809,2.3269,-4.5518,11.2179,0.1808,-0.5685,-0.1035
1624365349818,2.3532,-4.0924,11.3758,0.2235,-0.6223,-0.1463
1624365349828,2.3699,-3.5732,11.2561,0.2748,-0.6333,-0.2098
1624365349838,2.2455,-3.2525,11.3064,0.3054,-0.6455,-0.2416
1624365349847,2.1283,-3.2166,11.1102,0.2590,-0.6907,-0.2636
1624365349857,2.0493,-3.5014,11.0647,0.1441,-0.7542,-0.2856
1624365349866,2.1091,-3.7215,11.1557,0.0317,-0.8117,-0.2953
1624365349876,2.4202,-3.7790,10.9738,-0.0318,-0.8593,-0.3088
1624365349885,2.8389,-3.8125,10.9738,-0.0074,-0.9045,-0.3283
1624365349895,3.2792,-3.6641,10.9116,0.0916,-0.9436,-0.3173
1624365349905,3.6477,-3.4511,10.8350,0.2089,-0.9961,-0.3136
1624365349913,3.7817,-3.1257,10.9906,0.3469,-1.0316,-0.3430
1624365349922,3.7147,-2.4964,11.1533,0.4703,-1.0230,-0.4077
1624365349932,3.6070,-1.9221,11.0958,0.5131,-0.9949,-0.4786
1624365349941,3.5735,-1.5536,11.2442,0.4996,-0.9668,-0.5091
1624365349951,3.8343,-1.5991,10.7154,0.4324,-0.9485,-0.5018
1624365349961,4.2315,-2.3576,10.5024,0.3188,-0.9815,-0.4688
1624365349970,4.7699,-3.2549,9.4448,0.2626,-1.0597,-0.4492
1624365349982,5.0403,-4.2216,9.7367,0.3359,-1.1232,-0.4370
1624365349991,5.3298,-3.8077,8.7461,0.5167,-1.1012,-0.4065
1624365350001,5.2317,-3.1975,8.9447,0.7342,-1.0413,-0.4749
1624365350011,5.1695,-1.9580,8.3321,0.9529,-0.9094,-0.4883
1624365350020,5.4399,-1.5728,7.9517,1.0005,-0.8153,-0.4761
1624365350030,5.7031,-1.2162,7.3176,0.9798,-0.7200,-0.4468
1624365350039,5.6864,-1.4148,7.1381,0.9065,-0.6431,-0.4383
1624365350049,5.6074,-2.4988,6.8199,0.7256,-0.5148,-0.4102
1624365350059,5.3729,-2.7453,6.6619,0.5742,-0.3486,-0.3808
1624365350068,5.0331,-2.7333,6.4657,0.5632,-0.1470,-0.5079
1624365350078,4.4301,-2.4964,6.7002,0.6695,-0.0078,-0.5617
1624365350087,4.0210,-2.4773,6.8701,0.7880,0.0558,-0.5128
1624365350096,4.0066,-2.5873,6.4322,0.8845,0.0338,-0.4297
1624365350106,3.8822,-2.6424,6.4873,0.9602,0.0130,-0.3943
1624365350116,3.7123,-2.6065,6.2001,1.0567,0.0362,-0.4187
1624365350126,3.5304,-2.3193,6.2767,1.1190,0.0948,-0.4041
1624365350134,3.6070,-2.2117,6.0015,1.1398,0.1535,-0.4199
1624365350143,3.2026,-1.9389,6.3006,1.0506,0.2207,-0.3430
1624365350153,2.8676,-2.4318,5.9776,0.9309,0.3233,-0.2965
1624365350162,2.1498,-2.5897,6.2432,0.8503,0.4797,-0.2770
1624365350172,1.6234,-2.5251,6.5279,0.8100,0.5982,-0.3283
1624365350184,1.4654,-2.4103,6.5567,0.8258,0.6251,-0.3796
1624365350192,0.9725,-1.9484,6.8462,0.8551,0.5872,-0.4273
1624365350203,0.4054,-1.8575,7.4300,0.8246,0.5933,-0.3747
1624365350212,0.2666,-1.6805,7.6238,0.7892,0.5640,-0.3198
1624365350222,0.3719,-1.3479,7.6286,0.8356,0.5163,-0.3845
1624365350231,0.2331,-1.0990,8.1574,0.8038,0.4858,-0.3124
1624365350241,0.3312,-1.0822,8.2579,0.7623,0.3966,-0.2721
1624365350251,-0.1904,-1.0320,8.8466,0.6389,0.3832,-0.2684
1624365350260,-0.3531,-0.9506,8.9710,0.5326,0.4149,-0.3088
1624365350270,0.0728,-0.4888,8.4207,0.4703,0.3270,-0.2697
1624365350279,0.1613,-0.2448,8.1024,0.4581,0.2085,-0.2843
1624365350289,0.0369,-0.2543,8.0881,0.4043,0.1584,-0.2819
1624365350299,0.0274,-0.1658,8.0043,0.3506,0.1193,-0.2574
1624365350308,0.0010,0.1333,8.0091,0.3323,0.0680,-0.2184
1624365350318,0.0967,0.2817,8.2005,0.3078,0.0106,-0.1890
1624365350328,0.2619,0.3822,8.4063,0.2651,-0.0481,-0.1756
1624365350337,0.3528,0.7267,8.4278,0.2162,-0.1202,-0.1536
1624365350347,0.5418,0.7698,8.6480,0.1527,-0.1690,-0.1328
1624365350355,0.5992,0.6669,8.9423,0.0684,-0.2069,-0.1230
1624365350364,0.6519,0.7004,8.8226,-0.0147,-0.2496,-0.0950
1624365350374,0.8074,0.6621,8.5666,-0.0990,-0.2643,-0.0754
1624365350384,0.9270,0.5377,8.5427,-0.1662,-0.2814,-0.0607
1624365350393,0.9462,0.5808,8.4446,-0.2260,-0.3193,-0.0571
1624365350405,0.9414,0.8966,8.3441,-0.2761,-0.3437,-0.0449
1624365350414,0.9007,1.2412,8.0665,-0.3409,-0.3718,-0.0143
1624365350424,0.6232,1.3919,7.6717,-0.4533,-0.3926,0.0614
1624365350434,0.0609,1.2149,7.3678,-0.5926,-0.3706,0.1200
1624365350443,-0.4225,1.0904,7.0209,-0.7538,-0.3608,0.2056
1624365350453,-0.7838,0.9684,6.6404,-0.8821,-0.3987,0.2972
1624365350462,-1.0111,0.8129,6.1307,-1.0067,-0.4598,0.3913
1624365350472,-1.1308,0.4252,5.6258,-1.1313,-0.5307,0.4719
1624365350481,-1.1714,-0.0773,5.1497,-1.2535,-0.5930,0.5244
1624365350489,-1.1308,-0.8190,4.6185,-1.3830,-0.6406,0.5660
1624365350500,-0.9202,-1.6350,3.9509,-1.4820,-0.6614,0.5916
1624365350510,-0.5541,-2.7692,3.4556,-1.5223,-0.6724,0.6014
1624365350519,0.1302,-3.3817,3.1708,-1.4881,-0.6785,0.5941
1624365350529,0.6878,-4.1929,2.1945,-1.3904,-0.6724,0.5061
1624365350539,1.4511,-4.9275,1.6968,-1.2511,-0.6614,0.4585
1624365350549,2.3149,-5.0759,1.6370,-1.1094,-0.5612,0.4511
1624365350558,3.7243,-5.2290,1.7399,-1.0019,-0.3999,0.3803
1624365350568,5.5620,-5.2051,2.6181,-0.7526,-0.2545,0.4133
1624365350576,7.8567,-4.8103,3.9054,-0.6243,-0.0261,0.5342
1624365350585,9.9504,-3.6665,4.0514,-0.6866,0.2708,0.7224
1624365350595,11.0870,-3.1161,4.2739,-0.8406,0.6287,0.8800
1624365350604,11.2210,-2.9247,4.6400,-0.9053,1.1712,1.1280
1624365350614,10.7281,-2.5084,4.0298,-0.9114,1.7075,1.3479
1624365350625,9.4790,-2.0537,4.1566,-1.0678,2.1107,1.3186
1624365350635,8.1582,-2.3241,3.7403,-1.2169,2.3416,1.2282
1624365350645,6.9402,-3.0659,4.9846,-1.3806,2.5664,1.2624
1624365350654,6.3635,-3.3770,8.1311,-1.3183,2.6825,1.3467
1624365350664,6.6076,-3.3028,10.9882,-1.0019,2.6825,1.4041
1624365350674,7.1293,-2.7620,13.1656,-0.5828,2.6531,1.3735
1624365350683,6.6818,-2.7955,16.6783,-0.4081,2.7289,1.2721
1624365350693,5.0260,-3.1472,20.2962,-0.5046,2.9280,1.0986
1624365350702,2.2263,-4.8270,21.6577,-0.9383,2.9916,0.7346
1624365350712,-0.8173,-6.9782,22.2943,-1.5370,2.5688,0.3534
1624365350721,-2.6502,-8.8111,22.1363,-1.9255,1.8884,0.1738
1624365350730,-2.7866,-9.4954,21.7391,-1.7703,1.2946,0.2373
1624365350741,-2.2363,-8.9307,19.8272,-1.3879,0.9097,0.4463
1624365350750,-2.2841,-7.6601,17.3626,-1.1521,0.6116,0.5281
1624365350760,-2.4540,-6.4398,14.4769,-0.9860,0.3661,0.3424
1624365350769,-2.7483,-5.3415,14.5535,-0.7514,0.2757,0.1262
1624365350779,-2.5904,-5.2218,12.5196,-0.7734,0.2708,0.0113
1624365350789,-2.2769,-5.0448,9.9760,-0.8198,0.0912,-0.0510
1624365350797,-1.9204,-4.7504,9.1361,-0.8100,-0.0872,-0.0449
1624365350806,-1.7840,-3.8531,8.1096,-0.5865,-0.0334,-0.0278
1624365350816,-2.1047,-2.9869,7.9086,-0.2480,0.1217,-0.0644
1624365350826,-2.5521,-1.9365,7.7554,-0.0172,0.2097,-0.0742
1624365350835,-2.7340,-1.7259,8.7915,0.1612,0.2928,-0.0522
1624365350848,-2.5234,-2.2308,9.0619,0.1551,0.4296,0.0919
1624365350854,-2.3128,-3.1209,9.9210,-0.0660,0.3893,0.1775
1624365350866,-2.2769,-4.3197,9.7559,-0.3140,0.1889,0.1371
1624365350875,-2.4588,-5.3486,9.7678,-0.4765,0.0729,0.1726
1624365350885,-2.4731,-5.2697,9.6721,-0.3885,-0.0078,0.1200
1624365350895,-2.0544,-4.7863,9.2773,-0.1699,-0.0750,0.0223
1624365350904,-1.3485,-4.5183,9.2892,0.0476,-0.0383,0.1371
1624365350914,-0.6546,-4.0972,8.7652,0.1502,-0.0359,0.2166
1624365350923,-0.3196,-4.0661,8.7030,0.2296,-0.0994,0.0590
1624365350933,-0.2167,-4.4848,9.2270,0.1661,-0.1031,-0.0082
1624365350942,-0.1042,-5.0161,9.5501,0.0806,-0.0701,0.0211
1624365350952,0.0369,-5.4922,9.9138,0.0659,-0.0627,0.0296
1624365350961,0.1853,-5.7961,10.8231,0.0708,-0.0786,0.0138
1624365350971,0.4078,-6.2340,11.9836,0.1111,-0.0994,-0.0204
1624365350981,0.6662,-5.9636,10.6268,0.0659,-0.1483,-0.0375
1624365350991,0.8146,-5.4037,9.9784,-0.0135,-0.3156,-0.0950
1624365351000,0.8002,-4.7911,8.9399,0.0549,-0.3792,-0.0632
1624365351010,0.4557,-4.4322,8.2651,0.2284,-0.3132,-0.0290
1624365351018,-0.0995,-4.3054,9.0954,0.3347,-0.2509,-0.0852
1624365351027,-0.4751,-4.4872,9.3084,0.2919,-0.1873,-0.0998
1624365351037,-0.6522,-5.0926,9.0165,0.1820,-0.1983,-0.0913
1624365351046,-0.5996,-5.6932,9.4711,0.1233,-0.2875,-0.1170
1624365351056,-0.4584,-5.7889,9.4950,0.1429,-0.3474,-0.1548
1624365351068,-0.5015,-5.5161,9.5405,0.1588,-0.3840,-0.1719
1624365351077,-0.7479,-5.3726,9.8851,0.2419,-0.4329,-0.2171
1624365351087,-0.9896,-4.9754,10.4617,0.4837,-0.4402,-0.2721
1624365351096,-1.0566,-4.5327,11.0647,0.6585,-0.3853,-0.3112
1624365351105,-0.8963,-4.4537,11.2825,0.6206,-0.3853,-0.3014
1624365351116,-0.6139,-4.5734,11.0934,0.5277,-0.5294,-0.2782
1624365351125,-0.3100,-4.4561,11.2298,0.4923,-0.7200,-0.2440
1624365351135,0.0393,-4.5590,11.6988,0.4202,-0.8373,-0.2208
1624365351144,0.5346,-4.9012,11.8089,0.3946,-0.8825,-0.2159
1624365351154,1.0395,-5.1046,11.8663,0.4043,-0.9424,-0.2110
1624365351164,1.6640,-5.2553,11.7491,0.3750,-1.0633,-0.1988
1624365351173,2.3149,-5.2099,11.5983,0.3665,-1.2038,-0.2013
1624365351183,2.7504,-5.0184,11.6294,0.4703,-1.3016,-0.2257
1624365351192,2.9394,-4.8462,11.4954,0.5754,-1.3639,-0.1964
1624365351201,3.0016,-4.5973,11.4093,0.6866,-1.3944,-0.1841
1624365351211,3.1021,-4.1211,11.3471,0.8002,-1.3981,-0.2758
1624365351221,3.1620,-3.5804,11.4930,0.8906,-1.4005,-0.3650
1624365351231,3.3295,-3.2597,11.0910,0.8735,-1.4128,-0.3418
1624365351239,3.7578,-3.1281,10.5981,0.7525,-1.4726,-0.2917
1624365351248,4.2244,-3.2980,10.1004,0.6560,-1.5618,-0.2904
1624365351258,4.6168,-3.4392,9.5764,0.6328,-1.6229,-0.3112
1624365351267,4.7604,-3.4799,9.2964,0.6511,-1.6339,-0.3576
1624365351277,4.6551,-3.5995,9.1816,0.6902,-1.6180,-0.4053
1624365351291,4.6862,-3.1090,8.5523,0.8319,-1.5386,-0.4395
1624365351298,4.8130,-2.5443,8.0043,0.9541,-1.4311,-0.4737
1624365351308,4.9901,-2.1136,7.5592,0.9993,-1.3565,-0.4322
1624365351317,5.0762,-2.1758,7.2266,0.9981,-1.2747,-0.3503
1624365351327,5.2892,-3.0085,6.7146,0.9737,-1.1415,-0.3039
1624365351337,5.5117,-3.4200,6.6548,1.0396,-1.0047,-0.2782
1624365351346,5.5332,-2.8864,6.2575,1.1814,-0.8532,-0.2831
1624365351355,5.1671,-2.3265,6.5160,1.3011,-0.7066,-0.3894
1624365351366,4.8321,-2.0705,6.4107,1.3487,-0.5050,-0.3857
1624365351375,4.7508,-1.9269,6.5351,1.3768,-0.3840,-0.3784
1624365351385,4.5761,-1.8049,6.7457,1.3976,-0.3120,-0.4285
1624365351394,4.4517,-1.4196,6.7457,1.3964,-0.2704,-0.4187
1624365351404,4.5426,-1.4388,7.0807,1.3952,-0.2533,-0.3784
1624365351413,4.2555,-1.7570,7.5760,1.3536,-0.2680,-0.4053
1624365351423,3.9994,-1.7714,7.5377,1.3280,-0.2619,-0.4175
1624365351433,3.7984,-1.4125,7.5951,1.2632,-0.2008,-0.3918
1624365351442,3.6956,-1.1062,7.5616,1.1875,-0.1690,-0.3833
1624365351452,3.8774,-1.2282,7.2099,1.1019,-0.1947,-0.2880
1624365351460,3.6118,-1.2665,7.1884,0.9456,-0.1593,-0.2257
1624365351469,3.2337,-1.2139,7.1955,0.8759,-0.0322,-0.3918
1624365351479,2.9753,-1.3431,7.0065,0.8478,0.0435,-0.3662
1624365351488,2.6738,-1.1588,6.8342,0.8393,0.0044,-0.2367
1624365351498,2.6307,-0.8860,7.1429,0.8490,0.0362,-0.3198
1624365351509,3.1524,-1.2976,6.9371,0.8515,0.0509,-0.3479
1624365351519,2.5494,-1.2689,6.7959,0.7660,0.0582,-0.2648
1624365351529,1.6904,-1.1469,6.8845,0.7330,0.2366,-0.2648
1624365351538,1.5276,-1.4244,7.0687,0.6743,0.3697,-0.2623
1624365351548,1.2118,-1.5177,7.2960,0.6157,0.3649,-0.3491
1624365351557,0.9342,-1.3000,7.5210,0.5986,0.3600,-0.3759
1624365351567,1.0108,-0.7927,7.5999,0.6169,0.3282,-0.3808
1624365351577,1.0922,-0.4362,7.7483,0.6243,0.2708,-0.3845
1624365351586,1.0084,-0.4027,7.7937,0.5864,0.2329,-0.3772
1624365351596,0.7332,-0.4075,8.0474,0.5338,0.2427,-0.3613
1624365351606,0.5849,-0.0198,8.3154,0.4899,0.2427,-0.3369
1624365351615,0.6495,0.3391,8.5379,0.4935,0.1865,-0.3136
1624365351625,0.6997,0.7602,8.6360,0.4862,0.0985,-0.2733
1624365351634,0.6471,1.0306,8.6599,0.4508,0.0448,-0.2464
1624365351644,0.7763,1.1885,8.5762,0.3762,0.0154,-0.2025
1624365351653,0.8505,1.2651,8.3273,0.2639,-0.0249,-0.1646
1624365351663,0.7356,1.1742,8.1622,0.1356,-0.0408,-0.1279
1624365351673,0.6567,0.8990,8.2699,0.0366,-0.0420,-0.0742
1624365351681,0.9342,0.6597,8.2029,-0.0330,-0.0884,-0.0168
1624365351690,0.8529,0.4611,8.2125,-0.0660,-0.1544,0.0150
1624365351700,0.7739,0.2123,8.2220,-0.0868,-0.1763,0.0321
1624365351709,0.8050,0.1931,8.3010,-0.0917,-0.2118,0.0321
1624365351718,0.8936,0.2362,8.1933,-0.0782,-0.2741,0.0089
1624365351731,0.8194,0.2290,8.0163,-0.0770,-0.3181,0.0016
1624365351738,0.5633,0.1812,7.9158,-0.1088,-0.3266,-0.0204
1624365351750,0.3217,0.1166,7.5545,-0.1601,-0.3266,-0.0571
1624365351759,-0.1306,0.1309,7.2362,-0.2053,-0.3340,-0.0705
1624365351769,-0.4656,0.1381,6.8151,-0.2480,-0.3340,-0.0510
1624365351779,-0.5613,0.0974,6.2552,-0.3116,-0.3535,-0.0278
1624365351788,-0.5852,0.2051,5.7766,-0.3653,-0.3950,-0.0131
1624365351798,-0.4656,0.1668,5.1688,-0.4105,-0.4268,-0.0070
1624365351807,-0.4081,-0.0342,4.5682,-0.4704,-0.4451,0.0467
1624365351817,-0.1019,-0.4386,3.9437,-0.5400,-0.4219,0.0993
1624365351826,0.6902,-0.7640,3.4340,-0.6060,-0.3816,0.1176
1624365351836,1.6856,-1.6637,2.9411,-0.6903,-0.3156,0.1274
1624365351846,2.9107,-2.5084,2.3572,-0.7343,-0.3205,0.2019
1624365351855,4.0425,-3.3171,1.5915,-0.7978,-0.2338,0.3228
1624365351865,4.9925,-3.7933,1.6537,-0.8638,-0.0175,0.4023
1624365351875,5.5356,-3.7981,1.4193,-0.9249,0.3465,0.4866
1624365351884,6.2272,-3.3052,1.2948,-0.8125,0.7277,0.6197
1624365351894,7.3757,-2.9821,1.8380,-0.7795,1.1712,0.6808
1624365351902,8.8521,-3.3674,2.9770,-0.8223,1.4607,0.8054
1624365351911,10.4290,-3.8436,3.7403,-0.9041,1.5829,1.0705
1624365351920,11.6660,-2.8673,4.9104,-0.9114,1.7540,1.3528
1624365351929,12.2834,0.0065,5.6713,-0.7367,2.0802,1.4664
1624365351940,11.9556,3.3469,4.1686,-0.7208,2.4039,1.4004
1624365351954,10.2112,6.0771,5.3172,-1.0751,2.8083,1.2758
1624365351960,8.7420,6.6155,5.7024,-1.7178,3.2640,1.0925
1624365351970,7.0551,5.0075,5.8795,-2.6035,3.6122,0.9093
1624365351980,5.7294,1.3082,7.8560,-3.5504,3.6818,0.8983
1624365351990,4.4876,-3.3746,11.8137,-4.0843,3.6171,1.0217
1624365351999,3.6668,-6.9590,17.4966,-4.0965,3.3789,1.2782
1624365352009,2.2024,-9.7562,22.7465,-3.6115,3.0184,1.4175
1624365352019,-0.7910,-9.3590,26.2400,-2.4899,2.7717,1.4639
1624365352028,-5.5216,-9.5911,28.0418,-1.5406,2.6971,1.0009
1624365352038,-8.5366,-9.5457,26.9890,-1.2328,2.3025,0.4120
1624365352047,-6.3998,-10.5100,21.6003,-1.6591,1.3826,0.0932
1624365352056,-4.2367,-11.3283,17.3770,-2.1490,0.4491,0.1591
1624365352067,-3.4040,-10.1295,14.2280,-2.2871,0.0655,0.2605
1624365352076,-3.1958,-7.5644,11.0336,-2.0440,0.1669,0.2325
1624365352086,-3.1647,-5.8392,10.5335,-1.6335,0.3160,0.1604
1624365352095,-2.9733,-4.5351,11.1006,-1.0898,0.4259,0.0406
1624365352105,-2.7722,-4.4992,8.2723,-0.9493,0.4687,0.0040
1624365352115,-3.4231,-4.3054,8.3872,-1.0067,0.1730,0.0907
1624365352123,-3.8658,-3.5469,8.1455,-0.5999,0.0887,0.0187
1624365352132,-3.6552,-3.1401,7.7985,0.0610,0.2769,-0.0278
1624365352142,-3.9734,-3.1257,8.3489,0.2101,0.2928,0.0296
1624365352151,-4.1673,-3.5995,9.2916,0.1661,0.2353,0.0748
1624365352161,-3.7892,-4.9801,9.8587,-0.0965,0.2573,0.1567
1624365352175,-3.5427,-5.7985,9.7559,-0.3494,0.2182,0.2215
1624365352181,-3.1814,-6.0593,10.3804,-0.3824,0.1865,0.1628
1624365352191,-2.4755,-5.9851,9.3922,-0.2419,0.1633,0.0797
1624365352201,-2.2219,-4.8797,8.5475,-0.1063,0.0655,0.0284
1624365352210,-2.1214,-3.5732,8.4757,0.0818,0.0093,-0.0498
1624365352220,-1.7003,-3.5014,8.1574,0.2748,0.0448,-0.0546
1624365352228,-1.7457,-3.7096,7.8655,0.3934,0.0252,-0.0143
1624365352239,-1.8223,-4.1498,8.5858,0.4263,0.0044,-0.0155
1624365352249,-1.3198,-4.9299,9.4520,0.4263,0.0509,0.0626
1624365352259,-1.0303,-5.3702,9.1768,0.3726,0.0545,0.1127
1624365352268,-0.9537,-5.4204,9.1265,0.2907,-0.0139,0.0797
1624365352278,-0.6450,-5.2027,9.1553,0.3445,-0.0126,0.0565
1624365352288,-0.4345,-5.0089,9.2581,0.4214,0.0032,0.0443
1624365352297,-0.4201,-5.2888,10.4258,0.4300,-0.0322,0.0077
1624365352307,-0.3866,-5.8272,9.4998,0.3579,-0.0102,0.0150
1624365352316,-0.4034,-5.7650,8.6887,0.2321,-0.0786,0.0065
1624365352325,-0.4034,-5.3582,8.9566,0.2993,-0.0982,-0.0070
1624365352336,-0.4823,-4.9897,8.6456,0.5082,0.0057,0.0187
1624365352344,-1.0494,-4.6930,9.0284,0.6145,0.0167,-0.0192
1624365352353,-1.8438,-5.2290,10.1411,0.6023,-0.0078,-0.0412
1624365352363,-2.3248,-5.9947,9.9592,0.6071,0.0387,0.0321
1624365352372,-2.4085,-5.5185,9.4041,0.6047,-0.0224,-0.0143
1624365352382,-2.6718,-5.1668,9.8372,0.5619,-0.1556,-0.1768
1624365352396,-2.8153,-5.3343,9.8994,0.6523,-0.2057,-0.1890
1624365352401,-2.7962,-4.8127,9.6817,0.8112,-0.2252,-0.1719
1624365352412,-2.8632,-4.6571,10.3852,0.8503,-0.3169,-0.2550
1624365352422,-2.9326,-5.2697,11.6127,0.9321,-0.3767,-0.2513
1624365352432,-2.7124,-5.7339,12.3066,1.0555,-0.4207,-0.2074
1624365352441,-2.4014,-5.2625,11.8209,1.0494,-0.5380,-0.1927
1624365352451,-1.8343,-4.4896,11.8735,0.9737,-0.6907,-0.1255
1624365352460,-1.3342,-4.1283,11.7395,1.0848,-0.7848,-0.0314
1624365352470,-1.2097,-4.3030,11.3806,1.3219,-0.8764,0.0333
1624365352480,-1.0853,-3.4799,11.5361,1.4831,-0.9778,-0.0131
1624365352489,-0.8077,-3.1903,11.8807,1.4025,-1.0462,-0.1719
1624365352499,-0.1497,-3.5875,11.9620,1.2107,-1.1146,-0.1646
1624365352509,0.6232,-3.7144,12.2755,1.2412,-1.2356,-0.0901
1624365352518,1.4750,-3.8125,12.1511,1.2461,-1.3761,-0.0204
1624365352528,2.1067,-3.8890,12.0697,1.3121,-1.5019,0.0223
1624365352537,2.3939,-3.4727,11.9572,1.4721,-1.5911,-0.0278
1624365352547,2.5948,-3.0611,11.9046,1.4990,-1.6461,-0.0986
1624365352557,2.9203,-2.6424,11.9812,1.4599,-1.6815,-0.1377
1624365352565,3.2912,-2.5610,11.8735,1.3316,-1.7304,-0.1890
1624365352574,3.6932,-2.4653,12.0386,1.2461,-1.7744,-0.2220
1624365352584,4.0736,-2.4151,12.3592,1.1301,-1.7854,-0.2526
1624365352593,4.2818,-2.3720,12.1152,1.0922,-1.8220,-0.3393
1624365352603,4.3033,-1.9437,11.8663,1.1227,-1.8428,-0.4383
1624365352612,4.3153,-1.4340,11.5672,1.1105,-1.7817,-0.4969
1624365352622,4.6814,-0.6037,10.4737,1.0714,-1.7365,-0.5433
1624365352634,5.3394,-0.2400,9.8683,0.9895,-1.7585,-0.5348
1624365352643,5.9472,-0.1084,8.8250,0.8454,-1.7780,-0.4041
1624365352653,6.1649,-0.9267,7.7818,0.7146,-1.8037,-0.3808
1624365352662,6.1865,-1.6637,6.9634,0.6658,-1.6717,-0.4126
1624365352672,6.2056,-1.6757,7.0496,0.7709,-1.4005,-0.4285
1624365352681,6.3253,-2.0442,6.6093,0.9211,-1.1806,-0.4370
1624365352691,6.0333,-2.2715,6.2480,1.0335,-0.9668,-0.4248
1624365352701,5.7438,-1.4795,6.2934,1.2192,-0.7591,-0.4664
1624365352709,5.5285,-0.4649,6.3628,1.3805,-0.5746,-0.5653
1624365352720,5.8276,0.2218,5.9178,1.3829,-0.5148,-0.5617
1624365352730,5.7342,0.2027,5.8651,1.2718,-0.5221,-0.6350
1624365352738,5.1312,-0.3979,5.8364,1.0885,-0.4842,-0.7119
1624365352749,4.6335,-0.7760,5.5253,0.9468,-0.3376,-0.7730
1624365352758,3.9516,0.1955,5.4033,0.9785,-0.1348,-0.6618
1624365352768,3.5663,0.2195,5.6617,0.9272,-0.0701,-0.5275
1624365352778,2.8198,0.1716,6.1427,0.9040,-0.0676,-0.4456
1624365352786,2.0421,-0.2376,6.5590,0.8808,0.0179,-0.4981
1624365352795,1.8842,-0.0892,6.7888,0.9187,0.0887,-0.5042
1624365352804,2.0014,0.4611,6.6667,0.9847,0.0619,-0.4456
1624365352814,1.9871,0.4539,6.1594,0.9810,0.0240,-0.3833
1624365352824,1.1424,0.0352,5.8436,0.8882,0.1547,-0.3454
1624365352838,0.1231,-0.2974,5.5301,0.7928,0.3380,-0.3405
1624365352844,0.3336,0.0854,6.4322,0.7196,0.4321,-0.3479
1624365352854,1.3099,-1.0200,6.7744,0.6878,0.3636,-0.4273
1624365352864,0.3791,-0.1634,7.0089,0.6682,0.2292,-0.3967
1624365352874,-0.3962,0.3223,7.7196,0.7000,0.4369,-0.4603
1624365352883,-0.2406,0.7100,8.1694,0.7428,0.4895,-0.4273
1624365352893,0.1637,1.2388,8.3178,0.7110,0.3868,-0.3906
1624365352903,0.0632,1.0378,8.3656,0.6523,0.3319,-0.3674
1624365352912,0.0465,0.8512,8.4207,0.5461,0.3196,-0.3149
1624365352922,-0.0564,0.4563,8.5116,0.4630,0.3184,-0.3136
1624365352931,0.0082,0.3869,8.4518,0.4092,0.2781,-0.2917
1624365352941,0.0776,0.6119,8.4087,0.3934,0.2378,-0.2929
1624365352949,0.1661,1.1838,8.4350,0.4117,0.1816,-0.3088
1624365352960,0.2140,1.6192,8.3537,0.3994,0.1168,-0.3075
1624365352970,0.1805,2.0117,8.3273,0.3494,0.0667,-0.2856
1624365352978,0.2882,2.4711,8.3752,0.2871,0.0411,-0.2550
1624365352989,0.5155,2.8276,8.4135,0.1844,-0.0078,-0.1829
1624365352999,0.4844,2.9855,8.4829,0.0476,-0.0517,-0.1035
1624365353007,0.6088,2.5166,8.4709,-0.0868,-0.0737,-0.0351
1624365353015,0.6638,2.0141,8.4518,-0.2358,-0.0982,0.0675
1624365353025,0.7811,1.7533,8.3250,-0.3348,-0.1263,0.1054
1624365353034,0.8313,1.4805,8.0881,-0.4020,-0.1690,0.1653
1624365353045,0.6902,1.1431,7.8703,-0.4716,-0.1971,0.2092
1624365353058,0.4485,0.8009,7.7961,-0.5388,-0.1935,0.2092
1624365353065,0.2307,0.6190,7.5592,-0.5730,-0.2142,0.2019
1624365353076,-0.0085,0.5832,7.3247,-0.5767,-0.2521,0.2019
1624365353085,-0.2000,0.6526,6.9275,-0.5889,-0.2924,0.2043
1624365353095,-0.4895,0.7387,6.4992,-0.5987,-0.3364,0.2202
1624365353104,-0.5780,0.5903,6.1068,-0.6598,-0.3621,0.2703
1624365353114,-0.5804,0.4061,5.4871,-0.7416,-0.3706,0.3351
1624365353124,-0.2502,-0.0031,4.8625,-0.7893,-0.3816,0.3986
1624365353133,-0.0277,-0.6204,4.1806,-0.8357,-0.3657,0.4475
1624365353143,0.3121,-1.2426,3.6494,-0.8638,-0.3584,0.4756
1624365353152,1.0371,-1.6493,2.9363,-0.8125,-0.3486,0.4976
1624365353162,1.7789,-0.8430,2.4554,-0.7367,-0.3279,0.5110
1624365353172,2.9322,-0.0390,1.7878,-0.6854,-0.3217,0.5293
1624365353181,4.5809,0.1979,1.2446,-0.6915,-0.2753,0.6442
1624365353191,6.4928,-0.5152,1.0053,-0.8137,-0.0175,0.7431
1624365353200,8.2299,-1.7666,1.1728,-0.9273,0.3746,0.8225
1624365353210,9.1847,-2.3648,1.3810,-1.0532,0.8572,0.9520
1624365353220,9.3211,-2.0633,1.2781,-1.1595,1.3557,1.0828
1624365353228,9.0938,-1.1540,1.8236,-1.1252,1.8138,1.2318
1624365353237,9.3474,0.4420,3.0201,-0.9713,2.1718,1.3503
1624365353247,9.5699,2.1361,3.1349,-1.0519,2.4613,1.4004
1624365353255,8.9406,3.6747,3.3192,-1.5602,2.7497,1.4481
1624365353266,8.0457,4.3423,5.5062,-2.0623,3.1956,1.3577
1624365353279,6.3875,2.7487,7.5353,-2.5119,3.6806,1.1109
1624365353285,4.5498,0.0496,9.4472,-3.2144,4.0105,0.9313
1624365353297,2.8341,-3.4296,15.0320,-4.0244,4.1583,0.8311
1624365353306,0.9773,-9.1389,21.1218,-4.5070,4.1314,0.6368
1624365353316,-1.7840,-12.4960,26.2735,-4.2810,3.5475,0.6112
1624365353325,-3.6935,-13.5560,28.5682,-3.8192,2.6324,0.6820
1624365353335,-5.2775,-12.9291,27.0631,-2.8967,2.0007,0.6539
1624365353345,-4.9019,-11.9720,24.3640,-2.3409,1.5499,0.5757
1624365353354,-3.2293,-11.4958,20.4542,-2.5351,0.9928,0.4743
1624365353364,-2.2865,-10.6942,15.3694,-2.8625,0.4846,0.4438
1624365353373,-2.8440,-8.7991,11.5600,-2.9090,0.2476,0.2911
1624365353383,-2.9876,-5.9134,8.7341,-2.5449,0.1816,0.0321
1624365353393,-2.4755,-4.0852,10.3852,-2.1002,0.2964,-0.1634
1624365353402,-2.0161,-4.2408,9.8300,-1.7495,0.5286,-0.0485
1624365353412,-2.9972,-4.6380,9.6195,-1.6286,0.4431,0.0944
1624365353421,-3.5906,-4.4322,9.0189,-1.3207,0.1877,-0.0021
1624365353431,-3.0833,-4.7552,8.7628,-1.0788,0.1682,0.0736
1624365353441,-3.6289,-3.5708,8.5714,-0.5755,0.1669,0.0260
1624365353449,-3.5379,-3.2884,8.8801,-0.3409,0.1694,0.0174
1624365353458,-3.7557,-3.2238,8.8538,-0.3055,0.1291,0.0565
1624365353467,-3.5739,-4.0446,9.8803,-0.3275,0.1633,0.1225
1624365353476,-3.1407,-5.1453,10.2536,-0.5376,0.1865,0.2043
1624365353487,-3.1384,-5.3558,10.6579,-0.7233,0.0228,0.1689
1624365353501,-2.8010,-5.7411,9.0260,-0.7270,-0.0444,0.1604
1624365353508,-3.0355,-4.1283,7.9229,-0.3812,-0.0933,0.1200
1624365353518,-3.0666,-3.0874,8.1048,-0.0062,-0.0615,-0.0217
1624365353527,-2.8345,-3.2262,7.4492,0.1783,0.0631,0.0260
1624365353537,-2.8847,-3.2645,7.7650,0.2639,0.0667,0.0467
1624365353546,-2.2315,-4.1857,9.2079,0.1624,0.0594,0.0419
1624365353556,-1.7003,-5.5497,9.0284,0.0452,0.0741,0.1225
1624365353566,-1.7505,-5.9157,9.2534,0.0781,0.0044,0.1042
1624365353575,-1.4059,-5.5736,9.3802,0.2907,0.0154,0.0040
1624365353585,-1.0638,-5.3367,9.3730,0.4740,0.0472,-0.0180
1624365353594,-0.8771,-5.0424,8.9782,0.6145,0.0093,-0.0583
1624365353604,-0.7766,-4.8294,8.9447,0.6792,-0.0175,-0.1194
1624365353614,-0.6522,-5.0759,8.8466,0.6743,0.0069,-0.0889
1624365353623,-0.7025,-5.1189,8.7198,0.6670,0.0142,-0.0363
1624365353632,-0.7838,-5.0161,8.9160,0.6878,0.0203,-0.0339
1624365353642,-0.7623,-5.0376,8.5762,0.6743,0.0729,0.0125
1624365353652,-1.1356,-5.1955,8.6767,0.6401,0.0606,0.0467
1624365353662,-1.4418,-5.3056,9.0500,0.6523,0.0399,0.0614
1624365353670,-1.5423,-5.6047,9.0739,0.6353,0.0472,0.0675
1624365353679,-1.7553,-5.6669,9.1481,0.6536,-0.0017,0.0406
1624365353689,-1.9300,-5.4994,9.3419,0.6646,-0.0505,0.0040
1624365353698,-2.0831,-5.2146,9.1098,0.6682,-0.0578,-0.0241
1624365353707,-2.2698,-5.0567,9.2151,0.7049,-0.0872,-0.0620
1624365353722,-2.3392,-5.0161,9.5405,0.7709,-0.1116,-0.1023
1624365353729,-2.4109,-4.9132,9.6745,0.8246,-0.1336,-0.1512
1624365353739,-2.4875,-4.6476,9.8181,0.8356,-0.1703,-0.1646
1624365353748,-2.3679,-4.2336,10.1411,0.8368,-0.1910,-0.1438
1624365353758,-2.3966,-4.3269,10.3158,0.8600,-0.2216,-0.1365
1624365353766,-2.5617,-4.4681,10.7369,0.9688,-0.3107,-0.1304
1624365353821,-2.7292,-4.7098,11.5672,1.1032,-0.3963,-0.1230
1624365353823,-2.9493,-5.7124,12.3257,1.1838,-0.4610,-0.1060
1624365353824,-2.9804,-6.3417,12.9335,1.3182,-0.5404,-0.0815
1624365353824,-2.7651,-6.0976,12.8378,1.4856,-0.6614,-0.1646
1624365353825,-2.4325,-5.3606,12.1870,1.5503,-0.7836,-0.2355
1624365353826,-2.0951,-4.6715,12.7062,1.5943,-0.8972,-0.2355
1624365353842,-1.6716,-4.2623,13.2781,1.7092,-0.9741,-0.2794
1624365353843,-1.2696,-4.6069,13.7471,1.8411,-1.0755,-0.3674
1624365353853,-0.7814,-5.0902,15.3216,1.8814,-1.2112,-0.3857
1624365353863,0.1039,-5.1476,16.0322,1.8484,-1.3578,-0.4749
1624365353873,1.3865,-4.4418,15.2689,1.6102,-1.5508,-0.5336
1624365353882,2.9586,-3.1161,14.2448,1.2229,-1.7390,-0.4138
1624365353891,4.1956,-1.6493,13.8045,0.8820,-1.9198,-0.3002
1624365353900,4.6575,-1.1373,13.3738,0.6621,-2.0957,-0.3589
1624365353910,4.7986,-1.2091,12.8258,0.5986,-2.2350,-0.4505
1624365353919,5.1360,-2.1136,11.9429,0.6914,-2.2838,-0.4492
1624365353929,5.7701,-2.1877,10.7704,0.9541,-2.2398,-0.3967
1624365353938,6.3372,-1.4579,9.7917,1.2657,-2.1714,-0.4541
1624365353950,6.6052,-0.2735,9.2892,1.4013,-2.0322,-0.5421
1624365353959,6.7488,0.5257,8.4518,1.4306,-1.8685,-0.6435
1624365353969,6.6890,1.0785,7.0280,1.2803,-1.7328,-0.6728
1624365353978,6.6411,0.4181,7.1692,0.9675,-1.5911,-0.5275
1624365353988,6.4832,-1.1349,5.8484,0.6695,-1.3712,-0.2941
1624365353998,6.1243,-2.5514,5.2262,0.5998,-1.1928,-0.2587
1624365354007,6.0764,-3.2454,5.2023,0.7538,-0.9180,-0.3967
1624365354017,5.6553,-2.6448,4.8936,1.0457,-0.6626,-0.5213
1624365354026,4.8130,-1.3694,5.6043,1.3988,-0.4622,-0.7132
1624365354036,4.7197,-0.9411,5.7359,1.5809,-0.2289,-0.7779
1624365354044,5.5141,0.1740,5.0372,1.5503,-0.1996,-0.6594
1624365354055,5.3370,1.2508,5.4081,1.5650,-0.2594,-0.7645
1624365354065,4.3249,-0.0797,4.9582,1.2644,0.0215,-0.6716
1624365354075,2.5374,-2.2404,5.7407,0.8222,0.4773,-0.5726
1624365354084,1.2932,-3.3578,5.5110,0.5717,0.8731,-0.7156
1624365354094,0.9845,-3.1066,5.6617,0.6255,0.9488,-0.8194
1624365354103,1.7837,-2.0442,5.5038,0.8405,0.7411,-0.7400
1624365354112,1.9942,-0.4649,5.3818,1.0555,0.4919,-0.6936
1624365354121,1.3889,0.0161,5.6593,1.1899,0.5200,-0.6961
1624365354131,0.9893,-0.0390,5.6880,1.0995,0.7167,-0.6350
1624365354140,0.2858,-0.0629,6.4083,0.9761,0.9012,-0.6814
1624365354150,-0.1784,0.1764,6.8175,0.9272,0.9427,-0.6838
1624365354163,-0.4153,0.8344,7.0256,0.9028,0.9207,-0.5934
1624365354169,-0.8819,0.7148,7.3582,0.8674,0.8988,-0.5507
1624365354180,-1.1404,0.4396,7.6262,0.8051,0.8658,-0.4603
1624365354190,-1.1332,0.3535,7.9612,0.7037,0.8364,-0.3808
1624365354200,-1.1140,0.3774,8.1838,0.6084,0.7753,-0.3271
1624365354209,-1.0159,0.6334,8.3082,0.5070,0.7069,-0.2697
1624365354219,-1.2193,0.7818,8.5140,0.4520,0.6495,-0.2538
1624365354228,-1.3653,0.8823,8.6743,0.4385,0.6165,-0.2501
1624365354238,-1.1595,1.1694,8.7198,0.4007,0.5371,-0.2074
1624365354248,-0.9178,1.1862,8.6982,0.3640,0.4333,-0.1805
1624365354257,-0.8125,1.0665,8.7604,0.3054,0.3563,-0.1402
1624365354267,-0.7647,0.9373,8.8825,0.2419,0.2989,-0.1218
1624365354277,-0.8245,0.9301,8.9949,0.1527,0.2598,-0.1218
1624365354286,-0.7719,0.9229,9.1265,0.0757,0.2024,-0.1108
1624365354295,-0.8676,1.0067,9.2007,0.0574,0.1303,-0.1023
1624365354306,-1.0375,1.2843,9.2079,0.0293,0.0606,-0.0852
1624365354315,-1.0446,1.3895,9.0978,-0.0159,0.0106,-0.0607
1624365354325,-0.7551,1.1096,8.9662,-0.1027,-0.0493,-0.0278
1624365354337,-0.6618,0.9349,8.9351,-0.1808,-0.1263,-0.0229
1624365354342,-0.5254,0.9971,8.9614,-0.2456,-0.1763,-0.0204
1624365354352,-0.2694,1.3249,9.0165,-0.2786,-0.2289,-0.0094
1624365354361,-0.1712,1.3704,9.0189,-0.2896,-0.3022,-0.0082
1624365354371,-0.3483,1.1455,9.0595,-0.3458,-0.3230,0.0260
1624365354382,-0.3340,1.1957,9.0428,-0.4276,-0.3217,0.0235
1624365354392,-0.4369,1.6049,9.0284,-0.4557,-0.3669,0.0089
1624365354402,-0.7001,2.0308,8.7963,-0.4948,-0.4256,0.0333
1624365354411,-1.1404,2.2151,8.4565,-0.5755,-0.4598,0.0724
1624365354421,-1.5088,2.2151,7.9876,-0.6805,-0.5001,0.1078
1624365354430,-1.8797,2.2557,7.4635,-0.8051,-0.5722,0.1530
1624365354440,-2.1764,2.0906,6.9156,-0.9359,-0.6614,0.2178
1624365354450,-2.3679,1.7796,6.4514,-1.0703,-0.7689,0.2935
1624365354459,-2.4851,1.5570,6.0685,-1.2181,-0.8764,0.3644
1624365354469,-2.6119,1.4039,5.6976,-1.3733,-0.9827,0.4487
1624365354479,-2.6359,1.1838,5.3459,-1.5492,-1.0645,0.5782
1624365354488,-2.4181,0.8057,4.6208,-1.7434,-1.1366,0.6992
1624365354498,-2.0018,0.2314,4.0825,-1.9438,-1.2026,0.7810
1624365354507,-1.3653,-0.2807,3.4938,-2.1197,-1.2258,0.8201
1624365354517,-0.0660,-1.3120,2.9363,-2.2272,-1.2771,0.8213
1624365354527,1.4630,-2.3337,2.5247,-2.3311,-1.3272,0.8726
1624365354536,2.3604,-3.3076,2.2520,-2.4239,-1.3333,0.8910
1624365354546,3.3175,-4.0374,2.3333,-2.4362,-1.2771,0.8531
1624365354554,4.2746,-4.5088,2.0079,-2.3885,-1.1293,0.8128
1624365354563,5.1241,-5.2458,1.9098,-2.3787,-0.8935,0.7395
1624365354573,6.0908,-6.1574,1.3212,-2.4019,-0.5246,0.7541
1624365354582,7.9955,-7.5500,0.2659,-2.4105,-0.1531,0.7688
1624365354592,9.1967,-9.6079,2.0103,-2.2773,0.1828,0.8519
1624365354601,11.0056,-9.7203,2.4625,-1.8729,0.3649,1.1903
1624365354613,12.7452,-7.7678,2.1730,-1.5321,0.6239,1.5250
1624365354622,13.8603,-6.0641,2.1945,-0.9579,1.0515,1.6802
1624365354632,13.3913,-4.3676,2.7808,-0.0159,1.6501,1.8317
1624365354642,11.7259,-1.4531,2.6181,0.6499,2.3367,1.7791
1624365354651,9.0698,0.5880,2.6898,0.3029,2.9610,1.3809
1624365354661,6.2774,1.4637,3.5776,-0.3678,3.5548,0.8922
1624365354670,4.2866,-0.4099,10.2081,-0.8662,4.1998,0.5562
1624365354680,1.2955,-3.5660,20.4087,-1.1546,4.8694,0.5709
1624365354689,-2.7196,-7.1839,26.3309,-1.6115,4.8657,0.6014
1624365354699,-4.5190,-10.2420,26.6468,-1.8546,3.6208,0.5134
1624365354709,-4.1864,-8.4378,23.9142,-1.2364,2.2683,0.3827
1624365354718,-3.8993,-5.4755,22.6388,-0.9359,1.6709,0.3033
1624365354728,-4.3132,-4.9371,22.2009,-1.0361,1.7650,0.5648
1624365354738,-4.3802,-6.1024,20.7796,-1.1570,1.5634,0.7162
1624365354747,-4.1338,-8.5191,19.1740,-1.6555,0.8328,0.5867
1624365354757,-3.7844,-10.3879,16.3864,-2.4032,0.0863,0.4805
1624365354766,-3.3992,-10.8761,15.0607,-2.7599,-0.2814,0.3558
1624365354775,-2.9134,-10.3114,14.5200,-2.3567,-0.3315,0.2508
1624365354783,-2.3894,-7.9975,10.8135,-1.5113,-0.2423,0.1359
1624365354793,-2.9134,-4.1833,7.5162,-0.7245,-0.2338,-0.1854
1624365354802,-3.2484,-0.9459,5.1521,-0.1222,-0.1153,-0.4700
1624365354812,-3.1695,0.0544,4.4486,0.2602,0.2769,-0.4065
1624365354822,-3.5403,-0.0940,5.8771,0.4239,0.4907,-0.2232
1624365354834,-4.2127,-1.5847,7.9923,0.2296,0.4773,-0.1377
1624365354844,-3.7724,-4.0637,9.0356,-0.4411,0.2671,-0.0033
1624365354853,-2.9804,-5.7291,9.1744,-0.8784,-0.1116,0.0138
1624365354862,-3.0091,-6.2986,8.6264,-0.8223,-0.1983,-0.0045
1624365354872,-2.8153,-5.5377,8.7413,-0.4777,-0.0041,0.0590
1624365354882,-2.5617,-4.2408,9.2246,-0.0526,0.0741,-0.0510
1624365354891,-2.3009,-4.3389,9.3012,0.0525,0.0790,-0.1402
1624365354901,-2.0496,-4.6164,8.8179,-0.0599,-0.0041,-0.1316
1624365354911,-1.8725,-4.1714,8.7915,-0.1833,-0.1079,-0.1964
1624365354920,-1.4347,-4.0398,8.3608,-0.2737,-0.0542,-0.1646
1624365354930,-1.1882,-3.7790,8.1024,-0.1747,-0.0053,-0.0559
1624365354939,-1.2265,-3.5301,8.9519,0.0403,0.0081,-0.0510
1624365354949,-0.8795,-4.3508,9.2510,0.1258,0.0716,-0.0278
1624365354958,-0.6977,-5.3630,9.7678,0.1050,0.0276,0.0321
1624365354968,-0.4416,-6.2794,11.0767,0.0842,-0.0505,0.0223
1624365354978,-0.0971,-6.8920,9.8540,0.0146,-0.0359,0.0260
1624365354988,-0.1258,-6.5139,9.2007,0.0268,-0.1324,-0.0021
1624365354996,-0.1808,-5.3510,8.2005,0.2858,-0.0676,-0.0510
1624365355005,-0.3340,-4.2073,7.9708,0.5143,0.0655,-0.0998
1624365355015,-0.7048,-3.9129,8.9064,0.5473,0.1046,-0.1218
1624365355024,-0.7958,-4.4609,8.3656,0.3359,0.0594,-0.0937
1624365355034,-0.8939,-4.9491,7.0735,0.0940,-0.0884,-0.0827
1624365355045,-0.9513,-4.8318,7.5233,0.0879,-0.1177,-0.0388
1624365355055,-1.0662,-4.6428,8.8370,0.2858,0.0228,-0.0094
1624365355064,-1.2624,-5.3056,8.7868,0.3555,0.0765,-0.0155
1624365355074,-1.6093,-5.9540,8.2220,0.3115,-0.0578,-0.0766
1624365355084,-1.9539,-5.7746,8.6193,0.3176,-0.1165,-0.1340
1624365355093,-2.0353,-5.6501,9.0811,0.3604,-0.0200,-0.1267
1624365355102,-2.0089,-5.3104,8.6049,0.3518,-0.0004,-0.1389
1624365355112,-1.9563,-4.5542,8.2220,0.2956,-0.0945,-0.2379
1624365355122,-1.6835,-4.2216,8.0713,0.2357,-0.1006,-0.2355
1624365355132,-1.4753,-4.1259,7.6645,0.3213,-0.0786,-0.1939
1624365355141,-1.5639,-4.0111,7.8679,0.4727,-0.1067,-0.2208
1624365355151,-1.8965,-3.9680,7.9325,0.5742,-0.1238,-0.2831
1624365355159,-2.4277,-4.1690,8.2292,0.6365,-0.0994,-0.3161
1624365355169,-2.7220,-4.1642,8.6815,0.6927,-0.0982,-0.3173
1624365355180,-2.6861,-3.6450,8.4230,0.7403,-0.1140,-0.3136
1624365355189,-2.4085,-3.4679,8.2819,0.7672,-0.1434,-0.3075
1624365355199,-2.0807,-3.5875,8.5140,0.8698,-0.1666,-0.2831
1624365355209,-1.8678,-3.6689,8.8370,0.9847,-0.1715,-0.2513
1624365355217,-1.6548,-3.4559,8.7245,1.0238,-0.1739,-0.2440
1624365355226,-1.5160,-3.5780,9.0045,1.0836,-0.1678,-0.2135
1624365355236,-1.3557,-3.7574,9.0763,1.2803,-0.1092,-0.1438
1624365355245,-1.0255,-3.1496,7.4037,1.4404,-0.0090,-0.1377
1624365355255,-0.7551,-2.7309,6.8031,1.3267,0.0900,-0.1988
1624365355265,-0.4034,-3.0970,7.2506,1.1508,0.1401,-0.2819
1624365355276,-0.1258,-3.6282,8.0737,1.0946,0.1107,-0.3503
1624365355286,-0.0061,-4.2001,9.0595,1.0042,0.0350,-0.3625
1624365355295,0.0465,-4.8390,10.0573,1.0018,-0.0249,-0.3503
1624365355305,-0.0157,-5.0807,10.7010,1.1899,-0.0078,-0.3564
1624365355315,-0.1066,-4.5686,11.0623,1.3903,0.0777,-0.4126
1624365355324,-0.0468,-3.8220,11.3806,1.4868,0.1730,-0.4810
1624365355334,0.2714,-3.1568,11.3734,1.5503,0.2011,-0.5128
1624365355343,0.7548,-2.9175,11.3662,1.5699,0.1547,-0.5226
1624365355353,1.0706,-3.0731,11.6007,1.5308,0.0729,-0.5421
1624365355362,1.1304,-3.2119,11.6031,1.4282,-0.0090,-0.5824
1624365355371,1.0634,-3.4535,11.4835,1.2742,-0.0811,-0.6191
1624365355382,0.9917,-3.9369,11.7371,1.2596,-0.1397,-0.6533
1624365355391,1.0132,-4.0541,12.0697,1.4110,-0.1959,-0.7034
1624365355401,1.1472,-3.6761,12.1870,1.5760,-0.2496,-0.7718
1624365355410,1.3147,-3.1520,12.2492,1.7336,-0.2887,-0.8292
1624365355420,1.3984,-2.5778,12.3616,1.8900,-0.2985,-0.8781
1624365355428,1.3625,-1.9437,12.4167,1.9804,-0.2936,-0.9392
1624365355438,1.3578,-1.2785,12.2516,2.0023,-0.3144,-0.9954
1624365355447,1.3314,-0.7975,12.1678,1.9877,-0.3596,-1.0210
1624365355457,1.2549,-0.5319,12.0290,1.8997,-0.4158,-1.0210
1624365355466,1.1281,-0.3740,11.5409,1.7861,-0.4891,-1.0381
1624365355476,1.0012,-0.3381,11.1676,1.6529,-0.5795,-1.0516
1624365355486,0.9797,-0.5798,10.8207,1.5381,-0.6907,-1.0430
1624365355497,1.0515,-0.8836,10.1866,1.5014,-0.8263,-1.0198
1624365355507,1.0922,-1.2402,10.2033,1.5051,-0.9522,-0.9771
1624365355516,1.2692,-1.3359,9.9401,1.4905,-1.0609,-0.9477
1624365355526,1.4511,-1.0607,9.6243,1.5051,-1.1513,-0.9636
1624365355535,1.5827,-0.6491,9.6553,1.4978,-1.1574,-0.9856
1624365355545,1.5923,-0.3261,9.5979,1.4709,-1.0902,-1.0027
1624365355555,1.5564,-0.0486,9.1170,1.4709,-1.0279,-1.0259
1624365355564,1.4678,0.2123,8.9543,1.4526,-0.9900,-1.0357
1624365355574,1.3865,0.3199,8.7389,1.3524,-0.9668,-1.0320
1624365355583,1.3960,0.4133,8.2890,1.2657,-0.9522,-1.0051
1624365355593,1.5013,0.5114,8.4637,1.1801,-0.9424,-0.9440
1624365355603,1.5683,0.6717,8.6312,1.0861,-0.9399,-0.8915
1624365355612,1.6377,1.0306,8.3943,1.0250,-0.9448,-0.8647
1624365355622,1.6999,1.3249,8.4972,1.0018,-0.9253,-0.8549
1624365355631,1.7047,1.5235,8.5618,0.9895,-0.8642,-0.8414
1624365355641,1.6832,1.7461,8.3345,0.9957,-0.7970,-0.8427
1624365355651,1.6784,1.8753,8.4853,0.9737,-0.7530,-0.8573
1624365355659,1.7239,1.9423,8.4207,0.9260,-0.7432,-0.8671
1624365355668,1.8459,2.0093,8.3154,0.8747,-0.7664,-0.8695
1624365355678,1.9632,2.0236,8.6480,0.8087,-0.7958,-0.8524
1624365355687,1.9966,1.9160,8.6312,0.7550,-0.8117,-0.8390
1624365355697,2.0469,1.9040,8.4039,0.7330,-0.8068,-0.8316
1624365355710,2.0493,1.9375,8.5858,0.6548,-0.7628,-0.8084
1624365355716,2.0565,1.9231,8.6743,0.5790,-0.7151,-0.8023
1624365355727,2.1474,1.9782,8.4709,0.5558,-0.6980,-0.8084
1624365355737,2.2670,2.0308,8.8370,0.5265,-0.6956,-0.7913
1624365355747,2.3077,2.0954,8.9471,0.5070,-0.7005,-0.7681
1624365355756,2.3627,2.3467,8.8562,0.5583,-0.7102,-0.7608
1624365355766,2.3771,2.6817,9.0452,0.5900,-0.6809,-0.7474
1624365355775,2.3819,2.8324,9.2318,0.6169,-0.6345,-0.7486
1624365355785,2.3245,3.0238,9.1361,0.6487,-0.5979,-0.7816
1624365355795,2.2862,3.1124,8.9758,0.5852,-0.5734,-0.8109
1624365355804,2.2742,3.0095,9.0835,0.4398,-0.5832,-0.8048
1624365355814,2.2766,2.8181,9.0691,0.3054,-0.6369,-0.7779
1624365355824,2.3771,2.7869,8.7413,0.1966,-0.7054,-0.7461
1624365355833,2.4944,2.8420,8.8586,0.0965,-0.7444,-0.7107
1624365355843,2.5805,2.8276,8.8514,0.0708,-0.7457,-0.6936
1624365355852,2.6762,2.8372,8.7556,0.1478,-0.7151,-0.6911
1624365355861,2.7241,3.0430,8.7796,0.2272,-0.6663,-0.6814
1624365355872,2.6882,3.2631,8.8466,0.2956,-0.6064,-0.6704
1624365355880,2.6499,3.4426,8.6336,0.3579,-0.5673,-0.6643
1624365355889,2.5948,3.6029,8.4087,0.3872,-0.5453,-0.6569
1624365355899,2.5278,3.6292,8.7915,0.3677,-0.5343,-0.6447
1624365355908,2.5757,3.6364,8.5547,0.3457,-0.5380,-0.6398
1624365355918,2.6020,3.7249,8.5307,0.2944,-0.5649,-0.6252
1624365355927,2.6164,3.8709,8.4350,0.1966,-0.5844,-0.5995
1624365355939,2.6834,4.0791,8.2986,0.1539,-0.5844,-0.5788
1624365355948,2.7193,4.1796,8.3202,0.0940,-0.5563,-0.5446
1624365355958,2.7169,4.0791,8.2532,0.0403,-0.5221,-0.5226
1624365355968,2.6858,3.9331,8.3800,0.0024,-0.4903,-0.5140
1624365355977,2.6523,3.6555,8.4781,-0.0758,-0.4732,-0.4920
1624365355986,2.7145,3.4545,8.3489,-0.0917,-0.4793,-0.4578
1624365355996,2.8198,3.3971,8.3345,-0.0648,-0.5001,-0.4138
1624365356006,2.9801,3.4498,8.3321,-0.0110,-0.5135,-0.3784
1624365356016,3.1428,3.6101,8.3417,0.0928,-0.4940,-0.3503
1624365356025,3.2457,3.7776,8.4039,0.1734,-0.4488,-0.3222
1624365356035,3.2816,3.8948,8.4326,0.2296,-0.4012,-0.2953
1624365356045,3.3271,4.0456,8.2962,0.2394,-0.3584,-0.2636
1624365356054,3.3893,4.1341,8.2268,0.2248,-0.3279,-0.2367
1624365356063,3.4299,4.1437,8.2053,0.2052,-0.3010,-0.2245
1624365356073,3.4778,4.1389,8.1024,0.1722,-0.2827,-0.2208
1624365356083,3.5233,4.2155,8.1933,0.1295,-0.2570,-0.2208
1624365356093,3.5376,4.1868,8.2268,0.0696,-0.2216,-0.2232
1624365356100,3.5257,4.0456,8.2220,0.0378,-0.1996,-0.2306
1624365356110,3.4443,3.9570,8.4135,0.0146,-0.1751,-0.2330
1624365356120,3.3988,3.8924,8.5451,0.0122,-0.1434,-0.2404
1624365356129,3.4036,4.0001,8.5786,0.0317,-0.1189,-0.2452
1624365356139,3.4491,4.0623,8.7174,0.0549,-0.1067,-0.2550
1624365356148,3.4443,4.0288,8.7198,0.0720,-0.0982,-0.2709
1624365356159,3.4276,3.9929,8.6241,0.0806,-0.0835,-0.2721
1624365356169,3.4491,4.0001,8.6097,0.0671,-0.0750,-0.2538
1624365356179,3.4467,3.9355,8.5379,0.0574,-0.0750,-0.2330
1624365356188,3.4084,3.8757,8.4924,0.0940,-0.0774,-0.2171
1624365356198,3.3271,3.8278,8.5331,0.1172,-0.0762,-0.2135
1624365356208,3.2601,3.8398,8.4805,0.1343,-0.0640,-0.2122
1624365356217,3.3127,3.9642,8.4135,0.1685,-0.0530,-0.2037
1624365356227,3.3988,4.1006,8.4542,0.1954,-0.0420,-0.1890
1624365356237,3.4587,4.1078,8.3752,0.2113,-0.0432,-0.1951
1624365356246,3.4299,4.1269,8.2556,0.2028,-0.0456,-0.2110
1624365356256,3.3342,4.1365,8.2651,0.1502,-0.0273,-0.2074
1624365356265,3.2816,4.0695,8.2292,0.1001,0.0008,-0.1854
1624365356274,3.2553,4.0336,8.1383,0.0696,0.0179,-0.1695
1624365356285,3.2840,4.0097,8.2771,0.0415,0.0313,-0.1671
1624365356294,3.3223,3.9140,8.3680,0.0134,0.0338,-0.1756
1624365356304,3.3773,3.8709,8.4972,0.0122,0.0252,-0.1878
1624365356313,3.4347,3.9164,8.6312,0.0085,0.0154,-0.1976
1624365356322,3.4060,3.9857,8.6552,0.0085,0.0228,-0.2074
1624365356331,3.3055,3.9929,8.5929,0.0170,0.0472,-0.2074
1624365356341,3.1548,4.0767,8.5642,0.0427,0.0777,-0.2037
1624365356350,3.0710,4.1126,8.4877,0.0439,0.1022,-0.2000
1624365356360,3.0662,4.0073,8.3967,0.0354,0.1071,-0.1964
1624365356372,3.0806,4.0073,8.3226,0.0476,0.0900,-0.2000
1624365356379,3.0902,3.9810,8.3776,0.0562,0.0680,-0.2061
1624365356390,3.1141,4.0097,8.3896,0.0842,0.0509,-0.2025
1624365356400,3.0471,4.0767,8.4183,0.1295,0.0472,-0.1866
1624365356409,2.9394,4.1796,8.4877,0.1539,0.0643,-0.1744
1624365356419,2.8485,4.2250,8.6049,0.1734,0.0912,-0.1768
1624365356429,2.7647,4.2131,8.6504,0.1832,0.0997,-0.1793
1624365356438,2.7504,4.1772,8.6193,0.1661,0.0802,-0.1768
1624365356448,2.7767,4.1844,8.6575,0.1343,0.0460,-0.1658
1624365356457,2.8365,4.1915,8.6695,0.1075,0.0130,-0.1597
1624365356467,2.8987,4.2346,8.6671,0.0952,-0.0090,-0.1634
1624365356477,2.8987,4.2920,8.6432,0.0842,-0.0126,-0.1683
1624365356487,2.8652,4.3710,8.5977,0.0623,-0.0114,-0.1695
1624365356496,2.8748,4.3901,8.6001,0.0342,-0.0114,-0.1609
1624365356506,2.8174,4.2633,8.5905,0.0085,-0.0139,-0.1463
1624365356515,2.7959,4.1461,8.5331,-0.0098,-0.0224,-0.1426
1624365356525,2.8700,4.1796,8.4805,-0.0037,-0.0334,-0.1499
1624365356533,2.9992,4.2609,8.4948,0.0134,-0.0420,-0.1536
1624365356542,3.0710,4.2825,8.5331,0.0476,-0.0468,-0.1524
1624365356552,3.1380,4.3758,8.4853,0.0916,-0.0456,-0.1475
1624365356561,3.1572,4.4619,8.3824,0.1075,-0.0383,-0.1365
1624365356571,3.1452,4.5481,8.3728,0.1050,-0.0163,-0.1194
1624365356581,1.5492,4.7850,6.4274,0.1026,0.0057,-0.1035
1624365356593,2.1354,4.5361,8.7030,0.1050,0.0179,-0.0937
1624365356599,4.0066,4.1509,6.9347,0.1698,-0.3621,-0.0681
1624365356609,4.3057,4.6079,8.0282,0.0366,-0.4696,-0.0803
1624365356619,3.8583,4.7251,8.4015,0.0415,-0.1825,-0.1170
1624365356628,2.6834,5.1798,8.9782,0.2223,0.2891,-0.1145
1624365356638,1.6018,5.0482,9.0883,0.2370,0.5432,-0.0901
1624365356649,1.6210,4.4212,9.0284,0.0476,0.4638,-0.0571
1624365356657,2.4274,4.1509,8.6982,-0.1112,0.1291,-0.0632
1624365356669,3.1548,4.1389,8.4996,-0.1503,-0.1751,-0.1011
1624365356678,3.3965,4.2514,8.4637,-0.0917,-0.2423,-0.1218
1624365356688,3.1691,4.4021,8.6001,-0.0294,-0.1202,-0.1084
1624365356696,2.8150,4.5002,8.6599,-0.0147,0.0142,-0.0705
1624365356707,2.6906,4.5289,8.6623,-0.0208,0.0570,-0.0253
1624365356717,2.8844,4.3973,8.5571,-0.0574,0.0154,0.0028
1624365356726,3.1213,4.2250,8.4494,-0.1039,-0.0640,-0.0045
1624365356736,3.2768,4.0791,8.3250,-0.1454,-0.1128,-0.0485
1624365356745,3.3031,3.9499,8.3345,-0.1540,-0.1104,-0.0620
1624365356754,3.2959,3.8589,8.3560,-0.1259,-0.0835,-0.0498
1624365356763,3.2026,3.8853,8.3226,-0.0477,-0.0603,-0.0424
1624365356773,3.1620,4.0480,8.3584,0.0342,-0.0359,-0.0461
1624365356782,3.1476,4.2442,8.4709,0.0842,-0.0188,-0.0571
1624365356792,3.1835,4.3375,8.4829,0.1185,-0.0200,-0.0681
1624365356801,3.2074,4.4236,8.4494,0.1282,-0.0359,-0.0803
1624365356813,3.1500,4.4906,8.4972,0.0989,-0.0395,-0.0852
1624365356823,3.0375,4.4021,8.5762,0.0610,-0.0285,-0.0876
1624365356832,2.9155,4.3854,8.5690,0.0354,-0.0224,-0.0840
1624365356841,2.9011,4.4189,8.5164,0.0134,-0.0273,-0.0803
1624365356852,2.9227,4.4571,8.5116,-0.0172,-0.0408,-0.0779
1624365356861,2.9322,4.3830,8.5140,-0.0416,-0.0566,-0.0791
1624365356871,2.9107,4.3566,8.4901,-0.0379,-0.0640,-0.0840
1624365356880,2.9083,4.3806,8.4877,-0.0355,-0.0701,-0.0876
1624365356890,2.9251,4.3877,8.5259,-0.0416,-0.0713,-0.0779
1624365356898,2.9514,4.4811,8.5451,-0.0196,-0.0725,-0.0620
1624365356909,2.9873,4.5457,8.5571,-0.0135,-0.0762,-0.0583
1624365356919,2.9968,4.5122,8.4924,-0.0330,-0.0798,-0.0583
1624365356929,3.0064,4.3854,8.4326,-0.0623,-0.0798,-0.0522
1624365356938,2.9944,4.3375,8.3632,-0.0880,-0.0798,-0.0449
1624365356948,3.0208,4.3758,8.3202,-0.1027,-0.0823,-0.0424
1624365356957,3.0303,4.3877,8.3297,-0.0990,-0.0774,-0.0436
1624365356967,3.0519,4.4523,8.3537,-0.0758,-0.0737,-0.0461
1624365356975,3.0638,4.5002,8.3728,-0.0648,-0.0725,-0.0461
1624365356985,3.0902,4.4643,8.3537,-0.0636,-0.0640,-0.0363
1624365356993,3.0830,4.4069,8.3058,-0.0807,-0.0481,-0.0302
1624365357002,3.0232,4.2896,8.3345,-0.0990,-0.0383,-0.0351
1624365357013,2.9825,4.1293,8.3608,-0.0978,-0.0310,-0.0388
1624365357026,2.9657,4.0504,8.3872,-0.0721,-0.0310,-0.0412
1624365357034,2.9753,4.1509,8.4805,-0.0330,-0.0310,-0.0424
1624365357044,2.9729,4.2944,8.5283,0.0146,-0.0298,-0.0424
1624365357054,2.9442,4.4093,8.5714,0.0574,-0.0298,-0.0375
1624365357063,2.8916,4.4643,8.6408,0.0708,-0.0200,-0.0278
1624365357072,2.8246,4.4428,8.6671,0.0500,-0.0151,-0.0278
1624365357081,2.8533,4.4380,8.6552,0.0280,-0.0151,-0.0351
1624365357089,2.9155,4.3997,8.6241,0.0085,-0.0249,-0.0436
1624365357101,2.9466,4.3734,8.5523,-0.0123,-0.0346,-0.0510
1624365357109,2.9538,4.3854,8.4518,-0.0318,-0.0383,-0.0571
1624365357120,2.9346,4.3901,8.3991,-0.0379,-0.0261,-0.0571
1624365357130,2.9275,4.3160,8.3656,-0.0245,-0.0053,-0.0498
1624365357140,2.9322,4.3016,8.3489,-0.0025,-0.0004,-0.0449
1624365357148,2.9825,4.2633,8.3848,0.0073,-0.0041,-0.0436
1624365357159,3.0399,4.2394,8.4494,0.0158,-0.0078,-0.0412
1624365357169,2.9968,4.2777,8.4805,0.0305,-0.0004,-0.0388
1624365357178,2.9610,4.3184,8.4948,0.0623,0.0130,-0.0363
1624365357188,2.9227,4.3877,8.4924,0.0794,0.0374,-0.0302
1624365357196,2.9418,4.4811,8.4924,0.0830,0.0570,-0.0278
1624365357205,1.7621,4.8400,8.2556,0.0806,0.0619,-0.0278
1624365357215,3.0471,4.6270,8.6934,0.0891,0.0289,-0.0290
1624365357225,3.7937,4.5337,7.6884,0.1698,-0.2130,-0.0363
1624365357234,3.8128,4.3184,8.3632,-0.0660,-0.1666,-0.0302
1624365357244,3.1548,3.8374,8.5858,-0.1295,0.0814,-0.0400
1624365357258,2.0038,3.8494,8.8729,-0.0868,0.3367,-0.0229
1624365357263,1.9440,4.2920,9.0213,-0.0135,0.4100,-0.0033
