1624946771443,-2.1070,-5.7339,7.3774,-0.0285,-0.0317,0.0113
1624946771444,-2.1860,-5.7578,7.4181,-0.1031,-0.0146,-0.0119
1624946771445,-2.2841,-5.8152,7.3774,-0.1861,0.0001,-0.0315
1624946771464,-2.3392,-5.8655,7.3487,-0.2619,0.0135,-0.0388
1624946771465,-2.2817,-5.9780,7.3367,-0.3205,0.0184,-0.0339
1624946771490,-2.2339,-6.0880,7.2697,-0.3462,0.0123,-0.0400
1624946771492,-2.2363,-6.1479,7.2386,-0.3376,0.0074,-0.0437
1624946771514,-2.3009,-6.1335,7.1620,-0.3022,0.0013,-0.0498
1624946771516,-2.3774,-6.1502,7.1357,-0.2424,-0.0060,-0.0522
1624946771517,-2.3320,-6.1766,7.1070,-0.1593,-0.0231,-0.0376
1624946771518,-2.2386,-6.2005,7.0663,-0.0542,-0.0512,-0.0486
1624946771528,-2.2339,-5.9971,7.0424,0.0472,-0.0659,-0.0693
1624946771538,-2.3009,-5.8607,7.0855,0.1229,-0.0671,-0.0522
1624946771549,-2.3415,-5.8535,7.1381,0.1938,-0.0634,-0.0217
1624946771556,-2.3368,-5.8464,7.1166,0.2634,-0.0598,-0.0132
1624946771565,-2.3296,-5.8559,7.1525,0.3147,-0.0488,0.0040
1624946771575,-2.2386,-5.7841,7.1740,0.3221,-0.0451,0.0320
1624946771584,-2.1262,-5.7195,7.2075,0.2634,-0.0439,0.0528
1624946771597,-2.0472,-5.7243,7.1692,0.1681,-0.0390,0.0516
1624946771603,-2.0759,-5.8464,7.2123,0.0728,-0.0292,0.0174
1624946771613,-2.1262,-5.9588,7.2147,0.0191,-0.0256,-0.0364
1624946771622,-2.2076,-6.0713,7.1692,0.0435,-0.0463,-0.0816
1624946771632,-2.0975,-6.1335,7.1908,0.0899,-0.0903,-0.1170
1624946771642,-1.9491,-5.8320,7.0711,0.0557,-0.1294,-0.1524
1624946771651,-2.2004,-5.5831,7.0567,-0.0151,-0.0891,-0.1475
1624946771662,-2.4109,-5.6836,7.2123,-0.1092,-0.0158,-0.0901
1624946771671,-2.1358,-5.6549,7.1525,-0.2704,-0.0219,-0.0510
1624946771680,-2.0305,-5.8105,7.0926,-0.3841,-0.0036,-0.0229
1624946771690,-2.2674,-6.3273,7.2195,-0.2668,0.0074,-0.0302
1624946771699,-2.2650,-6.8322,7.1190,0.0056,-0.0634,-0.0535
1624946771710,-2.1094,-6.3847,6.9969,0.0765,-0.1001,-0.0547
1624946771719,-2.1238,-5.6358,7.2003,0.0374,-0.0732,-0.0266
1624946771728,-2.2243,-5.7674,7.3439,0.1058,-0.0732,0.0027
1624946771738,-2.1621,-6.1335,7.2697,0.1351,-0.0952,-0.0046
1624946771748,-2.0759,-5.9253,7.1955,0.0056,-0.0769,-0.0302
1624946771758,-2.1501,-5.7722,7.2984,-0.0921,-0.0390,-0.0205
1624946771767,-2.2076,-6.1000,7.3606,-0.0493,-0.0451,0.0040
1624946771777,-2.1669,-6.3273,7.3152,0.0130,-0.0659,0.0003
1624946771786,-2.1070,-6.0713,7.2817,0.0032,-0.0585,-0.0119
1624946771799,-2.1118,-5.8081,7.3463,0.0020,-0.0427,0.0003
1624946771805,-2.1716,-5.9397,7.3917,0.0460,-0.0427,0.0125
1624946771814,-2.1118,-6.0378,7.3271,0.0508,-0.0427,0.0027
1624946771824,-2.0831,-5.8894,7.3271,-0.0041,-0.0292,-0.0046
1624946771834,-2.1118,-5.8511,7.3654,-0.0298,-0.0121,0.0027
1624946771843,-2.1238,-5.9780,7.3678,-0.0054,-0.0085,0.0052
1624946771853,-2.0951,-6.0234,7.3295,0.0130,-0.0109,-0.0034
1624946771863,-2.0688,-5.9373,7.3128,0.0044,-0.0011,-0.0058
1624946771876,-2.0448,-5.8870,7.3200,0.0081,0.0111,-0.0009
1624946771884,-2.0664,-5.9516,7.3128,0.0252,0.0135,0.0015
1624946771893,-2.0209,-5.9516,7.2673,0.0301,0.0123,-0.0070
1624946771903,-2.0018,-5.8751,7.2578,0.0130,0.0245,-0.0107
1624946771913,-2.0161,-5.8583,7.2434,0.0056,0.0318,-0.0083
1624946771922,-1.9898,-5.9516,7.2171,0.0130,0.0331,-0.0058
1624946771932,-1.9587,-5.9349,7.1740,0.0130,0.0379,-0.0083
1624946771941,-1.9563,-5.8799,7.1884,0.0081,0.0416,-0.0119
1624946771950,-1.9635,-5.8272,7.1740,0.0044,0.0441,-0.0119
1624946771961,-1.9539,-5.8368,7.1381,0.0142,0.0453,-0.0156
1624946771970,-1.9108,-5.8057,7.1046,0.0081,0.0502,-0.0205
1624946771980,-1.9061,-5.7985,7.0663,-0.0127,0.0551,-0.0266
1624946771989,-1.8989,-5.8009,7.0879,-0.0163,0.0648,-0.0376
1624946771999,-1.8893,-5.8200,7.0902,-0.0139,0.0660,-0.0474
1624946772008,-1.8749,-5.8176,7.0567,-0.0115,0.0685,-0.0547
1624946772018,-1.8391,-5.8105,7.0783,-0.0041,0.0673,-0.0583
1624946772028,-1.8319,-5.7794,7.1022,0.0154,0.0709,-0.0669
1624946772038,-1.8391,-5.7961,7.0807,0.0313,0.0758,-0.0779
1624946772047,-1.8056,-5.7363,7.0807,0.0399,0.0795,-0.0901
1624946772057,-1.7960,-5.6501,7.1070,0.0350,0.0770,-0.1035
1624946772067,-1.7936,-5.6047,7.1166,0.0105,0.0819,-0.1170
1624946772076,-1.7744,-5.5831,7.1214,-0.0139,0.0807,-0.1329
1624946772086,-1.7553,-5.6358,7.1166,-0.0591,0.0844,-0.1463
1624946772095,-1.7529,-5.6573,7.1118,-0.1006,0.0917,-0.1585
1624946772105,-1.7673,-5.7387,7.1501,-0.1336,0.0966,-0.1695
1624946772114,-1.8127,-5.7865,7.1381,-0.1507,0.0941,-0.1830
1624946772124,-1.8103,-5.8751,7.1668,-0.1532,0.0868,-0.1988
1624946772134,-1.8247,-5.9373,7.2075,-0.1434,0.0819,-0.2135
1624946772143,-1.8343,-5.9373,7.2530,-0.1275,0.0697,-0.2270
1624946772151,-1.8654,-5.9540,7.2912,-0.1019,0.0526,-0.2367
1624946772160,-1.9108,-5.9134,7.3319,-0.0835,0.0379,-0.2428
1624946772170,-1.9324,-5.8942,7.3200,-0.0725,0.0196,-0.2453
1624946772180,-1.9443,-5.9134,7.3128,-0.0640,-0.0011,-0.2489
1624946772192,-1.9707,-5.9421,7.3295,-0.0566,-0.0182,-0.2599
1624946772201,-2.0089,-5.9253,7.3247,-0.0628,-0.0378,-0.2721
1624946772211,-1.9970,-5.8942,7.3391,-0.0628,-0.0549,-0.2770
1624946772220,-2.0616,-5.8966,7.3152,-0.0542,-0.0757,-0.2795
1624946772230,-2.1166,-5.9277,7.3200,-0.0457,-0.0976,-0.2844
1624946772239,-2.1286,-5.9660,7.2769,-0.0493,-0.1270,-0.2917
1624946772249,-2.1597,-6.0163,7.2482,-0.0481,-0.1490,-0.2954
1624946772259,-2.1836,-6.0689,7.2578,-0.0298,-0.1734,-0.2978
1624946772268,-2.2291,-6.0737,7.2601,-0.0066,-0.1991,-0.3015
1624946772277,-2.2769,-5.9947,7.2721,0.0374,-0.2259,-0.3039
1624946772288,-2.3200,-5.9660,7.2936,0.0777,-0.2540,-0.3064
1624946772297,-2.3320,-5.9325,7.2721,0.1083,-0.2821,-0.3100
1624946772307,-2.3128,-5.8392,7.2410,0.1278,-0.3041,-0.3088
1624946772316,-2.3009,-5.7746,7.2362,0.1351,-0.3176,-0.3161
1624946772326,-2.2961,-5.7124,7.2338,0.1498,-0.3286,-0.3332
1624946772335,-2.2363,-5.6645,7.2625,0.1657,-0.3334,-0.3540
1624946772345,-2.2099,-5.6286,7.2601,0.1804,-0.3347,-0.3687
1624946772355,-2.1405,-5.5688,7.2218,0.1791,-0.3347,-0.3894
1624946772364,-2.1023,-5.5281,7.1668,0.1877,-0.3310,-0.4163
1624946772374,-2.0233,-5.6334,7.2171,0.1877,-0.3200,-0.4505
1624946772383,-1.9180,-5.7076,7.2936,0.1608,-0.2992,-0.4774
1624946772393,-1.8414,-5.7458,7.3056,0.1144,-0.2785,-0.4933
1624946772403,-1.8247,-5.8511,7.3606,0.0655,-0.2577,-0.5018
1624946772412,-1.7744,-5.9732,7.3750,0.0460,-0.2369,-0.5055
1624946772422,-1.7242,-6.0330,7.4157,0.0203,-0.2186,-0.5116
1624946772432,-1.7433,-6.1766,7.4492,0.0374,-0.2015,-0.5104
1624946772441,-1.6859,-6.2388,7.4563,0.0728,-0.1868,-0.5043
1624946772451,-1.6117,-6.2340,7.4013,0.0973,-0.1758,-0.5006
1624946772460,-1.5830,-6.1766,7.3630,0.0912,-0.1758,-0.5043
1624946772468,-1.5112,-6.3225,7.4181,0.0545,-0.1648,-0.5043
1624946772478,-1.4035,-6.3465,7.7148,-0.0188,-0.1392,-0.4921
1624946772487,-1.4658,-6.1790,7.9134,-0.0664,-0.0928,-0.4762
1624946772497,-1.5639,-6.0809,8.1407,-0.0224,-0.0500,-0.4664
1624946772510,-1.5902,-6.0928,8.2268,0.0704,-0.0243,-0.4615
1624946772518,-1.5112,-6.1407,8.4374,0.1339,0.0159,-0.4554
1624946772526,-1.4729,-5.9803,8.4901,0.1596,0.0685,-0.4444
1624946772537,-1.4706,-5.7530,8.5786,0.1669,0.1161,-0.4444
1624946772546,-1.5663,-5.7961,8.6863,0.1962,0.1589,-0.4640
1624946772556,-1.5998,-5.9349,8.7437,0.1974,0.1968,-0.4786
1624946772566,-1.5758,-6.0809,8.7126,0.1522,0.2346,-0.4713
1624946772576,-1.5208,-6.2388,8.7556,0.1229,0.2725,-0.4615
1624946772585,-1.4538,-6.2603,8.7796,0.1364,0.3116,-0.4701
1624946772595,-1.4418,-6.0713,8.7628,0.1901,0.3385,-0.4823
1624946772605,-1.4514,-6.0067,8.7700,0.2720,0.3605,-0.4823
1624946772614,-1.3964,-6.0330,8.7724,0.3490,0.3788,-0.4786
1624946772624,-1.3270,-6.0234,8.6887,0.3612,0.3959,-0.4774
1624946772633,-1.2887,-6.0641,8.6193,0.3184,0.4216,-0.4786
1624946772642,-1.2935,-6.1622,8.5188,0.2463,0.4533,-0.4786
1624946772652,-1.2600,-6.1526,8.4757,0.1901,0.4827,-0.4786
1624946772662,-1.2361,-6.1359,8.4518,0.1742,0.5059,-0.4872
1624946772672,-1.1978,-6.1837,8.3489,0.1987,0.5242,-0.4933
1624946772681,-1.1547,-6.2962,8.1862,0.2451,0.5388,-0.4908
1624946772691,-1.0781,-6.4589,8.0258,0.2891,0.5547,-0.4774
1624946772700,-0.9848,-6.6384,7.9182,0.3453,0.5743,-0.4554
1624946772710,-0.9393,-6.6527,7.8966,0.4137,0.5828,-0.4322
1624946772719,-0.9417,-6.4948,7.8177,0.4699,0.5621,-0.4200
1624946772729,-0.9561,-6.3249,7.7124,0.5090,0.5376,-0.4163
1624946772739,-0.9346,-6.0976,7.5281,0.5029,0.5144,-0.4151
1624946772749,-0.8723,-5.9636,7.3343,0.4601,0.4961,-0.4102
1624946772758,-0.8436,-5.9205,7.1549,0.3954,0.4778,-0.4041
1624946772768,-0.7623,-5.9636,6.9682,0.3563,0.4509,-0.4126
1624946772778,-0.6594,-6.0569,6.8534,0.3563,0.4179,-0.4249
1624946772785,-0.4871,-6.1000,6.7648,0.3856,0.3800,-0.4261
1624946772795,-0.2957,-5.9756,6.7792,0.4186,0.3397,-0.4249
1624946772805,-0.2119,-5.6525,6.7433,0.4491,0.3043,-0.4359
1624946772815,-0.1378,-5.2434,6.5638,0.4479,0.2688,-0.4566
1624946772825,-0.0755,-5.0041,6.3198,0.4076,0.2395,-0.4737
1624946772835,-0.0181,-4.9012,6.1188,0.3343,0.2127,-0.5018
1624946772845,0.0752,-4.9060,6.0470,0.2585,0.1833,-0.5556
1624946772854,0.2523,-5.0208,5.9178,0.1742,0.1454,-0.6106
1624946772864,0.4868,-5.0184,5.8053,0.0533,0.1051,-0.6350
1624946772873,0.6949,-4.9801,5.7957,-0.0566,0.0636,-0.6497
1624946772883,0.8672,-5.1142,5.7479,-0.1116,0.0159,-0.6827
1624946772893,1.0299,-5.1883,5.6952,-0.1214,-0.0366,-0.7278
1624946772902,1.1592,-5.3678,5.6115,-0.0701,-0.0915,-0.7486
1624946772912,1.3075,-5.5233,5.5421,0.0606,-0.1661,-0.7621
1624946772921,1.5013,-5.4994,5.4918,0.2561,-0.2736,-0.7816
1624946772931,1.6593,-5.1692,5.5229,0.4736,-0.3872,-0.8219
1624946772941,1.8172,-4.7433,5.4775,0.6544,-0.5045,-0.8500
1624946772950,2.0325,-4.4011,5.3866,0.7521,-0.6205,-0.8549
1624946772960,2.3269,-4.1020,5.2717,0.7717,-0.7183,-0.8842
1624946772969,2.6379,-3.9680,5.1449,0.7509,-0.8172,-0.9270
1624946772979,3.0184,-3.9704,5.2191,0.7057,-0.9211,-0.9734
1624946772989,3.4371,-4.0517,5.3555,0.6055,-1.0090,-1.0223
1624946772998,3.9277,-4.0398,5.5062,0.4393,-1.0689,-1.0541
1624946773008,4.2339,-4.0565,5.4057,0.2158,-1.1349,-1.0589
1624946773017,4.7340,-4.2192,5.6904,-0.0408,-1.2473,-1.0406
1624946773027,5.1480,-4.5207,5.6019,-0.3474,-1.3499,-1.0052
1624946773037,5.5859,-4.7720,5.6163,-0.7005,-1.4403,-0.9637
1624946773046,6.1123,-4.9754,5.6019,-1.0609,-1.5393,-0.9014
1624946773056,6.6459,-5.4707,5.7981,-1.3285,-1.6138,-0.8073
1624946773066,7.1556,-6.2818,6.3102,-1.5032,-1.6541,-0.6814
1624946773075,7.4906,-7.1481,6.8199,-1.6107,-1.6810,-0.5189
1624946773085,7.8184,-7.9473,7.4300,-1.6131,-1.7103,-0.3284
1624946773094,8.0146,-8.5957,7.8703,-1.5044,-1.7262,-0.1194
1624946773102,8.0864,-8.9834,7.8942,-1.4054,-1.7409,0.1090
1624946773112,8.0672,-8.9259,7.4970,-1.3688,-1.7506,0.3277
1624946773121,7.9356,-8.7704,6.8988,-1.4018,-1.7763,0.4987
1624946773134,7.7490,-8.6819,6.1929,-1.4971,-1.8239,0.6185
1624946773140,7.8543,-8.9451,6.2336,-1.6815,-1.8545,0.7076
1624946773150,7.7562,-9.7108,6.9132,-1.8929,-1.7677,0.8115
1624946773161,7.2776,-10.7827,7.6502,-2.1458,-1.6431,0.9288
1624946773171,6.6650,-11.5676,7.8153,-2.3901,-1.5845,1.0216
1624946773180,6.0956,-11.7710,7.4659,-2.5270,-1.5747,1.0730
1624946773190,5.4088,-11.9074,6.8749,-2.4537,-1.5478,1.1072
1624946773200,4.8704,-12.0438,6.7696,-2.2973,-1.5014,1.1450
1624946773209,4.4684,-11.9313,7.4659,-2.1910,-1.4037,1.1878
1624946773219,3.7817,-11.3690,7.7507,-2.0542,-1.2742,1.2293
1624946773229,2.9538,-10.7110,7.6645,-1.8233,-1.1825,1.2587
1624946773238,2.2168,-10.5506,7.4085,-1.4946,-1.1215,1.2953
1624946773248,1.5923,-10.9359,6.9323,-1.1366,-1.0677,1.3613
1624946773258,1.3147,-11.2685,6.6524,-0.9241,-0.9834,1.4224
1624946773267,1.2692,-11.0723,6.9275,-0.8703,-0.8356,1.4199
1624946773277,1.0395,-10.4214,7.1022,-0.8581,-0.6352,1.3625
1624946773286,0.6136,-9.7084,7.0711,-0.8056,-0.4630,1.2867
1624946773296,0.2331,-9.3638,7.4563,-0.6822,-0.3176,1.2330
1624946773306,-0.1282,-9.2633,7.6884,-0.5563,-0.1355,1.2330
1624946773315,-0.5015,-9.1580,7.5114,-0.4244,0.0624,1.2538
1624946773325,-0.7144,-9.0719,7.4707,-0.2130,0.2456,1.2599
1624946773334,-0.8030,-8.9044,7.5329,0.0350,0.4155,1.2318
1624946773344,-0.8939,-8.4976,7.7914,0.2305,0.6073,1.1743
1624946773353,-1.1547,-7.7223,7.8320,0.3233,0.7991,1.1279
1624946773363,-1.6165,-7.0499,7.8177,0.3990,0.9555,1.1023
1624946773372,-2.0018,-6.9040,7.7243,0.4736,1.0764,1.0803
1624946773382,-2.2817,-6.9375,7.3989,0.5041,1.1888,1.0705
1624946773392,-2.4373,-6.9686,7.0663,0.5347,1.2951,1.0644
1624946773402,-2.5641,-7.0236,6.7744,0.6605,1.3843,1.0473
1624946773411,-2.6694,-6.8657,6.5901,0.8670,1.4478,1.0192
1624946773421,-2.8464,-6.5905,6.5016,1.1211,1.4881,0.9838
1624946773429,-3.0187,-6.3393,6.3915,1.4045,1.5126,0.9471
1624946773438,-3.1216,-6.1311,6.1570,1.6403,1.5211,0.9263
1624946773469,-3.1503,-5.8679,5.8412,1.8187,1.5175,0.9202
1624946773471,-3.1288,-5.5927,5.6785,1.9592,1.5101,0.9068
1624946773474,-3.1336,-5.2984,5.6665,2.0691,1.5114,0.8701
1624946773480,-3.2221,-4.9969,5.6904,2.1315,1.5089,0.8078
1624946773486,-3.2747,-4.7050,5.7407,2.1375,1.4967,0.7431
1624946773499,-3.2987,-4.5997,5.7886,2.0960,1.4881,0.6979
1624946773510,-3.2628,-4.6619,5.7933,2.0325,1.4979,0.6747
1624946773516,-3.2819,-4.8103,5.7287,1.9763,1.5150,0.6625
1624946773525,-3.3178,-4.9084,5.5158,1.9445,1.5126,0.6600
1624946773537,-3.3082,-4.9538,5.4464,1.9689,1.4918,0.6551
1624946773544,-3.3968,-4.9084,5.3411,2.0484,1.4649,0.6331
1624946773555,-3.4111,-4.8055,5.4703,2.1290,1.4221,0.5843
1624946773563,-3.4255,-4.6380,5.6067,2.1876,1.3733,0.5330
1624946773573,-3.4542,-4.3843,5.7622,2.1864,1.3195,0.4975
1624946773583,-3.5188,-4.1451,5.9369,2.1205,1.2548,0.4670
1624946773592,-3.6337,-4.0470,6.0542,2.0007,1.1949,0.4254
1624946773602,-3.7198,-4.2144,6.1236,1.8089,1.1436,0.3924
1624946773612,-3.7629,-4.5758,6.2360,1.5633,1.1118,0.3888
1624946773622,-3.8179,-4.8294,6.3868,1.3300,1.0874,0.3998
1624946773631,-3.8538,-4.9395,6.7864,1.1956,1.0520,0.4034
1624946773640,-4.0189,-4.9323,6.9634,1.1932,1.0043,0.3998
1624946773650,-4.1792,-4.8294,7.0544,1.2555,0.9213,0.4071
1624946773659,-4.2606,-4.6787,6.9467,1.3092,0.8223,0.4303
1624946773672,-4.3228,-4.5542,6.8414,1.2799,0.7380,0.4511
1624946773679,-4.3324,-4.3700,6.7744,1.1296,0.6659,0.4511
1624946773688,-4.2678,-4.1068,6.8366,0.8853,0.6073,0.4389
1624946773698,-4.2917,-3.8651,6.9347,0.6092,0.5572,0.4169
1624946773707,-4.3707,-3.7622,7.0472,0.3575,0.5132,0.3900
1624946773717,-4.5262,-3.7909,7.0711,0.1632,0.4607,0.3741
1624946773727,-4.6530,-3.9584,7.1046,0.0472,0.4032,0.3705
1624946773737,-4.7559,-4.1379,7.0233,-0.0066,0.3360,0.3705
1624946773747,-4.7990,-4.2503,6.9204,-0.0322,0.2640,0.3582
1624946773757,-4.7368,-4.3484,6.9323,-0.0408,0.2090,0.3424
1624946773766,-4.7080,-4.4250,6.9706,-0.0151,0.1699,0.3314
1624946773776,-4.7152,-4.5231,7.0496,0.0313,0.1320,0.3301
1624946773785,-4.6937,-4.5806,7.1166,0.1327,0.0783,0.3228
1624946773794,-4.6339,-4.5566,7.0902,0.2451,0.0062,0.3118
1624946773803,-4.5525,-4.4442,7.1261,0.3465,-0.0561,0.2923
1624946773813,-4.4185,-4.3126,7.1764,0.4186,-0.1099,0.2752
1624946773823,-4.3491,-4.1211,7.1190,0.4626,-0.1490,0.2569
1624946773834,-4.2654,-3.9417,7.1237,0.4980,-0.1832,0.2287
1624946773844,-4.2151,-3.7981,7.1237,0.5383,-0.2198,0.1774
1624946773854,-4.1290,-3.6785,7.2458,0.5481,-0.2614,0.1115
1624946773863,-4.0476,-3.5469,7.2290,0.5041,-0.3041,0.0504
1624946773873,-3.9734,-3.3483,7.1668,0.3990,-0.3505,-0.0046
1624946773883,-3.8562,-3.3243,7.2745,0.2744,-0.3957,-0.0657
1624946773892,-3.7437,-3.4464,7.4157,0.1205,-0.4263,-0.1243
1624946773902,-3.6959,-3.5277,7.5090,-0.0542,-0.4532,-0.1744
1624946773911,-3.6959,-3.6569,7.7004,-0.1886,-0.4813,-0.2184
1624946773919,-3.7820,-3.8842,7.7914,-0.2460,-0.5106,-0.2526
1624946773930,-3.8371,-4.0613,7.8057,-0.2460,-0.5448,-0.2795
1624946773940,-3.8921,-4.1403,7.8296,-0.1801,-0.5778,-0.3051
1624946773949,-3.9232,-4.0015,7.8703,-0.0506,-0.6157,-0.3503
1624946773958,-3.9017,-3.9895,7.8464,0.0875,-0.6621,-0.4126
1624946773968,-3.6935,-4.0135,7.8320,0.1559,-0.7097,-0.4799
1624946773977,-3.3800,-3.8436,7.5832,0.0362,-0.7329,-0.5312
1624946773988,-3.1240,-3.6115,7.3846,-0.1703,-0.7378,-0.5947
1624946773998,-2.9733,-3.6162,7.1836,-0.3376,-0.7378,-0.6888
1624946774007,-2.8177,-3.7766,7.0185,-0.4354,-0.7513,-0.8012
1624946774017,-2.6311,-4.0541,6.8438,-0.4122,-0.7720,-0.8977
1624946774027,-2.4133,-4.2527,6.7552,-0.2350,-0.8099,-0.9783
1624946774036,-2.1525,-4.2121,6.5901,0.0496,-0.8588,-1.0614
1624946774045,-1.7481,-4.0206,6.5303,0.3563,-0.9113,-1.1640
1624946774056,-1.3318,-3.7168,6.3365,0.5945,-0.9590,-1.2813
1624946774065,-0.8030,-3.4751,6.1570,0.6947,-1.0115,-1.3876
1624946774074,-0.2024,-3.4799,5.9441,0.6043,-1.0653,-1.4841
1624946774084,0.3695,-3.5301,5.6809,0.2940,-1.1227,-1.5880
1624946774093,1.0467,-3.4679,5.5301,-0.2130,-1.1825,-1.6881
1624946774103,1.5635,-3.2717,5.2717,-0.8618,-1.2314,-1.7944
1624946774113,2.0182,-3.1760,5.0228,-1.5239,-1.2595,-1.9276
1624946774121,2.6906,-3.5660,5.0372,-2.0969,-1.2632,-2.0669
1624946774130,3.3414,-4.6404,4.9917,-2.4940,-1.1960,-2.1841
1624946774141,3.8487,-5.8296,5.2597,-2.6015,-1.1337,-2.2782
1624946774150,4.3871,-6.8274,5.3985,-2.3144,-1.1838,-2.3650
1624946774162,5.0690,-7.2797,5.5541,-1.6962,-1.3340,-2.4151
1624946774170,5.6600,-6.9040,5.8005,-0.9803,-1.4880,-2.3931
1624946774179,6.0836,-6.0976,6.0853,-0.4171,-1.6321,-2.3051
1624946774190,6.5598,-5.3821,6.4059,-0.1593,-1.7873,-2.1829
1624946774200,7.2058,-4.6978,6.6069,-0.2668,-1.9376,-2.0424
1624946774209,7.9213,-4.3843,6.6476,-0.6040,-2.0316,-1.9007
1624946774219,8.6008,-4.7122,6.6332,-0.9632,-2.0756,-1.7798
1624946774228,9.2182,-5.4228,6.5949,-1.2930,-2.0817,-1.6735
1624946774238,9.6034,-5.9995,6.2240,-1.5484,-2.0707,-1.5537
1624946774248,9.8499,-6.5211,5.9537,-1.6742,-2.0622,-1.4145
1624946774257,9.9480,-7.0739,5.9824,-1.6510,-2.0402,-1.2679
1624946774267,9.9719,-7.4615,6.3341,-1.5924,-1.9840,-1.1261
1624946774276,9.8834,-7.6266,6.8223,-1.5154,-1.8862,-1.0027
1624946774285,9.7087,-7.7439,7.1309,-1.4189,-1.8007,-0.8708
1624946774296,9.4981,-8.0430,6.7935,-1.2833,-1.7653,-0.7022
1624946774305,9.3857,-8.6244,6.0733,-1.1037,-1.7763,-0.5079
1624946774315,9.4024,-9.2155,5.4320,-0.8960,-1.7995,-0.3210
1624946774324,9.4814,-9.5122,5.1210,-0.6871,-1.7934,-0.1756
1624946774334,9.3139,-9.5409,4.9702,-0.4268,-1.7531,-0.0828
1624946774343,9.0100,-9.6533,5.3052,-0.0738,-1.7299,-0.0315
1624946774353,8.6319,-9.8208,5.7790,0.1950,-1.7274,0.0223
1624946774363,8.2204,-9.6366,5.8316,0.2475,-1.7433,0.1090
1624946774372,7.9356,-9.4619,5.6689,0.1669,-1.7726,0.2287
1624946774382,7.7203,-9.6892,5.5564,0.0289,-1.7677,0.3692
1624946774391,7.4092,-10.0194,5.4249,-0.1971,-1.7250,0.4792
1624946774400,7.0742,-10.2515,5.3555,-0.5123,-1.6553,0.5256
1624946774411,6.6268,-10.3066,5.1784,-0.8679,-1.5613,0.5317
1624946774421,6.2415,-10.2467,5.3052,-1.2136,-1.4831,0.5256
1624946774428,5.8491,-10.2228,5.7455,-1.5557,-1.3792,0.5439
1624946774438,5.2796,-10.2348,6.4250,-1.8734,-1.2436,0.5891
1624946774449,4.3631,-10.7827,6.9275,-2.0310,-1.0640,0.6453
1624946774499,3.2026,-11.4623,6.9969,-2.0554,-0.9455,0.7064
1624946774500,2.3819,-12.0174,6.8725,-2.0041,-0.8979,0.7687
1624946774501,2.1235,-12.3381,6.6595,-1.8953,-0.8405,0.8530
1624946774502,2.2503,-12.2137,6.3222,-1.7756,-0.7427,0.9508
1624946774503,2.5925,-11.8715,6.3078,-1.6266,-0.6120,1.0485
1624946774509,2.7791,-11.4743,6.2552,-1.4873,-0.4581,1.1426
1624946774514,2.6284,-11.1919,6.3557,-1.3749,-0.2626,1.2403
1624946774524,2.1426,-10.7636,6.2623,-1.2967,-0.0915,1.3417
1624946774533,1.4894,-10.5937,6.3676,-1.1721,0.0648,1.4321
1624946774544,0.9151,-10.6464,6.4466,-1.0011,0.2017,1.5091
1624946774555,0.5131,-10.5554,6.3987,-0.8508,0.3031,1.5971
1624946774564,0.3767,-10.5124,6.6572,-0.6846,0.3959,1.6948
1624946774573,0.3169,-10.5578,6.8414,-0.4733,0.5071,1.7987
1624946774583,0.2571,-10.2180,6.7624,-0.2888,0.6219,1.9050
1624946774593,0.1805,-9.8208,6.5949,-0.0518,0.7331,2.0027
1624946774603,-0.0133,-9.6079,6.3628,0.2427,0.8443,2.0943
1624946774612,-0.1641,-9.3662,6.1499,0.5126,0.9457,2.1774
1624946774622,-0.3029,-9.0791,5.8029,0.7863,1.0337,2.2434
1624946774631,-0.4153,-8.7656,5.5804,1.0771,1.1228,2.2898
1624946774641,-0.5493,-8.1770,5.3937,1.3422,1.1974,2.3130
1624946774650,-0.6378,-7.5022,5.2573,1.5585,1.2523,2.3044
1624946774660,-0.6905,-6.9662,5.1114,1.7454,1.2951,2.2739
1624946774670,-0.7312,-6.6360,4.9176,1.8419,1.3366,2.2434
1624946774680,-0.7623,-6.4206,4.8242,1.8614,1.3806,2.2165
1624946774689,-0.8245,-6.1646,4.8123,1.8333,1.4356,2.1933
1624946774698,-0.9346,-5.9325,4.8099,1.8260,1.4869,2.1652
1624946774708,-1.2097,-5.9253,4.8649,1.8700,1.5358,2.1224
1624946774718,-1.4347,-5.9181,4.9726,1.9457,1.5614,2.0748
1624946774726,-1.5615,-5.8966,5.1640,1.9922,1.5798,2.0430
1624946774736,-1.7410,-5.7124,5.0396,2.0423,1.5895,2.0284
1624946774745,-1.8199,-5.4874,4.9319,2.1021,1.5920,2.0002
1624946774755,-1.8654,-5.2458,4.8027,2.1730,1.5956,1.9538
1624946774769,-1.9300,-5.1213,4.7740,2.2243,1.6140,1.8976
1624946774776,-2.1047,-4.9825,4.6807,2.2500,1.6396,1.8487
1624946774786,-2.3104,-4.7289,4.6208,2.2573,1.6531,1.7999
1624946774795,-2.5497,-4.5351,4.5610,2.3000,1.6408,1.7254
1624946774805,-2.7435,-4.4274,4.6472,2.3575,1.6311,1.6215
1624946774814,-2.9613,-4.2982,4.5347,2.3868,1.6091,1.5054
1624946774824,-3.1001,-4.1714,4.4055,2.3892,1.5676,1.3906
1624946774833,-3.2101,-4.2168,4.4510,2.3880,1.5187,1.2745
1624946774843,-3.3346,-4.2599,4.5874,2.3538,1.4832,1.1597
1624946774853,-3.5667,-4.1427,4.6544,2.2939,1.4515,1.0522
1624946774862,-3.8155,-3.9465,4.7549,2.2487,1.3953,0.9508
1624946774872,-3.9639,-3.8771,5.0228,2.2390,1.3147,0.8323
1624946774882,-4.1194,-3.7550,4.9295,2.2475,1.2193,0.6991
1624946774890,-4.1721,-3.5971,4.9223,2.2365,1.1180,0.5623
1624946774901,-4.2390,-3.5588,4.9176,2.2500,1.0178,0.4352
1624946774910,-4.3036,-3.4535,5.1329,2.2536,0.9249,0.3204
1624946774919,-4.3898,-3.1951,5.3602,2.2328,0.8199,0.2043
1624946774930,-4.4688,-2.9702,5.5517,2.2035,0.6965,0.0956
1624946774939,-4.5214,-2.8242,5.5780,2.1815,0.5584,-0.0058
1624946774949,-4.4759,-2.8051,5.4344,2.1461,0.4301,-0.1109
1624946774958,-4.5023,-2.6448,5.2047,2.1388,0.2982,-0.2367
1624946774966,-4.4879,-2.5371,5.4655,2.1485,0.1968,-0.3662
1624946774976,-4.4448,-2.3074,5.7359,2.1498,0.0612,-0.5116
1624946774987,-4.2821,-2.0968,5.9369,2.0618,-0.0769,-0.6338
1624946774997,-4.0548,-1.8599,6.0900,1.8016,-0.1856,-0.7108
1624946775006,-3.9208,-1.6589,6.2504,1.4106,-0.2406,-0.7694
1624946775016,-3.9136,-1.6087,6.4083,0.9989,-0.2601,-0.8464
1624946775024,-3.9711,-1.7259,6.3820,0.6519,-0.2931,-0.9502
1624946775036,-4.0069,-1.9772,6.3796,0.4418,-0.3493,-1.0663
1624946775045,-4.0883,-2.3050,6.3317,0.3917,-0.4312,-1.1823
1624946775053,-4.0859,-2.4868,6.3604,0.4491,-0.5570,-1.2850
1624946775062,-3.8347,-2.4988,6.4370,0.5347,-0.7219,-1.3815
1624946775072,-3.3633,-2.5371,6.7888,0.4821,-0.8686,-1.4633
1624946775082,-2.8345,-2.5251,6.9778,0.1571,-0.9565,-1.5183
1624946775092,-2.4516,-2.5562,6.8486,-0.3914,-0.9846,-1.5415
1624946775103,-2.2626,-2.7883,6.8438,-0.9253,-0.9810,-1.5708
1624946775112,-2.2291,-3.1616,6.8605,-1.2808,-0.9993,-1.6551
1624946775122,-2.1190,-3.5325,6.7696,-1.4164,-1.0433,-1.7749
1624946775131,-1.9061,-3.9345,6.6356,-1.3236,-1.0946,-1.8836
1624946775141,-1.6763,-4.3006,6.2504,-1.0414,-1.1911,-1.9862
1624946775150,-1.1571,-4.7624,6.0135,-0.6773,-1.3267,-2.1035
1624946775160,-0.6020,-4.7624,5.9800,-0.3205,-1.4525,-2.2196
1624946775170,-0.0444,-4.3078,6.2887,-0.0163,-1.5649,-2.3320
1624946775180,0.5275,-3.6138,6.7720,0.1852,-1.6798,-2.4554
1624946775189,1.0945,-2.9654,7.1357,0.2781,-1.7971,-2.5959
1624946775199,1.6281,-2.6639,7.2841,0.1791,-1.9510,-2.7327
1624946775209,2.6044,-2.8123,7.3224,-0.2179,-2.1281,-2.8573
1624946775218,4.0736,-3.2860,7.0472,-0.9693,-2.2234,-2.9258
1624946775228,5.4232,-3.8555,6.7529,-1.8514,-2.1978,-2.9746
1624946775237,6.5598,-4.9155,6.7313,-2.4769,-2.1135,-3.0504
1624946775247,7.3637,-6.2125,7.0807,-2.5917,-2.0842,-3.1505
1624946775256,7.9332,-7.2174,7.4899,-2.1910,-2.1624,-3.2275
1624946775266,8.5889,-7.8587,7.9110,-1.3969,-2.2968,-3.1982
1624946775276,9.2780,-7.9138,8.1670,-0.5429,-2.4153,-3.0015
1624946775286,9.9504,-7.5357,8.3154,0.1168,-2.4812,-2.6961
1624946775295,10.4936,-7.0141,8.2220,0.5664,-2.5216,-2.3796
1624946775304,10.8333,-6.7269,8.0019,0.9171,-2.5350,-2.0962
1624946775314,10.8214,-6.7197,7.5856,1.3080,-2.5435,-1.8250
1624946775323,10.5486,-6.6408,7.0615,1.7368,-2.5863,-1.5171
1624946775333,10.3213,-6.0928,6.8821,2.0984,-2.6779,-1.1652
1624946775343,10.3859,-5.3558,6.9108,2.1901,-2.7708,-0.7938
1624946775353,10.8190,-4.5399,6.8964,1.9323,-2.8282,-0.4554
1624946775362,11.4172,-3.9489,6.8103,1.4277,-2.8441,-0.1463
1624946775370,11.9340,-4.0278,6.6045,0.8022,-2.8111,0.1176
1624946775379,12.1566,-4.7193,6.2887,0.1034,-2.7573,0.3069
1624946775389,12.5131,-5.8846,6.3987,-0.5942,-2.6278,0.4389
1624946775399,12.6423,-6.5570,6.9754,-1.1391,-2.3884,0.5525
1624946775410,12.3073,-7.1169,8.3034,-1.3175,-2.0866,0.6319
1624946775420,11.3789,-7.9903,9.3993,-1.1024,-1.8618,0.7040
1624946775429,10.5869,-8.7752,9.9592,-0.8117,-1.7751,0.7944
1624946775439,10.0389,-9.2250,9.5907,-0.6602,-1.7555,0.9251
1624946775448,9.7901,-9.1197,9.0667,-0.7310,-1.6810,1.0693
1624946775458,9.4192,-8.8805,8.5499,-0.9852,-1.5478,1.1976
1624946775468,8.7635,-8.7632,8.0833,-1.3541,-1.3853,1.2660
1624946775477,7.8040,-8.2894,7.1501,-1.7524,-1.2668,1.2403
1624946775487,6.9259,-7.9305,6.6380,-2.0529,-1.2009,1.1658
1624946775497,6.2870,-8.4067,7.0544,-2.1372,-1.0860,1.1292
1624946775506,5.5380,-9.1078,7.4013,-2.1678,-0.9455,1.1719
1624946775516,4.6718,-9.5576,7.5712,-2.1886,-0.8612,1.2416
1624946775525,4.1717,-9.7802,7.8847,-2.2374,-0.8490,1.2684
1624946775535,3.9061,-9.8735,7.9110,-2.3388,-0.7207,1.2501
1624946775544,3.5496,-9.5816,7.9828,-2.4415,-0.4715,1.2098
1624946775554,3.2098,-9.2801,7.9852,-2.4451,-0.2125,1.1841
1624946775564,2.9059,-9.1508,7.9373,-2.3523,0.0025,1.2024
1624946775573,2.5901,-9.0336,7.6813,-2.2594,0.2102,1.2648
1624946775583,2.1953,-9.0456,7.3846,-2.1678,0.4130,1.3442
1624946775592,1.7598,-9.0910,7.2218,-2.0542,0.6146,1.3992
1624946775602,1.3865,-9.1054,7.1453,-1.9381,0.8003,1.4248
1624946775612,1.1017,-9.2370,7.2027,-1.7964,0.9542,1.4651
1624946775621,0.9199,-9.3112,7.0687,-1.6254,1.0752,1.5555
1624946775629,0.7524,-9.2753,6.9347,-1.3761,1.1803,1.6435
1624946775641,0.6184,-9.3159,6.8031,-1.0426,1.2792,1.7021
1624946775650,0.5729,-9.4404,6.6213,-0.6907,1.3501,1.7718
1624946775658,0.4844,-9.3782,6.4298,-0.3804,1.4161,1.8903
1624946775669,0.3504,-9.1652,6.1594,-0.0591,1.4698,2.0173
1624946775679,0.2020,-8.8541,5.9106,0.3050,1.5297,2.0992
1624946775687,0.0321,-8.3492,5.6976,0.6776,1.5773,2.1273
1624946775697,-0.0660,-7.8515,5.4703,0.9952,1.6079,2.1236
1624946775706,-0.0349,-7.4232,5.1975,1.2323,1.6262,2.1163
1624946775716,0.0489,-7.0691,5.0420,1.3764,1.6531,2.1224
1624946775729,0.0393,-6.9112,4.9893,1.4742,1.6946,2.1224
1624946775737,-0.0229,-6.8130,5.1736,1.5303,1.7484,2.0992
1624946775746,-0.2335,-6.5451,5.2908,1.5352,1.7838,2.0821
1624946775756,-0.4799,-6.4063,5.4799,1.5450,1.7923,2.0797
1624946775766,-0.6977,-6.3488,5.3483,1.5646,1.7850,2.0919
1624946775775,-0.7742,-6.3154,5.2095,1.5866,1.7740,2.0968
1624946775785,-0.8030,-6.2986,5.0205,1.6342,1.7606,2.0833
1624946775794,-0.8412,-6.2747,4.9008,1.7026,1.7533,2.0601
1624946775804,-0.9561,-6.2364,4.8506,1.7723,1.7459,2.0271
1624946775814,-1.1499,-6.0904,4.8290,1.8492,1.7410,1.9966
1624946775823,-1.4299,-5.8870,4.8649,1.9360,1.7190,1.9648
1624946775833,-1.6859,-5.5784,4.9391,1.9799,1.6836,1.9269
1624946775842,-1.9611,-5.2266,5.0205,1.9726,1.6360,1.8781
1624946775850,-2.1956,-4.8509,5.1784,1.9128,1.5908,1.8109
1624946775861,-2.3894,-4.4920,5.3602,1.7674,1.5480,1.7339
1624946775871,-2.6000,-4.2049,5.3818,1.5536,1.5040,1.6533
1624946775879,-2.8129,-4.0206,5.4201,1.3202,1.4625,1.5665
1624946775891,-3.0139,-4.0039,5.3578,1.0918,1.4197,1.4712
1624946775900,-3.2101,-4.0852,5.2597,0.8902,1.3770,1.3784
1624946775910,-3.4327,-4.3317,5.1377,0.7375,1.3281,1.2953
1624946775919,-3.5643,-4.6834,5.1927,0.6507,1.2768,1.2183
1624946775928,-3.7557,-5.0854,5.3004,0.6568,1.2133,1.1499
1624946775939,-3.9734,-5.3056,5.2597,0.7423,1.1241,1.0937
1624946775948,-4.1936,-5.2601,5.2047,0.9048,1.0117,1.0363
1624946775958,-4.3635,-4.9203,5.1664,1.1357,0.8712,0.9496
1624946775967,-4.4448,-4.3700,5.1808,1.3434,0.7123,0.8201
1624946775977,-4.3970,-3.8986,5.4727,1.4436,0.5865,0.6673
1624946775986,-4.3635,-3.3817,5.8077,1.4302,0.5108,0.5330
1624946775996,-4.4520,-2.9295,6.0709,1.3092,0.4753,0.4328
1624946776004,-4.6171,-2.6567,6.0350,1.1431,0.4387,0.3460
1624946776013,-4.7057,-2.5682,5.8484,0.9671,0.3886,0.2422
1624946776023,-4.6482,-2.7070,5.7862,0.7985,0.3434,0.1139
1624946776032,-4.5884,-2.9223,5.5684,0.6654,0.3116,-0.0156
1624946776044,-4.5669,-3.1568,5.4655,0.5762,0.2798,-0.1317
1624946776054,-4.5477,-3.4344,5.5397,0.5566,0.2237,-0.2392
1624946776064,-4.5286,-3.6138,5.7144,0.5860,0.1540,-0.3442
1624946776073,-4.5836,-3.6450,5.6952,0.6703,0.0905,-0.4493
1624946776083,-4.6650,-3.6067,5.7838,0.7998,0.0367,-0.5470
1624946776092,-4.7631,-3.5373,5.7383,0.9732,-0.0195,-0.6399
1624946776102,-4.8253,-3.4703,5.6761,1.1846,-0.0867,-0.7315
1624946776112,-4.7966,-3.3195,5.4488,1.3911,-0.1832,-0.8403
1624946776121,-4.5717,-3.1042,5.3243,1.5707,-0.2944,-0.9771
1624946776131,-4.1553,-2.8194,5.1664,1.6647,-0.4019,-1.1384
1624946776140,-3.6002,-2.4629,5.1114,1.5927,-0.4862,-1.2960
1624946776150,-3.0953,-2.0800,5.1281,1.3422,-0.5472,-1.4364
1624946776159,-2.6789,-1.7833,5.3004,0.9476,-0.5827,-1.5757
1624946776169,-2.2267,-1.8240,5.4129,0.4613,-0.6022,-1.7236
1624946776178,-1.8391,-2.4868,5.1808,-0.0212,-0.5643,-1.8665
1624946776188,-1.6428,-3.4703,4.9559,-0.3816,-0.4886,-2.0021
1624946776198,-1.4682,-4.4609,4.6161,-0.4415,-0.4947,-2.1646
1624946776208,-1.1882,-5.1596,4.3433,-0.0664,-0.6242,-2.3796
1624946776218,-0.7910,-5.2529,4.4151,0.6141,-0.8233,-2.6191
1624946776227,-0.3005,-4.8150,4.8147,1.3789,-1.0726,-2.8109
1624946776237,0.3887,-4.0900,5.1904,1.8737,-1.3414,-2.8976
1624946776245,1.2908,-3.4296,5.9895,1.8480,-1.5930,-2.9111
1624946776255,2.5853,-3.1760,6.4250,1.2799,-1.7800,-2.9025
1624946776266,4.0425,-3.1377,6.4681,0.3098,-1.8862,-2.9001
1624946776275,5.2940,-3.6880,6.4633,-0.6981,-1.9021,-2.9367
1624946776285,6.4760,-5.1309,6.3891,-1.4091,-1.8227,-3.0222
1624946776294,7.0335,-7.2246,6.9658,-1.5594,-1.6676,-3.1102
1624946776304,7.0048,-8.8350,7.5640,-0.9375,-1.7091,-3.1689
1624946776314,7.5959,-9.0623,7.8057,0.3722,-1.9950,-3.1212
1624946776321,8.3137,-7.8826,8.1527,1.9128,-2.2894,-2.9196
1624946776330,8.7994,-6.4350,9.3395,3.0771,-2.4825,-2.6118
1624946776340,9.4910,-5.0280,10.2320,3.4362,-2.6449,-2.2794
1624946776350,10.4122,-3.6521,10.2847,3.0086,-2.7378,-1.9044
1624946776362,11.3765,-2.8601,9.7367,2.2341,-2.7195,-1.4719
1624946776371,12.0561,-2.9128,9.5907,1.5560,-2.6193,-1.0394
1624946776381,12.0728,-3.2645,9.9521,1.1260,-2.5203,-0.6485
1624946776390,11.7617,-3.6354,10.3301,0.8657,-2.4519,-0.3015
1624946776400,11.5249,-4.0876,10.3349,0.6568,-2.3847,0.0406
1624946776409,11.5488,-4.5901,10.1698,0.3905,-2.2821,0.3876
1624946776419,11.6421,-5.0184,9.7822,0.0337,-2.1428,0.6967
1624946776428,11.9388,-5.3175,9.5596,-0.3682,-1.9950,0.9337
1624946776438,11.9843,-5.2697,9.4855,-0.6846,-1.8520,1.0730
1624946776447,11.7953,-5.6860,9.9210,-0.8630,-1.7177,1.1621
1624946776456,11.1731,-6.4733,10.3038,-0.9766,-1.6004,1.2733
1624946776467,10.5366,-7.4160,10.6077,-1.1366,-1.5100,1.4419
1624946776477,9.7757,-8.2105,10.5909,-1.2662,-1.4232,1.6154
1624946776487,8.8688,-8.5359,10.4522,-1.3016,-1.3487,1.7034
1624946776496,8.0313,-8.5670,10.5000,-1.2527,-1.3059,1.6814
1624946776506,7.3542,-8.4282,10.5551,-1.3126,-1.2253,1.6203
1624946776515,6.7464,-7.9640,9.9975,-1.5386,-1.1459,1.5665
1624946776525,6.3564,-7.8707,9.6314,-1.7866,-1.0567,1.5360
1624946776534,5.8945,-7.9042,9.4687,-2.0419,-0.9443,1.5299
1624946776544,5.0164,-7.6912,8.9925,-2.2594,-0.8527,1.5091
1624946776553,4.0760,-7.5764,8.7437,-2.3340,-0.8014,1.4541
1624946776563,3.2313,-7.6912,8.7963,-2.3706,-0.7549,1.3845
1624946776572,2.6571,-7.7822,9.0332,-2.4256,-0.6609,1.3051
1624946776582,2.2024,-7.6027,8.9064,-2.5013,-0.5558,1.2183
1624946776592,2.0038,-7.6266,8.4733,-2.5001,-0.4556,1.1316
1624946776601,2.1570,-7.8611,8.5092,-2.4708,-0.3127,1.0461
1624946776611,2.1019,-8.2368,8.3513,-2.4525,-0.0683,0.9838
1624946776621,1.7813,-8.5766,8.5858,-2.4133,0.2114,0.9459
1624946776630,1.0898,-8.7728,8.3584,-2.3034,0.4399,0.9288
1624946776638,0.5801,-8.6723,8.3417,-2.1421,0.6170,0.9655
1624946776648,0.1350,-8.1961,8.1670,-1.9406,0.7795,1.0204
1624946776658,-0.1712,-7.7606,7.8488,-1.6669,0.9237,1.0485
1624946776667,-0.2550,-7.4017,7.3989,-1.4103,1.0190,1.0436
1624946776678,-0.1856,-7.0930,6.9132,-1.2527,1.1131,1.0290
1624946776688,-0.1114,-7.0236,6.6619,-1.1635,1.2340,1.0363
1624946776698,-0.2454,-6.9447,6.4035,-1.1513,1.3598,1.0840
1624946776707,-0.4943,-7.0428,6.3533,-1.1232,1.4759,1.1365
1624946776717,-0.9346,-7.0212,6.3437,-1.0267,1.5627,1.1768
1624946776727,-1.3102,-6.9351,6.3748,-0.8764,1.6152,1.2196
1624946776736,-1.5806,-7.1026,6.2169,-0.6553,1.6494,1.2709
1624946776746,-1.6476,-7.2605,6.0565,-0.4317,1.6665,1.3368
1624946776755,-1.5926,-7.1624,5.8986,-0.2204,1.6750,1.4028
1624946776765,-1.5806,-7.1098,5.5636,0.0227,1.6873,1.4627
1624946776775,-1.5567,-7.0332,5.4272,0.2659,1.7019,1.5128
1624946776784,-1.5854,-6.7030,5.2382,0.4894,1.7081,1.5531
1624946776794,-1.6357,-6.5211,4.9893,0.7094,1.7141,1.5677
1624946776803,-1.6380,-6.5786,4.9152,0.8804,1.7239,1.5946
1624946776813,-1.7577,-6.4805,4.9535,0.9574,1.7447,1.6508
1624946776823,-1.9491,-6.1909,4.9104,1.0282,1.7484,1.6838
1624946776832,-2.0377,-5.9971,4.8745,1.1211,1.7349,1.6997
1624946776842,-2.1286,-5.8440,4.8314,1.1932,1.7178,1.7229
1624946776852,-2.2626,-5.7458,4.7788,1.2506,1.7117,1.7473
1624946776859,-2.4325,-5.6597,4.7692,1.3007,1.7007,1.7522
1624946776871,-2.6263,-5.5616,4.8123,1.3361,1.6775,1.7388
1624946776880,-2.8416,-5.6047,4.7596,1.3862,1.6543,1.7315
1624946776890,-3.0522,-5.6382,4.7046,1.4289,1.6201,1.7412
1624946776900,-3.2700,-5.5281,4.7261,1.4864,1.5749,1.7327
1624946776909,-3.5260,-5.3175,4.7883,1.5548,1.5309,1.6960
1624946776918,-3.7724,-4.9706,4.7931,1.6427,1.4747,1.6386
1624946776928,-3.9256,-4.7241,4.9128,1.7710,1.4307,1.5812
1624946776938,-4.0907,-4.5901,5.1210,1.9311,1.4283,1.5494
1624946776948,-4.3611,-4.4872,5.2167,2.0997,1.4417,1.5287
1624946776956,-4.6147,-4.4705,5.2358,2.2952,1.4221,1.4895
1624946776965,-4.7966,-4.5255,5.0779,2.4821,1.3611,1.4175
1624946776975,-4.9043,-4.3484,5.0540,2.6018,1.2780,1.3197
1624946776985,-4.9497,-3.9153,5.4344,2.6543,1.2133,1.2049
1624946776997,-5.1005,-3.3578,5.8292,2.6934,1.1790,1.0864
1624946777005,-5.2871,-2.8051,6.2145,2.7069,1.1460,0.9703
1624946777015,-5.4809,-2.3600,6.3676,2.6556,1.1033,0.8604
1624946777025,-5.6676,-2.0609,6.2767,2.5077,1.0593,0.7553
1624946777034,-5.8398,-2.0274,6.3533,2.2536,1.0263,0.6466
1624946777044,-5.9451,-2.2332,6.7600,1.9103,1.0068,0.5244
1624946777053,-6.0911,-2.4557,6.9275,1.5352,0.9774,0.4047
1624946777063,-6.1581,-2.6113,6.9634,1.1577,0.9090,0.2923
1624946777073,-6.1198,-2.7883,7.0663,0.8254,0.8308,0.1896
1624946777082,-6.0361,-2.8027,7.0233,0.5188,0.7563,0.0907
1624946777092,-6.0050,-3.0539,7.0137,0.2720,0.7026,-0.0070
1624946777101,-6.1772,-3.3841,6.9515,0.0704,0.6488,-0.0901
1624946777110,-6.3400,-3.7168,6.7242,-0.0957,0.5804,-0.1524
1624946777121,-6.3088,-4.0493,6.5925,-0.1910,0.4937,-0.1940
1624946777130,-6.1294,-4.2910,6.4490,-0.1691,0.3935,-0.2282
1624946777139,-5.8829,-4.3939,6.3628,0.0301,0.2860,-0.2917
1624946777149,-5.5719,-4.3269,6.1953,0.3648,0.1711,-0.4090
1624946777158,-5.2321,-4.1283,6.3174,0.7338,0.0172,-0.5800
1624946777169,-4.6626,-4.0517,6.7600,0.9268,-0.1429,-0.7670
1624946777178,-4.0333,-3.7383,7.0520,0.7008,-0.2491,-0.9001
1624946777188,-3.4135,-3.6210,6.9084,0.1779,-0.2577,-0.9698
1624946777198,-2.8895,-4.0326,6.5997,-0.3462,-0.2027,-1.0247
1624946777207,-2.5258,-4.7002,6.3030,-0.6895,-0.1587,-1.1041
1624946777216,-2.3152,-5.3128,5.9728,-0.7677,-0.1807,-1.1970
1624946777226,-2.0424,-5.6597,5.8891,-0.5502,-0.3090,-1.2996
1624946777236,-1.6883,-5.5712,5.7886,-0.1385,-0.4972,-1.4181
1624946777246,-1.2863,-5.1381,5.6689,0.3416,-0.6633,-1.5379
1624946777255,-0.7886,-4.6547,5.5541,0.7472,-0.8099,-1.6380
1624946777265,-0.2000,-4.1522,5.4225,1.0014,-0.9431,-1.7358
1624946777274,0.4198,-3.7742,5.2430,1.0881,-1.0677,-1.8604
1624946777282,1.2046,-3.6091,5.4488,1.0783,-1.2082,-2.0314
1624946777292,1.9009,-3.4272,5.5756,1.0356,-1.3634,-2.2342
1624946777301,2.5470,-3.1927,5.5684,0.9488,-1.5210,-2.4212
1624946777311,3.1667,-3.0635,5.4488,0.8327,-1.7079,-2.5641
1624946777323,3.8750,-2.9056,5.2550,0.6910,-1.9547,-2.6729
1624946777332,4.6216,-2.6783,5.1066,0.5053,-2.2406,-2.7803
1624946777342,5.2198,-2.5036,5.0252,0.2622,-2.5521,-2.8903
1624946777351,6.0692,-2.6615,5.2454,-0.1080,-2.8722,-2.9612
1624946777361,7.1436,-2.9750,5.2956,-0.6541,-3.1141,-2.9624
1624946777370,8.1797,-3.1616,5.3961,-1.3053,-3.2815,-2.9086
1624946777380,9.4670,-3.5588,5.9824,-1.8404,-3.3902,-2.8292
1624946777389,10.6682,-4.5973,6.9275,-2.0542,-3.4000,-2.7095
1624946777399,11.3047,-5.9397,7.6454,-1.8624,-3.3731,-2.5348
1624946777409,11.6684,-7.2605,8.0857,-1.3126,-3.4391,-2.2794
1624946777418,11.8048,-8.0071,7.8033,-0.6113,-3.5771,-1.8811
1624946777428,11.9221,-8.0525,7.5784,-0.0970,-3.6529,-1.3693
1624946777438,11.9125,-7.9640,7.6741,0.1877,-3.5942,-0.8671
1624946777448,11.6254,-7.9401,7.6789,0.2769,-3.4647,-0.4615
1624946777457,11.3598,-7.8707,7.5497,0.1730,-3.3389,-0.1683
1624946777466,11.2952,-7.9879,7.6262,-0.0664,-3.2130,0.0357
1624946777476,11.2712,-8.3732,8.0737,-0.3731,-3.0115,0.1652
1624946777486,10.8286,-8.5072,8.7939,-0.7420,-2.7598,0.2104
1624946777495,10.0437,-8.3995,9.3515,-1.1134,-2.5631,0.2104
1624946777505,9.0076,-8.5718,9.4424,-1.4690,-2.4397,0.2617
1624946777515,7.8280,-9.0145,8.8226,-1.7976,-2.3762,0.3815
1624946777524,6.7512,-9.6127,8.0426,-2.0566,-2.3603,0.4902
1624946777534,6.1027,-10.5243,7.6095,-2.2350,-2.3554,0.5293
1624946777543,5.7749,-11.3355,7.6717,-2.3914,-2.3163,0.5012
1624946777553,5.5811,-11.9839,8.3560,-2.4305,-2.2332,0.4377
1624946777563,4.9661,-12.2998,8.7078,-2.3889,-2.1440,0.4059
1624946777572,4.0640,-12.2495,8.8729,-2.2521,-2.0732,0.4364
1624946777582,3.2242,-11.8475,8.5068,-2.0920,-2.0231,0.5098
1624946777592,2.7480,-11.7399,7.9876,-1.9149,-1.9681,0.5977
1624946777599,2.6164,-11.5772,7.2625,-1.7768,-1.8630,0.6563
1624946777609,2.8987,-11.2470,7.1692,-1.7267,-1.7115,0.6539
1624946777619,3.1835,-10.8330,7.3056,-1.6730,-1.5466,0.6038
1624946777629,2.9035,-10.4071,7.5090,-1.6473,-1.3365,0.6026
1624946777642,2.4848,-10.3329,7.6167,-1.7182,-1.1496,0.7016
1624946777649,1.9392,-10.6176,7.8416,-1.7842,-0.9651,0.8604
1624946777658,1.5516,-10.9766,7.8464,-1.7548,-0.7892,1.0180
1624946777668,1.5013,-11.1991,7.6765,-1.6217,-0.6572,1.1524
1624946777678,1.7167,-11.2805,7.4970,-1.3712,-0.5228,1.2416
1624946777687,1.9942,-11.1010,7.1046,-1.0975,-0.3457,1.3051
1624946777697,2.3197,-10.7947,6.8031,-0.8728,-0.1294,1.3820
1624946777707,2.4656,-10.5794,6.4274,-0.7274,0.1125,1.4945
1624946777716,2.4680,-10.4597,6.2169,-0.6125,0.3373,1.6386
1624946777726,2.2766,-10.2994,6.0278,-0.5185,0.5352,1.7828
1624946777736,1.9536,-10.3209,5.6187,-0.3450,0.6879,1.9074
1624946777745,1.7885,-10.1654,5.4464,-0.1544,0.7783,2.0332
1624946777755,1.6449,-9.7323,5.1592,0.0716,0.8492,2.1358
1624946777764,1.6234,-9.4500,4.9176,0.3648,0.9188,2.1859
1624946777774,1.5899,-9.2418,4.7740,0.6202,0.9884,2.2434
1624946777783,1.4894,-9.1102,4.5921,0.7888,1.0446,2.3154
1624946777793,1.3003,-9.0551,4.5132,0.9317,1.1131,2.3753
1624946777803,1.0371,-8.8996,4.4079,1.0221,1.1717,2.4193
1624946777812,0.7978,-8.7895,4.3648,1.1309,1.2071,2.4462
1624946777822,0.5298,-8.7512,4.3840,1.2652,1.2365,2.4828
1624946777830,0.2403,-8.7560,4.5682,1.4412,1.2548,2.5207
1624946777839,-0.0109,-8.6507,4.5706,1.6134,1.2597,2.5622
1624946777849,-0.1832,-8.4091,4.5826,1.7735,1.2523,2.6050
1624946777860,-0.3794,-8.0023,4.5706,1.8993,1.2768,2.6368
1624946777870,-0.6331,-7.4926,4.5898,2.0203,1.3281,2.6404
1624946777879,-0.8747,-7.0763,4.5730,2.1437,1.3794,2.6319
1624946777889,-1.1092,-6.8322,4.5515,2.2915,1.4271,2.6331
1624946777898,-1.3389,-6.4709,4.5443,2.3941,1.4662,2.6209
1624946777908,-1.5687,-6.0761,4.5228,2.4821,1.4881,2.5708
1624946777917,-1.8486,-5.8009,4.6256,2.5517,1.5211,2.5109
1624946777926,-2.2195,-5.4755,4.6472,2.5786,1.5565,2.4731
1624946777935,-2.5330,-5.2051,4.6161,2.6128,1.5651,2.4364
1624946777945,-2.7603,-4.9562,4.6472,2.6665,1.5553,2.3790
1624946777958,-2.9972,-4.6547,4.6185,2.7130,1.5346,2.3057
1624946777966,-3.1934,-4.1690,4.6759,2.7557,1.5089,2.2128
1624946777976,-3.4614,-3.6569,4.7309,2.8156,1.4832,2.0992
1624946777985,-3.6863,-3.1138,4.6280,2.8779,1.4368,1.9648
1624946777995,-3.7844,-2.5706,4.5132,2.8852,1.3733,1.8072
1624946778004,-3.9064,-2.1518,4.3577,2.8535,1.3452,1.6349
1624946778014,-4.1098,-1.7953,4.3433,2.7948,1.3513,1.4590
1624946778024,-4.3204,-1.5082,4.2643,2.7191,1.3562,1.2929
1624946778033,-4.5166,-1.4268,4.3289,2.6568,1.3562,1.1389
1624946778043,-4.8612,-1.6470,4.5204,2.6751,1.3391,0.9887
1624946778052,-5.1747,-1.7163,4.8219,2.6971,1.2475,0.8042
1624946778062,-5.3493,-1.5201,5.1305,2.7460,1.0789,0.5672
1624946778070,-5.4618,-1.1756,5.3722,2.8498,0.8846,0.3265
1624946778081,-5.5431,-0.6994,5.4918,2.9598,0.7099,0.1200
1624946778091,-5.5503,-0.3453,5.6904,3.0306,0.5547,-0.0742
1624946778099,-5.5288,0.0137,5.6880,3.0587,0.3971,-0.2746
1624946778110,-5.3517,0.3247,5.6641,2.9757,0.2212,-0.4969
1624946778120,-4.9952,0.4994,5.7933,2.7582,0.0551,-0.7278
1624946778129,-4.6841,0.5090,6.0398,2.4320,-0.0378,-0.9282
1624946778139,-4.5453,0.3606,6.2408,2.0252,-0.0757,-1.0822
1624946778149,-4.4975,0.1620,6.3222,1.6293,-0.1331,-1.2129
1624946778158,-4.3970,-0.1132,6.6882,1.3275,-0.2284,-1.3656
1624946778169,-4.2534,-0.1251,6.6236,1.0979,-0.3591,-1.5501
1624946778177,-3.9878,-0.0964,6.6667,0.9671,-0.5179,-1.7626
1624946778187,-3.6385,-0.0868,6.4657,0.8938,-0.6718,-1.9545
1624946778197,-3.1192,-0.1562,6.2312,0.8010,-0.7904,-2.1280
1624946778206,-2.5521,-0.2974,6.1499,0.6861,-0.8869,-2.3161
1624946778216,-1.8199,-0.7257,6.4035,0.4931,-0.9577,-2.4994
1624946778226,-1.0327,-1.2928,6.3891,0.1009,-0.9980,-2.6301
1624946778234,-0.1665,-1.7881,6.4920,-0.4647,-0.9944,-2.7009
1624946778243,0.6064,-2.6400,6.4801,-1.0585,-0.9125,-2.7364
1624946778253,1.0563,-3.5971,6.3652,-1.5533,-0.7806,-2.7889
1624946778262,1.2477,-4.4681,6.0733,-1.7707,-0.7171,-2.8976
1624946778272,1.5133,-5.1572,5.7096,-1.6180,-0.7708,-3.0381
1624946778283,1.7741,-5.5257,5.4488,-1.1770,-0.8881,-3.1713
1624946778293,2.1953,-5.6382,5.2645,-0.6113,-1.0420,-3.2813
1624946778302,2.7576,-5.5114,5.1808,-0.1238,-1.2290,-3.3631
1624946778312,3.5280,-5.2721,5.5636,0.1193,-1.4342,-3.4401
1624946778322,4.7651,-5.1429,6.3557,0.0130,-1.6065,-3.5024
1624946778331,5.9903,-4.8509,6.9778,-0.3877,-1.7128,-3.5329
1624946778341,7.0886,-4.5112,7.7052,-0.8251,-1.7873,-3.5280
1624946778350,8.2228,-4.7337,8.5953,-1.1306,-1.8410,-3.4645
1624946778360,8.8497,-5.5497,8.8681,-1.1782,-1.8533,-3.3301
1624946778370,9.1392,-6.3321,9.1648,-0.9668,-1.9205,-3.1420
1624946778379,9.3618,-7.0619,9.5525,-0.5026,-2.0536,-2.8891
1624946778389,9.4694,-7.4280,9.8683,0.0374,-2.1697,-2.5385
1624946778398,9.4024,-7.4041,10.1411,0.4760,-2.2381,-2.1023
1624946778408,9.3187,-7.3227,10.1387,0.8095,-2.2784,-1.6454
1624946778417,9.3067,-7.3466,9.8276,1.0539,-2.3297,-1.1823
1624946778427,9.2613,-7.2031,9.5883,1.2115,-2.3920,-0.7315
1624946778437,9.1129,-6.7508,9.2653,1.2933,-2.4751,-0.3381
1624946778447,9.0890,-6.2818,9.2940,1.2836,-2.5777,-0.0095
1624946778456,9.1153,-5.8583,9.3706,1.1394,-2.6388,0.2776
1624946778466,9.1608,-5.6573,9.5764,0.8291,-2.6120,0.5024
1624946778476,9.1488,-5.6262,9.6266,0.3978,-2.5594,0.6478
1624946778485,9.1655,-5.8990,9.3084,-0.1006,-2.5191,0.7541
1624946778495,9.2349,-6.3560,9.0739,-0.6321,-2.4556,0.8384
1624946778504,9.0842,-6.6479,9.0571,-1.1330,-2.3419,0.8872
1624946778514,8.6248,-6.8537,9.3060,-1.4836,-2.2283,0.8897
1624946778523,7.9619,-7.2820,10.0286,-1.6828,-2.1135,0.8885
1624946778533,6.8995,-7.8013,10.1243,-1.8111,-2.0292,0.9300
1624946778543,6.0979,-8.4713,10.4617,-1.9369,-1.9583,0.9960
1624946778550,5.3275,-9.0982,10.4378,-2.0358,-1.8679,1.0522
1624946778560,4.8178,-9.2059,9.8851,-2.1751,-1.8068,1.0558
1624946778569,4.7269,-8.9092,9.4304,-2.2997,-1.7763,0.9984
1624946778579,4.7604,-8.3732,8.4924,-2.3938,-1.7506,0.9031
1624946778590,4.7508,-8.2918,8.4302,-2.4891,-1.6297,0.8323
1624946778600,4.1263,-8.4785,8.2484,-2.5978,-1.4501,0.8408
1624946778610,3.3534,-8.8613,8.3489,-2.7237,-1.2986,0.9080
1624946778619,2.6092,-9.3997,8.6958,-2.7860,-1.1654,0.9459
1624946778629,1.9296,-9.7969,8.7461,-2.7408,-1.0457,0.9459
1624946778639,1.6640,-10.0051,8.7868,-2.5881,-0.9443,0.9251
1624946778648,1.7239,-9.9405,8.3393,-2.3523,-0.8734,0.8738
1624946778658,2.1737,-9.8113,7.9708,-2.1421,-0.7635,0.8225
1624946778666,2.5111,-9.5265,7.6023,-2.0468,-0.5802,0.8262
1624946778677,2.5255,-9.3303,7.3726,-2.0310,-0.3444,0.8750
1624946778687,2.0924,-9.3566,7.4037,-2.0139,-0.0732,0.9667
1624946778696,1.3960,-9.4523,7.0926,-1.9699,0.1308,1.0949
1624946778706,1.0084,-9.7395,7.0089,-1.8477,0.2835,1.2269
1624946778716,0.8266,-9.9692,6.6524,-1.6547,0.4167,1.3454
1624946778725,0.8720,-10.2252,6.3174,-1.3529,0.5327,1.4419
1624946778735,1.0969,-10.3736,6.1594,-0.9815,0.6305,1.5213
1624946778744,1.2573,-10.1032,5.9225,-0.5991,0.7185,1.5983
1624946778754,1.3195,-9.6270,5.8460,-0.2521,0.8113,1.6337
1624946778763,1.2118,-9.0192,5.8388,-0.0066,0.9213,1.6557
1624946778772,1.0156,-8.4115,5.8412,0.1351,1.0312,1.7144
1624946778783,0.8218,-7.9688,5.6785,0.2573,1.1204,1.7840
1624946778792,0.7189,-7.6338,5.4823,0.3660,1.1900,1.8206
1624946778802,0.5825,-7.2605,5.3291,0.4821,1.2646,1.8292
1624946778811,0.3911,-6.9662,5.1808,0.5786,1.3256,1.8219
1624946778821,0.2451,-6.8777,5.0396,0.6287,1.3647,1.8255
1624946778831,0.1518,-6.8585,4.9032,0.6409,1.3965,1.8475
1624946778840,-0.0660,-6.9518,4.8362,0.6715,1.4442,1.8512
1624946778850,-0.4273,-6.9447,4.7501,0.7203,1.4771,1.8304
1624946778860,-0.7312,-6.7987,4.8984,0.8022,1.4930,1.7925
1624946778868,-1.1021,-6.7221,4.9367,0.8853,1.4991,1.7767
1624946778877,-1.3222,-6.7245,4.9941,0.9341,1.4845,1.7864
1624946778887,-1.4490,-6.7078,4.9798,0.9451,1.4625,1.8121
1624946778896,-1.5471,-6.7365,4.9846,0.9549,1.4552,1.8243
1624946778906,-1.6787,-6.7700,5.1138,0.9806,1.4674,1.8194
1624946778917,-1.8247,-6.7915,5.1162,0.9879,1.4759,1.8158
1624946778927,-1.9802,-6.6551,4.9989,0.9867,1.4625,1.8145
1624946778936,-2.0807,-6.4637,4.9056,0.9769,1.4539,1.8048
1624946778946,-2.2745,-6.2077,4.7955,0.9745,1.4600,1.7889
1624946778956,-2.5114,-5.9588,4.7764,0.9659,1.4698,1.7681
1624946778963,-2.8225,-5.7435,4.7883,0.9732,1.4710,1.7327
1624946778975,-3.0857,-5.5544,4.8625,0.9732,1.4625,1.6887
1624946778985,-3.3561,-5.1979,4.7405,0.9366,1.4038,1.6215
1624946778994,-3.5595,-5.2194,5.0707,0.9305,1.3941,1.5702
1624946779004,-3.7557,-5.0543,5.0205,0.9061,1.3293,1.5018
1624946779014,-3.9591,-4.8342,4.8625,0.8450,1.2536,1.4407
1624946779023,-4.0644,-4.8462,4.7907,0.7876,1.1778,1.3808
1624946779033,-4.1816,-4.9921,4.6089,0.7729,1.1082,1.3307
1624946779042,-4.2965,-5.1022,4.4055,0.7741,1.0422,1.2831
1624946779052,-4.4735,-5.2099,4.4342,0.8169,0.9799,1.2074
1624946779062,-4.7128,-5.2266,4.5228,0.8853,0.9213,1.1035
1624946779071,-4.9210,-5.0663,4.5204,0.9513,0.8528,0.9984
1624946779079,-5.0813,-4.8916,4.6065,1.0184,0.7808,0.8970
1624946779090,-5.2081,-4.6954,4.6735,1.0563,0.7160,0.8029
1624946779100,-5.2704,-4.7050,4.7525,1.0979,0.6635,0.7272
1624946779110,-5.3254,-4.8509,4.8841,1.1186,0.6329,0.6661
1624946779119,-5.3780,-4.8318,4.7979,1.1040,0.6097,0.6148
1624946779129,-5.4570,-4.8581,4.8219,1.0930,0.5853,0.5537
1624946779138,-5.5862,-4.8198,4.8889,1.1235,0.5437,0.4804
1624946779148,-5.6819,-4.7026,4.9319,1.1785,0.4961,0.3937
1624946779158,-5.7417,-4.5231,4.9654,1.2603,0.4533,0.2996
1624946779167,-5.7274,-4.3508,4.8386,1.3630,0.4069,0.2006
1624946779177,-5.5766,-4.1211,4.7931,1.4595,0.3519,0.0931
1624946779185,-5.3732,-3.9919,4.7979,1.5340,0.3116,-0.0180
1624946779194,-5.2632,-3.9656,4.6161,1.5975,0.2872,-0.1207
1624946779204,-5.1531,-3.8938,4.3983,1.6427,0.2579,-0.2318
1624946779213,-4.9832,-3.8579,4.4414,1.6855,0.2114,-0.3674
1624946779225,-4.7894,-3.8627,4.5706,1.7405,0.1626,-0.5018
1624946779235,-4.6434,-3.7933,4.5467,1.8211,0.1161,-0.6154
1624946779244,-4.5190,-3.7024,4.6185,1.9665,0.0612,-0.7364
1624946779254,-4.2989,-3.4559,4.8219,2.1534,-0.0243,-0.8891
1624946779263,-4.0524,-2.9917,4.4079,2.3917,-0.1563,-1.0760
1624946779273,-3.7031,-2.6711,4.2547,2.6201,-0.2846,-1.2569
1624946779282,-3.2197,-2.5155,4.2667,2.8315,-0.4434,-1.4560
1624946779292,-2.7364,-2.3624,4.2021,2.9683,-0.5949,-1.6490
1624946779302,-2.1190,-2.1973,4.4127,2.9989,-0.7354,-1.8311
1624946779311,-1.5112,-2.1255,4.6496,2.9243,-0.8857,-2.0009
1624946779321,-0.7719,-2.1566,4.9104,2.7362,-1.0653,-2.1744
1624946779330,0.1087,-2.2523,5.2215,2.3367,-1.2473,-2.3185
1624946779340,0.9917,-2.2739,5.4966,1.7197,-1.4037,-2.4236
1624946779350,1.9344,-2.3337,5.6617,0.9610,-1.5222,-2.5116
1624946779359,2.7480,-2.7285,5.8364,0.2280,-1.5967,-2.6105
1624946779369,3.4587,-3.5349,6.1427,-0.3462,-1.6260,-2.7449
1624946779378,3.9013,-4.5399,6.3580,-0.5942,-1.6639,-2.9111
1624946779388,4.4086,-5.4013,6.7672,-0.4928,-1.7958,-3.0296
1624946779398,5.1695,-5.9995,7.0974,-0.0823,-2.0267,-3.0430
1624946779407,6.0142,-5.9708,7.5616,0.4968,-2.3065,-3.0064
1624946779417,6.8254,-5.7243,8.4924,1.0771,-2.5704,-2.9392
1624946779427,7.7107,-5.0902,9.3204,1.2775,-2.8282,-2.7950
1624946779434,8.8234,-4.2743,10.0047,0.9488,-2.9944,-2.5421
1624946779443,9.8044,-3.5588,10.4857,0.3257,-3.0225,-2.2477
1624946779453,10.6802,-2.7548,10.7297,-0.3059,-2.9663,-2.0094
1624946779463,11.2856,-2.4868,11.0193,-0.6749,-2.8453,-1.8225
1624946779472,11.5871,-3.2310,11.0863,-0.7066,-2.7244,-1.5659
1624946779482,11.6828,-4.6571,11.1389,-0.5734,-2.5680,-1.1823
1624946779491,11.4363,-6.0641,11.4045,-0.3609,-2.3640,-0.7352
1624946779501,10.7305,-6.8609,11.5122,-0.1165,-2.1795,-0.3039
1624946779511,10.1227,-6.9782,11.0312,0.0863,-2.1233,0.1041
1624946779520,10.0294,-6.9566,10.9547,0.2268,-2.1233,0.4853
1624946779530,9.8786,-7.0547,10.9594,0.2976,-2.0744,0.7981
1624946779539,9.8044,-7.1839,11.7060,0.2732,-1.9681,0.9667
1624946779549,9.3618,-7.0188,12.2253,0.1584,-1.8227,1.0009
1624946779559,8.7181,-6.9279,12.4382,-0.0139,-1.6810,0.9923
1624946779570,7.7873,-6.8083,12.0099,-0.2485,-1.5820,0.9923
1624946779578,7.0814,-6.5738,11.4476,-0.5795,-1.5417,1.0045
1624946779587,6.5191,-6.3967,10.6532,-1.0133,-1.5038,1.0033
1624946779597,5.9951,-6.3369,9.8372,-1.5044,-1.4623,0.9545
1624946779607,5.6218,-6.3656,9.3754,-2.0236,-1.4073,0.8677
1624946779616,4.9326,-6.6432,8.9806,-2.4146,-1.3597,0.7907
1624946779628,4.1334,-7.2773,8.8370,-2.6552,-1.3560,0.7468
1624946779636,3.4156,-7.8133,8.9519,-2.7469,-1.4501,0.7052
1624946779645,2.7312,-7.9688,8.7222,-2.7310,-1.5637,0.6405
1624946779655,2.3915,-8.0406,8.5977,-2.6882,-1.6456,0.5574
1624946779665,2.4991,-8.4330,8.6336,-2.6626,-1.6187,0.4902
1624946779674,2.5494,-8.4474,8.6934,-2.7835,-1.4916,0.4401
1624946779684,2.5470,-8.6101,8.8705,-2.9191,-1.3072,0.3924
1624946779695,2.0995,-8.9905,8.7604,-3.0633,-1.0897,0.4034
1624946779705,1.2740,-9.6031,8.6193,-3.1329,-0.8783,0.4890
1624946779715,0.4294,-10.1917,8.2149,-3.0816,-0.6902,0.6087
1624946779724,0.1422,-10.5841,8.0067,-2.9912,-0.5069,0.7040
1624946779734,0.3647,-10.9120,7.9397,-2.8080,-0.2931,0.7577
1624946779744,0.7380,-11.1656,7.4611,-2.5465,-0.0463,0.8176
1624946779753,1.0515,-11.2374,7.1309,-2.2154,0.1809,0.9276
1624946779762,1.0587,-10.8737,6.9156,-1.8135,0.3861,1.0534
1624946779772,0.8577,-10.2228,6.7337,-1.4225,0.5804,1.1560
1624946779782,0.5897,-9.7682,6.6859,-1.0975,0.7539,1.2745
1624946779792,0.2523,-9.4236,6.5806,-0.8605,0.8919,1.4321
1624946779801,0.0656,-9.2848,6.3317,-0.6809,0.9811,1.5983
1624946779809,-0.0803,-9.2298,6.3030,-0.5319,1.0581,1.7364
1624946779820,-0.2670,-9.0432,6.2480,-0.3657,1.1167,1.8426
1624946779830,-0.3699,-8.7704,6.1283,-0.1629,1.1546,1.9123
1624946779840,-0.4177,-8.4474,5.7551,0.0582,1.1742,1.9440
1624946779849,-0.3029,-8.1267,5.5373,0.2573,1.2010,1.9611
1624946779858,-0.2526,-7.8372,5.5110,0.4039,1.2646,1.9721
1624946779867,-0.3196,-7.5620,5.4225,0.4760,1.3305,1.9917
1624946779876,-0.4201,-7.4950,5.3291,0.5371,1.3831,2.0393
1624946779886,-0.6259,-7.4711,5.2454,0.6104,1.4221,2.0845
1624946779895,-0.8221,-7.1887,5.0994,0.6874,1.4417,2.1053
1624946779907,-0.9633,-6.8035,5.0181,0.7778,1.4356,2.1053
1624946779916,-1.0446,-6.4661,4.8147,0.8706,1.4221,2.0858
1624946779926,-1.1021,-6.2436,4.7812,0.9048,1.4221,2.0613
1624946779936,-1.2959,-6.1407,4.8266,0.8865,1.4503,2.0503
1624946779945,-1.6117,-6.0497,4.8099,0.8547,1.4784,2.0357
1624946779955,-1.9252,-6.0139,4.7070,0.8413,1.4722,2.0027
1624946779964,-2.1669,-6.0665,4.7453,0.8425,1.4539,1.9746
1624946779974,-2.3679,-6.0952,4.6232,0.8572,1.4148,1.9599
1624946779984,-2.5067,-6.0617,4.5945,0.8657,1.3721,1.9355
1624946779993,-2.6526,-5.9349,4.5251,0.9073,1.3171,1.8940
1624946780003,-2.8105,-5.6310,4.3720,0.9341,1.2536,1.8365
1624946780013,-2.9804,-5.2840,4.2978,0.9561,1.1913,1.7632
1624946780022,-3.1695,-4.9419,4.1782,0.9671,1.1363,1.6863
1624946780032,-3.3752,-4.7241,4.1088,0.9720,1.0825,1.6154
1624946780040,-3.5667,-4.7528,4.1830,0.9794,1.0202,1.5470
1624946780049,-3.7605,-4.7361,4.0059,1.0184,0.9579,1.4603
1624946780061,-3.9423,-4.7337,3.9198,1.1113,0.9261,1.3723
1624946780070,-4.0883,-4.7887,3.8910,1.1858,0.8406,1.2587
1624946780080,-4.2032,-4.7457,3.7834,1.2726,0.7612,1.1414
1624946780089,-4.3563,-4.5518,3.7642,1.3801,0.7013,1.0265
1624946780098,-4.5405,-4.2599,3.8863,1.4803,0.6549,0.9031
1624946780109,-4.7224,-3.9489,4.1136,1.5670,0.5938,0.7712
1624946780118,-4.9186,-3.7168,4.3648,1.6342,0.5254,0.6515
1624946780128,-5.0861,-3.6976,4.4534,1.6758,0.4472,0.5500
1624946780138,-5.1268,-3.7574,4.4151,1.7368,0.3678,0.4535
1624946780147,-5.1029,-3.7957,4.5395,1.8065,0.2908,0.3436
1624946780157,-5.0478,-3.7335,4.6544,1.9140,0.2114,0.2202
1624946780166,-4.9784,-3.6162,4.8027,2.0777,0.1357,0.1005
1624946780176,-4.9593,-3.3841,4.8338,2.2842,0.0563,-0.0168
1624946780184,-4.9162,-3.0970,4.8410,2.4686,-0.0329,-0.1414
1624946780193,-4.8779,-2.7189,4.8721,2.6067,-0.1429,-0.2929
1624946780203,-4.6889,-2.2930,5.3435,2.6091,-0.2504,-0.4823
1624946780212,-4.4353,-1.9461,5.7216,2.4552,-0.3310,-0.6594
1624946780226,-4.2056,-1.7331,5.7957,2.1730,-0.3676,-0.7889
1624946780233,-3.9447,-1.6493,6.1020,1.8346,-0.3750,-0.9074
1624946780241,-3.7748,-1.6613,6.3509,1.5230,-0.3713,-1.0406
1624946780251,-3.7270,-1.7427,6.3437,1.2652,-0.3823,-1.2019
1624946780260,-3.7318,-1.9413,6.3868,1.0881,-0.4214,-1.3815
1624946780270,-3.6672,-2.1662,6.4442,0.9354,-0.5240,-1.5611
1624946780282,-3.0905,-2.5155,6.6715,0.6910,-0.6694,-1.7407
1624946780291,-2.3727,-2.8003,6.7529,0.2720,-0.7317,-1.8824
1624946780301,-1.7529,-3.0659,7.1501,-0.2289,-0.6792,-1.9850
1624946780310,-1.3246,-3.6115,7.3941,-0.6932,-0.5900,-2.0766
1624946780320,-1.0327,-4.4465,7.2482,-1.0255,-0.5045,-2.1597
1624946780330,-0.9585,-5.4827,7.2338,-1.0939,-0.4397,-2.2428
1624946780339,-1.0231,-6.4637,7.0974,-0.8410,-0.4495,-2.3344
1624946780349,-0.7384,-6.9399,6.9180,-0.3486,-0.5631,-2.4346
1624946780358,0.0274,-7.0619,7.0902,0.2182,-0.6951,-2.5165
1624946780368,0.9510,-6.7269,7.3415,0.6067,-0.7659,-2.5470
1624946780378,1.8531,-6.0617,7.7387,0.7032,-0.7928,-2.5482
1624946780387,2.6786,-5.4659,8.0713,0.5554,-0.7867,-2.5617
1624946780397,3.2840,-4.8820,8.1000,0.2280,-0.7464,-2.5971
1624946780406,3.8104,-4.5471,7.9206,-0.1153,-0.6963,-2.6655
1624946780417,4.2746,-4.5973,7.8392,-0.3340,-0.6584,-2.7388
1624946780426,4.6790,-4.8701,8.0306,-0.4158,-0.6315,-2.8158
1624946780436,5.2652,-5.2218,8.2508,-0.4293,-0.6083,-2.8573
1624946780445,6.0453,-5.6597,8.8609,-0.3999,-0.5656,-2.8366
1624946780455,6.6244,-5.8320,9.0500,-0.3511,-0.4972,-2.7803
1624946780465,7.1556,-5.6047,8.9925,-0.2424,-0.4678,-2.7254
1624946780474,7.5145,-5.3558,8.8131,0.0020,-0.5143,-2.6496
1624946780484,7.7514,-5.1357,8.5618,0.3294,-0.6242,-2.5226
1624946780493,7.9835,-4.8318,8.4637,0.6532,-0.7635,-2.3809
1624946780501,8.2563,-4.5447,8.3896,0.9476,-0.9162,-2.2330
1624946780511,8.5937,-4.2480,8.7245,1.1638,-1.0811,-2.0400
1624946780521,8.8234,-4.0374,9.1864,1.3166,-1.2167,-1.7761
1624946780530,8.9813,-3.9895,9.8420,1.4375,-1.3010,-1.4658
1624946780543,8.9358,-3.5492,9.5309,1.5524,-1.3976,-1.1322
1624946780551,8.8377,-3.0420,8.8250,1.6684,-1.5100,-0.7645
1624946780561,8.8138,-3.0755,8.0881,1.8248,-1.6358,-0.3882
1624946780570,9.0244,-3.8196,7.6621,1.9910,-1.7372,-0.0449
1624946780580,9.2684,-4.6308,7.2936,2.0923,-1.8093,0.2507
1624946780589,9.6848,-5.2577,7.5162,2.1192,-1.8423,0.5232
1624946780599,9.9982,-5.4779,7.7746,2.0740,-1.8667,0.7797
1624946780609,10.3715,-5.4731,8.6982,1.9567,-1.8655,0.9850
1624946780618,10.3428,-5.0424,9.1146,1.7124,-1.8777,1.1218
1624946780628,10.5294,-4.9754,9.4663,1.3361,-1.8838,1.2403
1624946780637,10.5247,-4.7600,9.3874,0.7949,-1.8203,1.3662
1624946780647,10.3883,-4.5997,9.3060,0.1987,-1.6712,1.4407
1624946780656,9.5388,-5.2840,9.5285,-0.1984,-1.4635,1.4407
1624946780666,8.5673,-6.1670,9.7104,-0.5307,-1.3255,1.4334
1624946780676,7.6126,-7.6266,10.0621,-0.8215,-1.1776,1.4688
1624946780685,6.5765,-8.6914,10.3086,-1.0695,-1.0286,1.4871
1624946780695,5.6457,-8.9283,10.0502,-1.2955,-0.9504,1.4114
1624946780704,4.9207,-8.7034,9.8061,-1.4372,-0.9223,1.2867
1624946780714,3.9205,-8.6388,9.4902,-1.5215,-0.8453,1.2122
1624946780724,2.7336,-8.3134,9.8755,-1.5862,-0.8233,1.1792
1624946780733,1.6545,-8.0478,9.9545,-1.6852,-0.8172,1.1573
1624946780743,0.8361,-7.6960,9.7678,-1.8599,-0.8185,1.1010
1624946780753,0.2260,-7.4615,9.2725,-1.9967,-0.8099,1.0131
1624946780762,0.1350,-6.9447,9.0284,-2.1654,-0.8172,0.9044
1624946780772,0.4198,-6.4972,9.2127,-2.3804,-0.7659,0.8029
1624946780781,0.3624,-6.0306,9.2964,-2.6186,-0.6181,0.7443
1624946780791,-0.0038,-5.6501,8.8131,-2.8043,-0.4630,0.7272
1624946780801,-0.0516,-6.1981,8.7341,-2.8532,-0.3273,0.7345
1624946780810,0.0848,-6.8561,8.5355,-2.8764,-0.2003,0.7113
1624946780818,0.1255,-7.1098,8.2579,-2.9509,-0.0231,0.6576
1624946780827,0.1972,-7.2964,8.4924,-2.9680,0.1650,0.5830
1624946780837,0.0991,-7.5477,8.6097,-2.9350,0.3678,0.5488
1624946780847,-0.2741,-7.9951,8.6001,-2.8837,0.5657,0.6111
1624946780860,-0.6570,-8.7225,8.2771,-2.8006,0.7160,0.7394
1624946780868,-0.8293,-9.3758,8.0833,-2.6992,0.8382,0.8872
1624946780878,-0.9824,-9.6653,8.0235,-2.5612,0.9542,1.0155
1624946780887,-1.0398,-9.7443,8.1407,-2.3645,1.0789,1.1267
1624946780897,-1.1451,-9.6462,7.9182,-2.1385,1.1815,1.2672
1624946780906,-1.1068,-9.6509,7.9014,-1.9015,1.2621,1.4370
1624946780916,-1.1116,-9.5528,7.6478,-1.6718,1.3488,1.6288
1624946780926,-1.1858,-9.2537,7.0950,-1.4616,1.4075,1.8109
1624946780935,-1.1260,-9.1796,6.7911,-1.2026,1.4246,1.9465
1624946780945,-1.0327,-9.0360,6.6380,-0.9901,1.4552,2.0723
1624946780954,-1.0757,-8.5048,6.3006,-0.8471,1.4955,2.1994
1624946780963,-1.1882,-7.9209,5.9991,-0.6089,1.5065,2.2873
1624946780974,-1.2815,-7.6051,5.9010,-0.3059,1.4881,2.3167
1624946780983,-1.3222,-7.3084,5.8316,-0.0640,1.4564,2.3118
1624946780993,-1.3222,-6.8801,5.7383,0.0887,1.4295,2.2971
1624946781002,-1.4514,-6.4039,5.4703,0.2121,1.4148,2.2739
1624946781012,-1.5902,-6.1311,5.2119,0.3380,1.3941,2.2189
1624946781022,-1.8438,-5.6741,4.5802,0.4552,1.3232,2.1163
1624946781031,-1.9802,-5.8057,4.2260,0.5970,1.3244,2.0418
1624946781041,-2.1094,-5.9157,3.6230,0.7423,1.2585,1.9514
1624946781050,-2.2171,-5.8870,3.2665,0.8938,1.2133,1.8695
1624946781059,-2.4085,-5.9540,3.3527,1.1137,1.2035,1.7730
1624946781070,-2.7794,-6.2292,3.0224,1.4986,1.1815,1.6655
1624946781079,-3.1623,-6.4613,2.6468,2.0227,1.0947,1.5299
1624946781089,-3.3417,-6.4661,2.4434,2.5994,0.9225,1.3320
1624946781098,-3.2963,-6.1957,2.3190,3.1308,0.7099,1.1084
1624946781108,-3.1025,-5.5807,2.4386,3.5523,0.5144,0.9068
1624946781118,-2.8488,-4.8438,2.9722,3.8370,0.3568,0.7541
1624946781127,-2.6765,-4.2719,3.4221,4.0141,0.2102,0.6295
1624946781136,-2.4636,-4.0206,4.1854,4.0667,0.0868,0.5158
1624946781145,-2.2028,-4.0039,4.8697,3.9726,0.0269,0.4218
1624946781155,-2.0592,-3.9608,5.1449,3.8419,0.0318,0.3595
1624946781164,-2.0616,-3.8842,5.5517,3.7600,-0.0048,0.2642
1624946781174,-1.8869,-3.7670,6.0470,3.6757,-0.1221,0.0956
1624946781185,-1.6572,-3.3841,5.9991,3.5059,-0.2601,-0.0816
1624946781195,-1.4323,-2.9989,6.3437,3.2518,-0.3469,-0.2160
1624946781204,-1.3126,-2.8027,6.7409,2.9463,-0.3933,-0.3015
1624946781214,-1.3007,-2.6974,6.8414,2.5505,-0.4471,-0.3711
1624946781223,-1.1834,-2.7094,6.9419,2.0960,-0.4984,-0.4261
1624946781233,-1.1475,-3.1592,6.6380,1.6635,-0.5448,-0.4713
1624946781243,-0.9250,-4.0996,6.8151,1.2713,-0.5998,-0.5422
1624946781252,-0.4249,-4.8509,7.1237,0.9158,-0.6157,-0.6167
1624946781262,-0.0971,-5.4850,7.1716,0.6629,-0.5631,-0.6081
1624946781271,0.0489,-6.1287,7.7507,0.6654,-0.5485,-0.5373
1624946781280,0.0896,-6.5331,8.3202,0.9390,-0.6193,-0.4982
1624946781290,0.0130,-6.1431,8.8011,1.3117,-0.7097,-0.4896
1624946781300,-0.0660,-5.1979,9.1265,1.6635,-0.7623,-0.4640
1624946781309,-0.1114,-4.2791,9.4998,1.9347,-0.7782,-0.4236
1624946781319,-0.0277,-3.7168,9.7726,2.0313,-0.7733,-0.4004
1624946781329,0.2307,-3.5564,9.5046,1.8712,-0.7378,-0.3833
1624946781339,0.7619,-3.7311,9.3562,1.4729,-0.6596,-0.3284
1624946781348,1.0969,-4.0996,9.4304,0.9952,-0.5448,-0.2624
1624946781357,1.1161,-4.0111,9.5525,0.5456,-0.4630,-0.2404
1624946781367,0.9821,-3.7000,9.6769,0.2036,-0.4299,-0.2440
1624946781377,0.7045,-3.7000,9.8013,0.0056,-0.4055,-0.2428
1624946781387,0.4987,-3.8483,9.8420,-0.1116,-0.3701,-0.2330
1624946781396,0.5705,-3.7861,9.8611,-0.1886,-0.3212,-0.2196
1624946781406,0.6471,-4.0326,9.8516,-0.1739,-0.2247,-0.1964
1624946781416,0.6662,-4.4609,9.9927,-0.0371,-0.1429,-0.1707
1624946781425,0.6160,-4.5159,10.0119,0.1413,-0.1001,-0.1512
1624946781435,0.5227,-4.0996,9.9736,0.3001,-0.0695,-0.1255
1624946781445,0.4700,-3.4440,9.8492,0.3648,-0.0439,-0.1023
1624946781452,0.4748,-2.6974,9.6913,0.2671,-0.0048,-0.1060
1624946781462,0.5346,-2.3624,9.6530,0.0118,0.0660,-0.1304
1624946781473,0.4413,-2.3863,9.4998,-0.3499,0.1564,-0.1573
1624946781480,0.3145,-2.5634,9.4017,-0.7652,0.2383,-0.1866
1624946781490,0.2092,-3.1281,9.3515,-1.0914,0.3116,-0.2208
1624946781501,0.1829,-3.9345,9.2079,-1.2967,0.3923,-0.2306
1624946781511,0.1374,-4.8222,9.2055,-1.3346,0.4533,-0.2001
1624946781521,0.0226,-5.5664,9.1983,-1.1831,0.4802,-0.1439
1624946781531,-0.1593,-5.6693,9.0165,-0.8960,0.4716,-0.0962
1624946781540,-0.3555,-5.4109,9.0715,-0.5380,0.4424,-0.0681
1624946781550,-0.5278,-5.0998,9.1959,-0.2265,0.4057,-0.0412
1624946781559,-0.5780,-4.5782,9.1840,-0.1141,0.3861,-0.0058
1624946781569,-0.6331,-4.1546,9.1457,-0.1703,0.3947,0.0162
1624946781579,-0.7072,-4.0541,9.1481,-0.3218,0.4155,0.0210
1624946781588,-0.7623,-4.2121,9.0715,-0.4904,0.4387,0.0320
1624946781598,-0.8747,-4.2575,8.9232,-0.6223,0.4558,0.0528
1624946781607,-0.9800,-4.3269,8.8346,-0.6614,0.4631,0.0699
1624946781617,-1.0375,-4.4896,8.7628,-0.6162,0.4594,0.0785
1624946781627,-1.0542,-4.5279,8.7317,-0.5624,0.4472,0.0882
1624946781636,-1.1451,-4.4131,8.6719,-0.5405,0.4350,0.0907
1624946781646,-1.2121,-4.3700,8.6791,-0.5307,0.4179,0.0809
1624946781656,-1.2528,-4.4753,8.7317,-0.5453,0.4032,0.0687
1624946781665,-1.2504,-4.5949,8.7389,-0.6015,0.3910,0.0589
1624946781673,-1.3246,-4.6978,8.7772,-0.6565,0.3776,0.0418
1624946781684,-1.3246,-4.8007,8.7413,-0.6626,0.3568,0.0296
1624946781694,-1.3366,-4.8773,8.6958,-0.6321,0.3336,0.0308
1624946781704,-1.4107,-4.9132,8.6073,-0.5441,0.3043,0.0345
1624946781713,-1.4251,-4.7863,8.5140,-0.4280,0.2640,0.0320
1624946781723,-1.4179,-4.7337,8.4901,-0.3205,0.2346,0.0320
1624946781733,-1.3916,-4.7959,8.5762,-0.2326,0.2102,0.0418
1624946781742,-1.3437,-4.8055,8.5235,-0.1910,0.1833,0.0504
1624946781752,-1.1595,-4.6810,8.8203,-0.2081,0.1626,0.0577
1624946781761,-0.6522,-3.3411,8.4207,-0.8251,0.1479,0.1725
1624946781769,-1.6716,-6.4709,9.0524,-1.3443,0.3263,0.3595
1624946781779,-2.2769,-7.7319,8.6719,-0.8923,0.2713,0.1176
1624946781788,-1.4969,-6.3034,7.9804,-0.7897,0.1113,0.1383
1624946781798,-1.5304,-5.8152,8.2771,-0.5136,0.1394,0.1469
1624946781807,-1.8893,-5.7530,8.1909,-0.2081,0.1552,0.1811
1624946781817,-1.8630,-5.8464,8.1862,-0.0945,0.1491,0.2935
1624946781829,-1.6309,-5.9086,8.2101,-0.0640,0.1564,0.3399
1624946781838,-1.6380,-5.6932,8.1479,-0.0261,0.1577,0.2996
1624946781848,-1.7481,-5.4156,8.0402,0.0411,0.1406,0.2801
1624946781858,-1.8127,-5.1692,7.9780,0.0985,0.1235,0.2886
1624946781867,-1.8582,-4.9227,7.9588,0.1034,0.1210,0.2825
1624946781877,-1.8103,-4.8916,7.9229,0.0765,0.1186,0.2764
1624946781886,-1.7673,-5.0113,7.8536,0.0460,0.1064,0.2788
1624946781896,-1.7553,-5.0591,7.7722,0.0301,0.0941,0.2569
1624946781906,-1.8032,-5.0089,7.7435,0.0227,0.0880,0.2348
1624946781915,-1.8606,-4.9969,7.7890,0.0240,0.0819,0.2300
1624946781925,-1.8702,-5.0902,7.8320,0.0301,0.0660,0.2324
1624946781934,-1.8989,-5.1883,7.8823,0.0582,0.0563,0.2251
1624946781944,-1.9276,-5.1955,7.9708,0.0961,0.0502,0.2128
1624946781954,-1.9754,-5.0759,7.9899,0.1168,0.0453,0.2092
1624946781963,-1.9611,-4.9562,8.0115,0.1303,0.0453,0.2177
1624946781973,-1.9467,-4.9036,7.9636,0.1229,0.0490,0.2226
1624946781982,-1.9635,-4.8557,7.9636,0.0875,0.0587,0.2165
1624946781992,-1.9946,-4.8868,7.9780,0.0569,0.0722,0.2092
1624946782002,-2.0568,-4.8653,7.9469,0.0545,0.0685,0.2019
1624946782011,-2.0712,-4.9706,7.9708,0.0618,0.0734,0.2031
1624946782019,-2.0712,-4.9849,7.9373,0.0851,0.0758,0.2006
1624946782031,-2.0353,-4.9969,7.9253,0.1119,0.0746,0.1945
1624946782040,-1.9563,-4.9682,7.9708,0.1095,0.0746,0.1860
1624946782050,-1.9515,-4.8246,8.0139,0.0777,0.0807,0.1762
1624946782059,-1.9898,-4.7744,7.9804,0.0203,0.0868,0.1677
1624946782069,-2.0089,-4.8079,7.9493,-0.0432,0.0954,0.1554
1624946782079,-2.0568,-4.9227,7.8847,-0.0896,0.0978,0.1457
1624946782088,-2.0592,-5.0089,7.8679,-0.1067,0.0978,0.1334
1624946782096,-2.0544,-5.0304,7.8583,-0.1067,0.0905,0.1151
1624946782105,-2.0592,-5.0615,7.8560,-0.0738,0.0831,0.0870
1624946782115,-2.0640,-5.0998,7.8775,-0.0383,0.0746,0.0773
1624946782125,-2.0496,-5.1189,7.8775,-0.0139,0.0660,0.0858
1624946782137,-2.0018,-5.1189,7.9110,-0.0005,0.0587,0.0846
1624946782146,-2.0903,-5.0878,7.9038,-0.0029,0.0551,0.0797
1624946782156,-2.0783,-5.0807,7.8871,-0.0115,0.0514,0.0797
1624946782165,-2.0568,-5.0783,7.8751,-0.0432,0.0477,0.0834
1624946782173,-2.0065,-5.0950,7.8344,-0.0835,0.0514,0.0821
1624946782184,-2.0233,-5.0567,7.8057,-0.1226,0.0551,0.0748
1624946782194,-2.0688,-5.0495,7.7937,-0.1556,0.0587,0.0748
1624946782203,-2.1334,-5.1022,7.7866,-0.1776,0.0575,0.0724
1624946782213,-2.1669,-5.1429,7.7698,-0.1935,0.0526,0.0711
1624946782222,-2.2004,-5.1237,7.7770,-0.1910,0.0502,0.0736
1624946782232,-2.2099,-5.1094,7.8105,-0.1703,0.0441,0.0797
1624946782241,-2.2123,-5.1118,7.8248,-0.1605,0.0379,0.0882
1624946782252,-2.1908,-5.1094,7.8296,-0.1495,0.0306,0.0870
1624946782261,-2.2004,-5.0998,7.8201,-0.1312,0.0257,0.0846
1624946782269,-2.2291,-5.0902,7.8320,-0.1153,0.0208,0.0760
1624946782280,-2.2243,-5.0184,7.8081,-0.0945,0.0099,0.0724
1624946782290,-2.2626,-4.9203,7.7650,-0.0762,0.0013,0.0687
1624946782299,-2.2434,-4.8725,7.7770,-0.0762,-0.0036,0.0650
1624946782309,-2.2434,-4.8916,7.7626,-0.0982,-0.0048,0.0589
1624946782319,-2.2865,-4.9060,7.6765,-0.1263,-0.0097,0.0467
1624946782328,-2.3056,-5.0232,7.6932,-0.1446,-0.0097,0.0430
1624946782338,-2.2817,-5.2123,7.7650,-0.1202,-0.0097,0.0491
1624946782348,-2.2722,-5.3486,7.8512,-0.0615,-0.0134,0.0614
1624946782357,-2.2339,-4.9730,6.4538,-0.0151,-0.0060,0.0711
1624946782367,-2.5210,-5.9181,8.0737,0.1168,0.0746,0.0711
1624946782374,-2.1812,-5.1572,7.5186,0.1657,-0.0329,0.0223
1624946782384,-1.9898,-5.1931,7.6813,0.1070,-0.0708,0.0198
1624946782396,-2.3128,-5.3080,7.9253,0.0899,-0.0891,0.0113
1624946782403,-2.4061,-5.2123,7.9493,0.0521,-0.1257,-0.0009
1624946782414,-2.2937,-5.3199,8.0306,0.0704,-0.1306,0.0125
1624946782422,-2.1764,-5.3295,8.0330,0.1046,-0.1282,0.0125
1624946782433,-2.0472,-5.1812,8.1287,0.1303,-0.1270,0.0089
1624946782449,-2.0544,-5.2577,8.2532,0.1241,-0.1160,0.0150
1624946782451,-2.3798,-5.3702,8.2532,0.0912,-0.1038,0.0162
1624946782465,-2.2123,-5.0304,7.9397,0.0716,-0.0989,0.0174
