1624606379789,1.5253,2.5381,9.4137,0.0618,0.2945,0.8530
1624606379790,1.5588,2.5453,9.3084,0.0753,0.2896,0.8934
1624606379807,1.5683,2.4783,9.3706,0.0435,0.2872,0.8909
1624606379808,1.4846,2.5596,9.4017,0.0069,0.2933,0.8921
1624606379825,1.5061,2.5572,9.4352,-0.0212,0.2884,0.8872
1624606379844,0.5945,1.5164,8.8346,-0.0457,0.2701,0.8982
1624606379848,1.8291,2.2510,9.3347,0.0240,0.1650,0.8995
1624606379859,2.0660,3.1985,9.3754,0.2255,0.0575,0.9092
1624606379860,1.8076,3.0214,9.5309,0.1058,0.1394,0.8970
1624606379866,1.5970,2.7080,9.5764,0.0753,0.2469,0.8848
1624606379875,1.5970,2.6482,9.6673,0.0374,0.2835,0.9202
1624606379891,1.7071,2.8898,9.7128,0.0203,0.3018,0.9190
1624606379895,1.9608,3.0813,9.8540,0.0215,0.3263,0.8799
1624606379908,2.1641,3.3517,9.8109,-0.0102,0.3580,0.8469
1624606379918,2.1546,3.2942,9.8085,-0.0628,0.4020,0.7919
1624606379924,2.5039,3.4881,9.6721,-0.1238,0.4765,0.7846
1624606379937,2.2814,4.2609,10.0262,-0.1923,0.5230,0.7174
1624606379942,2.3340,3.9905,9.7846,-0.2741,0.6354,0.5635
1624606379954,2.2910,3.5862,9.6099,-0.3548,0.6928,0.5098
1624606379961,2.2790,3.2679,9.6266,-0.4488,0.7331,0.4719
1624606379973,2.2168,3.2512,9.5596,-0.5001,0.8064,0.4108
1624606379983,2.0397,3.1626,9.5166,-0.5380,0.8846,0.3314
1624606379990,1.7909,3.2488,9.5094,-0.5514,0.9640,0.2703
1624606380001,1.5851,3.3277,9.5477,-0.5673,1.0520,0.2128
1624606380010,1.4319,3.2990,9.5357,-0.6089,1.1228,0.1481
1624606380020,1.2932,3.2057,9.5285,-0.6761,1.1729,0.0980
1624606380029,1.1663,2.9927,9.6171,-0.7824,1.2218,0.0577
1624606380041,0.9725,2.5883,9.7080,-0.8923,1.2817,0.0210
1624606380048,0.8050,2.2246,9.8228,-0.9888,1.3488,-0.0034
1624606380058,0.5801,2.0189,9.9090,-1.0914,1.4197,-0.0180
1624606380068,0.3887,1.8370,10.0071,-1.2026,1.4906,-0.0266
1624606380077,0.2260,1.7437,9.9592,-1.3187,1.5578,-0.0290
1624606380087,0.1159,1.7485,9.7535,-1.4763,1.6127,-0.0193
1624606380096,-0.0014,1.7174,9.4879,-1.6656,1.6690,-0.0046
1624606380106,-0.1712,1.5570,9.2797,-1.8795,1.7349,0.0406
1624606380115,-0.4010,1.2101,9.2821,-2.1250,1.8131,0.1249
1624606380125,-0.6642,0.5497,9.4735,-2.3901,1.9157,0.2373
1624606380135,-0.9633,-0.1993,9.5429,-2.6711,2.0440,0.3790
1624606380144,-1.3413,-0.9243,9.6219,-2.9815,2.1857,0.5293
1624606380155,-1.8008,-1.6493,9.6075,-3.3174,2.3421,0.6734
1624606380164,-2.2985,-2.1518,9.3419,-3.6216,2.4997,0.8139
1624606380175,-2.8440,-2.3768,8.9255,-3.8929,2.6366,0.9435
1624606380184,-3.3705,-2.5730,8.3345,-4.1091,2.7489,1.0620
1624606380194,-3.8203,-2.8601,7.8177,-4.2777,2.8210,1.1939
1624606380202,-4.2127,-3.2932,7.3965,-4.4365,2.8626,1.3381
1624606380211,-4.7224,-4.0876,7.0879,-4.6063,2.8736,1.4835
1624606380221,-5.1890,-5.3726,6.9036,-4.6601,2.8687,1.6081
1624606380232,-5.6580,-6.5020,6.9347,-4.5868,2.8552,1.7327
1624606380242,-6.0265,-7.0763,6.9156,-4.4500,2.8113,1.8292
1624606380252,-6.1294,-7.2916,6.5614,-4.2093,2.7184,1.8549
1624606380259,-6.0361,-7.3873,6.0589,-3.7646,2.5840,1.8060
1624606380269,-5.8016,-7.0906,5.3459,-3.1488,2.4105,1.7144
1624606380279,-5.6077,-6.3441,4.6902,-2.4806,2.2493,1.6130
1624606380288,-5.6508,-5.4563,4.3529,-1.8611,2.1173,1.5238
1624606380298,-5.8781,-4.7122,4.4557,-1.3468,2.0025,1.4358
1624606380307,-6.1485,-4.1474,4.6137,-0.9595,1.8815,1.3491
1624606380319,-6.3160,-3.7359,4.6926,-0.7457,1.7105,1.2941
1624606380328,-6.3711,-3.5325,4.5802,-0.6773,1.4881,1.2550
1624606380338,-6.3376,-3.4727,4.1925,-0.6883,1.2230,1.2257
1624606380348,-6.2801,-3.6474,3.7690,-0.6883,0.9213,1.1878
1624606380357,-6.1772,-3.9728,3.3287,-0.6138,0.6293,1.1292
1624606380367,-6.0815,-4.3006,3.0057,-0.5038,0.3593,1.0510
1624606380377,-5.9523,-4.4705,2.7975,-0.3841,0.1198,0.9386
1624606380386,-5.7968,-4.4825,2.6635,-0.2399,-0.0989,0.8054
1624606380396,-5.7035,-4.5303,2.5822,-0.0933,-0.3102,0.6832
1624606380405,-5.6125,-4.5088,2.6109,0.0374,-0.4935,0.5843
1624606380415,-5.5001,-4.2001,2.7688,0.1205,-0.6548,0.4877
1624606380424,-5.3756,-3.8866,3.0583,0.0777,-0.8038,0.4010
1624606380434,-5.1651,-3.6928,3.2163,-0.0579,-0.9431,0.3301
1624606380444,-4.9976,-3.8603,3.6183,-0.2472,-1.0518,0.2642
1624606380453,-4.7726,-4.3461,3.7188,-0.4830,-1.1422,0.2055
1624606380463,-4.5405,-4.8988,3.6374,-0.7017,-1.2497,0.1689
1624606380472,-4.3778,-5.5185,3.6685,-0.8691,-1.3597,0.1457
1624606380482,-4.2558,-5.8440,3.7092,-0.9131,-1.4684,0.1298
1624606380492,-4.2056,-5.5831,3.8839,-0.8385,-1.5857,0.1053
1624606380501,-4.2558,-4.7839,3.8599,-0.6553,-1.6932,0.0821
1624606380510,-4.4281,-3.8148,3.6829,-0.4317,-1.7849,0.0724
1624606380521,-4.6458,-3.0779,3.2713,-0.2448,-1.8814,0.0699
1624606380530,-4.7918,-2.7548,2.8837,-0.1715,-2.0267,0.0516
1624606380539,-4.7296,-2.8817,2.6779,-0.2301,-2.2491,0.0308
1624606380549,-4.4472,-3.3243,2.9650,-0.3205,-2.5448,0.0003
1624606380559,-4.0069,-4.0470,4.0107,-0.3340,-2.8978,-0.0742
1624606380569,-3.3609,-4.7624,5.1449,-0.2424,-3.3352,-0.1634
1624606380578,-2.4851,-5.3821,5.9656,-0.0506,-3.8703,-0.2575
1624606380588,-1.6596,-5.4922,6.8534,0.2121,-4.4128,-0.3809
1624606380596,-1.1738,-5.3367,7.6382,0.4259,-4.8954,-0.5006
1624606380605,-0.7503,-5.1094,8.2723,0.6299,-5.3547,-0.5800
1624606380614,-0.6857,-3.9177,-10.3008,0.8718,-5.7970,-0.5837
1624606380624,19.2274,-7.2246,26.6564,1.2249,-6.3346,-0.5629
1624606380634,26.3293,0.7148,43.2913,2.1681,-5.2497,-0.6680
1624606380644,0.8601,8.6685,35.4643,0.5298,-0.3249,1.0791
1624606380655,-4.2151,1.8418,27.0392,-2.5099,0.1039,1.4199
1624606380664,-3.6624,-7.7104,19.6143,-2.7493,-0.4483,0.5635
1624606380674,-2.4492,-11.4503,12.6895,-3.2270,-0.3066,0.5158
1624606380684,-1.1547,-9.4164,9.7319,-3.0218,-0.3347,0.3680
1624606380693,-0.1497,-4.8820,9.7319,-1.5471,-0.2699,0.2666
1624606380703,-0.7455,-2.1662,9.4376,-0.3291,0.0905,0.2801
1624606380713,-1.8247,-1.8934,8.8825,0.0215,0.3226,0.2300
1624606380722,-1.8295,-2.8457,9.7511,-0.1129,0.3813,0.2104
1624606380732,-1.1356,-3.4487,10.5311,-0.4977,0.2456,0.3240
1624606380741,-0.5756,-4.5447,11.0552,-1.1000,0.0379,0.5354
1624606380751,-0.2048,-6.2675,10.9403,-1.5655,-0.0268,0.6747
1624606380759,-0.0205,-7.6769,10.8685,-1.7390,0.0770,0.7248
1624606380770,0.2427,-8.3397,10.5000,-1.6950,0.2774,0.7064
1624606380780,0.3791,-8.5120,10.3900,-1.3456,0.5608,0.5745
1624606380789,0.2571,-8.0813,10.2823,-0.7701,0.9811,0.4340
1624606380799,0.0297,-7.1217,10.1076,-0.1483,1.4197,0.3497
1624606380808,-0.3531,-6.1263,10.0191,0.3599,1.8192,0.2605
1624606380818,-1.0159,-5.3798,10.0932,0.6898,2.2053,0.1725
1624606380828,-1.8056,-5.0591,9.8324,0.7851,2.5718,0.1212
1624606380838,-2.4803,-5.0759,9.2821,0.6678,2.8540,0.1066
1624606380847,-2.8823,-5.3152,8.6001,0.4051,3.0373,0.1017
1624606380857,-2.9541,-5.6549,7.5927,0.0484,3.1203,0.1139
1624606380867,-2.9756,-5.7554,6.5016,-0.3144,3.1485,0.1334
1624606380876,-3.0977,-5.8105,5.5014,-0.6504,3.1814,0.1750
1624606380886,-3.4973,-5.9062,4.7405,-0.9400,3.2303,0.2581
1624606380895,-4.0835,-6.1311,4.2332,-1.1452,3.2865,0.3607
1624606380905,-4.7033,-6.4063,3.8767,-1.2491,3.3097,0.4597
1624606380914,-5.1794,-6.6408,3.4268,-1.2430,3.2743,0.5500
1624606380924,-5.5671,-6.7772,3.0966,-1.1611,3.1814,0.6307
1624606380934,-5.7441,-6.7700,2.6037,-0.9937,3.0300,0.6893
1624606380942,-5.8398,-6.5068,2.0151,-0.7372,2.8394,0.7223
1624606380951,-5.9954,-6.1670,1.3786,-0.4769,2.6610,0.7504
1624606380961,-6.2562,-5.8727,0.7995,-0.2277,2.5034,0.7687
1624606380970,-6.6103,-5.6430,0.3616,-0.0127,2.3653,0.7712
1624606380980,-6.9860,-5.4491,-0.0499,0.1327,2.2334,0.7785
1624606380990,-7.3043,-5.2386,-0.3179,0.2097,2.0795,0.7907
1624606381001,-7.5459,-5.1022,-0.3562,0.2317,1.9047,0.7944
1624606381011,-7.6273,-4.9921,-0.4376,0.2195,1.6971,0.7895
1624606381020,-7.6081,-4.7983,-0.5979,0.1828,1.4564,0.7846
1624606381029,-7.5842,-4.5949,-0.6984,0.1180,1.2096,0.7773
1624606381039,-7.6034,-4.4011,-0.8276,0.0472,0.9750,0.7687
1624606381049,-7.6464,-4.2719,-1.0023,-0.0212,0.7478,0.7504
1624606381059,-7.6656,-4.1738,-1.2511,-0.0970,0.5205,0.7333
1624606381068,-7.6727,-4.1307,-1.4641,-0.2204,0.2945,0.7211
1624606381078,-7.6656,-4.1522,-1.6747,-0.3633,0.0722,0.6979
1624606381088,-7.5603,-4.1810,-1.8517,-0.5026,-0.1490,0.6649
1624606381097,-7.4574,-4.2144,-1.7871,-0.6406,-0.3652,0.6344
1624606381107,-7.3665,-4.4155,-1.5239,-0.7799,-0.5827,0.6038
1624606381116,-7.1774,-4.7959,-1.3492,-0.8838,-0.8001,0.5684
1624606381127,-6.9070,-5.2146,-1.1937,-0.9326,-1.0139,0.5207
1624606381136,-6.6486,-5.4085,-1.1315,-0.9473,-1.2167,0.4743
1624606381146,-6.4883,-5.4491,-1.0836,-0.9387,-1.4061,0.4291
1624606381155,-6.4548,-5.5161,-0.7750,-0.9082,-1.5649,0.3937
1624606381165,-6.3782,-5.6956,-0.5117,-0.9216,-1.7213,0.3729
1624606381174,-6.1964,-6.0139,-0.2103,-0.9925,-1.9082,0.3497
1624606381184,-5.8398,-6.4182,0.0003,-1.1525,-2.1049,0.3289
1624606381193,-5.5168,-6.8130,0.1367,-1.3688,-2.2955,0.3143
1624606381203,-5.2464,-7.1863,0.2540,-1.5520,-2.4629,0.2971
1624606381213,-5.0909,-7.4639,0.3544,-1.6143,-2.6034,0.2813
1624606381221,-4.9210,-7.5835,0.4286,-1.5496,-2.7219,0.2837
1624606381232,-4.7057,-7.4711,0.5794,-1.3835,-2.8465,0.3008
1624606381242,-4.4353,-7.2151,0.8282,-1.1782,-2.9870,0.3240
1624606381251,-4.0787,-6.8609,1.0149,-0.9607,-3.1434,0.3387
1624606381261,-3.7007,-6.7030,1.5222,-0.7946,-3.3206,0.3497
1624606381270,-3.2556,-6.8729,2.4171,-0.6883,-3.5173,0.3436
1624606381280,-2.6765,-7.1935,3.1804,-0.6321,-3.7531,0.3167
1624606381288,-1.9324,-7.4304,3.7140,-0.5490,-4.0304,0.2605
1624606381297,-1.2313,-7.3347,4.4534,-0.3193,-4.3236,0.1615
1624606381307,-0.5756,-7.0452,5.0444,0.0435,-4.5850,0.0663
1624606381316,-0.0564,-6.5762,5.3243,0.4797,-4.8135,-0.0070
1624606381326,0.2977,-5.8344,5.5301,0.8657,-5.0053,-0.0437
1624606381335,0.7667,-4.6021,5.6163,1.1406,-5.2020,-0.0596
1624606381347,1.2381,-3.5157,5.9202,1.3068,-5.3792,-0.0474
1624606381357,1.6090,-3.2669,7.3439,1.4229,-5.5380,-0.0388
1624606381367,2.3962,-4.1331,8.5834,1.5023,-5.7457,-0.0412
1624606381376,1.9990,-8.1770,-1.9929,1.5841,-6.0499,-0.0132
1624606381386,36.6399,-4.6260,4.3074,1.8309,-6.8196,0.0027
1624606381395,34.4003,-0.6515,56.5810,2.8413,-6.8379,-0.1280
1624606381405,-7.5412,18.9648,53.1976,3.8089,2.7062,0.1970
1624606381414,-6.5649,12.3654,37.1967,1.1113,2.5413,0.7138
1624606381424,-4.3443,0.5449,26.3884,-1.6192,-0.6865,1.5005
1624606381434,-1.2624,-5.0065,19.0376,-2.3584,-0.7012,0.7944
1624606381443,1.7263,-8.4593,12.8857,-2.6748,-0.1319,-0.4762
1624606381453,3.4563,-6.9016,9.1792,-1.9234,-0.4373,-0.5837
1624606381463,2.8963,-3.7168,7.9804,-0.7860,0.1381,-0.3100
1624606381472,1.5276,-1.9700,6.5447,0.2255,1.0153,-0.2624
1624606381480,0.0321,-3.6115,6.4514,0.2036,1.4735,-0.0559
1624606381491,-0.7192,-6.9112,7.2123,-0.6015,1.5847,0.2605
1624606381501,-0.5062,-8.6842,8.5235,-1.4360,1.3965,0.3130
1624606381510,0.6088,-8.7919,10.3373,-1.7243,1.1949,0.0198
1624606381520,1.6377,-7.7845,11.3997,-1.1599,1.3256,-0.2893
1624606381530,1.3099,-6.7317,12.2372,-0.0847,1.8571,-0.4994
1624606381539,0.0537,-5.7818,12.2707,0.9439,2.6207,-0.5422
1624606381549,-0.9800,-5.5114,11.4189,1.4754,3.1973,-0.5360
1624606381558,-1.2624,-5.3726,9.9736,1.6085,3.4405,-0.5861
1624606381568,-0.9609,-5.5807,8.8968,1.4607,3.4563,-0.6863
1624606381578,-0.4369,-5.6478,7.7650,1.1956,3.3989,-0.7682
1624606381587,-0.3292,-5.5568,6.8534,0.8718,3.3745,-0.7914
1624606381597,-0.8819,-5.5879,6.3365,0.5273,3.4600,-0.7731
1624606381607,-1.8199,-5.6741,5.7790,0.2060,3.6286,-0.7120
1624606381616,-2.7172,-5.8679,5.2382,-0.1006,3.7740,-0.6252
1624606381626,-3.3848,-6.1550,4.5467,-0.3462,3.8338,-0.5336
1624606381634,-3.8083,-6.5570,3.7140,-0.5172,3.7972,-0.4322
1624606381643,-4.0237,-7.0284,2.7521,-0.5673,3.6909,-0.3369
1624606381652,-4.1864,-7.2605,1.9194,-0.4806,3.5565,-0.2563
1624606381662,-4.4018,-7.2127,1.2039,-0.3157,3.4173,-0.1878
1624606381672,-4.7368,-6.9877,0.4167,-0.1409,3.2853,-0.1231
1624606381684,-5.2823,-6.6288,-0.3131,-0.0273,3.1668,-0.0608
1624606381693,-5.9762,-6.4206,-0.7486,-0.0163,3.0519,0.0027
1624606381703,-6.6821,-6.2866,-1.0430,-0.1019,2.9225,0.0834
1624606381712,-7.2373,-6.2507,-1.4091,-0.2472,2.7392,0.1652
1624606381722,-7.5866,-6.3345,-1.7010,-0.3889,2.4948,0.2312
1624606381731,-7.7063,-6.4302,-2.1245,-0.5026,2.2163,0.2898
1624606381741,-7.7063,-6.4685,-2.5983,-0.5673,1.9157,0.3497
1624606381751,-7.6799,-6.4757,-2.9835,-0.5795,1.6176,0.3986
1624606381760,-7.6656,-6.4135,-3.0410,-0.5209,1.3318,0.4413
1624606381770,-7.5412,-6.0354,-3.3209,-0.4354,1.0410,0.4914
1624606381779,-7.4143,-5.4874,-3.3640,-0.3511,0.7319,0.5525
1624606381813,-7.3210,-4.9801,-3.1726,-0.3181,0.4240,0.6172
1624606381814,-7.2085,-4.5901,-2.8160,-0.3413,0.1271,0.6759
1624606381815,-7.1344,-4.3150,-2.5696,-0.4696,-0.1490,0.7333
1624606381818,-7.0626,-4.2862,-2.2992,-0.6785,-0.4239,0.7785
1624606381827,-7.0219,-4.3939,-2.0168,-0.8777,-0.6841,0.8066
1624606381835,-6.8975,-4.5877,-1.7130,-1.0658,-0.9247,0.8066
1624606381845,-6.6941,-4.8533,-1.5718,-1.2161,-1.1691,0.7687
1624606381855,-6.3902,-5.1357,-1.3779,-1.2759,-1.4195,0.7003
1624606381865,-6.0480,-5.3223,-1.1434,-1.2723,-1.6724,0.6172
1624606381876,-5.7011,-5.5736,-0.8156,-1.2564,-1.9449,0.5330
1624606381883,-5.3565,-6.0115,-0.4017,-1.2063,-2.2161,0.4364
1624606381893,-4.9330,-6.5092,-0.1217,-1.1208,-2.4886,0.3411
1624606381903,-4.4089,-6.6647,-0.0045,-1.0352,-2.7635,0.2519
1624606381913,-3.8801,-6.4757,0.2300,-0.9583,-3.0237,0.1774
1624606381922,-3.4662,-5.9373,0.5028,-0.8838,-3.2411,0.1298
1624606381932,-3.2197,-5.2338,1.0555,-0.8434,-3.4195,0.1139
1624606381941,-3.1431,-4.8557,1.7471,-0.8679,-3.5796,0.1163
1624606381952,-2.9780,-4.9108,2.5439,-0.9497,-3.7592,0.1298
1624606381960,-2.7005,-5.3630,3.4627,-1.1049,-3.9986,0.1225
1624606381970,-2.2506,-6.6216,4.3672,-1.2845,-4.2955,0.0846
1624606381980,-1.4873,-7.6697,4.9702,-1.3004,-4.6180,-0.0205
1624606381989,-0.6259,-8.1674,5.4416,-1.1721,-4.9381,-0.2050
1624606381999,0.2523,-7.9879,5.5971,-0.8862,-5.2045,-0.4114
1624606382008,0.9534,-6.7556,5.4344,-0.4439,-5.3792,-0.5898
1624606382018,1.4343,-5.0304,5.2215,-0.0554,-5.4842,-0.6961
1624606382027,1.7382,-3.6186,5.4416,0.2732,-5.5551,-0.7621
1624606382042,2.1976,-3.2071,6.5327,0.5310,-5.6113,-0.7767
1624606382047,2.5518,-4.7720,-2.6055,0.6861,-5.7481,-0.7425
1624606382057,29.4375,-8.1315,21.1098,0.8108,-6.1403,-0.7083
1624606382067,48.2978,-3.8771,46.7944,1.5646,-6.5569,-0.7975
1624606382076,1.3290,11.1283,56.0665,3.0722,1.6433,-0.9392
1624606382086,-3.0259,9.6448,39.0440,2.6507,3.4270,-0.7022
1624606382095,-5.4905,1.4613,24.1918,-0.2497,0.1516,1.1670
1624606382104,-5.5001,-0.4960,17.9034,-1.3211,0.0929,0.9862
1624606382115,-2.8129,-3.8579,13.5652,-2.2142,1.0410,-1.1823
1624606382125,1.7621,-5.2529,9.0619,-2.2301,0.1895,-1.8506
1624606382134,5.2485,-4.1163,6.1666,-2.1482,-0.7574,-1.1017
1624606382144,6.3253,-3.2454,4.9941,-1.9161,-0.6401,-0.6790
1624606382154,5.6840,-6.7437,5.1568,-1.9674,0.0257,-0.7572
1624606382163,4.3273,-10.4669,5.8627,-2.2814,0.7123,-0.6985
1624606382171,2.9633,-11.3044,6.9897,-2.7652,1.1387,-0.5580
1624606382183,2.0373,-10.5124,8.2771,-2.8288,1.4759,-0.7755
1624606382192,1.3267,-10.1128,10.1076,-1.9723,1.9732,-1.1445
1624606382202,1.0539,-9.6270,11.1054,-0.7249,2.4875,-1.3045
1624606382212,1.1998,-10.0506,11.0623,0.2292,2.8064,-1.4010
1624606382221,1.5588,-11.0388,10.4234,1.0233,3.0446,-1.6270
1624606382231,2.2814,-11.0579,9.1146,1.7014,3.2279,-1.7847
1624606382241,2.7193,-9.9070,7.9612,2.1205,3.3427,-1.8555
1624606382250,2.2910,-8.4809,7.3271,2.2524,3.5419,-1.8922
1624606382260,1.1807,-7.4208,7.0807,2.0850,3.8522,-1.8995
1624606382270,-0.1425,-6.9399,6.6572,1.6415,4.1466,-1.8592
1624606382279,-1.3342,-7.1600,6.1546,0.9794,4.3250,-1.7688
1624606382289,-2.1023,-7.8492,5.3363,0.2537,4.3946,-1.6503
1624606382298,-2.3798,-8.8517,4.3026,-0.3951,4.3592,-1.5232
1624606382307,-2.3033,-9.7993,3.1469,-0.8337,4.2614,-1.3754
1624606382318,-2.1932,-10.3808,2.1491,-1.0511,4.1564,-1.2117
1624606382327,-2.2698,-10.5315,1.4121,-1.0756,4.0892,-1.0504
1624606382337,-2.5904,-10.4119,0.5746,-0.9766,4.0721,-0.8964
1624606382347,-3.1671,-10.0649,-0.2438,-0.8129,4.0867,-0.7560
1624606382354,-4.0572,-9.8041,-0.8204,-0.7054,4.1234,-0.6375
1624606382363,-4.9760,-9.7251,-1.3445,-0.6700,4.1332,-0.5250
1624606382373,-5.7465,-9.7514,-1.5766,-0.6406,4.0696,-0.4212
1624606382383,-6.0337,-9.4810,-1.8278,-0.5539,3.8925,-0.3381
1624606382392,-5.9116,-8.9044,-2.0958,-0.4085,3.6115,-0.2624
1624606382402,-5.5958,-8.2464,-2.6461,-0.1984,3.2914,-0.1866
1624606382414,-5.3661,-7.7032,-3.2037,0.0679,2.9896,-0.1023
1624606382423,-5.4211,-7.3108,-3.4741,0.3147,2.7380,-0.0119
1624606382433,-5.6819,-7.0475,-3.5985,0.4540,2.5290,0.0870
1624606382442,-5.9978,-6.7700,-3.5841,0.4980,2.3116,0.1835
1624606382452,-6.2634,-6.5642,-3.3736,0.4589,2.0513,0.2691
1624606382462,-6.3591,-6.4278,-3.2324,0.3563,1.7398,0.3436
1624606382471,-6.3400,-6.3512,-3.1199,0.2133,1.3989,0.3937
1624606382481,-6.2347,-6.4374,-2.8687,0.0460,1.0556,0.4254
1624606382490,-6.0815,-6.5139,-2.7993,-0.1092,0.7294,0.4462
1624606382500,-5.9284,-6.7030,-2.6007,-0.2558,0.4191,0.4535
1624606382510,-5.7393,-6.8920,-2.3997,-0.3621,0.1222,0.4584
1624606382519,-5.6101,-7.0499,-2.2729,-0.4464,-0.1563,0.4511
1624606382528,-5.5766,-7.2127,-2.0647,-0.4806,-0.3994,0.4364
1624606382537,-5.5886,-7.4017,-1.9379,-0.4562,-0.6230,0.4218
1624606382547,-5.5168,-7.6171,-1.7823,-0.4048,-0.8331,0.3961
1624606382557,-5.3445,-7.7319,-1.5670,-0.3401,-1.0286,0.3607
1624606382567,-5.0789,-7.7056,-1.3062,-0.2949,-1.2241,0.3204
1624606382577,-4.7655,-7.6218,-0.9760,-0.2863,-1.4195,0.2801
1624606382586,-4.4975,-7.4687,-0.5572,-0.2802,-1.6053,0.2544
1624606382596,-4.2630,-7.2462,-0.0906,-0.3083,-1.7763,0.2446
1624606382605,-4.0739,-7.1696,0.2827,-0.3389,-1.9400,0.2434
1624606382615,-3.9543,-7.0739,0.5172,-0.3413,-2.0903,0.2519
1624606382625,-3.8490,-7.0141,0.6703,-0.3425,-2.2198,0.2666
1624606382634,-3.7892,-7.0212,0.8426,-0.3266,-2.3407,0.2825
1624606382644,-3.6648,-6.9997,0.8857,-0.2986,-2.4617,0.2935
1624606382654,-3.4997,-6.8824,1.0819,-0.2778,-2.6071,0.2947
1624606382663,-3.2747,-6.6384,1.4240,-0.2582,-2.7805,0.2739
1624606382671,-2.9086,-6.3800,1.9050,-0.2265,-3.0017,0.2422
1624606382682,-2.3463,-6.1096,2.2687,-0.2020,-3.2668,0.2055
1624606382690,-1.7050,-5.7818,2.6803,-0.1947,-3.5564,0.1567
1624606382700,-1.1404,-5.6262,3.2306,-0.1764,-3.8410,0.0870
1624606382709,-0.5924,-5.5137,3.7451,-0.1202,-4.1306,0.0076
1624606382719,-0.0732,-5.6645,4.2619,-0.0408,-4.4592,-0.0730
1624606382729,0.4317,-6.2771,4.8195,0.0679,-4.8221,-0.1524
1624606382740,1.3003,-7.3275,4.8936,0.2683,-5.2326,-0.2575
1624606382750,2.4537,-7.7295,4.4892,0.5579,-5.6712,-0.3943
1624606382759,3.5472,-7.8180,4.5108,0.8083,-6.0939,-0.5373
1624606382768,4.5450,-7.6936,5.8986,1.1186,-6.4592,-0.6533
1624606382779,7.1723,-7.2246,-9.8557,1.5475,-6.7524,-0.7169
1624606382788,72.4653,-5.6478,33.3515,2.1705,-7.1849,-0.7266
1624606382798,18.7967,0.6454,52.9487,3.3190,-4.6901,-0.6790
1624606382808,-2.8847,15.5144,50.0773,4.4943,4.7624,-0.9563
1624606382817,-3.5045,10.1353,30.0590,2.9781,2.1808,-0.8317
1624606382827,-5.1579,3.5981,18.6189,0.0997,-0.0940,0.9715
1624606382836,-4.3730,-0.4027,13.1058,-1.1464,0.7942,-0.0400
1624606382846,-1.2074,-6.4661,9.0763,-1.6510,1.3134,-2.0266
1624606382855,3.6309,-8.5215,5.5995,-1.7671,0.2713,-1.9704
1624606382865,6.9091,-6.4781,4.8649,-1.8233,-0.2369,-1.1371
1624606382875,7.3566,-7.1361,4.7405,-1.7512,0.1088,-1.0956
1624606382884,6.1482,-8.7943,5.3387,-1.6656,0.7710,-1.3155
1624606382894,4.3392,-9.1843,5.6857,-1.9613,1.3831,-1.3509
1624606382903,2.7959,-9.2322,6.9323,-1.9576,1.8950,-1.4939
1624606382913,1.8100,-7.6888,8.4015,-1.2051,2.5009,-1.6393
1624606382923,1.4008,-7.6840,9.4280,-0.5160,2.8577,-1.7456
1624606382932,1.1711,-9.1149,10.0119,0.1070,3.0715,-1.8946
1624606382941,1.3195,-10.2109,9.6386,0.5359,3.2999,-1.9667
1624606382952,1.7933,-11.0412,8.8346,0.7411,3.4429,-2.0766
1624606382961,2.2240,-10.5435,7.9038,1.0014,3.6017,-2.1585
1624606382971,2.0636,-9.7491,7.2506,1.0661,3.7789,-2.2440
1624606382980,1.2525,-9.5552,6.7457,0.9354,4.0208,-2.2746
1624606382990,0.1542,-9.7730,6.1355,0.6898,4.2749,-2.2098
1624606383000,-0.9417,-10.2109,5.4416,0.3367,4.4533,-2.0766
1624606383009,-1.8414,-11.0125,4.9319,-0.0005,4.5278,-1.9203
1624606383019,-2.3942,-11.9313,4.1543,-0.1752,4.5266,-1.7675
1624606383028,-2.5904,-12.5917,3.1134,-0.1971,4.4618,-1.6087
1624606383036,-2.6287,-12.8717,1.9361,-0.1080,4.3616,-1.4267
1624606383046,-2.7603,-12.6731,0.7995,0.1168,4.2639,-1.2019
1624606383056,-3.1264,-11.9648,-0.0547,0.4271,4.2101,-0.9637
1624606383065,-3.7246,-10.8833,-0.3921,0.7216,4.1833,-0.7523
1624606383079,-4.4257,-9.7443,-0.2725,0.8963,4.1332,-0.5605
1624606383086,-5.1148,-8.7680,-0.1911,0.9158,4.0147,-0.3674
1624606383096,-5.6747,-8.1937,-0.2007,0.8230,3.7862,-0.1707
1624606383105,-5.9188,-7.9760,-0.3921,0.6874,3.4673,0.0162
1624606383115,-5.8638,-7.9425,-0.9209,0.5420,3.0959,0.1738
1624606383124,-5.7226,-7.9975,-1.4234,0.4357,2.7319,0.2874
1624606383134,-5.5838,-8.0095,-1.8996,0.3722,2.4191,0.3643
1624606383144,-5.5814,-7.8037,-2.2394,0.3428,2.1674,0.4218
1624606383153,-5.7082,-7.4304,-2.2968,0.3233,1.9646,0.4621
1624606383163,-5.8183,-7.1648,-2.1030,0.3001,1.7630,0.4877
1624606383172,-5.7561,-6.9279,-1.8517,0.2756,1.5309,0.5048
1624606383182,-5.5503,-6.7030,-1.6483,0.2195,1.2597,0.5098
1624606383190,-5.2799,-6.4517,-1.4258,0.1070,0.9823,0.5048
1624606383201,-5.0837,-6.2268,-1.2727,-0.0408,0.7258,0.4939
1624606383211,-5.0311,-6.1479,-1.1387,-0.1935,0.5059,0.4853
1624606383219,-5.0933,-6.1790,-1.0549,-0.3584,0.3238,0.4829
1624606383231,-5.1627,-6.2938,-1.0788,-0.5441,0.1589,0.4694
1624606383240,-5.1268,-6.4278,-1.0142,-0.6968,-0.0182,0.4377
1624606383250,-5.0287,-6.3991,-1.0119,-0.8129,-0.1991,0.3949
1624606383259,-4.8875,-6.2101,-0.8635,-0.8752,-0.3860,0.3472
1624606383268,-4.7703,-5.9134,-0.6003,-0.9082,-0.5753,0.2923
1624606383278,-4.6578,-5.5616,-0.2892,-0.9204,-0.7574,0.2361
1624606383288,-4.4305,-5.2984,0.2444,-0.9143,-0.9443,0.1738
1624606383298,-4.0931,-5.1692,0.9814,-0.9033,-1.1385,0.1102
1624606383306,-3.5643,-5.4827,1.4982,-0.8715,-1.3560,0.0357
1624606383315,-3.0043,-6.0593,1.8428,-0.8337,-1.5588,-0.0474
1624606383324,-2.6383,-6.6479,1.9002,-0.8508,-1.7066,-0.1243
1624606383335,-2.3918,-7.0404,1.7303,-0.8813,-1.8142,-0.1988
1624606383346,-2.5880,-7.0332,1.6609,-0.8410,-1.8459,-0.2661
1624606383354,-2.9613,-6.7843,1.6992,-0.7982,-1.8569,-0.3174
1624606383365,-3.1814,-6.5642,2.2759,-0.7640,-1.9400,-0.3479
1624606383373,-3.1695,-6.3082,3.2187,-0.7592,-2.0866,-0.3455
1624606383382,-2.9948,-6.0856,4.1590,-0.8715,-2.2955,-0.2990
1624606383392,-2.7579,-6.2101,4.3098,-1.0743,-2.5619,-0.2502
1624606383401,-2.6670,-6.7987,4.2906,-1.2356,-2.8868,-0.2343
1624606383411,-2.5736,-7.5668,4.5586,-1.2197,-3.2631,-0.2661
1624606383420,-2.2769,-7.5811,4.9893,-0.9620,-3.7054,-0.3564
1624606383432,-1.8151,-7.0787,5.8555,-0.5820,-4.2344,-0.4933
1624606383442,-1.3605,-7.2318,6.8821,-0.1409,-4.7622,-0.6472
1624606383451,-0.6187,-7.7917,7.8248,0.3612,-5.2936,-0.8464
1624606383461,0.9414,-8.1052,-11.0689,0.8535,-5.8679,-1.0895
1624606383470,39.2361,-6.1287,28.5969,1.4216,-6.6473,-1.3461
1624606383480,45.3881,-5.7794,50.5559,2.1571,-7.0566,-1.7003
1624606383490,5.9424,8.2881,45.4161,2.3013,1.1057,-0.9661
1624606383499,-1.2983,3.2727,27.3479,0.8144,1.7496,-1.0724
1624606383509,-5.7226,-8.8900,14.3453,-0.6773,0.2933,-0.7633
1624606383518,-7.5723,-13.6158,9.7247,-1.1538,1.2829,-0.2819
1624606383528,-4.9593,-13.4005,5.8125,-1.2258,2.0416,-1.3949
1624606383537,1.1376,-8.4593,4.0346,-0.0212,0.8785,-1.9862
1624606383547,5.8252,-4.1642,3.9915,0.4980,-0.1282,-1.5134
1624606383557,7.7825,-4.7983,4.6424,0.1816,-0.2333,-1.5195
1624606383567,7.3087,-6.1287,4.4653,-0.4207,0.3226,-1.7394
1624606383576,5.3538,-7.9496,4.2859,-1.1867,0.8944,-1.7993
1624606383586,3.4395,-9.9500,5.0157,-1.2857,1.3867,-1.7712
1624606383595,2.3867,-9.5146,5.9585,-0.5942,1.8754,-1.6845
1624606383605,2.0086,-9.2035,7.4468,0.0961,2.2004,-1.7248
1624606383615,1.7598,-9.9764,8.6719,0.7802,2.5058,-1.8494
1624606383624,1.7717,-10.2396,9.0165,1.3043,2.8418,-1.8836
1624606383634,2.2072,-9.9620,8.7461,1.4143,3.0544,-1.9765
1624606383643,2.6858,-9.4236,8.1216,1.3239,3.2181,-2.1182
1624606383653,2.7408,-8.9259,7.3582,1.0612,3.4014,-2.2013
1624606383663,2.1857,-8.7249,6.6524,0.5994,3.6359,-2.1829
1624606383672,1.1974,-9.2418,6.1092,0.0227,3.9059,-2.0400
1624606383682,0.1398,-10.2755,5.6330,-0.4867,4.1625,-1.8213
1624606383691,-0.7360,-11.3786,4.9702,-0.8129,4.3494,-1.6050
1624606383701,-1.3772,-12.1443,4.3265,-0.9228,4.4581,-1.4267
1624606383711,-1.7673,-12.3931,3.4508,-0.8080,4.5034,-1.2520
1624606383719,-2.0807,-12.1921,2.6611,-0.5123,4.5034,-1.0589
1624606383728,-2.4325,-11.6298,2.0486,-0.1153,4.4838,-0.8561
1624606383738,-2.8704,-10.8952,1.6227,0.2744,4.4398,-0.6680
1624606383747,-3.3322,-10.0960,1.2302,0.5835,4.3763,-0.5250
1624606383757,-3.7677,-9.3399,0.7349,0.7387,4.2737,-0.4139
1624606383767,-4.1385,-8.6914,0.1941,0.7375,4.1246,-0.3125
1624606383778,-4.3850,-8.1985,-0.3227,0.6141,3.9462,-0.2123
1624606383788,-4.5381,-7.6673,-0.8491,0.3905,3.7593,-0.1109
1624606383797,-4.7248,-7.2844,-0.7439,0.0887,3.5785,-0.0180
1624606383807,-4.9736,-7.3897,-0.4256,-0.2277,3.4038,0.0699
1624606383817,-5.0215,-7.8420,-0.6458,-0.4696,3.1802,0.1505
1624606383826,-4.8396,-8.5885,-1.0549,-0.5905,2.8833,0.2214
1624606383836,-4.4664,-9.2131,-1.6986,-0.5466,2.5352,0.2849
1624606383845,-4.1027,-9.5672,-2.3112,-0.3743,2.2004,0.3387
1624606383855,-3.8969,-9.5816,-2.8663,-0.1129,1.9292,0.3533
1624606383864,-3.9734,-9.2418,-3.2396,0.1425,1.7141,0.3546
1624606383874,-4.2438,-8.6412,-3.1941,0.2659,1.5126,0.3680
1624606383884,-4.5501,-8.0908,-2.8950,0.2500,1.3073,0.3900
1624606383893,-4.7415,-7.8061,-2.6270,0.1364,1.0654,0.4108
1624606383903,-4.7415,-7.8492,-2.5457,-0.0261,0.7795,0.4389
1624606383913,-4.5884,-8.1674,-2.5313,-0.1801,0.4643,0.4682
1624606383922,-4.3587,-8.4043,-2.6773,-0.2619,0.1662,0.4926
1624606383932,-4.2606,-8.3540,-2.7754,-0.2851,-0.0952,0.5098
1624606383941,-4.2821,-8.0621,-2.8783,-0.2509,-0.3090,0.5195
1624606383951,-4.4544,-7.6721,-2.8735,-0.1959,-0.4972,0.5281
1624606383959,-4.6363,-7.3251,-2.5815,-0.1556,-0.6731,0.5281
1624606383970,-4.6434,-6.9494,-2.1963,-0.1654,-0.8686,0.5207
1624606383980,-4.5094,-6.6599,-1.8134,-0.2289,-1.1031,0.5171
1624606383989,-4.3443,-6.5929,-1.4282,-0.3328,-1.3597,0.5024
1624606383999,-4.1912,-6.6479,-0.9999,-0.4134,-1.5979,0.4731
1624606384009,-3.9806,-6.8083,-0.5357,-0.4720,-1.8362,0.4401
1624606384018,-3.7102,-7.0069,-0.2509,-0.4843,-2.0976,0.4059
1624606384027,-3.2795,-7.0619,0.0314,-0.4427,-2.3847,0.3741
1624606384037,-2.7268,-6.6336,0.1559,-0.3596,-2.7134,0.3436
1624606384047,-2.1836,-5.9899,0.5578,-0.2472,-3.0481,0.3228
1624606384057,-1.6716,-5.2697,1.4886,-0.0701,-3.3499,0.3155
1624606384065,-1.1212,-4.6906,2.5439,0.1327,-3.6199,0.3240
1624606384074,-0.5421,-4.5231,4.0442,0.3025,-3.8801,0.3362
1624606384083,0.1039,-4.5423,5.3148,0.4503,-4.1379,0.3265
1624606384093,0.6973,-4.6834,6.4442,0.5725,-4.4421,0.2703
1624606384146,1.1496,-4.9084,7.0089,0.7411,-4.7891,0.1701
1624606384147,1.6234,-5.2745,7.0256,0.9940,-5.1886,0.0210
1624606384149,2.1067,-5.5855,6.7433,1.3043,-5.6015,-0.1683
1624606384150,2.3197,-5.9086,6.9586,1.6623,-5.9436,-0.3992
1624606384151,2.9203,-6.1383,7.4611,2.0410,-6.3040,-0.6607
1624606384151,9.1823,-2.4103,-3.0242,2.4442,-6.6766,-0.8818
1624606384160,77.3036,4.2561,44.0546,2.7203,-7.3352,-1.1261
1624606384172,25.6377,4.5385,52.6568,2.3062,-4.8929,-1.1799
1624606384181,4.1167,7.5008,44.6743,1.2628,1.8559,-0.7108
1624606384189,-2.2674,-2.4414,26.4554,0.3001,0.3275,-0.9111
1624606384200,-4.4664,-10.5650,16.6855,-1.2478,0.7331,-0.0083
1624606384210,-2.3439,-14.7381,9.7965,-2.1177,1.7447,-0.6619
1624606384220,2.9107,-9.3231,6.1786,-1.1342,1.6262,-2.1353
1624606384228,7.7729,-5.2984,5.0707,-0.4904,0.9921,-2.3796
1624606384239,8.7516,-4.6763,4.3241,-0.4452,0.9652,-2.0082
1624606384249,7.1053,-5.8320,3.7881,-1.0634,1.5236,-1.8885
1624606384258,5.5093,-7.1744,4.3074,-1.7561,2.0636,-2.0327
1624606384268,4.1933,-7.3682,4.8434,-1.8672,2.4912,-2.0705
1624606384278,3.1021,-7.4735,5.7981,-1.4885,2.7990,-2.0388
1624606384287,2.4250,-10.0099,7.0280,-0.9021,2.9774,-2.0546
1624606384297,2.0660,-12.9507,7.7746,-0.4610,3.1216,-1.8677
1624606384306,1.7909,-13.4340,8.3441,-0.1312,3.3439,-1.7517
1624606384316,1.8961,-11.6298,8.1335,0.2329,3.6860,-1.9239
1624606384325,2.1330,-10.2850,7.4994,0.5151,3.9279,-2.2025
1624606384335,2.1163,-9.7802,6.4968,0.7142,4.0672,-2.2990
1624606384345,1.8196,-9.6079,5.5732,0.6947,4.1539,-2.2501
1624606384354,1.3075,-9.7586,4.6855,0.4797,4.2260,-2.1719
1624606384362,0.5011,-10.1630,4.0346,0.2317,4.3237,-2.0571
1624606384374,-0.5876,-10.7851,3.5202,-0.0359,4.4691,-1.8861
1624606384384,-1.7481,-11.4719,3.0871,-0.2851,4.6182,-1.6808
1624606384393,-2.7268,-12.0103,2.4171,-0.4488,4.7159,-1.4768
1624606384401,-3.3417,-12.2543,1.7614,-0.4830,4.7245,-1.2764
1624606384411,-3.8155,-12.2759,1.4886,-0.4024,4.6573,-1.0663
1624606384420,-4.1553,-12.1514,1.1178,-0.2411,4.5241,-0.8622
1624606384430,-4.3707,-11.8356,0.5889,-0.0139,4.3262,-0.6814
1624606384439,-4.6291,-11.4073,0.1870,0.2158,4.1002,-0.5018
1624606384449,-4.9497,-11.0627,-0.0739,0.4015,3.8644,-0.3174
1624606384459,-5.2704,-10.6224,-0.6098,0.5505,3.6408,-0.1561
1624606384470,-5.6293,-10.0482,-1.0166,0.6202,3.4295,-0.0144
1624606384480,-5.9092,-9.5050,-1.3038,0.5676,3.2169,0.1273
1624606384489,-6.0720,-8.9068,-1.5407,0.4442,2.9786,0.2715
1624606384499,-6.1198,-8.2990,-1.4593,0.2879,2.7257,0.4047
1624606384508,-6.1150,-7.8635,-1.1147,0.1046,2.4728,0.5439
1624606384518,-5.9762,-7.3945,-0.7917,-0.0750,2.2041,0.6857
1624606384528,-5.8087,-6.9088,-0.9712,-0.2387,1.9206,0.8262
1624606384538,-5.7226,-6.5020,-1.2631,-0.3645,1.6445,0.9593
1624606384547,-5.7178,-6.4948,-1.4234,-0.4024,1.3977,1.0644
1624606384556,-5.7250,-6.6671,-1.5694,-0.3682,1.1803,1.1499
1624606384565,-5.6939,-6.6121,-1.8134,-0.3853,0.9494,1.2171
1624606384576,-5.5910,-6.4972,-1.9498,-0.4977,0.6977,1.2440
1624606384585,-5.4666,-6.4230,-1.9690,-0.6223,0.4424,1.2330
1624606384595,-5.3804,-6.4326,-1.8900,-0.7213,0.2065,1.2061
1624606384604,-5.2967,-6.4254,-1.5981,-0.7689,-0.0256,1.1524
1624606384614,-5.1818,-6.6121,-1.2894,-0.7592,-0.2699,1.0815
1624606384624,-4.9258,-6.7437,-1.1626,-0.6785,-0.5314,1.0119
1624606384633,-4.6961,-6.6025,-1.0142,-0.5307,-0.7757,0.9276
1624606384642,-4.6028,-6.4446,-0.8061,-0.3975,-0.9883,0.8335
1624606384651,-4.5549,-6.2986,-0.7151,-0.2521,-1.1801,0.7504
1624606384662,-4.4400,-6.1837,-0.4950,-0.1238,-1.3719,0.6734
1624606384670,-4.2390,-6.2268,-0.3395,-0.0982,-1.5796,0.5965
1624606384679,-3.8730,-6.3249,-0.1744,-0.1153,-1.8117,0.5232
1624606384691,-3.4111,-6.2388,0.0123,-0.1568,-2.0549,0.4657
1624606384700,-3.0857,-6.0139,0.5698,-0.2362,-2.2943,0.4205
1624606384710,-2.8871,-5.6717,1.2350,-0.2949,-2.5264,0.3815
1624606384719,-2.9039,-5.2840,2.3357,-0.3218,-2.7549,0.3472
1624606384729,-2.9685,-5.0830,3.7427,-0.3376,-3.0090,0.3033
1624606384739,-2.8297,-4.9275,4.8027,-0.2594,-3.3474,0.2471
1624606384747,-2.4157,-4.8414,5.2573,-0.1006,-3.7506,0.1786
1624606384756,-1.9683,-4.8581,6.0757,0.1486,-4.1794,0.0785
1624606384766,-1.2863,-4.6523,5.6928,0.5432,-4.6046,-0.0779
1624606384775,-0.4345,-4.0541,4.7166,0.9769,-5.0090,-0.2257
1624606384785,0.1159,-3.8316,4.6544,1.3789,-5.3217,-0.3369
1624606384795,0.7021,-4.1498,5.1305,1.8052,-5.6064,-0.4273
1624606384806,1.6473,-4.9562,6.0733,2.1999,-5.9876,-0.5128
1624606384816,6.6339,-6.1790,-5.6731,2.5664,-6.4714,-0.6106
1624606384825,77.2413,7.1203,27.0249,3.1174,-7.2435,-0.7706
1624606384835,25.9751,7.9315,53.6235,3.1882,-5.8385,-0.8818
1624606384845,-2.3128,15.7728,41.7192,1.9702,4.5730,0.8665
1624606384854,-4.7774,-2.1638,27.7260,-1.4262,0.9664,0.3216
1624606384864,-3.7390,-17.0902,16.6759,-1.9882,-0.4202,-0.2954
1624606384873,-2.3033,-19.6147,8.8203,-2.7005,0.4228,-0.6460
1624606384883,1.9895,-14.9199,5.6761,-1.7329,0.6684,-1.8592
1624606384893,5.6840,-6.1072,6.2288,0.8792,-0.1123,-1.5708
1624606384900,5.2987,-0.5367,7.4157,2.3941,0.1845,-1.4609
1624606384910,3.2888,-1.0894,8.6647,2.3721,1.0349,-1.7468
1624606384922,1.6545,-2.7046,8.4398,1.5230,1.5639,-1.6319
1624606384929,1.1544,-4.3915,7.3965,0.2182,1.5211,-1.3387
1624606384941,1.4989,-4.8820,7.4013,-0.9241,1.2756,-1.2226
1624606384950,1.7813,-6.3345,7.9876,-1.8086,1.0300,-1.3583
1624606384960,1.6856,-8.4210,8.7796,-2.1348,0.9811,-1.4963
1624606384970,1.1472,-9.6198,9.1265,-1.8367,1.2768,-1.5550
1624606384979,0.8242,-9.5720,9.7104,-1.0817,1.7410,-1.6527
1624606384989,0.6184,-8.1530,9.7247,-0.1067,2.2065,-1.8018
1624606384998,0.5921,-7.4902,9.5836,0.5872,2.4973,-1.9716
1624606385008,0.4772,-6.7269,9.2677,1.0111,2.7160,-2.0485
1624606385018,0.2906,-6.1383,9.1457,1.0844,2.8846,-2.0864
1624606385027,-0.0109,-6.4302,8.9782,0.7802,2.9835,-2.1108
1624606385037,-0.4321,-7.3706,8.6049,0.2976,3.0690,-2.0693
1624606385044,-0.7814,-8.4282,7.7172,-0.2228,3.1521,-2.0094
1624606385056,-1.0710,-9.2801,6.7935,-0.6553,3.2242,-1.9203
1624606385066,-1.3964,-9.8639,5.9704,-0.9253,3.3061,-1.7883
1624606385075,-1.7074,-10.2013,5.0707,-1.0181,3.4026,-1.6234
1624606385085,-2.0592,-10.3497,4.4510,-0.9693,3.4979,-1.4487
1624606385094,-2.3750,-10.5387,3.9772,-0.8227,3.5614,-1.2727
1624606385104,-2.6119,-10.6105,3.6518,-0.6248,3.5760,-1.0968
1624606385112,-2.9493,-10.4023,3.4603,-0.4317,3.5431,-0.9319
1624606385121,-3.3035,-10.0075,3.0320,-0.3071,3.4698,-0.7767
1624606385131,-3.7126,-9.5313,2.5702,-0.2216,3.3806,-0.6154
1624606385140,-4.1864,-9.0719,2.0175,-0.1874,3.2914,-0.4383
1624606385150,-4.5908,-8.5742,1.3618,-0.1910,3.1778,-0.2502
1624606385160,-4.7966,-8.1961,0.9096,-0.2143,3.0300,-0.0645
1624606385171,-4.8492,-7.8180,0.6871,-0.2460,2.8674,0.1298
1624606385181,-4.8612,-7.6410,0.7732,-0.3144,2.6989,0.3277
1624606385190,-4.8420,-7.5094,0.8210,-0.4134,2.5266,0.5012
1624606385200,-4.8229,-7.5716,0.7134,-0.5502,2.3482,0.6515
1624606385209,-4.8564,-7.8037,0.4047,-0.6846,2.1760,0.7724
1624606385219,-4.9760,-7.9879,-0.0021,-0.8043,2.0049,0.8616
1624606385228,-5.1196,-8.0525,-0.4567,-0.8972,1.8314,0.9007
1624606385239,-5.2177,-7.8444,-0.9042,-0.9180,1.6457,0.8921
1624606385248,-5.2512,-7.4065,-1.2918,-0.8715,1.4478,0.8665
1624606385258,-5.3086,-6.7748,-1.6196,-0.7592,1.2621,0.8396
1624606385267,-5.3685,-6.3177,-1.3612,-0.6418,1.0960,0.8029
1624606385277,-5.3326,-6.2244,-0.6888,-0.5405,0.9261,0.7639
1624606385287,-5.1077,-6.2890,-0.5141,-0.4904,0.7282,0.7370
1624606385296,-4.8875,-6.6456,-0.8874,-0.4928,0.4912,0.7150
1624606385306,-4.7798,-7.0452,-1.3397,-0.4403,0.2591,0.6930
1624606385315,-4.8181,-6.9542,-1.7512,-0.3291,0.0636,0.6625
1624606385325,-5.0383,-6.6240,-1.9283,-0.2375,-0.0940,0.6136
1624606385334,-5.3039,-6.3465,-1.8230,-0.1507,-0.2467,0.5549
1624606385344,-5.3900,-6.1024,-1.4378,-0.0750,-0.4263,0.4853
1624606385354,-5.2081,-6.0306,-0.8515,-0.0640,-0.6376,0.4144
1624606385363,-4.7846,-5.9732,-0.7415,-0.0957,-0.8857,0.3436
1624606385373,-4.3659,-5.9492,-0.9951,-0.1434,-1.1630,0.2691
1624606385383,-4.0883,-5.9732,-1.4497,-0.2069,-1.4220,0.2055
1624606385392,-4.0620,-5.8176,-1.7967,-0.2204,-1.6443,0.1396
1624606385402,-4.1960,-5.5879,-1.7297,-0.2167,-1.8582,0.0907
1624606385411,-4.2486,-5.2601,-1.4713,-0.2582,-2.1184,0.0699
1624606385421,-4.1290,-5.0256,-0.8850,-0.3474,-2.4446,0.0528
1624606385431,-3.8275,-5.1453,-0.0164,-0.4488,-2.8319,0.0076
1624606385441,-3.3106,-5.5831,0.4884,-0.4464,-3.2778,-0.0571
1624606385448,-2.6143,-6.0402,1.1728,-0.2521,-3.7750,-0.1536
1624606385458,-1.9515,-6.0115,2.0845,0.1913,-4.2735,-0.2783
1624606385467,-1.2504,-5.5114,2.7353,0.6825,-4.8062,-0.3564
1624606385477,-0.3316,-5.0017,3.0224,1.1822,-5.4036,-0.3907
1624606385487,0.8122,-4.2719,3.6781,1.6855,-5.9803,-0.4139
1624606385496,2.0708,-3.9058,4.8434,2.0594,-6.4970,-0.3711
1624606385508,3.0184,-4.9275,6.4418,2.2927,-6.9491,-0.2160
1624606385518,2.9514,-6.9877,1.5150,2.5419,-7.4036,-0.0498
1624606385527,18.3324,-6.1024,4.5658,2.7936,-7.9142,0.0504
1624606385537,74.4035,8.9532,60.3880,3.2493,-8.6400,-0.0290
1624606385546,2.9442,19.4410,62.2424,1.4680,-1.2937,0.3192
1624606385556,-8.9792,2.1720,43.6310,-1.3260,2.5865,-0.7327
1624606385566,-4.0931,-18.5594,29.0372,-2.1983,-0.8062,0.1774
1624606385575,3.4515,-18.6456,16.6328,-2.3767,-0.7146,0.3448
1624606385585,5.7869,-13.5560,10.6101,-1.2332,-0.8282,-1.0516
1624606385594,4.8058,-6.2340,8.5188,1.1712,0.0477,-1.4242
1624606385604,2.0230,-1.6709,7.5927,2.8181,1.1387,-1.5293
1624606385613,-0.0205,-1.0009,7.7339,2.7215,1.7875,-1.4352
1624606385623,0.0609,-2.8362,7.5808,1.6721,2.0074,-1.2373
1624606385633,1.5731,-4.3580,6.1116,0.6299,1.7019,-1.2153
1624606385642,2.6068,-5.0495,5.0540,-0.4085,1.1644,-1.2654
1624606385652,2.9466,-6.1263,5.6282,-1.0450,0.7930,-1.3961
1624606385662,2.4489,-6.9279,7.3008,-1.2014,0.8015,-1.3986
1624606385669,1.5588,-7.7702,9.1983,-0.9839,1.0752,-1.3607
1624606385681,0.9964,-9.5313,10.5216,-0.5783,1.4148,-1.3387
1624606385690,0.9869,-10.8186,10.9786,-0.0273,1.7251,-1.2801
1624606385700,1.4822,-10.6823,10.9164,0.6776,1.9683,-1.3570
1624606385710,1.9320,-8.6579,10.5598,1.4815,2.2529,-1.5330
1624606385719,1.7669,-6.5833,10.2129,2.0459,2.6011,-1.6405
1624606385728,1.0491,-5.6597,9.7391,2.1583,2.9469,-1.6747
1624606385738,0.1781,-5.5999,9.0883,1.8272,3.2609,-1.6356
1624606385748,-0.5852,-6.2029,8.1957,1.1590,3.4991,-1.5440
1624606385758,-1.1475,-7.0308,7.1692,0.4210,3.6604,-1.4169
1624606385767,-1.5112,-7.7654,6.1523,-0.2155,3.7813,-1.2899
1624606385777,-1.7912,-8.1530,5.1808,-0.6785,3.8974,-1.1371
1624606385785,-2.1693,-8.4162,4.7836,-0.9913,4.0098,-0.9429
1624606385794,-2.6526,-8.8757,4.2787,-1.1452,4.1087,-0.7425
1624606385804,-3.1144,-9.1628,3.5465,-1.1379,4.1368,-0.5629
1624606385813,-3.4542,-9.1843,2.6922,-1.0462,4.0660,-0.4004
1624606385823,-3.6983,-8.8757,1.8548,-0.8642,3.9377,-0.2355
1624606385832,-3.9136,-8.2057,0.8880,-0.6480,3.7801,-0.0706
1624606385844,-4.2247,-7.5764,0.0506,-0.5185,3.5858,0.0724
1624606385854,-4.6387,-7.2007,-0.6505,-0.5160,3.3745,0.2128
1624606385863,-5.0717,-7.0667,-1.2727,-0.6138,3.1399,0.3619
1624606385873,-5.4905,-7.2270,-1.6005,-0.7604,2.8552,0.5073
1624606385883,-5.7800,-7.5429,-1.8685,-0.8801,2.5144,0.6490
1624606385892,-5.8686,-7.7822,-1.9714,-0.9228,2.1149,0.7736
1624606385902,-5.7178,-7.7941,-1.9666,-0.8276,1.7117,0.8591
1624606385911,-5.5695,-7.4663,-1.8996,-0.6113,1.3281,0.9214
1624606385920,-5.5312,-6.9231,-1.9187,-0.3767,0.9811,0.9655
1624606385931,-5.5264,-6.2005,-1.9570,-0.1324,0.6757,0.9825
1624606385940,-5.5982,-5.4922,-1.8924,0.0203,0.4228,0.9935
1624606385949,-5.6317,-4.8629,-1.8206,0.0533,0.1882,0.9972
1624606385959,-5.6125,-4.5303,-1.6220,0.0276,-0.0537,0.9679
1624606385969,-5.4929,-4.4442,-1.6101,-0.0420,-0.2858,0.9202
1624606385979,-5.4355,-4.4202,-1.4186,-0.1361,-0.4800,0.8640
1624606385987,-5.4618,-4.6069,-0.8348,-0.2570,-0.6401,0.7932
1624606385998,-5.3756,-4.8438,-0.4256,-0.3303,-0.7782,0.7186
1624606386008,-5.2943,-5.0017,-0.0978,-0.3767,-0.9040,0.6551
1624606386017,-5.2129,-5.4396,0.1989,-0.4256,-1.0555,0.5940
1624606386026,-5.1124,-6.0809,0.6703,-0.3376,-1.2619,0.5134
1624606386037,-4.7320,-6.5953,1.3116,-0.1409,-1.4855,0.4279
1624606386045,-4.2390,-6.2914,1.7710,0.0447,-1.7360,0.3595
1624606386056,-4.0715,-5.4707,2.3572,0.0973,-1.9816,0.2923
1624606386065,-4.1338,-4.7050,2.8502,0.0325,-2.1929,0.2251
1624606386075,-4.0955,-4.3915,2.6492,-0.0957,-2.4421,0.1860
1624606386084,-3.8634,-4.7241,2.4195,-0.2252,-2.7818,0.1762
1624606386094,-3.2484,-5.0591,2.3812,-0.2485,-3.1972,0.1554
1624606386104,-2.5689,-5.0208,3.3527,-0.1715,-3.6749,0.1151
1624606386113,-1.8295,-4.8390,4.4534,-0.0005,-4.2014,0.0736
1624606386123,-0.9346,-4.3604,4.8123,0.2524,-4.8355,0.0296
1624606386130,-0.1665,-4.5949,5.5301,0.4455,-5.5111,-0.0302
1624606386140,0.7500,-5.4348,6.5830,0.7081,-6.1256,-0.1329
1624606386150,2.0541,-6.0904,7.8009,1.0551,-6.7512,-0.2868
1624606386159,4.2579,-5.5018,-22.7387,1.3544,-7.3828,-0.4102
1624606386169,78.5239,1.6815,28.8290,1.7539,-8.0535,-0.5128
1624606386178,9.0842,0.8464,60.1367,1.8443,-5.2167,-0.2514
1624606386190,-11.8076,17.8139,50.1682,0.6446,5.5088,1.3491
1624606386200,-6.0313,1.1120,36.0889,-2.5270,-0.0048,-0.1390
1624606386209,-0.6570,-6.5594,25.9696,-2.5416,-2.0622,0.1615
1624606386219,2.7193,-8.0238,15.3144,-2.5881,-1.4220,-0.1878
1624606386228,3.9947,-9.5050,9.4400,-2.0994,-1.3866,-1.2593
1624606386238,4.9111,-7.2844,8.1407,-0.6455,-1.0860,-0.9453
1624606386248,3.9564,-4.1594,6.9156,0.6996,-0.1710,-0.9539
1624606386257,2.2766,-4.6332,6.6548,1.3898,0.5437,-0.9917
1624606386267,1.7885,-6.1072,6.2073,1.3007,0.9359,-0.6509
1624606386277,1.8531,-6.7054,6.0063,0.6434,0.8504,-0.5629
1624606386286,1.9033,-6.7915,7.1979,-0.1080,0.7087,-0.6436
1624606386296,1.8770,-5.7746,9.2845,-0.3926,0.6317,-0.7266
1624606386305,1.5779,-5.6908,10.9594,-0.4439,0.5987,-0.8842
1624606386315,0.9558,-7.1361,11.8615,-0.1861,0.7783,-0.9221
1624606386325,0.6016,-7.3156,12.2779,0.4003,1.1570,-0.9331
1624606386334,0.6375,-6.1191,11.6318,1.0722,1.5651,-1.0235
1624606386344,0.8242,-5.2577,10.6843,1.4339,1.8107,-1.2129
1624606386353,0.3600,-4.6787,10.0717,1.5194,2.0746,-1.4194
1624606386363,-0.1952,-4.2934,9.6625,1.3263,2.4215,-1.4658
1624606386373,-0.8030,-4.6834,9.1337,0.7729,2.6378,-1.4132
1624606386382,-1.3916,-5.6501,8.6623,0.0496,2.7685,-1.3192
1624606386390,-1.9587,-6.8226,8.1120,-0.6345,2.9102,-1.2300
1624606386401,-2.3846,-7.8133,7.4013,-1.1476,3.0629,-1.1286
1624606386411,-2.7746,-8.6651,6.4657,-1.4458,3.1973,-1.0064
1624606386419,-3.2197,-9.5911,5.5086,-1.5117,3.3122,-0.8488
1624606386430,-3.7198,-10.2563,4.6974,-1.3187,3.4197,-0.6753
1624606386440,-4.2534,-10.4430,4.0370,-0.9400,3.5137,-0.5116
1624606386449,-4.6650,-10.1367,3.3766,-0.4622,3.5516,-0.3736
1624606386459,-5.0095,-9.4452,2.9435,0.0203,3.5101,-0.2661
1624606386469,-5.3039,-8.7536,2.5535,0.3648,3.3904,-0.1695
1624606386476,-5.5623,-8.3014,2.0103,0.5273,3.2034,-0.0608
1624606386485,-5.8877,-8.0597,1.5245,0.5347,2.9896,0.0760
1624606386495,-6.1701,-7.9496,0.9168,0.4100,2.7710,0.2385
1624606386505,-6.4022,-7.8300,0.3305,0.2451,2.5486,0.4144
1624606386514,-6.5098,-7.6314,-0.3777,0.0826,2.3336,0.5916
1624606386524,-6.5984,-7.4615,-0.9305,-0.0322,2.1308,0.7626
1624606386536,-6.6821,-7.5381,-1.3421,-0.1177,1.9377,0.9214
1624606386545,-6.6295,-7.7223,-1.7417,-0.1752,1.7288,1.0668
1624606386555,-6.5170,-7.6171,-1.7010,-0.2069,1.5004,1.1853
1624606386565,-6.3950,-7.2533,-1.5287,-0.2692,1.2548,1.2819
1624606386574,-6.2395,-6.9064,-1.4138,-0.3389,0.9848,1.3649
1624606386584,-6.0767,-6.4709,-1.3062,-0.3780,0.7050,1.4395
1624606386594,-5.9906,-5.9325,-1.1195,-0.4843,0.4301,1.5103
1624606386603,-5.9164,-5.5257,-0.9257,-0.6406,0.1601,1.5543
1624606386613,-5.7513,-5.1740,-0.9425,-0.7640,-0.1160,1.5751
1624606386622,-5.6197,-4.9610,-0.9927,-0.9045,-0.4129,1.5824
1624606386632,-5.5168,-4.9945,-1.1650,-1.0658,-0.7000,1.5763
1624606386639,-5.3732,-5.1094,-1.3588,-1.1489,-0.9651,1.5458
1624606386651,-5.2273,-5.2577,-1.4426,-1.2051,-1.2192,1.4957
1624606386661,-5.0526,-5.5497,-0.9831,-1.2332,-1.4709,1.4382
1624606386669,-4.7463,-5.8990,-0.3107,-1.1831,-1.7250,1.3662
1624606386680,-4.3922,-6.2388,0.4621,-1.0939,-2.0072,1.2794
1624606386690,-3.8203,-6.5163,1.0867,-0.9815,-2.3102,1.2012
1624606386699,-3.1360,-6.3058,1.1943,-0.8459,-2.6437,1.1304
1624606386709,-2.6670,-5.4659,1.1680,-0.7970,-2.9541,1.0522
1624606386718,-2.5330,-4.4992,1.2350,-0.8361,-3.1862,0.9777
1624606386728,-2.5162,-3.9465,1.4552,-0.9302,-3.3853,0.9373
1624606386738,-2.3296,-3.8699,1.5796,-1.0866,-3.6199,0.9422
1624606386747,-1.8773,-4.1451,2.1371,-1.2759,-3.9119,0.9581
1624606386757,-1.2217,-4.5447,2.9220,-1.4274,-4.2552,0.9496
1624606386767,-0.5182,-4.8677,3.9748,-1.4873,-4.6559,0.9105
1624606386776,0.2475,-5.3726,5.0827,-1.4299,-5.1287,0.8054
1624606386786,1.3123,-6.1861,5.9776,-1.2234,-5.6748,0.6331
1624606386795,2.6930,-7.2007,6.4514,-0.8984,-6.2625,0.4279
1624606386805,3.8224,-8.0023,6.8318,-0.5429,-6.8098,0.1970
1624606386815,5.0020,-8.7417,7.5569,-0.1568,-7.3388,-0.0266
1624606386829,6.8278,-9.3064,-16.8452,0.4076,-7.8177,-0.1830
1624606386832,78.5239,0.1836,24.7397,1.1150,-8.2844,-0.2343
1624606386841,14.4752,-3.4631,56.2221,1.7771,-5.9045,0.1457
1624606386851,-8.9027,16.5146,45.7104,0.7839,4.8344,2.4168
1624606386865,-4.7918,2.9903,35.0049,-2.1604,-0.4104,0.9288
1624606386872,-1.0566,-7.8970,25.0316,-1.9442,-2.1575,0.9154
1624606386882,1.7909,-11.6298,14.2065,-2.2277,-1.4904,0.7076
1624606386891,2.5877,-14.1877,8.4972,-1.8184,-1.1251,-0.8977
1624606386901,3.6860,-10.2515,6.3030,-0.3731,-0.8136,-0.6814
1624606386911,3.2266,-6.3154,6.7122,0.8853,-0.0317,-0.1964
1624606386920,1.5803,-5.1118,7.5999,1.7881,0.5608,-0.1646
1624606386930,0.0680,-4.0996,8.9327,1.5988,0.8846,-0.0119
1624606386939,-0.6307,-4.7457,10.0382,0.6226,0.8602,0.0687
1624606386949,-0.4512,-5.6406,11.2753,-0.0054,0.6818,0.0418
1624606386959,-0.0468,-5.4180,11.2825,-0.2057,0.5792,0.0394
1624606386968,-0.2335,-6.1837,12.5196,-0.1801,0.6256,-0.0730
1624606386978,-0.7503,-5.6071,12.4813,0.3001,1.1265,-0.0388
1624606386988,-0.8939,-6.3847,12.3162,0.4784,1.4967,-0.0180
1624606386997,-0.9848,-6.1718,11.3040,0.6324,1.7936,-0.1365
1624606387007,-0.6283,-5.9134,10.3445,0.6348,1.9988,-0.2294
1624606387016,-0.3459,-5.7363,9.2845,0.4784,2.1063,-0.2648
1624606387026,-0.4919,-5.3678,8.4709,0.2805,2.2395,-0.2379
1624606387036,-1.0662,-5.2888,7.9301,0.0203,2.4350,-0.1964
1624606387045,-1.9491,-5.5161,7.4587,-0.1837,2.6720,-0.1097
1624606387055,-2.9661,-5.8894,6.9227,-0.3499,2.8736,-0.0009
1624606387064,-3.7629,-6.5809,6.2480,-0.5502,2.9872,0.1163
1624606387074,-4.1625,-7.2725,5.3555,-0.7115,3.0006,0.2373
1624606387083,-4.2917,-7.7175,4.5180,-0.8007,2.9298,0.3558
1624606387093,-4.3730,-7.8707,3.9628,-0.7616,2.8137,0.4547
1624606387103,-4.5645,-7.7893,3.4914,-0.5991,2.6879,0.5403
1624606387112,-4.8492,-7.3849,2.9578,-0.3853,2.5547,0.6270
1624606387122,-5.3015,-6.9471,2.4195,-0.2020,2.4093,0.7138
1624606387132,-5.7705,-6.5929,2.0629,-0.0835,2.2383,0.7956
1624606387141,-6.1055,-6.4422,1.8021,-0.0029,2.0342,0.8750
1624606387151,-6.2107,-6.3082,1.3546,0.0423,1.7936,0.9557
1624606387160,-6.2682,-6.2077,0.9574,0.0374,1.5468,1.0387
1624606387168,-6.3639,-6.2101,0.6607,-0.0017,1.3293,1.1035
1624606387177,-6.4692,-6.2747,0.5411,-0.0469,1.1460,1.1536
1624606387188,-6.5362,-6.3369,0.3616,-0.1348,0.9714,1.1976
1624606387197,-6.5218,-6.3201,0.2659,-0.2472,0.7856,1.2330
1624606387206,-6.3830,-6.2771,0.0912,-0.3645,0.6012,1.2513
1624606387216,-6.2514,-6.1526,-0.0667,-0.4684,0.4203,1.2587
1624606387228,-6.0815,-5.9947,-0.0810,-0.5722,0.2481,1.2660
1624606387237,-5.9332,-5.8464,0.0219,-0.6981,0.0880,1.2770
1624606387247,-5.7513,-5.6119,0.0912,-0.8447,-0.0769,1.2892
1624606387257,-5.5886,-5.4731,0.0984,-1.0426,-0.2577,1.2953
1624606387266,-5.5120,-5.4970,0.1176,-1.2527,-0.4409,1.3051
1624606387276,-5.5503,-5.7052,0.1319,-1.4519,-0.6144,1.3112
1624606387286,-5.5336,-6.0210,0.1056,-1.6107,-0.7855,1.3039
1624606387295,-5.4929,-6.2388,0.0745,-1.7097,-0.9724,1.2807
1624606387305,-5.4450,-6.4087,0.0290,-1.7500,-1.1459,1.2452
1624606387314,-5.3685,-6.4805,0.0960,-1.7109,-1.3023,1.2037
1624606387324,-5.2608,-6.3847,0.0721,-1.6705,-1.4415,1.1780
1624606387333,-5.1268,-6.2938,-0.0284,-1.6864,-1.5882,1.1621
1624606387343,-5.0000,-6.4374,-0.0332,-1.7414,-1.7287,1.1487
1624606387353,-4.8899,-6.6838,0.1319,-1.8233,-1.8838,1.1426
1624606387362,-4.6841,-6.9207,0.5315,-1.9601,-2.0817,1.1365
1624606387372,-4.3372,-6.9207,0.9144,-2.1006,-2.3285,1.1243
1624606387382,-4.0811,-6.7700,1.2159,-2.1763,-2.5912,1.1035
1624606387391,-3.9495,-6.6958,1.4121,-2.1360,-2.8294,1.0681
1624606387401,-3.8251,-6.7293,1.7040,-1.9748,-3.0383,1.0180
1624606387409,-3.4590,-7.0643,2.2089,-1.7304,-3.2485,0.9569
1624606387420,-2.5713,-7.1457,2.4290,-1.4335,-3.5038,0.8921
1624606387430,-1.6237,-7.0763,2.9028,-1.1892,-3.7836,0.8384
1624606387439,-0.8412,-7.0595,3.5010,-1.0133,-4.0658,0.7981
1624606387449,-0.2861,-7.1457,4.3672,-0.8838,-4.3896,0.7553
1624606387458,0.2930,-7.4232,5.1712,-0.7604,-4.7781,0.7016
1624606387468,1.0993,-7.5405,5.8101,-0.5637,-5.2558,0.6331
1624606387478,2.0541,-7.7151,6.3198,-0.3242,-5.7689,0.5342
1624606387487,2.8892,-8.0071,6.6476,0.0203,-6.2551,0.3912
1624606387497,3.8176,-8.5837,7.1884,0.4357,-6.7072,0.2300
1624606387505,4.5498,-7.6242,-10.6980,0.8914,-7.1494,0.1188
1624606387514,64.9877,2.5309,-4.5197,1.3288,-7.5380,0.0430
1624606387524,31.7945,-11.9002,55.7674,1.4974,-6.4494,0.1542
1624606387533,-8.3092,7.9124,46.9307,1.3263,4.0843,1.7840
1624606387543,-4.6123,-0.3237,36.0123,-1.2344,0.4900,0.7370
1624606387554,-1.2983,-10.0769,27.7547,-0.8544,-2.0060,0.5977
1624606387564,2.4010,-6.6360,17.1497,-0.1055,-1.5222,1.2403
1624606387574,2.9011,-6.3943,11.3902,-0.2900,-1.2913,-0.2465
1624606387583,1.9368,-5.8535,8.6623,0.3282,-0.9920,-0.5641
1624606387593,1.3147,-4.7098,6.1355,0.7619,-0.0097,-0.2709
1624606387602,1.3267,-3.5253,5.3363,0.8792,0.4716,-0.0693
1624606387612,1.5588,-4.1833,6.3222,0.5860,0.5120,0.0455
1624606387621,1.8770,-5.5544,7.8320,-0.0957,0.5169,0.1603
1624606387631,1.7789,-6.8753,8.9064,-0.9167,0.4668,0.1408
1624606387641,1.3913,-7.8779,10.3660,-1.2613,0.4350,0.0418
1624606387649,0.6447,-8.1746,11.5600,-0.8850,0.6793,-0.0205
1624606387658,-0.2765,-7.4663,12.1535,-0.0359,1.1986,-0.0742
1624606387667,-1.2002,-6.4374,12.1678,0.8022,1.7606,-0.1390
1624606387677,-1.8151,-6.0473,11.5672,1.2750,2.1320,-0.2318
1624606387689,-1.9515,-5.9469,10.4546,1.3532,2.3006,-0.3625
1624606387698,-1.7027,-6.1215,9.0859,1.0966,2.3275,-0.4896
1624606387708,-1.4442,-5.9899,7.9565,0.6715,2.3067,-0.5336
1624606387718,-1.6141,-5.9445,7.2601,0.2317,2.3385,-0.4957
1624606387727,-2.2650,-6.1790,6.7552,-0.1104,2.4741,-0.3882
1624606387737,-3.2532,-6.4422,6.2504,-0.2937,2.6732,-0.2453
1624606387746,-4.2510,-6.8944,5.6043,-0.3877,2.8430,-0.1207
1624606387756,-4.8636,-7.3969,4.9487,-0.3951,2.9139,-0.0168
1624606387765,-5.0694,-7.7558,4.3026,-0.3254,2.8687,0.0748
1624606387775,-4.9521,-7.6888,3.6542,-0.1849,2.7392,0.1542
1624606387785,-4.8301,-7.2438,3.0894,-0.0139,2.5926,0.2287
1624606387795,-4.8660,-6.6479,2.5702,0.1461,2.4667,0.3008
1624606387804,-5.1340,-6.1742,2.1515,0.2280,2.3641,0.3741
1624606387814,-5.4498,-5.9588,1.6490,0.2353,2.2542,0.4413
1624606387823,-5.8016,-5.8440,1.2900,0.1681,2.1173,0.5158
1624606387833,-6.1342,-5.7004,1.0173,0.0399,1.9487,0.6001
1624606387843,-6.3687,-5.6214,0.7828,-0.0811,1.7508,0.6796
1624606387850,-6.5505,-5.5951,0.6799,-0.1385,1.5419,0.7480
1624606387860,-6.7252,-5.6190,0.6081,-0.1703,1.3440,0.8103
1624606387869,-6.8400,-5.5209,0.4286,-0.1959,1.1473,0.8616
1624606387879,-6.8759,-5.4061,0.2851,-0.2240,0.9506,0.9007
1624606387889,-6.7970,-5.2553,0.1582,-0.2460,0.7588,0.9324
1624606387899,-6.6486,-5.0113,0.0219,-0.2717,0.5718,0.9520
1624606387910,-6.4835,-4.7552,-0.0164,-0.3340,0.3983,0.9581
1624606387919,-6.3017,-4.6117,-0.0284,-0.4305,0.2444,0.9593
1624606387929,-6.1533,-4.4705,-0.0643,-0.5673,0.0990,0.9569
1624606387939,-6.0289,-4.4059,0.1367,-0.7433,-0.0500,0.9520
1624606387948,-5.9164,-4.5590,0.3664,-0.9143,-0.2039,0.9386
1624606387958,-5.7633,-4.7313,0.5339,-1.0682,-0.3725,0.9154
1624606387968,-5.6652,-4.9825,0.5052,-1.2173,-0.5448,0.8885
1624606387977,-5.6484,-5.1788,0.3688,-1.3248,-0.7122,0.8457
1624606387987,-5.6700,-5.2984,0.2994,-1.3700,-0.8588,0.7883
1624606387997,-5.6436,-5.4539,0.2468,-1.3847,-1.0152,0.7113
1624606388006,-5.5049,-5.6095,0.3018,-1.3810,-1.1886,0.6209
1624606388015,-5.1747,-5.8775,0.2611,-1.3859,-1.3939,0.5268
1624606388025,-4.7655,-6.1861,0.0745,-1.4189,-1.6297,0.4401
1624606388035,-4.5094,-6.4302,-0.0619,-1.4812,-1.8630,0.3680
1624606388044,-4.4688,-6.5594,-0.0093,-1.5533,-2.0744,0.3130
1624606388053,-4.5836,-6.7389,0.2875,-1.6547,-2.2613,0.2764
1624606388064,-4.6147,-7.0906,0.7493,-1.7817,-2.4568,0.2446
1624606388073,-4.2486,-7.4400,1.0867,-1.8917,-2.7109,0.1982
1624606388083,-3.6241,-7.7128,1.4934,-1.9626,-3.0530,0.1298
1624606388092,-2.7962,-8.0860,2.0797,-1.9332,-3.4366,0.0455
1624606388102,-1.8773,-8.3804,2.7329,-1.7267,-3.8105,-0.0486
1624606388112,-0.9657,-8.6483,3.6422,-1.4262,-4.1721,-0.1427
1624606388121,0.0441,-9.2513,4.3816,-1.0682,-4.5301,-0.2440
1624606388129,1.0778,-9.1341,4.5180,-0.6345,-4.8990,-0.3430
1624606388139,2.1402,-8.5885,4.9128,-0.2912,-5.3108,-0.3943
1624606388149,3.0926,-8.1578,5.1066,0.0569,-5.6968,-0.3956
1624606388160,3.8559,-7.5453,4.6065,0.4186,-6.0071,-0.3674
1624606388169,4.3081,-7.4830,4.8841,0.6409,-6.2796,-0.3015
1624606388179,4.2914,-8.0621,1.1656,0.8474,-6.5630,-0.1891
1624606388187,14.2335,-2.4055,-12.3251,1.1443,-6.8819,-0.0791
1624606388196,74.5781,2.1241,61.8356,1.7246,-7.7469,-0.1500
1624606388206,8.2778,11.9227,45.3228,1.2384,-1.5222,0.4547
1624606388215,-0.0277,5.4789,37.2877,-1.6681,2.3091,0.9410
1624606388225,-1.6452,-8.1507,23.2825,-1.4482,-0.8001,0.2104
1624606388234,-2.5019,-12.6276,15.0464,-1.0426,-0.8734,1.2342
1624606388246,-2.4755,-12.7568,10.3134,-1.4677,0.5266,0.3582
1624606388256,0.1350,-9.3949,7.2960,-0.4940,0.7307,-1.1616
1624606388265,3.4850,-4.7552,7.0328,0.5860,0.3385,-0.8916
1624606388275,4.8226,-2.1925,7.8033,1.0356,0.2579,-0.5018
1624606388285,3.9803,-2.6280,8.1646,0.6483,0.5132,-0.6264
1624606388294,2.6044,-4.0039,8.0402,-0.3963,0.8455,-0.6240
1624606388304,1.6186,-5.3391,7.8464,-1.6131,0.8968,-0.5006
1624606388313,1.2716,-6.9662,8.2532,-2.2399,0.8394,-0.5141
1624606388323,1.2836,-8.3875,8.5690,-2.1372,0.8736,-0.5739
1624606388333,1.4415,-10.2563,9.0476,-1.6424,1.0031,-0.6765
1624606388342,1.4870,-11.3570,9.7176,-0.7286,1.3623,-0.7633
1624606388351,1.3410,-10.5172,9.9090,0.2769,1.8461,-0.7963
1624606388361,1.0658,-9.3064,9.7319,0.9818,2.2248,-0.9123
1624606388371,0.6782,-8.2607,9.3228,1.4277,2.5413,-1.0541
1624606388381,0.1398,-7.0978,8.8083,1.5572,2.8198,-1.0907
1624606388390,-0.5780,-6.2627,8.3369,1.3166,3.0226,-1.0626
1624606388400,-1.4610,-6.1718,7.7483,0.8743,3.1790,-0.9954
1624606388410,-2.2937,-6.7317,7.0591,0.3514,3.3048,-0.8904
1624606388419,-3.0115,-7.8444,6.5567,-0.1849,3.3842,-0.7560
1624606388428,-3.4805,-9.1676,5.9513,-0.6345,3.4014,-0.5996
1624606388438,-3.6815,-10.3449,5.1951,-0.8777,3.3623,-0.4432
1624606388448,-3.7222,-11.0603,4.1184,-0.8667,3.2987,-0.2966
1624606388458,-3.8275,-11.2015,3.0990,-0.6248,3.2486,-0.1585
1624606388467,-4.2032,-10.8497,2.2089,-0.2387,3.2169,-0.0254
1624606388477,-4.8301,-10.2611,1.5365,0.1608,3.1766,0.0980
1624606388487,-5.5838,-9.6964,1.0173,0.4467,3.0996,0.2055
1624606388496,-6.1725,-9.3710,0.7277,0.5835,2.9469,0.3045
1624606388506,-6.4189,-9.2226,0.5818,0.6299,2.6854,0.4083
1624606388515,-6.3088,-8.9211,0.5315,0.6409,2.3458,0.5330
1624606388525,-6.0528,-8.6531,0.7660,0.6312,1.9915,0.6490
1624606388538,-5.7752,-8.5215,1.0819,0.6251,1.6897,0.7443
1624606388542,-5.5312,-8.2894,1.3738,0.6287,1.4527,0.8408
1624606388552,-5.3589,-7.9760,1.3738,0.5847,1.2438,0.9422
1624606388561,-5.2081,-7.5716,1.1345,0.5481,1.0349,1.0351
1624606388571,-5.0502,-7.0763,0.7636,0.5493,0.8296,1.1059
1624606388581,-4.9162,-6.4757,0.4310,0.5701,0.6305,1.1536
1624606388592,-4.8899,-5.9110,0.2037,0.5554,0.4436,1.1743
1624606388602,-4.8947,-5.5161,0.1463,0.4467,0.2688,1.1805
1624606388611,-4.9043,-5.3199,0.1750,0.2390,0.0941,1.1841
1624606388621,-4.8349,-5.2027,0.1989,-0.0249,-0.0903,1.1756
1624606388631,-4.7415,-5.2529,0.3305,-0.2998,-0.2699,1.1450
1624606388640,-4.6099,-5.4156,0.4884,-0.5331,-0.4446,1.1010
1624606388650,-4.5405,-5.5305,0.6272,-0.7237,-0.6010,1.0522
1624606388660,-4.4592,-5.7339,0.6703,-0.8838,-0.7501,0.9948
1624606388669,-4.4496,-6.0713,0.5674,-0.9680,-0.8954,0.9214
1624606388679,-4.4281,-6.4015,0.3473,-0.9754,-1.0408,0.8359
1624606388688,-4.2965,-6.6527,-0.0045,-0.9143,-1.2045,0.7406
1624606388697,-4.0931,-6.7030,-0.2198,-0.8178,-1.4061,0.6527
1624606388707,-3.8993,-6.5307,-0.2007,-0.7506,-1.6211,0.5977
1624606388717,-3.7796,-6.4565,0.1247,-0.7066,-1.8520,0.5513
1624606388727,-3.5834,-6.4422,0.5818,-0.6382,-2.1123,0.5098
1624606388736,-3.3872,-6.5211,1.1943,-0.5624,-2.4006,0.4963
1624606388746,-3.1503,-6.6503,1.7543,-0.4696,-2.6962,0.4841
1624606388755,-2.8153,-6.6073,2.2089,-0.3511,-3.0298,0.4413
1624606388765,-2.4061,-6.5235,2.5726,-0.2362,-3.4048,0.3705
1624606388775,-1.8414,-6.2771,2.8741,-0.1116,-3.8080,0.2788
1624606388784,-1.1021,-5.9875,3.4221,0.0179,-4.2259,0.1615
1624606388794,-0.1712,-5.3606,3.8312,0.1657,-4.6364,0.0259
1624606388803,0.8768,-4.5423,4.4055,0.2830,-5.0237,-0.0950
1624606388813,1.9392,-3.7718,5.0372,0.3880,-5.3547,-0.1891
1624606388823,3.0997,-3.4368,5.8508,0.4907,-5.6687,-0.2758
1624606388832,4.3943,-4.0565,6.8629,0.5078,-6.0145,-0.2917
1624606388842,8.2012,-3.3793,-21.3341,0.4540,-6.3553,-0.2294
1624606388852,78.5239,0.2793,36.1080,0.3941,-6.7695,-0.1878
1624606388861,14.8868,-5.4491,54.8941,0.1901,-3.6956,-0.1390
1624606388869,-2.1669,8.9341,43.5880,0.7411,4.4472,-0.0425
1624606388879,-2.3104,-1.9054,30.2217,-0.8569,0.0648,0.1591
1624606388888,-2.4468,-4.2073,19.1979,-0.4965,-0.6987,1.6313
1624606388898,-1.5256,-3.5947,12.1295,-0.6015,0.5584,0.2434
1624606388907,0.5610,-6.8848,7.6837,-1.0194,0.7197,-1.7944
1624606388918,3.3749,-7.5620,5.7718,-0.6553,0.2298,-1.4646
1624606388929,5.2198,-5.0089,4.6185,-0.5246,0.1064,-0.6032
1624606388938,5.2198,-4.7074,4.9295,-0.7005,0.2298,-0.6326
1624606388948,3.7793,-5.9492,5.3746,-0.9558,0.6512,-0.8781
1624606388957,1.9225,-6.1550,5.7742,-1.4775,0.9322,-0.7963
1624606388967,0.5346,-5.4013,6.8821,-1.9173,1.0104,-0.7303
1624606388977,-0.2670,-5.7530,7.9923,-1.8257,1.0837,-0.9246
1624606388986,-0.3770,-7.1002,8.9901,-1.2930,1.1961,-1.1200
1624606388996,0.0297,-8.2846,9.4017,-0.7176,1.3281,-1.2324
1624606389005,0.5992,-9.1389,9.8683,-0.1470,1.4991,-1.3900
1624606389015,1.1041,-9.3231,10.1052,0.4430,1.7618,-1.5892
1624606389024,1.1903,-8.4258,10.0215,0.9231,2.0562,-1.7077
1624606389034,0.6351,-7.3251,9.8348,1.1199,2.3556,-1.7578
1624606389044,-0.3890,-6.8729,9.8013,1.0502,2.6903,-1.7541
1624606389053,-1.5854,-7.0978,9.3874,0.7338,2.9676,-1.6881
1624606389063,-2.5617,-7.7391,8.8155,0.2549,3.1167,-1.5892
1624606389072,-3.2293,-8.5742,8.3034,-0.2057,3.1924,-1.4975
1624606389082,-3.4733,-9.6653,7.5401,-0.5722,3.2218,-1.4047
1624606389090,-3.3274,-10.6990,6.6548,-0.7359,3.1973,-1.2825
1624606389099,-3.0833,-11.3427,5.8795,-0.6846,3.1546,-1.1200
1624606389162,-2.9637,-11.3690,5.2358,-0.4879,3.1362,-0.9221
1624606389163,-3.0905,-10.9646,4.8506,-0.1984,3.1814,-0.7327
1624606389164,-3.4566,-10.5004,4.4797,0.0924,3.2670,-0.5544
1624606389166,-3.9160,-10.1056,4.0920,0.3001,3.3146,-0.3821
1624606389167,-4.2534,-9.8232,3.6542,0.4039,3.2877,-0.2294
1624606389167,-4.3826,-9.4978,3.1182,0.4259,3.1998,-0.0926
1624606389168,-4.4400,-9.2035,2.6779,0.3905,3.0715,0.0443
1624606389178,-4.5070,-9.0671,2.2041,0.3465,2.9237,0.1909
1624606389187,-4.5836,-9.0408,1.6944,0.3318,2.7710,0.3350
1624606389197,-4.6315,-8.8470,1.3188,0.3697,2.6182,0.4633
1624606389207,-4.6602,-8.3397,1.1058,0.4186,2.4716,0.5659
1624606389215,-4.7368,-7.6649,0.9000,0.4491,2.3128,0.6515
1624606389224,-4.8277,-7.1648,0.7086,0.4442,2.1247,0.7248
1624606389234,-4.8636,-6.8178,0.4645,0.4051,1.8974,0.7968
1624606389243,-4.8516,-6.5259,0.2540,0.3245,1.6482,0.8591
1624606389253,-4.8349,-6.3704,0.1152,0.1962,1.3965,0.8921
1624606389262,-4.8540,-6.2771,-0.0116,0.0679,1.1509,0.8995
1624606389274,-4.8947,-6.1479,-0.1313,-0.0713,0.9164,0.9019
1624606389284,-4.8899,-6.0928,-0.2366,-0.2179,0.6793,0.8934
1624606389293,-4.8564,-6.0713,-0.3371,-0.3535,0.4314,0.8701
1624606389303,-4.7296,-6.1598,-0.4328,-0.4647,0.1601,0.8311
1624606389312,-4.5429,-6.3345,-0.4328,-0.5392,-0.1099,0.7822
1624606389322,-4.2941,-6.5211,-0.3682,-0.5795,-0.3628,0.7272
1624606389331,-4.0715,-6.6432,-0.2246,-0.5722,-0.5961,0.6722
1624606389341,-3.9184,-6.7556,-0.0882,-0.5392,-0.8148,0.6246
1624606389351,-3.8036,-6.8178,-0.0834,-0.5038,-1.0249,0.5928
1624606389360,-3.7677,-6.7915,-0.0834,-0.4733,-1.2204,0.5757
1624606389370,-3.7820,-6.6336,-0.0978,-0.4562,-1.3927,0.5647
1624606389380,-3.8658,-6.4733,-0.0188,-0.4622,-1.5539,0.5635
1624606389389,-3.9017,-6.2818,0.1367,-0.5123,-1.7323,0.5659
1624606389398,-3.8060,-6.1287,0.3975,-0.6064,-1.9400,0.5659
1624606389409,-3.5571,-6.0952,0.7325,-0.7139,-2.1831,0.5562
1624606389418,-3.1766,-6.1120,1.3044,-0.7836,-2.4580,0.5244
1624606389428,-2.7148,-5.9995,1.9337,-0.8227,-2.7610,0.4719
1624606389438,-2.2123,-5.7818,2.6372,-0.7982,-3.0970,0.3973
1624606389447,-1.6787,-5.7865,3.2737,-0.6773,-3.4452,0.2947
1624606389457,-1.1212,-5.9181,4.1255,-0.4513,-3.8129,0.1725
1624606389467,-0.4512,-6.0426,4.8697,-0.1959,-4.1941,0.0406
1624606389476,0.3671,-5.9564,5.0396,0.0765,-4.6192,-0.1084
1624606389486,1.2621,-5.7124,5.0085,0.3551,-5.0346,-0.2526
1624606389495,1.9919,-5.2984,4.9223,0.5896,-5.3828,-0.3699
1624606389505,2.8126,-5.3439,5.4775,0.7998,-5.7115,-0.4676
1624606389514,3.2218,-7.3036,-2.8878,1.0209,-6.0096,-0.5116
1624606389524,17.0475,-3.1472,4.1399,1.2982,-6.3553,-0.5470
1624606389534,69.7303,0.7243,56.2029,1.6684,-7.3913,-0.8561
1624606389543,8.6343,18.3642,46.1339,2.0264,-0.9272,-0.9563
1624606389551,-0.1880,10.7503,36.9886,0.3013,2.9066,-0.3455
1624606389560,-3.2652,-1.6757,21.6051,-0.3108,0.5511,0.1334
1624606389570,-4.5645,-6.3752,14.5630,-0.7372,0.6464,0.6918
1624606389579,-3.9304,-9.7371,8.7293,-1.7206,1.7520,-0.8732
1624606389589,-0.0947,-9.2370,6.1020,-1.3944,1.3159,-2.0155
1624606389600,5.2581,-6.0761,4.9487,-0.9363,0.2945,-1.5049
1624606389611,7.8662,-4.8222,5.1090,-0.8007,-0.2357,-1.1445
1624606389620,7.2010,-5.6860,5.5852,-1.0536,0.1284,-1.3253
1624606389630,5.1432,-6.4996,6.2767,-1.7084,0.7380,-1.3216
1624606389639,2.9681,-7.7008,7.1931,-2.2399,1.1387,-1.1799
1624606389649,1.4391,-8.1578,7.9804,-2.0285,1.5431,-1.0858
1624606389659,0.8361,-8.6029,8.1909,-1.5056,1.8217,-1.1384
1624606389668,0.7907,-10.2444,8.5355,-0.8557,1.9451,-1.3644
1624606389678,0.9294,-11.3211,8.8346,0.0374,2.1698,-1.5061
1624606389687,1.1807,-10.5315,8.7533,0.7472,2.4179,-1.5892
1624606389697,1.4200,-9.1676,8.6193,1.1309,2.6023,-1.7504
1624606389706,1.2836,-8.1698,8.4470,1.3166,2.8076,-1.9080
1624606389716,0.7093,-7.4256,8.2938,1.2567,3.0690,-1.9410
1624606389725,-0.2861,-7.2390,8.0833,0.8963,3.3109,-1.8702
1624606389735,-1.3653,-7.8037,7.7004,0.3636,3.4930,-1.7590
1624606389745,-2.2961,-8.8159,7.1692,-0.1617,3.6261,-1.6466
1624606389755,-2.7986,-9.9955,6.3198,-0.6186,3.7019,-1.5195
1624606389764,-2.8416,-11.0172,5.3124,-0.8972,3.6946,-1.3607
1624606389773,-2.7483,-11.6107,4.5467,-0.9595,3.6494,-1.1799
1624606389783,-2.7076,-11.8906,3.9485,-0.8166,3.6335,-0.9869
1624606389793,-2.8775,-11.5748,3.4292,-0.5185,3.6714,-0.8012
1624606389803,-3.2412,-10.8928,2.9554,-0.1923,3.7434,-0.6350
1624606389812,-3.7772,-10.2755,2.4530,0.0826,3.7996,-0.4908
1624606389822,-4.3204,-9.8400,1.9648,0.2842,3.7996,-0.3479
1624606389832,-4.7511,-9.4858,1.3762,0.3636,3.7288,-0.2062
1624606389841,-4.9784,-9.1389,0.7062,0.3612,3.5895,-0.0632
1624606389851,-5.1124,-8.8733,0.1535,0.3098,3.4124,0.0821
1624606389860,-5.1842,-8.8063,-0.3251,0.2427,3.2169,0.2251
1624606389870,-5.2464,-8.6412,-0.4471,0.1877,3.0043,0.3558
1624606389880,-5.2464,-8.3181,-0.2844,0.1339,2.7844,0.4645
1624606389889,-5.1675,-7.8826,-0.2270,0.1046,2.5449,0.5623
1624606389897,-5.1077,-7.4448,-0.4974,0.1131,2.2994,0.6539
1624606389907,-5.1914,-7.1337,-0.7606,0.1278,2.0623,0.7406
1624606389916,-5.3230,-6.9183,-1.0884,0.1168,1.8400,0.8249
1624606389926,-5.4474,-6.6815,-1.3612,0.0912,1.6225,0.8811
1624606389935,-5.5575,-6.3130,-1.6124,0.0264,1.4026,0.9154
1624606389947,-5.6987,-5.9014,-1.7010,-0.1055,1.1583,0.9324
1624606389957,-5.8183,-5.7052,-1.5478,-0.2766,0.8956,0.9361
1624606389966,-5.9236,-5.8727,-1.1291,-0.4513,0.6342,0.9239
1624606389976,-5.8327,-6.1957,-0.7845,-0.6235,0.3483,0.8995
1624606389985,-5.6747,-6.6743,-0.5955,-0.7787,0.0441,0.8653
1624606389995,-5.5766,-7.0954,-0.4328,-0.8434,-0.2491,0.8103
1624606390005,-5.6173,-7.3802,-0.1887,-0.7848,-0.5008,0.7419
1624606390014,-5.8375,-7.6314,-0.0164,-0.6724,-0.7171,0.6673
1624606390024,-6.0815,-7.9760,0.1654,-0.5368,-0.9211,0.5965
1624606390033,-6.1342,-7.9784,0.1535,-0.4048,-1.1153,0.5342
1624606390043,-5.9810,-7.5261,-0.0475,-0.3352,-1.3267,0.4755
1624606390052,-5.7609,-6.9614,-0.1337,-0.3450,-1.5173,0.4438
1624606390062,-5.4833,-6.5379,-0.0356,-0.3621,-1.6749,0.4401
1624606390072,-5.1005,-6.3273,0.4214,-0.3841,-1.8704,0.4499
1624606390081,-4.6171,-6.2316,1.0508,-0.4293,-2.1111,0.4877
1624606390091,-3.9423,-6.2890,1.9194,-0.4928,-2.3835,0.5207
1624606390101,-3.2341,-6.4446,2.6348,-0.5185,-2.6706,0.5048
1624606390109,-2.4971,-6.4517,2.9220,-0.4708,-2.9748,0.4181
1624606390120,-1.7194,-6.4063,2.9602,-0.3486,-3.2863,0.2813
1624606390130,-0.9513,-6.1383,3.1517,-0.1348,-3.6077,0.1237
1624606390139,-0.0899,-5.7746,3.3574,0.1168,-3.9424,-0.0474
1624606390149,0.9079,-5.4061,3.8671,0.3954,-4.2967,-0.2318
1624606390158,2.1354,-5.1692,4.1734,0.6861,-4.6681,-0.4090
1624606390168,3.4443,-4.5327,4.2811,0.9781,-5.0579,-0.5654
1624606390178,4.6646,-4.1235,4.5826,1.2286,-5.4024,-0.6851
1624606390187,5.6600,-4.2791,4.9702,1.4998,-5.6675,-0.7498
1624606390197,5.9615,-5.5305,-14.6988,1.7674,-5.8324,-0.7327
1624606390207,67.0790,-4.8797,7.6669,2.0215,-6.0389,-0.6362
1624606390216,28.2435,-6.7078,50.9244,2.4919,-5.3401,-0.5580
1624606390226,-10.3455,15.4115,48.7900,3.4656,5.6579,-0.2893
1624606390235,-6.5051,10.8579,35.6055,2.3685,3.1827,-0.7535
1624606390243,-3.9041,2.4280,24.8713,0.2109,-0.4556,0.1518
1624606390252,-0.1856,1.3537,15.9557,-0.5527,-0.2614,-0.3064
1624606390262,1.5923,-4.0828,10.1124,-1.5398,0.2102,-2.2428
1624606390272,1.8459,-11.7901,7.4492,-1.5019,-0.2565,-2.3198
1624606390281,2.9921,-12.3572,5.7144,-0.9094,-0.1074,-1.4731
1624606390292,4.2268,-8.1602,5.4895,-0.2155,0.1858,-1.2776
1624606390303,4.1406,-6.4206,5.0564,0.3367,0.4203,-1.5928
1624606390312,3.0112,-7.2438,5.1999,0.4577,0.7636,-1.6551
1624606390322,2.1378,-7.9281,5.9321,-0.1727,0.9909,-1.5855
1624606390331,1.8028,-7.4543,6.8558,-0.9436,1.0837,-1.6857
1624606390341,1.6736,-7.5477,7.9995,-1.3040,1.2181,-1.9288
1624606390351,1.8052,-8.2607,9.1935,-1.0634,1.5004,-2.1060
1624606390360,2.0517,-8.8661,9.5740,-0.5820,1.8498,-2.0840
1624606390370,2.0948,-10.6368,9.8707,-0.0945,2.1931,-2.0803
1624606390379,2.1689,-11.5197,9.5979,0.5371,2.6573,-2.0400
1624606390389,2.3532,-10.6344,8.9566,0.9806,3.0116,-1.9312
1624606390399,2.1905,-9.3423,8.4757,1.1382,3.2340,-1.8934
1624606390408,1.5157,-8.3708,8.2268,1.1418,3.4698,-1.9080
1624606390417,0.5705,-7.8563,7.8823,0.9623,3.6860,-1.8775
1624606390427,-0.4895,-7.8228,7.4300,0.6593,3.8534,-1.7920
1624606390437,-1.3892,-8.1602,6.8462,0.3135,3.9731,-1.7016
1624606390447,-2.0377,-8.7489,6.2121,0.0069,4.0562,-1.6099
1624606390456,-2.3727,-9.5217,5.2908,-0.2387,4.0758,-1.4878
1624606390465,-2.5689,-10.0888,4.5371,-0.3364,4.0513,-1.3302
1624606390475,-2.7579,-10.3664,3.7977,-0.2753,4.0305,-1.1640
1624606390485,-3.0594,-10.2683,3.3790,-0.0738,4.0159,-1.0198
1624606390495,-3.5643,-10.0003,3.0440,0.1987,4.0134,-0.8904
1624606390504,-4.2151,-9.6605,2.7257,0.4491,4.0049,-0.7706
1624606390514,-4.8444,-9.2537,2.2591,0.6116,3.9572,-0.6619
1624606390523,-5.4115,-8.7752,1.7040,0.6800,3.8448,-0.5470
1624606390533,-5.9260,-8.3397,1.2302,0.6898,3.6897,-0.4151
1624606390543,-6.3065,-7.9473,0.7564,0.6666,3.5223,-0.2783
1624606390552,-6.5673,-7.6625,0.3951,0.6104,3.3366,-0.1561
1624606390562,-6.6773,-7.5165,0.0625,0.5395,3.1130,-0.0486
1624606390572,-6.6343,-7.3490,-0.1504,0.4748,2.8491,0.0565
1624606390579,-6.5768,-7.1193,-0.2940,0.4259,2.5718,0.1505
1624606390589,-6.6247,-6.7652,-0.1074,0.3880,2.3177,0.2458
1624606390598,-6.6989,-6.3680,0.0195,0.3526,2.1014,0.3387
1624606390608,-6.7467,-5.9803,0.0386,0.3380,1.8950,0.4181
1624606390618,-6.7132,-5.7028,-0.0882,0.3184,1.6750,0.4853
1624606390627,-6.5912,-5.4827,-0.1792,0.2793,1.4442,0.5500
1624606390639,-6.4763,-5.3032,-0.2940,0.2048,1.2157,0.5989
1624606390649,-6.3711,-5.1764,-0.3897,0.1095,0.9860,0.6160
1624606390658,-6.3256,-5.1476,-0.4304,0.0081,0.7502,0.6185
1624606390667,-6.2610,-5.1692,-0.3969,-0.1092,0.5169,0.6136
1624606390677,-6.2179,-5.2649,-0.2892,-0.1947,0.2896,0.5940
1624606390687,-6.1485,-5.3463,-0.0978,-0.2607,0.0722,0.5623
1624606390697,-6.0480,-5.4348,-0.0116,-0.2863,-0.1429,0.5195
1624606390706,-5.8781,-5.4659,0.0673,-0.2802,-0.3591,0.4670
1624606390716,-5.6747,-5.4635,0.1511,-0.2497,-0.5766,0.4096
1624606390725,-5.4953,-5.5377,0.2372,-0.2314,-0.7892,0.3595
1624606390735,-5.2943,-5.5473,0.3281,-0.2191,-0.9932,0.3130
1624606390744,-5.0813,-5.3678,0.3281,-0.2265,-1.1886,0.2678
1624606390754,-4.9066,-5.0232,0.3162,-0.2643,-1.3902,0.2348
1624606390764,-4.7559,-4.6619,0.2707,-0.3352,-1.5955,0.2116
1624606390773,-4.6769,-4.3102,0.2109,-0.4305,-1.7946,0.1921
1624606390783,-4.6387,-4.0326,0.2157,-0.5783,-1.9950,0.1786
1624606390793,-4.6387,-3.9584,0.3688,-0.7494,-2.2137,0.1579
1624606390802,-4.5358,-3.9728,0.7182,-0.9253,-2.4519,0.1237
1624606390811,-4.3060,-4.0972,1.3403,-1.0743,-2.7231,0.0650
1624606390821,-3.7772,-4.2551,2.1204,-1.1635,-3.0616,-0.0364
1624606390829,-2.9637,-4.3317,2.6827,-1.1611,-3.4696,-0.1756
1624606390841,-2.0353,-4.5758,3.2474,-1.0560,-3.9204,-0.3418
1624606390850,-1.0279,-4.8031,3.5536,-0.8495,-4.3725,-0.5458
1624606390860,0.0345,-4.9203,3.7570,-0.5832,-4.8221,-0.7608
1624606390869,0.9797,-5.1620,4.5993,-0.2643,-5.2350,-0.9368
1624606390879,2.1019,-5.2410,5.4009,0.0753,-5.6052,-1.0699
1624606390889,3.3151,-5.3367,6.0398,0.3966,-5.9619,-1.1811
1624606390898,3.4299,-7.5381,-10.1094,0.7045,-6.3052,-1.2666
1624606390908,59.9508,2.2605,0.3257,1.1932,-6.8245,-1.3167
1624606390916,42.2822,-5.3032,58.5766,1.7869,-7.0016,-1.5000
1624606390925,-6.7778,11.4753,50.9674,1.7136,5.0348,-0.3125
1624606390935,-4.8516,2.9090,36.8378,-0.4867,2.5632,-0.4933
1624606390944,-3.8514,-9.7682,24.6512,-1.6852,-0.7195,-0.4640
1624606390958,-0.3818,-11.3714,15.4843,-2.1495,-0.3933,-0.2001
1624606390966,2.7528,-12.7449,8.5068,-2.2887,0.5108,-1.9166
1624606390975,5.7462,-11.5508,5.8699,-1.1306,-0.1587,-2.4224
1624606390985,5.9017,-7.3873,5.1449,0.1413,0.1687,-1.7761
1624606390994,3.6333,-4.8725,5.3267,1.0258,1.1497,-1.6136
1624606391004,1.4152,-5.9516,5.3339,1.1932,1.8473,-1.6674
1624606391014,0.4987,-8.2368,5.7383,0.6373,1.9719,-1.4413
1624606391023,0.7619,-8.9498,6.1092,-0.2888,1.7215,-1.2740
1624606391033,1.4894,-8.6029,7.0137,-0.9241,1.4442,-1.3790
1624606391042,1.7215,-8.6723,7.7339,-1.0609,1.4124,-1.5183
1624606391052,1.3936,-9.4978,7.8751,-0.8593,1.5651,-1.5880
1624606391061,0.9630,-10.6751,8.0976,-0.3596,1.8620,-1.6539
1624606391071,0.6949,-10.4262,7.8942,0.3172,2.2859,-1.6698
1624606391081,0.7572,-9.7323,7.5640,0.7741,2.6146,-1.6466
1624606391090,0.7954,-9.0599,7.4372,1.0356,2.8406,-1.6405
1624606391100,0.5610,-8.2296,7.3965,1.1052,3.0532,-1.5696
1624606391110,-0.0923,-8.0789,7.4037,0.9012,3.2376,-1.5000
1624606391119,-0.9968,-8.4402,7.0544,0.5518,3.4319,-1.3864
1624606391129,-1.8773,-8.9474,6.5016,0.1327,3.5785,-1.2434
1624606391138,-2.4947,-9.2777,5.8101,-0.2362,3.6567,-1.1188
1624606391148,-2.9182,-9.5146,5.1281,-0.4696,3.6750,-1.0137
1624606391158,-3.1551,-9.7251,4.5921,-0.5380,3.6481,-0.8928
1624606391168,-3.3178,-9.9764,4.1662,-0.4439,3.5919,-0.7511
1624606391177,-3.5236,-9.9237,3.7259,-0.2008,3.5272,-0.6130
1624606391186,-3.8682,-9.5002,3.4149,0.0814,3.4673,-0.4969
1624606391196,-4.3802,-9.0240,3.2187,0.3477,3.3977,-0.4029
1624606391206,-4.9114,-8.5814,2.9842,0.5591,3.3085,-0.3161
1624606391216,-5.3924,-8.2894,2.6516,0.6727,3.1802,-0.2367
1624606391225,-5.7705,-8.1052,2.4003,0.6874,2.9982,-0.1561
1624606391234,-5.9882,-8.1052,2.1419,0.6446,2.7734,-0.0706
1624606391244,-6.0815,-8.1459,1.7710,0.5896,2.5315,0.0150
1624606391252,-6.1031,-7.9903,1.3020,0.5676,2.2908,0.1005
1624606391261,-6.1844,-7.6673,0.9144,0.5518,2.0709,0.1933
1624606391271,-6.3352,-7.3562,0.7110,0.5469,1.8852,0.2874
1624606391281,-6.4404,-7.1122,0.5578,0.5518,1.7178,0.3754
1624606391290,-6.4500,-6.8130,0.4191,0.5237,1.5407,0.4597
1624606391301,-6.3734,-6.5331,0.4478,0.4540,1.3428,0.5366
1624606391312,-6.2227,-6.4039,0.5148,0.3575,1.1412,0.6026
1624606391321,-6.0337,-6.2507,0.5555,0.2512,0.9359,0.6612
1624606391331,-5.8781,-5.9636,0.4573,0.1095,0.7319,0.7126
1624606391340,-5.8279,-5.8272,0.4310,-0.0542,0.5376,0.7541
1624606391350,-5.8542,-5.8248,0.3425,-0.1959,0.3690,0.7797
1624606391360,-5.9188,-5.7818,0.2994,-0.3205,0.2017,0.7919
1624606391369,-5.9236,-5.7124,0.2181,-0.4293,0.0135,0.7822
1624606391379,-5.8566,-5.5688,0.1846,-0.4940,-0.1868,0.7590
1624606391388,-5.7202,-5.4013,0.1439,-0.5319,-0.3933,0.7199
1624606391398,-5.5503,-5.4037,0.1606,-0.5661,-0.6071,0.6685
1624606391408,-5.3685,-5.6478,0.3760,-0.5869,-0.8258,0.6148
1624606391417,-5.0885,-6.0737,0.5028,-0.5942,-1.0518,0.5598
1624606391427,-4.7080,-6.4302,0.4669,-0.5686,-1.2986,0.4975
1624606391436,-4.3515,-6.4541,0.5507,-0.5123,-1.5466,0.4291
1624606391446,-4.1553,-6.1598,0.7804,-0.4464,-1.7677,0.3815
1624606391456,-4.1170,-5.7602,1.0962,-0.4122,-1.9595,0.3521
1624606391465,-4.2319,-5.4228,1.4384,-0.4122,-2.1269,0.3338
1624606391475,-4.3060,-5.2673,1.7854,-0.4439,-2.3029,0.3277
1624606391485,-4.1912,-5.2625,2.3381,-0.4415,-2.5191,0.3143
1624606391494,-3.7270,-5.1979,2.8023,-0.3914,-2.7769,0.2947
1624606391504,-3.0714,-5.1165,3.1086,-0.3230,-3.0738,0.2666
1624606391512,-2.3559,-5.1453,3.8863,-0.2094,-3.3572,0.1994
1624606391523,-1.5974,-5.1429,4.9702,-0.0566,-3.6052,0.1163
1624606391532,-0.7719,-4.8462,5.6067,0.0557,-3.8691,0.0284
1624606391542,-0.1282,-4.5686,5.8173,0.1205,-4.1733,-0.0730
1624606391552,0.4341,-4.6188,5.6880,0.2109,-4.5105,-0.1854
1624606391561,1.1352,-4.9323,5.1616,0.3538,-4.8526,-0.3284
1624606391571,1.7789,-5.8368,5.4392,0.4846,-5.1764,-0.4786
1624606391581,2.9610,-6.3465,-16.0460,0.6348,-5.5734,-0.6045
1624606391589,72.9869,-0.9937,41.5206,1.0759,-6.4738,-0.7743
1624606391598,30.1793,9.3983,46.1603,1.7063,-5.6907,-1.0834
1624606391607,1.4822,11.8677,40.9846,-0.8569,3.7544,0.3546
1624606391617,-1.4466,-1.1445,28.6544,-1.7426,0.9799,-0.9954
1624606391627,-2.7316,-11.8691,15.7834,-1.7145,0.1454,-0.3210
1624606391636,-2.6143,-16.6619,8.4278,-2.9143,0.9041,-0.1634
1624606391648,0.1470,-15.3315,5.3555,-2.3034,1.2682,-1.6893
1624606391657,4.7245,-9.2418,4.1495,-0.6883,0.4277,-1.7419
1624606391667,7.0886,-4.1259,4.7190,0.7130,0.2322,-1.1848
1624606391676,6.3875,-3.1592,5.8053,1.5084,0.6793,-1.3680
1624606391686,4.0353,-4.7839,6.4538,1.0771,1.2291,-1.3998
1624606391696,2.1187,-6.8322,7.0855,-0.0175,1.4173,-1.1347
1624606391705,1.4894,-7.3156,7.8105,-0.8471,1.3708,-0.9698
1624606391715,1.8124,-7.4950,8.2914,-1.2857,1.2536,-1.0565
1624606391725,2.4178,-8.3492,8.1239,-1.2417,1.2230,-1.2544
1624606391734,2.6834,-9.4930,8.1527,-0.7604,1.4051,-1.4450
1624606391744,2.4704,-9.6533,8.2795,-0.0396,1.8168,-1.5831
1624606391753,2.1881,-9.1772,8.3058,0.5505,2.2762,-1.6833
1624606391763,2.0062,-8.0071,8.0569,0.9305,2.6610,-1.7382
1624606391773,1.6593,-7.0260,7.8248,1.0356,2.9310,-1.7993
1624606391782,0.8720,-6.9399,7.8631,0.8889,3.1595,-1.8188
1624606391792,-0.1641,-7.4089,7.5257,0.5456,3.4001,-1.7272
1624606391801,-1.2696,-7.9999,7.1429,0.0557,3.5907,-1.6344
1624606391811,-2.2052,-8.7967,6.7600,-0.4525,3.7117,-1.5794
1624606391821,-2.7411,-9.7730,6.1020,-0.8520,3.7532,-1.4975
1624606391830,-2.9206,-10.5076,5.2908,-1.0658,3.7337,-1.3656
1624606391840,-2.9948,-10.9718,4.6448,-1.0975,3.6689,-1.2019
1624606391849,-3.2149,-11.1895,4.1614,-0.9497,3.6188,-1.0162
1624606391859,-3.6648,-11.2709,3.6302,-0.6663,3.6164,-0.8366
1624606391869,-4.1912,-11.1441,3.1062,-0.3230,3.6188,-0.6888
1624606391878,-4.6961,-10.8497,2.6516,-0.0078,3.5944,-0.5617
1624606391888,-5.0741,-10.4525,2.1993,0.2475,3.5137,-0.4444
1624606391898,-5.3039,-10.0146,1.9074,0.4516,3.3806,-0.3284
1624606391907,-5.5072,-9.6653,1.6873,0.5615,3.2230,-0.1976
1624606391917,-5.7178,-9.4452,1.5891,0.5896,3.0629,-0.0559
1624606391924,-5.8973,-9.1532,1.3403,0.5762,2.9017,0.0797
1624606391934,-6.0217,-8.8996,1.1297,0.5371,2.7257,0.2116
1624606391944,-6.1031,-8.6675,0.9766,0.5310,2.5315,0.3448
1624606391953,-6.1031,-8.2703,0.7899,0.5566,2.3201,0.4645
1624606391963,-6.0552,-7.8109,0.5913,0.5823,2.0856,0.5562
1624606391972,-6.0026,-7.4089,0.3736,0.5872,1.8437,0.6380
1624606391984,-5.9643,-7.0475,0.1702,0.5640,1.6091,0.7101
1624606391994,-5.9595,-6.7150,0.0458,0.5126,1.3819,0.7614
1624606392003,-5.9571,-6.4733,0.0242,0.4149,1.1632,0.8017
1624606392013,-5.9834,-6.2627,-0.0116,0.3025,0.9567,0.8372
1624606392023,-5.9906,-6.1143,-0.0763,0.1938,0.7600,0.8579
1624606392032,-5.9762,-5.9851,-0.1600,0.0948,0.5633,0.8604
1624606392041,-5.9715,-5.8464,-0.2414,0.0215,0.3666,0.8469
1624606392051,-5.9044,-5.7554,-0.2820,-0.0493,0.1736,0.8225
1624606392060,-5.7489,-5.7985,-0.2820,-0.1153,-0.0280,0.7919
1624606392071,-5.5503,-5.9086,-0.3036,-0.1825,-0.2430,0.7516
1624606392080,-5.3565,-5.9684,-0.3419,-0.2387,-0.4617,0.7028
1624606392090,-5.1962,-5.9708,-0.3347,-0.2753,-0.6596,0.6576
1624606392099,-5.1340,-5.9469,-0.2103,-0.2680,-0.8319,0.6172
1624606392109,-5.1148,-6.0163,0.0195,-0.2570,-0.9822,0.5904
1624606392118,-5.0119,-6.1933,0.1487,-0.2937,-1.1337,0.5745
1624606392128,-4.7966,-6.5666,0.3210,-0.3596,-1.3120,0.5500
1624606392138,-4.3635,-6.8059,0.2851,-0.4183,-1.5246,0.5158
1624606392147,-3.8634,-6.7724,0.4621,-0.4378,-1.7604,0.4841
1624606392157,-3.5140,-6.4613,0.8546,-0.4085,-1.9718,0.4657
1624606392167,-3.2484,-6.0306,1.1537,-0.3474,-2.1587,0.4597
1624606392176,-3.0666,-5.7291,1.6585,-0.2558,-2.3395,0.4511
1624606392186,-2.9230,-5.4109,2.2041,-0.1776,-2.5216,0.4425
1624606392195,-2.7148,-5.3510,2.5798,-0.1483,-2.7170,0.4340
1624606392205,-2.3798,-5.4539,3.3096,-0.1116,-2.9394,0.4022
1624606392215,-1.7960,-5.3750,3.9987,-0.0506,-3.1850,0.3301
1624606392224,-1.0614,-5.0663,4.5467,-0.0139,-3.4684,0.2300
1624606392233,-0.2981,-4.9658,5.0252,0.0264,-3.7616,0.1078
1624606392244,0.3600,-5.1237,5.6617,0.0887,-4.0573,-0.0070
1624606392253,0.9606,-5.1046,5.8005,0.0851,-4.3786,-0.0852
1624606392263,1.5803,-5.1716,5.3363,0.0447,-4.7316,-0.1561
1624606392270,2.1139,-5.4874,5.0372,0.0594,-5.0517,-0.2355
1624606392280,2.6140,-6.2986,5.3555,0.0924,-5.3279,-0.3027
1624606392290,2.8365,-9.3662,-8.2358,0.1388,-5.6785,-0.3418
1624606392299,26.8844,2.6003,1.7016,0.3477,-6.2356,-0.4200
1624606392308,62.4992,0.8081,54.9754,0.5102,-7.2948,-0.8464
1624606392318,6.2080,14.5883,42.1547,0.3062,0.8382,-0.3956
1624606392330,0.0537,4.7395,32.5020,-2.0212,2.1100,-0.2783
1624606392339,-3.1527,-9.1891,19.5090,-1.9442,0.2469,-0.2330
1624606392349,-3.9088,-14.7859,11.8831,-2.3132,0.6048,0.3533
1624606392358,-2.5760,-15.7957,7.7507,-2.7335,1.5358,-1.1799
1624606392368,1.9799,-10.9335,5.8149,-1.3651,1.0324,-2.2428
1624606392378,5.7031,-5.0950,6.1882,0.1315,0.3935,-1.7492
1624606392388,5.8347,-2.5084,7.2171,0.8303,0.5242,-1.5232
1624606392397,3.5257,-4.2551,7.4133,0.3404,1.1925,-1.5684
1624606392407,1.0587,-7.4854,7.1884,-0.7139,1.6750,-1.3192
1624606392417,-0.1210,-8.8805,6.9012,-1.7976,1.7484,-0.9343
1624606392426,-0.0444,-8.8374,6.8725,-2.4989,1.5370,-0.9172
1624606392436,0.6758,-9.7443,7.0520,-2.5465,1.3085,-1.2080
1624606392445,1.2381,-11.5006,7.0089,-2.0200,1.2804,-1.3717
1624606392454,1.3530,-12.4960,7.2003,-1.1648,1.5468,-1.4145
1624606392465,1.1520,-12.5008,7.6023,-0.1593,2.0562,-1.5244
1624606392474,1.2094,-11.6824,7.7531,0.7814,2.5669,-1.5916
1624606392484,1.1759,-9.9118,7.6837,1.4387,2.9212,-1.5159
1624606392493,0.6160,-8.9044,7.7315,1.6403,3.1717,-1.4621
1624606392503,-0.3842,-8.6005,7.6956,1.5035,3.4551,-1.3705
1624606392513,-1.5639,-8.5646,7.1572,1.0527,3.6982,-1.2166
1624606392522,-2.5952,-8.9498,6.4538,0.4223,3.8094,-1.0748
1624606392531,-3.1551,-9.7491,5.5110,-0.1727,3.8216,-0.9368
1624606392539,-3.2843,-10.4143,4.5204,-0.5930,3.7434,-0.7596
1624606392551,-3.3274,-10.7899,3.7594,-0.8080,3.6213,-0.5458
1624606392560,-3.4733,-11.0220,3.1828,-0.7946,3.5211,-0.3357
1624606392570,-3.8012,-10.9550,2.8215,-0.5747,3.4649,-0.1512
1624606392580,-4.1601,-10.6081,2.4410,-0.2558,3.4087,-0.0022
1624606392590,-4.5836,-10.1798,2.0462,0.0655,3.3085,0.1127
1624606392599,-4.9713,-9.6605,1.8045,0.3575,3.1570,0.2092
1624606392607,-5.3565,-9.1030,1.4743,0.5603,2.9750,0.2959
1624606392617,-5.6747,-8.6460,1.1225,0.6519,2.7673,0.3802
1624606392626,-5.8997,-8.2607,0.7541,0.6800,2.5400,0.4645
1624606392636,-6.0289,-8.0478,0.5866,0.6483,2.2969,0.5562
1624606392645,-6.0791,-7.8563,0.3544,0.5811,2.0465,0.6515
1624606392659,-6.0480,-7.5333,0.2228,0.5322,1.7960,0.7345
1624606392664,-5.9906,-7.2701,0.1032,0.4907,1.5578,0.8042
1624606392676,-5.8901,-7.0164,-0.0428,0.4858,1.3366,0.8677
1624606392686,-5.7633,-6.6743,-0.1504,0.5041,1.1314,0.9300
1624606392696,-5.7130,-6.4206,-0.0452,0.4809,0.9445,0.9838
1624606392705,-5.6963,-6.3776,0.2492,0.4345,0.7808,1.0326
1624606392715,-5.6532,-6.2268,0.1941,0.3746,0.6305,1.0644
1624606392724,-5.6365,-6.0880,0.0745,0.2549,0.4716,1.0852
1624606392734,-5.7059,-5.9134,0.0577,0.1217,0.3153,1.1084
1624606392743,-5.7896,-5.7650,0.1247,-0.0224,0.1674,1.1292
1624606392753,-5.7944,-5.5975,0.0984,-0.1752,0.0037,1.1267
1624606392763,-5.6628,-5.4515,-0.0332,-0.3328,-0.1942,1.1047
1624606392772,-5.5527,-5.4515,-0.2270,-0.4879,-0.3982,1.0717
1624606392782,-5.5001,-5.5664,-0.4328,-0.6223,-0.5827,1.0436
1624606392790,-5.5288,-5.7004,-0.4208,-0.7200,-0.7561,1.0070
1624606392801,-5.5431,-5.9229,-0.3203,-0.7885,-0.9333,0.9569
1624606392811,-5.4666,-6.2460,-0.2414,-0.7921,-1.1190,0.9105
1624606392819,-5.2632,-6.6216,-0.1289,-0.7188,-1.3084,0.8518
1624606392829,-4.9043,-6.9375,0.0027,-0.6040,-1.5258,0.7883
1624606392839,-4.4066,-7.0332,0.0745,-0.5001,-1.7787,0.7345
1624606392849,-3.9136,-6.8083,0.1559,-0.4622,-2.0610,0.6930
1624606392858,-3.4853,-6.3393,0.2635,-0.5050,-2.3530,0.6576
1624606392867,-3.2173,-5.9014,0.5602,-0.5905,-2.6254,0.6368
1624606392878,-3.0043,-5.7913,0.8928,-0.7127,-2.8820,0.6307
1624606392888,-2.7005,-5.7770,1.2661,-0.8422,-3.1617,0.6172
1624606392897,-2.2722,-5.8799,1.8571,-0.9925,-3.4953,0.5891
1624606392907,-1.7792,-5.8846,2.4984,-1.0975,-3.8777,0.5281
1624606392916,-1.1643,-5.9660,3.3718,-1.1086,-4.3321,0.4120
1624606392926,-0.3459,-6.0497,4.0681,-0.9778,-4.8514,0.2495
1624606392936,0.7237,-6.0378,4.2547,-0.6907,-5.3999,0.0333
1624606392945,1.9033,-5.9803,4.0035,-0.3548,-5.9302,-0.2172
1624606392955,2.9179,-6.2723,4.2260,-0.0469,-6.3956,-0.4273
1624606392964,3.5113,-6.0521,-0.0763,0.2891,-6.8342,-0.5739
1624606392974,18.7129,-10.1175,13.7303,0.7032,-7.3205,-0.7291
1624606392984,72.7141,-8.8470,52.0753,1.5536,-8.2832,-1.0223
1624606392991,18.4377,0.7124,51.5872,2.0777,-2.6498,-0.8842
1624606393001,5.6337,10.0085,34.5264,4.2939,2.0306,-1.4157
1624606393010,-1.3892,6.7184,16.7046,2.7081,0.4558,-0.0669
1624606393020,-7.2636,4.2920,11.9548,-0.2204,0.8345,1.7070
1624606393030,-8.6227,-1.0152,9.4472,-1.5496,2.0550,0.0357
1624606393039,-5.6628,-6.3991,6.4083,-2.3596,1.6213,-1.2349
1624606393051,-0.1617,-7.6840,4.1543,-3.1928,0.2322,-0.7914
1624606393060,5.2724,-8.2248,2.7090,-3.5264,-1.2009,-0.5556
1624606393070,7.9165,-9.2992,2.3692,-3.4042,-1.8410,-0.7633
1624606393080,7.5839,-10.1917,3.2522,-3.0658,-1.3817,-0.9062
1624606393089,5.3203,-10.1104,4.6304,-2.4402,-0.5155,-0.9478
1624606393099,2.3412,-9.1197,6.4992,-1.5471,0.3605,-0.9099
1624606393108,-0.0468,-8.2679,8.0905,-0.4953,1.1375,-0.9404
1624606393118,-1.0542,-8.7704,9.2462,0.4943,1.6005,-1.0797
1624606393128,-0.6450,-9.1149,9.2725,1.1638,1.6763,-1.1701
1624606393137,0.6375,-9.5122,8.9925,1.3569,1.4722,-1.2617
1624606393147,2.0469,-9.5744,8.6049,1.3776,1.3354,-1.4364
1624606393157,2.7863,-8.9355,8.3082,1.3312,1.4136,-1.5012
1624606393166,2.3795,-8.3229,8.2484,1.1040,1.6812,-1.3998
1624606393175,1.0108,-8.0549,8.3034,0.7863,2.0917,-1.2056
1624606393185,-0.5278,-8.2224,8.1263,0.3941,2.4924,-0.9966
1624606393195,-1.7840,-8.5215,7.8942,0.0215,2.7514,-0.7963
1624606393205,-2.5449,-8.9211,7.5545,-0.3120,2.8565,-0.6277
1624606393214,-2.7459,-9.3925,7.0496,-0.5637,2.8308,-0.4945
1624606393224,-2.5282,-9.7873,6.4011,-0.7127,2.7380,-0.3625
1624606393233,-2.2530,-10.0553,5.8962,-0.7420,2.6390,-0.2172
1624606393241,-2.2243,-10.1343,5.5253,-0.6565,2.5962,-0.0645
1624606393252,-2.4516,-10.0984,5.1640,-0.4855,2.6219,0.0663
1624606393262,-2.8129,-9.8400,4.8386,-0.2778,2.6756,0.1713
1624606393272,-3.2412,-9.4069,4.6520,-0.0750,2.7111,0.2629
1624606393281,-3.6863,-9.1126,4.4390,0.0814,2.7221,0.3546
1624606393290,-4.1098,-8.9474,4.3600,0.2243,2.7025,0.4511
1624606393301,-4.4257,-8.7871,4.1112,0.3160,2.6414,0.5427
1624606393310,-4.5429,-8.6244,3.8241,0.3734,2.5461,0.6344
1624606393320,-4.5429,-8.5000,3.4843,0.4345,2.4374,0.7272
1624606393327,-4.5645,-8.3014,2.9818,0.5114,2.3409,0.8225
1624606393337,-4.7080,-7.9640,2.4649,0.5701,2.2566,0.9190
1624606393346,-4.8995,-7.6027,1.9911,0.5921,2.1845,1.0082
1624606393356,-5.1100,-7.2557,1.7423,0.6006,2.1149,1.0901
1624606393366,-5.2656,-6.9255,1.6490,0.5835,2.0306,1.1573
1624606393375,-5.3517,-6.5714,1.4815,0.5188,1.9121,1.2024
1624606393387,-5.4211,-6.3058,1.3092,0.4039,1.7569,1.2416
1624606393397,-5.4570,-6.0617,1.1249,0.2561,1.5871,1.2794
1624606393406,-5.5168,-5.8200,0.8330,0.0936,1.4099,1.3161
1624606393416,-5.6245,-5.6549,0.5219,-0.0823,1.2377,1.3454
1624606393426,-5.7130,-5.6023,0.1391,-0.2265,1.0654,1.3576
1624606393435,-5.7609,-5.6573,-0.2629,-0.3609,0.8797,1.3576
1624606393445,-5.7800,-5.6836,-0.6768,-0.4684,0.6830,1.3503
1624606393454,-5.7657,-5.6334,-0.7917,-0.5527,0.4814,1.3307
1624606393464,-5.7417,-5.7411,-0.7295,-0.6162,0.2847,1.3002
1624606393473,-5.6771,-5.8679,-0.5740,-0.6321,0.0868,1.2648
1624606393483,-5.6125,-5.9301,-0.4783,-0.6138,-0.1172,1.2220
1624606393493,-5.5455,-5.9660,-0.5716,-0.6015,-0.3188,1.1915
1624606393502,-5.5407,-5.8822,-0.6912,-0.5551,-0.5240,1.1780
1624606393512,-5.5455,-5.6573,-0.8779,-0.5270,-0.7146,1.1573
1624606393522,-5.5049,-5.5042,-0.9592,-0.5624,-0.9064,1.1120
1624606393531,-5.4498,-5.5473,-0.9353,-0.6431,-1.1178,1.0571
1624606393541,-5.2440,-5.8990,-0.9209,-0.7799,-1.3450,1.0058
1624606393550,-4.9665,-6.3417,-0.8683,-0.9790,-1.5979,0.9581
1624606393560,-4.6506,-6.9279,-0.7702,-1.1953,-1.8496,0.9080
1624606393570,-4.2630,-7.5381,-0.6434,-1.3944,-2.1025,0.8604
1624606393579,-3.8394,-7.8587,-0.7175,-1.5191,-2.3640,0.8103
1624606393589,-3.4159,-7.9114,-0.7726,-1.5716,-2.6156,0.7663
1624606393598,-3.0929,-7.6338,-0.8132,-1.5899,-2.8551,0.7468
1624606393608,-2.9661,-7.2174,-0.7654,-1.6107,-3.0774,0.7529
1624606393617,-3.0020,-7.0571,-0.3610,-1.6424,-3.2827,0.7712
1624606393627,-2.9709,-6.7843,-0.1504,-1.6864,-3.4989,0.7895
1624606393637,-2.7579,-6.7484,0.2444,-1.8013,-3.7763,0.7883
1624606393647,-2.4827,-7.0069,0.8737,-1.9222,-4.1171,0.7565
1624606393656,-1.9898,-7.1983,1.5150,-1.9870,-4.5472,0.6808
1624606393664,-1.2791,-7.4137,1.7925,-1.9833,-5.0798,0.5390
1624606393673,-0.2981,-7.6721,1.8906,-1.7793,-5.6699,0.3460
1624606393683,0.9055,-7.7510,1.7686,-1.4250,-6.2588,0.1310
1624606393693,2.0445,-8.1267,1.7303,-1.0609,-6.8098,-0.0681
1624606393702,3.2361,-8.9546,1.7614,-0.6736,-7.3400,-0.2367
1624606393712,4.7604,-9.4691,2.0462,-0.2118,-7.9167,-0.3980
1624606393723,5.5380,-11.2685,-16.9648,0.2329,-8.5056,-0.5568
1624606393733,73.0754,-2.7548,16.4701,0.7253,-9.1164,-0.6888
1624606393743,59.5871,-7.9329,65.1641,1.2506,-8.6790,-0.9270
1624606393752,4.2315,9.1901,55.1668,1.9445,2.8235,-0.2050
1624606393762,-2.1573,1.7509,34.2392,1.6684,0.0343,-0.3308
1624606393771,-8.6753,-3.9728,16.0705,0.1889,-0.6267,1.7596
1624606393781,-11.2883,-5.8392,10.8326,-1.3712,0.7087,1.8182
1624606393791,-8.7423,-10.9861,7.0304,-2.1311,1.4014,-0.5409
1624606393800,-2.7435,-10.6966,5.6043,-1.4079,-0.1416,-1.1396
1624606393810,3.0040,-7.0428,5.2286,-1.1538,-1.7079,-0.3430
1624606393819,6.0668,-6.2531,6.0900,-1.1183,-2.3688,-0.2282
1624606393829,5.5141,-8.3971,6.9204,-1.1330,-1.8899,-0.4737
1624606393838,3.4012,-10.0314,7.0185,-1.1867,-1.0848,-0.3736
1624606393848,1.4296,-9.9859,7.2434,-1.0719,-0.5827,-0.0999
1624606393858,0.0728,-8.6603,7.5832,-0.5319,-0.2198,-0.0119
1624606393868,-0.6211,-6.9447,7.9038,0.1449,0.0490,-0.1231
1624606393877,-0.5541,-7.1528,8.3154,0.6177,0.1601,-0.3027
1624606393887,0.1590,-8.3588,8.0833,0.8633,0.2065,-0.3736
1624606393896,1.0826,-8.6507,7.6861,0.8975,0.2688,-0.3894
1624606393906,1.7406,-9.0503,7.9397,0.9219,0.4252,-0.4749
1624606393916,2.0086,-8.8637,8.0378,1.1687,0.7856,-0.4737
1624606393925,1.6521,-7.5811,8.4183,1.5010,1.2303,-0.3503
1624606393935,0.7189,-6.5355,8.9973,1.6709,1.6628,-0.2685
1624606393944,-0.5134,-5.9469,9.4232,1.6208,2.0477,-0.1610
1624606393954,-1.8032,-5.6836,9.5094,1.3166,2.3262,-0.0486
1624606393964,-2.7483,-6.0402,9.3180,0.8205,2.4545,0.0235
1624606393973,-3.0187,-6.9112,8.5211,0.2854,2.4167,0.0748
1624606393983,-2.6359,-7.6338,7.6238,-0.1703,2.2603,0.1298
1624606393993,-2.0329,-8.1985,6.6595,-0.5331,2.0685,0.2165
1624606394002,-1.6404,-8.6077,5.8173,-0.7176,1.9304,0.3387
1624606394010,-1.6907,-8.8111,5.2382,-0.7408,1.9243,0.4780
1624606394019,-2.1740,-8.9666,4.9893,-0.6846,2.0123,0.6246
1624606394029,-2.8727,-9.1293,4.8913,-0.5771,2.1259,0.7761
1624606394038,-3.5475,-9.2298,4.8362,-0.4342,2.1906,0.9019
1624606394048,-3.9806,-9.4236,4.8027,-0.2790,2.1686,0.9887
1624606394058,-4.1673,-9.5624,4.7381,-0.1006,2.0623,1.0510
1624606394068,-4.1409,-9.2920,4.5898,0.0826,1.9060,1.0986
1624606394079,-4.0141,-8.7584,4.4629,0.2561,1.7374,1.1377
1624606394088,-3.9088,-8.2368,4.4892,0.4186,1.5956,1.1939
1624606394098,-3.8897,-7.6936,4.3720,0.5860,1.4918,1.2672
1624606394106,-3.9591,-7.2868,4.3026,0.6874,1.4112,1.3430
1624606394166,-4.0500,-7.1385,4.2284,0.7265,1.3318,1.4187
1624606394167,-4.0979,-6.9542,4.1710,0.7155,1.2377,1.5030
1624606394168,-4.1314,-6.7915,4.1399,0.6422,1.1326,1.5873
1624606394169,-4.1314,-6.6216,4.1327,0.5444,1.0300,1.6521
1624606394170,-4.1362,-6.4948,4.2021,0.4613,0.9347,1.6936
1624606394171,-4.2175,-6.4493,4.2236,0.3746,0.8418,1.7290
1624606394172,-4.3372,-6.2842,4.2404,0.3098,0.7576,1.7596
1624606394184,-4.5118,-6.0067,4.2787,0.2305,0.6806,1.7803
1624606394194,-4.6865,-5.7722,4.2691,0.1437,0.5987,1.7913
1624606394203,-4.7774,-5.6286,4.2787,0.0838,0.5022,1.7938
1624606394213,-4.8277,-5.4874,4.2141,0.0350,0.3886,1.7901
1624606394223,-4.8444,-5.3199,4.2141,-0.0151,0.2664,1.7852
1624606394232,-4.8660,-5.2386,4.2930,-0.0750,0.1418,1.7816
1624606394241,-4.9186,-5.1907,4.3289,-0.1226,0.0318,1.7840
1624606394252,-5.0287,-5.0161,4.3553,-0.1752,-0.0671,1.7755
1624606394261,-5.1651,-4.9658,4.4653,-0.2277,-0.1587,1.7522
1624606394269,-5.2297,-4.9179,4.5156,-0.2191,-0.2516,1.7302
1624606394280,-5.2225,-4.7289,4.5850,-0.1947,-0.3518,1.7119
1624606394290,-5.1866,-4.6476,4.6400,-0.1996,-0.4556,1.6826
1624606394299,-5.1292,-4.5399,4.8003,-0.1678,-0.5607,1.6508
1624606394309,-5.0430,-4.4753,4.8314,-0.1385,-0.6560,1.6191
1624606394319,-5.0000,-4.2886,4.8003,-0.1202,-0.7366,1.5849
1624606394328,-5.0071,-4.1116,4.8051,-0.1153,-0.8075,1.5506
1624606394338,-5.0526,-4.1331,4.9439,-0.1153,-0.8649,1.5201
1624606394348,-5.1053,-4.1474,5.0683,-0.1141,-0.9138,1.4993
1624606394355,-5.0957,-4.0589,5.2645,-0.1373,-0.9638,1.4786
1624606394365,-5.0598,-4.0948,5.5732,-0.1837,-1.0262,1.4468
1624606394375,-4.9784,-4.1738,5.7886,-0.1971,-1.0860,1.4065
1624606394384,-4.8492,-4.1762,5.8723,-0.1849,-1.1422,1.3674
1624606394394,-4.7535,-4.1881,5.9393,-0.1605,-1.1911,1.3283
1624606394404,-4.7272,-4.1786,6.0661,-0.1153,-1.2265,1.3002
1624606394415,-4.6841,-4.2025,6.1523,-0.0566,-1.2473,1.2843
1624606394425,-4.6721,-4.2049,6.2695,0.0179,-1.2595,1.2758
1624606394434,-4.7176,-4.2097,6.4322,0.0985,-1.2656,1.2721
1624606394444,-4.7272,-4.1451,6.5973,0.1754,-1.2778,1.2745
1624606394454,-4.7439,-4.0135,6.7098,0.2414,-1.2937,1.2843
1624606394463,-4.8277,-3.8460,6.8486,0.2915,-1.3133,1.2904
1624606394473,-4.9210,-3.6832,6.9658,0.3416,-1.3243,1.2990
1624606394482,-5.0167,-3.5708,7.1237,0.3648,-1.3340,1.3124
1624606394492,-5.0287,-3.4535,7.2386,0.3660,-1.3524,1.3234
1624606394502,-5.0430,-3.3052,7.4109,0.3428,-1.3878,1.3332
1624606394511,-4.9784,-3.2334,7.5066,0.3050,-1.4367,1.3356
1624606394521,-4.8755,-3.1257,7.4468,0.2805,-1.4855,1.3307
1624606394529,-4.8372,-3.0707,7.6143,0.2573,-1.5320,1.3320
1624606394540,-4.7726,-3.1401,7.7698,0.2610,-1.5735,1.3454
1624606394550,-4.6937,-3.1353,7.9325,0.3233,-1.6126,1.3637
1624606394559,-4.6099,-3.0874,8.1814,0.3856,-1.6553,1.3845
1624606394569,-4.4472,-3.0898,8.3297,0.4393,-1.7030,1.4028
1624606394578,-4.2821,-3.0204,8.4183,0.5017,-1.7482,1.4162
1624606394588,-4.0524,-2.9893,8.4565,0.5554,-1.7910,1.4285
1624606394598,-3.8538,-2.9104,8.4446,0.6055,-1.8300,1.4370
1624606394607,-3.6193,-2.8099,8.5044,0.6642,-1.8557,1.4468
1624606394617,-3.4135,-2.7118,8.5211,0.7313,-1.8753,1.4553
1624606394627,-3.2269,-2.5586,8.5882,0.8022,-1.8826,1.4663
1624606394636,-3.0139,-2.3361,8.5858,0.8694,-1.8826,1.4810
1624606394645,-2.8560,-2.0848,8.6312,0.9354,-1.8728,1.5018
1624606394655,-2.7411,-1.9413,8.6839,0.9830,-1.8557,1.5213
1624606394664,-2.6239,-1.8360,8.7772,1.0221,-1.8362,1.5372
1624606394674,-2.4612,-1.8312,8.8968,1.0637,-1.8178,1.5470
1624606394684,-2.2554,-1.7618,8.9997,1.1125,-1.8154,1.5519
1624606394694,-1.9731,-1.6589,9.0978,1.1626,-1.8239,1.5543
1624606394702,-1.6285,-1.4986,9.0930,1.2445,-1.8337,1.5409
1624606394711,-1.2791,-1.2497,9.0021,1.3337,-1.8349,1.5274
1624606394721,-1.0207,-0.8932,9.0404,1.4131,-1.8056,1.5189
1624606394730,-0.8532,-0.4577,9.1098,1.4742,-1.7445,1.5103
1624606394740,-0.7336,-0.0844,9.1505,1.5108,-1.6749,1.5067
1624606394749,-0.6690,0.2266,9.2223,1.5206,-1.5979,1.5005
1624606394761,-0.5756,0.4659,9.2773,1.4937,-1.5295,1.4920
1624606394770,-0.4440,0.7076,9.3108,1.4412,-1.4770,1.4810
1624606394780,-0.2478,0.8894,9.3323,1.3703,-1.4403,1.4615
1624606394789,-0.0684,1.0354,9.4376,1.3043,-1.4135,1.4370
1624606394799,0.0967,1.1694,9.3826,1.2457,-1.3768,1.4053
1624606394809,0.2260,1.2938,9.4328,1.1993,-1.3353,1.3588
1624606394818,0.3647,1.4207,9.3634,1.1651,-1.2864,1.3124
1624606394828,0.4796,1.6384,9.2342,1.1321,-1.2351,1.2745
1624606394838,0.5562,1.8226,9.1577,1.0966,-1.1862,1.2306
1624606394847,0.6830,1.8442,9.1553,1.0624,-1.1410,1.1817
1624606394857,0.8242,1.8849,9.2199,1.0551,-1.0872,1.1340
1624606394867,0.9893,1.9710,9.3228,1.0502,-1.0359,1.0949
1624606394876,1.1328,2.0189,9.4113,1.0270,-0.9822,1.0595
1624606394885,1.2190,2.0404,9.5070,1.0099,-0.9223,1.0229
1624606394896,1.3099,2.1385,9.5596,0.9928,-0.8502,0.9874
1624606394905,1.3769,2.2414,9.6171,0.9671,-0.7830,0.9569
1624606394915,1.4822,2.4304,9.5620,0.9390,-0.7159,0.9263
1624606394924,1.5372,2.6553,9.5381,0.8987,-0.6609,0.8958
1624606394934,1.5731,2.8420,9.5333,0.8425,-0.5949,0.8677
1624606394944,1.5779,2.9521,9.5381,0.7827,-0.5253,0.8420
1624606394953,1.5612,2.9951,9.6003,0.7142,-0.4617,0.8225
1624606394963,1.5420,2.9784,9.6075,0.6312,-0.4043,0.8042
1624606394972,1.5468,3.0071,9.6506,0.5481,-0.3579,0.7846
1624606394982,1.5492,3.0717,9.6482,0.4724,-0.3102,0.7626
1624606394992,1.5516,3.1842,9.6697,0.3917,-0.2675,0.7455
1624606395001,1.5635,3.2799,9.6314,0.3184,-0.2198,0.7284
1624606395011,1.5683,3.3804,9.6027,0.2378,-0.1856,0.7089
1624606395020,1.5516,3.4785,9.6266,0.1559,-0.1441,0.6942
1624606395030,1.4774,3.4498,9.6889,0.0569,-0.0928,0.6918
1624606395039,1.3936,3.3517,9.7056,-0.0371,-0.0488,0.6918
1624606395049,1.3673,3.1722,9.6936,-0.1263,-0.0134,0.6832
1624606395059,1.3075,3.0023,9.7104,-0.1947,0.0111,0.6734
1624606395067,1.2477,2.8539,9.7295,-0.2252,0.0355,0.6625
1624606395076,1.1281,2.7558,9.8324,-0.2265,0.0624,0.6515
1624606395086,1.0682,2.7391,9.8181,-0.2020,0.0917,0.6344
1624606395095,1.0180,2.7606,9.8372,-0.1715,0.1076,0.6172
1624606395105,0.9917,2.7869,9.8635,-0.1373,0.1125,0.5953
1624606395115,0.9558,2.7726,9.8492,-0.0945,0.1161,0.5696
1624606395126,0.9223,2.7582,9.9162,-0.0579,0.1186,0.5488
1624606395136,0.9007,2.6912,9.9664,-0.0310,0.1137,0.5330
1624606395145,0.9031,2.6242,9.9449,0.0044,0.1064,0.5183
1624606395155,0.9175,2.6314,9.9473,0.0460,0.1027,0.5048
1624606395165,0.9079,2.6266,9.9664,0.0704,0.0978,0.5000
1624606395174,0.8577,2.6625,9.9951,0.0997,0.0978,0.5000
1624606395184,0.8266,2.6649,10.0573,0.1193,0.1015,0.5012
1624606395193,0.8433,2.6290,10.0597,0.1254,0.0990,0.5036
1624606395203,0.8529,2.6027,10.0358,0.1266,0.0917,0.5036
1624606395213,0.8672,2.5572,9.9880,0.1290,0.0831,0.5024
1624606395220,0.9007,2.5501,9.9186,0.1229,0.0746,0.5024
1624606395232,1.0850,2.3515,9.9018,0.1156,0.0709,0.5024
1624606395241,1.3051,2.8157,9.2677,0.0899,0.0563,0.5036
1624606395249,0.7093,3.2248,9.4256,-0.0334,-0.0207,0.3973
1624606395261,0.3528,2.1552,9.8516,-0.0909,0.0819,0.3448
1624606395270,0.7907,1.9542,9.5788,0.0032,0.1039,0.5378
1624606395278,1.1304,2.2175,9.5644,-0.0017,-0.0647,0.5891
1624606395289,1.3267,2.4615,9.6147,0.0276,-0.1380,0.4462
1624606395299,1.2549,2.3562,9.7080,0.0606,-0.1294,0.4132
1624606395309,1.1951,2.2031,9.7798,0.0875,-0.0842,0.4340
1624606395318,1.1903,2.3275,9.7822,0.1278,-0.0573,0.4352
1624606395328,1.6210,2.4687,9.8013,0.1510,-0.0610,0.4156
1624606395337,1.5970,2.2175,9.7965,0.1669,-0.0659,0.3949
1624606395347,1.4918,2.1122,9.8205,0.1351,-0.0268,0.4059
1624606395357,1.4056,2.1457,9.8109,0.1229,0.0257,0.4010
1624606395366,1.3936,2.2510,9.8348,0.1327,0.0490,0.3802
1624606395376,1.4248,2.2868,9.8611,0.1315,0.0490,0.3680
1624606395385,1.4559,2.2103,9.8827,0.1034,0.0526,0.3558
1624606395395,1.4726,2.1026,9.8205,0.0838,0.0624,0.3362
1624606395403,1.4942,2.0715,9.7726,0.0692,0.0660,0.3167
1624606395412,1.4678,2.0763,9.7582,0.0704,0.0722,0.3045
1624606395422,1.3841,2.1672,9.7128,0.0789,0.0770,0.2910
1624606395431,1.3386,2.2175,9.6673,0.0948,0.0831,0.2898
1624606395441,1.3410,2.2557,9.5931,0.0985,0.0783,0.2935
1624606395450,1.3099,2.2438,9.5166,0.0973,0.0709,0.2935
1624606395462,1.2501,2.2749,9.4759,0.1022,0.0587,0.2837
1624606395472,1.2621,2.2653,9.4424,0.1034,0.0428,0.2801
1624606395479,1.2597,2.2701,9.4544,0.1083,0.0282,0.2715
1624606395491,1.2932,2.3275,9.4879,0.1205,0.0184,0.2642
1624606395501,1.2908,2.2964,9.4759,0.1303,0.0172,0.2629
1624606395510,1.2884,2.2940,9.4831,0.1254,0.0233,0.2654
1624606395519,1.2860,2.3227,9.4998,0.1217,0.0294,0.2642
1624606395530,1.2884,2.3706,9.5166,0.1278,0.0343,0.2629
1624606395539,1.2860,2.4161,9.5309,0.1437,0.0404,0.2605
1624606395549,1.3075,2.4783,9.5525,0.1425,0.0428,0.2544
1624606395559,1.3410,2.5094,9.5405,0.1217,0.0392,0.2471
1624606395568,1.3195,2.5453,9.5453,0.1095,0.0355,0.2361
1624606395577,1.3267,2.5836,9.4855,0.0863,0.0331,0.2275
1624606395587,1.3530,2.6625,9.4663,0.0728,0.0159,0.2153
1624606395597,1.3697,2.7056,9.4783,0.0618,0.0050,0.2068
1624606395607,1.3721,2.6817,9.4280,0.0362,-0.0048,0.1994
1624606395616,2.0636,2.3036,8.2723,-0.0005,-0.0146,0.1823
1624606395626,1.1544,2.6290,9.5525,0.0276,-0.0744,0.1689
1624606395634,1.0371,3.0430,9.5692,0.1864,0.0367,0.1725
1624606395645,1.2836,2.7702,9.8181,0.1193,0.1027,0.1713
1624606395653,1.3410,2.8444,9.9353,0.0753,0.0685,0.1811
1624606395666,1.2908,3.0143,9.9784,0.0215,0.0428,0.1261
1624606395671,1.2429,3.1363,9.9592,-0.0066,0.0111,0.1066
1624606395683,1.2118,3.1507,9.8851,-0.0139,-0.0085,0.0943
1624606395691,1.2860,2.9879,9.7367,-0.0566,-0.0353,0.0785
1624606395702,1.2621,2.8970,9.6003,-0.0786,-0.0610,0.0650
1624606395715,1.2309,3.0071,9.5549,-0.0542,-0.0744,0.0699
