1635653093919,4.9375,3.3105,8.2031,-0.0051,0.0549,-0.0078
1635653093921,5.5156,3.0508,7.7656,-0.1200,0.0453,-0.0386
1635653093922,5.9492,3.0703,7.7109,-0.1274,-0.0249,-0.0737
1635653093923,5.6055,3.1289,7.7109,-0.0636,0.0092,-0.0865
1635653093974,5.2383,3.0547,7.6172,-0.0508,0.0528,-0.0737
1635653093978,5.1758,2.9023,7.5430,-0.0519,0.0528,-0.0673
1635653093985,5.2773,2.8320,7.5664,-0.0476,0.0368,-0.0705
1635653093986,5.3125,2.7930,7.6133,-0.0306,0.0230,-0.0716
1635653093987,5.2500,2.7852,7.6836,-0.0210,0.0177,-0.0620
1635653093988,5.2188,2.9023,7.7656,-0.0147,0.0187,-0.0535
1635653093989,5.2148,2.9590,7.8398,-0.0115,0.0187,-0.0503
1635653094022,5.2461,2.9980,7.9023,-0.0147,0.0209,-0.0514
1635653094024,5.2969,3.0879,7.9844,-0.0221,0.0273,-0.0578
1635653094025,5.3242,3.1387,8.0469,-0.0189,0.0379,-0.0673
1635653094044,5.3164,3.1934,8.0625,-0.0168,0.0538,-0.0769
1635653094052,5.2344,3.1973,8.0313,-0.0189,0.0751,-0.0833
1635653094053,5.1953,3.2207,7.9766,-0.0221,0.0900,-0.0854
1635653094066,5.1992,3.2617,7.9570,-0.0253,0.1006,-0.0961
1635653094068,5.1953,3.2305,7.9453,-0.0264,0.1124,-0.1120
1635653094094,5.1836,3.1387,7.9336,-0.0402,0.1177,-0.1259
1635653094099,5.2344,3.1641,7.9141,-0.0551,0.1208,-0.1407
1635653094103,5.2500,3.2363,7.8906,-0.0699,0.1230,-0.1556
1635653094115,5.3125,3.2480,7.9102,-0.0828,0.1230,-0.1726
1635653094118,5.3438,3.3691,7.9023,-0.0987,0.1262,-0.1908
1635653094145,5.3633,3.5137,7.8711,-0.1168,0.1304,-0.2089
1635653094150,5.4102,3.4648,7.8789,-0.1401,0.1346,-0.2333
1635653094151,5.4766,3.3145,7.8438,-0.1732,0.1368,-0.2651
1635653094175,5.4883,3.2031,7.7891,-0.2168,0.1421,-0.2917
1635653094177,5.4766,3.1445,7.8203,-0.2498,0.1528,-0.3152
1635653094180,5.5000,3.0723,7.8125,-0.2656,0.1592,-0.3472
1635653094206,5.5234,2.9434,7.8789,-0.2764,0.1655,-0.3792
1635653094208,5.5430,2.8633,7.9766,-0.2805,0.1741,-0.4036
1635653094211,5.5625,3.0195,8.1328,-0.2773,0.1869,-0.4153
1635653094237,5.5703,3.4199,8.3281,-0.2859,0.2007,-0.4258
1635653094238,5.4844,3.7715,8.2500,-0.3201,0.2230,-0.4451
1635653094241,5.4727,3.8730,8.2422,-0.4019,0.2433,-0.4780
1635653094267,5.4844,3.5781,8.2578,-0.5112,0.2666,-0.5142
1635653094269,5.4414,3.1426,8.2109,-0.6113,0.2996,-0.5396
1635653094271,5.3125,2.8340,8.2031,-0.6743,0.3474,-0.5801
1635653094299,5.1055,2.7910,8.2656,-0.6890,0.4028,-0.6299
1635653094301,4.9023,2.8477,8.3359,-0.6924,0.4602,-0.6875
1635653094303,4.7617,2.7480,8.4297,-0.7212,0.5103,-0.7568
1635653094332,4.6133,2.6094,8.4219,-0.7817,0.5625,-0.8218
1635653094334,4.4336,2.6191,8.3203,-0.8701,0.6157,-0.8789
1635653094336,4.3633,2.7676,8.2813,-0.9858,0.6675,-0.9419
1635653094356,4.3516,2.7363,8.1797,-1.1240,0.7090,-1.0068
1635653094359,4.3711,2.3984,8.1016,-1.3037,0.7485,-1.0537
1635653094361,4.3984,1.7090,8.3203,-1.5273,0.7920,-1.0957
1635653094389,4.2813,1.3232,8.4688,-1.9414,0.8975,-1.1162
1635653094391,4.0859,0.9839,8.5391,-2.1348,0.9688,-1.1113
1635653094393,3.8203,0.7969,8.5938,-2.3047,1.0420,-1.1172
1635653094420,3.4219,0.7085,8.3984,-2.4531,1.1270,-1.1348
1635653094422,3.1074,0.7466,8.0625,-2.6270,1.2119,-1.1514
1635653094424,3.0391,0.6772,7.8242,-2.8398,1.2520,-1.1611
1635653094453,3.0234,0.5146,7.6992,-3.0820,1.2422,-1.1328
1635653094455,2.9180,0.2656,7.6328,-3.3711,1.2197,-1.0654
1635653094457,2.7461,-0.2297,7.7188,-3.6484,1.1992,-0.9771
1635653094467,2.5605,-0.6055,7.7422,-3.9531,1.1816,-0.8652
1635653094471,2.3125,-0.5938,7.9609,-4.2695,1.1318,-0.7217
1635653094500,2.1465,-0.6270,8.1797,-4.5391,1.0771,-0.5981
1635653094502,1.9170,-1.1221,8.1719,-4.8086,1.0293,-0.5195
1635653094504,1.7637,-2.0332,7.8867,-5.1133,0.9795,-0.4077
1635653094517,1.6035,-2.8281,7.4805,-5.3867,0.9180,-0.2908
1635653094519,1.4453,-3.5449,7.0000,-5.6445,0.8594,-0.2109
1635653094553,1.1895,-4.6953,6.5898,-5.8359,0.8052,-0.1270
1635653094555,1.0391,-6.0938,6.3594,-5.8164,0.7402,-0.0280
1635653094557,1.1367,-7.1094,6.3320,-5.4961,0.6509,0.0476
1635653094568,1.3877,-7.4648,6.5977,-4.9063,0.5356,0.1125
1635653094572,1.4072,-7.3750,6.8086,-4.1758,0.4358,0.1614
1635653094595,1.3262,-6.9805,6.9727,-3.4453,0.3569,0.1997
1635653094599,1.2061,-6.5313,7.2148,-2.7969,0.2805,0.2200
1635653094602,0.9692,-5.9102,7.2031,-2.3027,0.1975,0.2466
1635653094625,0.6680,-5.2422,6.7578,-1.9629,0.1166,0.2666
1635653094628,0.5454,-5.0234,6.6211,-1.7832,0.0134,0.2976
1635653094632,0.6318,-5.0508,6.4492,-1.7617,-0.1078,0.3125
1635653094655,0.7061,-5.3477,6.4609,-1.7988,-0.2217,0.2932
1635653094658,0.7397,-5.6211,6.5039,-1.7969,-0.3228,0.2571
1635653094662,0.8999,-6.1836,6.7695,-1.6777,-0.4260,0.2316
1635653094685,1.1250,-6.9141,6.8867,-1.4590,-0.5269,0.1794
1635653094689,1.3975,-6.9336,7.1289,-1.1895,-0.6226,0.1241
1635653094692,2.0273,-5.6523,7.6484,-0.8486,-0.6772,0.0784
1635653094715,2.3887,-4.7852,8.0469,-0.4807,-0.6812,-0.0258
1635653094719,2.1211,-4.8242,8.2266,-0.2019,-0.6641,-0.1685
1635653094722,1.9814,-4.6992,8.3047,-0.0093,-0.6367,-0.2386
1635653094745,2.3574,-4.3086,8.7734,0.0290,-0.6460,-0.2642
1635653094748,3.0859,-3.6699,9.1484,-0.0200,-0.6685,-0.3726
1635653094752,4.0156,-3.2051,9.8906,0.0396,-0.6421,-0.6250
1635653094775,4.7266,-3.3203,10.2969,0.2109,-0.5791,-0.8164
1635653094779,5.2070,-4.4453,10.3594,0.3843,-0.5024,-0.8271
1635653094782,5.2539,-4.8398,10.7734,0.5034,-0.4653,-0.7163
1635653094805,5.2930,-4.4648,9.5313,0.4822,-0.3770,-0.6055
1635653094809,4.4219,-5.2930,8.7969,0.4790,-0.3228,-0.5420
1635653094812,3.6719,-5.1680,8.0703,0.5747,-0.3015,-0.4482
1635653094835,3.9902,-5.5586,7.2188,0.7417,-0.2686,-0.5630
1635653094839,4.4531,-5.8594,6.8633,0.8672,-0.3196,-0.6055
1635653094842,4.8281,-5.9688,6.8867,0.7056,-0.3367,-0.5303
1635653094865,4.9141,-7.3008,7.3516,0.3513,-0.3237,-0.5107
1635653094869,5.1445,-8.1172,7.6602,0.0034,-0.3228,-0.5259
1635653094872,5.2695,-7.4688,7.9609,-0.0881,-0.3250,-0.5171
1635653094896,5.0781,-5.6406,8.3359,0.1545,-0.2610,-0.5747
1635653094899,4.6602,-4.2891,8.4219,0.4546,-0.1355,-0.6313
1635653094902,4.3242,-4.1289,7.9805,0.5063,-0.0472,-0.6494
1635653094926,4.1133,-4.1250,7.2891,0.2896,-0.0302,-0.6387
1635653094931,4.0820,-4.2656,6.7539,0.0205,-0.0398,-0.6260
1635653094933,3.8125,-5.0508,6.1914,-0.2445,-0.0462,-0.6055
1635653094956,3.5332,-5.7578,5.6328,-0.5112,-0.0589,-0.5757
1635653094959,3.5254,-6.2891,5.3750,-0.5879,-0.1057,-0.5801
1635653094962,3.7324,-6.5234,5.4766,-0.3796,-0.1642,-0.6362
1635653094985,3.8965,-6.0977,5.8164,0.0609,-0.1993,-0.7344
1635653094988,3.7129,-5.4453,6.3164,0.5503,-0.2164,-0.7876
1635653094990,3.5664,-4.9453,6.7656,0.8931,-0.1876,-0.8354
1635653095015,3.6426,-4.0156,7.0039,0.9517,-0.1632,-0.8218
1635653095019,3.4043,-4.2656,7.1055,0.7505,-0.1727,-0.7813
1635653095022,3.1016,-5.0000,6.8828,0.3640,-0.1833,-0.7451
1635653095046,3.3555,-6.0586,6.6953,-0.0327,-0.2217,-0.6641
1635653095049,3.5020,-7.0508,6.5547,-0.2445,-0.2673,-0.6206
1635653095052,3.5098,-7.1836,6.6328,-0.2296,-0.2866,-0.6064
1635653095076,3.5742,-7.0156,6.9922,-0.0061,-0.2737,-0.6460
1635653095079,3.6602,-6.6523,7.4492,0.2927,-0.2505,-0.6855
1635653095083,3.6309,-6.0625,7.5664,0.5352,-0.2291,-0.7002
1635653095106,3.5957,-5.5078,7.7656,0.6387,-0.2079,-0.6567
1635653095109,3.7773,-5.0586,7.9883,0.5566,-0.1993,-0.5928
1635653095112,3.9180,-4.7695,7.7695,0.4216,-0.1941,-0.5610
1635653095136,4.2227,-4.9141,7.6914,0.2800,-0.2025,-0.4929
1635653095139,4.5000,-5.0273,7.5820,0.1438,-0.2111,-0.4226
1635653095143,4.5195,-5.3516,7.5117,0.0311,-0.2079,-0.3662
1635653095166,4.4766,-5.4531,7.4063,-0.0295,-0.1908,-0.3152
1635653095169,4.2773,-5.4844,7.2891,-0.0476,-0.1781,-0.3003
1635653095172,4.2500,-5.5078,7.0977,-0.0168,-0.1600,-0.2642
1635653095196,4.1992,-5.3711,7.1250,0.0268,-0.1578,-0.2355
1635653095200,4.2773,-4.9766,7.1641,0.0757,-0.1515,-0.2089
1635653095203,4.4180,-4.7773,7.0781,0.1248,-0.1409,-0.1833
1635653095226,4.3203,-4.6172,7.0000,0.1672,-0.1270,-0.1450
1635653095229,4.1953,-4.5234,6.9688,0.1981,-0.1068,-0.1141
1635653095233,4.1953,-4.7266,6.8867,0.2035,-0.0834,-0.0844
1635653095256,4.1719,-4.6328,6.8164,0.2322,-0.0738,-0.0652
1635653095260,4.1445,-4.6602,6.9570,0.2607,-0.0632,-0.0599
1635653095263,4.4063,-4.7227,7.1641,0.3013,-0.0547,-0.0439
1635653095286,4.7070,-4.8398,7.4102,0.3289,-0.0600,-0.0237
1635653095290,4.8281,-4.6484,7.6367,0.3269,-0.0568,-0.0003
1635653095293,4.8906,-4.4375,7.6719,0.2917,-0.0419,0.0114
1635653095316,4.9844,-4.4883,7.5313,0.2607,-0.0313,-0.0024
1635653095320,4.9766,-4.1992,7.4648,0.2502,-0.0291,0.0156
1635653095323,5.0156,-3.9766,7.2852,0.2493,-0.0121,0.0263
1635653095346,4.8203,-4.0898,6.9219,0.1779,0.0007,0.0550
1635653095350,4.8203,-4.0898,6.9219,0.1694,0.0081,0.0763
1635653095353,4.8125,-4.1211,6.7031,0.1694,0.0081,0.0763
1635653095377,4.8984,-4.2305,6.7539,0.1375,-0.0228,0.1039
1635653095380,4.8945,-4.1992,6.8633,0.1630,-0.0313,0.1008
1635653095383,4.8672,-4.2031,6.8633,0.2184,-0.0302,0.0955
1635653095407,4.9375,-4.2852,6.8828,0.2460,-0.0366,0.0880
1635653095410,5.0469,-4.4297,6.8828,0.2576,-0.0483,0.0742
1635653095413,5.0039,-4.5078,6.9219,0.2822,-0.0589,0.0625
1635653095437,5.0586,-4.5352,7.0547,0.3374,-0.0611,0.0529
1635653095440,5.1367,-4.2305,7.1289,0.4236,-0.0611,0.0412
1635653095443,5.0234,-3.8770,7.1719,0.4812,-0.0589,0.0369
1635653095467,4.9570,-3.8945,7.2813,0.4705,-0.0557,0.0199
1635653095469,5.0430,-3.8672,7.0352,0.4290,-0.0696,0.0125
1635653095471,5.2617,-4.0117,6.5000,0.3523,-0.0887,0.0178
1635653095496,5.2422,-4.4961,7.3945,0.2822,-0.1185,0.0295
1635653095498,5.0898,-4.1445,7.9141,0.3035,-0.0653,0.0677
1635653095500,5.1250,-4.0820,7.6875,0.3225,-0.0228,0.0529
1635653095526,5.2930,-4.1602,7.6172,0.2822,-0.0377,0.0295
1635653095529,5.1094,-3.8398,7.8164,0.2375,-0.0398,0.0103
1635653095531,5.0078,-3.7871,7.9453,0.2162,-0.0132,-0.0088
1635653095556,4.9531,-3.7051,7.8789,0.1918,0.0007,-0.0163
1635653095559,4.8320,-3.5391,7.8242,0.1471,0.0092,-0.0269
1635653095562,4.7227,-3.7715,7.7813,0.0981,0.0230,-0.0493
1635653095599,4.7148,-4.0820,7.7969,0.0545,0.0273,-0.0599
1635653095603,4.6602,-3.9473,7.7070,0.0439,0.0294,-0.0609
1635653095606,4.5508,-3.9570,7.6797,0.0577,0.0315,-0.0716
1635653095618,4.7109,-4.1133,7.6797,0.0833,0.0304,-0.0726
1635653095623,4.7422,-4.0391,7.6680,0.1002,0.0134,-0.0620
1635653095626,4.5742,-3.8613,7.7305,0.1237,0.0038,-0.0695
1635653095637,4.3867,-3.6523,7.7461,0.1587,0.0092,-0.0705
1635653095640,4.3086,-3.6426,7.8906,0.1758,0.0081,-0.0663
1635653095667,4.3867,-3.6738,8.0156,0.1641,0.0017,-0.0663
1635653095670,4.4375,-3.8945,7.9336,0.1172,-0.0047,-0.0535
1635653095674,4.4570,-4.2891,7.8320,0.0886,-0.0015,-0.0439
1635653095687,4.3711,-4.3711,7.6602,0.1237,0.0049,-0.0354
1635653095690,4.2969,-4.1406,7.4570,0.2109,0.0241,-0.0258
1635653095717,4.0625,-3.7246,7.3789,0.3044,0.0368,-0.0227
1635653095720,3.8125,-3.3008,7.3203,0.3640,0.0507,-0.0109
1635653095724,3.7539,-3.0703,7.2695,0.3535,0.0496,0.0018
1635653095741,3.6094,-2.9609,7.1602,0.2842,0.0209,0.0103
1635653095756,3.6016,-2.9512,7.1172,0.1918,-0.0089,0.0199
1635653095773,3.7559,-3.2871,7.2383,0.0992,-0.0387,0.0295
1635653095777,3.6738,-3.4395,7.1250,0.0375,-0.0663,0.0433
1635653095780,3.5859,-3.3535,7.1172,0.0119,-0.0781,0.0337
1635653095787,3.4648,-3.1328,7.2148,0.0237,-0.0802,0.0082
1635653095790,3.2773,-3.0938,7.1484,0.0247,-0.0696,-0.0184
1635653095817,3.1074,-3.2246,7.1406,-0.0072,-0.0653,-0.0386
1635653095821,2.9551,-3.2949,7.1680,-0.0359,-0.0621,-0.0535
1635653095824,2.8223,-3.2383,7.1367,-0.0615,-0.0568,-0.0801
1635653095837,2.5918,-3.1641,7.0156,-0.0859,-0.0483,-0.1014
1635653095841,2.2285,-3.0078,6.8516,-0.1083,-0.0398,-0.1237
1635653095867,1.6445,-2.8379,6.7461,-0.1455,-0.0323,-0.1534
1635653095871,1.3809,-2.8848,6.7148,-0.1965,-0.0345,-0.1886
1635653095874,1.6133,-2.7285,6.8203,-0.2625,-0.0759,-0.2301
1635653095887,2.1035,-2.5508,7.1094,-0.3296,-0.1334,-0.2813
1635653095890,2.7676,-2.4414,7.2422,-0.3816,-0.1866,-0.3525
1635653095946,3.5742,-2.8105,7.4141,-0.4636,-0.2515,-0.4089
1635653095977,4.5313,-3.2402,7.6445,-0.5146,-0.2866,-0.4482
1635653095981,5.0469,-3.7559,7.5586,-0.4668,-0.3345,-0.5649
1635653095988,5.4844,-4.4375,7.5430,-0.4243,-0.3472,-0.6919
1635653095997,6.1484,-4.6172,7.4453,-0.2805,-0.3174,-0.7100
1635653096009,6.3438,-4.6094,7.4883,-0.0817,-0.2952,-0.7300
1635653096013,7.0156,-4.2656,7.2695,0.1311,-0.2430,-0.7559
1635653096025,7.6250,-3.9551,7.0430,0.2991,-0.2249,-0.7568
1635653096030,8.1563,-3.8516,7.0547,0.3950,-0.2025,-0.7417
1635653096042,8.3594,-3.5547,7.2148,0.4897,-0.1770,-0.6919
1635653096045,8.6719,-3.5234,7.5352,0.5664,-0.1451,-0.6182
1635653096058,8.9219,-3.4375,7.6953,0.6035,-0.1281,-0.5269
1635653096063,9.0625,-3.5664,7.7578,0.5640,-0.1036,-0.4248
1635653096075,9.3203,-3.3438,8.0469,0.5117,-0.0834,-0.3364
1635653096079,8.9141,-2.9219,8.1484,0.4194,-0.0472,-0.2418
1635653096091,8.4297,-3.3613,7.8789,0.1652,-0.0036,-0.1599
1635653096094,8.4375,-3.6289,7.5859,-0.0732,-0.0249,-0.1131
1635653096107,8.3359,-3.8398,7.2422,-0.1647,-0.0408,-0.0237
1635653096111,7.7031,-3.8711,6.6758,-0.1945,-0.0355,0.0401
1635653096124,7.3906,-3.6523,6.9570,-0.1541,-0.0249,0.0773
1635653096127,8.0625,-4.3828,7.2656,-0.0562,-0.0142,0.1199
1635653096139,8.5234,-4.6367,7.3008,0.0194,-0.0345,0.2008
1635653096144,8.1406,-4.4883,7.6016,0.1183,-0.0100,0.2634
1635653096157,7.6719,-4.1602,7.8555,0.2396,0.0815,0.2944
1635653096160,7.3789,-3.8438,7.9922,0.3289,0.1475,0.3220
1635653096172,7.3281,-3.7500,7.9297,0.3535,0.1836,0.3359
1635653096175,7.2578,-3.6309,7.7617,0.3472,0.2059,0.3550
1635653096186,6.9883,-3.3145,7.6289,0.3481,0.2465,0.3784
1635653096191,6.7383,-3.0391,7.5859,0.3140,0.2869,0.3901
1635653096194,6.5078,-3.0586,7.5078,0.2502,0.3167,0.4019
1635653096210,6.3320,-3.1094,7.2813,0.1641,0.3325,0.4275
1635653096221,6.0586,-3.0332,7.1445,0.0981,0.3401,0.4392
1635653096234,5.6523,-2.7305,7.0547,0.0779,0.3486,0.4199
1635653096239,5.2109,-2.8203,7.1680,0.0364,0.3433,0.3838
1635653096250,5.1016,-2.9004,7.4805,0.0162,0.3347,0.3572
1635653096253,4.7188,-2.7305,7.5000,0.0662,0.2656,0.2444
1635653096283,4.9102,-2.8223,7.6445,0.0034,0.2708,0.2008
1635653096284,4.8359,-3.6172,7.4219,-0.0955,0.2676,0.2476
1635653096285,4.3203,-3.0059,7.3633,-0.1093,0.2485,0.1731
1635653096308,3.8242,-2.2637,7.4805,0.0300,0.2793,0.1411
1635653096311,3.6406,-2.2402,7.6602,0.0332,0.2783,0.1135
1635653096313,3.5625,-2.2813,7.8477,-0.0391,0.2336,0.0795
1635653096340,3.4844,-2.4141,7.8594,-0.0912,0.2070,0.0656
1635653096342,3.4375,-2.5313,7.7305,-0.1317,0.1869,0.0369
1635653096344,3.4277,-2.8027,7.6016,-0.1466,0.1687,0.0093
1635653096370,3.3438,-3.1445,7.4258,-0.1466,0.1464,-0.0024
1635653096372,3.2676,-3.2246,7.3047,-0.1274,0.1081,-0.0056
1635653096374,3.3770,-3.2148,7.1680,-0.0455,-0.0110,0.0220
1635653096402,3.4180,-3.1289,7.3516,0.0162,-0.0919,0.0486
1635653096404,3.4473,-2.9277,7.6680,0.0737,-0.1632,0.0763
1635653096406,3.5059,-2.8008,7.9922,0.1098,-0.2196,0.1104
1635653096434,3.6855,-2.7832,8.0313,0.1098,-0.2578,0.1252
1635653096438,3.8027,-2.8906,7.8945,0.0907,-0.2854,0.1316
1635653096439,3.8105,-3.0039,7.7930,0.0513,-0.3003,0.1454
1635653096458,3.7012,-3.0117,7.6602,0.0290,-0.3101,0.1519
1635653096467,3.6387,-3.0371,7.4922,0.0471,-0.3079,0.1528
1635653096469,3.6309,-2.9941,7.3359,0.0683,-0.3120,0.1571
1635653096483,3.5996,-2.9766,7.2266,0.0757,-0.3174,0.1593
1635653096485,3.6230,-3.0898,7.0313,0.0737,-0.3228,0.1582
1635653096510,3.8457,-3.0137,6.8789,0.0683,-0.3301,0.1528
1635653096515,3.8223,-3.1445,6.6953,0.0609,-0.3386,0.1497
1635653096517,3.4277,-3.0371,6.4414,0.0364,-0.3345,0.1561
1635653096540,2.9707,-2.9824,6.4492,0.0173,-0.3291,0.1486
1635653096542,2.6523,-3.1016,6.3750,0.0268,-0.3174,0.1337
1635653096545,2.4219,-3.2695,6.2266,0.0258,-0.3206,0.1167
1635653096570,2.1289,-3.3047,6.1289,0.0481,-0.3301,0.0859
1635653096572,1.9033,-3.2031,6.1641,0.1279,-0.3259,0.0667
1635653096574,1.8672,-2.9336,6.1914,0.2162,-0.3164,0.0454
1635653096600,2.1250,-2.5293,6.2031,0.2598,-0.3079,0.0199
1635653096602,2.0996,-2.3457,6.3086,0.2354,-0.2961,-0.0237
1635653096604,2.2441,-2.5039,6.4414,0.1534,-0.2727,-0.0886
1635653096630,2.8223,-2.8340,6.7773,0.0970,-0.2600,-0.1396
1635653096632,3.2891,-2.8477,7.1875,0.0790,-0.2568,-0.1949
1635653096634,3.8008,-2.6465,7.1953,0.0853,-0.2249,-0.2620
1635653096659,4.5547,-2.4297,6.9727,0.0620,-0.2334,-0.3577
1635653096662,5.5352,-2.6641,6.9375,0.0002,-0.2717,-0.4312
1635653096664,6.2734,-3.3652,7.1445,-0.1051,-0.3132,-0.4514
1635653096690,7.0938,-4.0938,7.3828,-0.2083,-0.3418,-0.5044
1635653096692,7.7539,-4.6875,7.4453,-0.3115,-0.3782,-0.6729
1635653096694,8.1172,-4.9648,7.6172,-0.2625,-0.3367,-0.6758
1635653096720,8.5391,-5.0078,8.1016,-0.0402,-0.2791,-0.6152
1635653096722,9.0625,-4.8906,8.3750,0.2119,-0.2111,-0.5068
1635653096724,9.1563,-4.5430,8.6797,0.3523,-0.1600,-0.4705
1635653096751,9.1563,-3.7559,8.7578,0.4568,-0.0759,-0.3982
1635653096753,9.0625,-2.9297,8.7500,0.4917,-0.0185,-0.3237
1635653096754,8.7344,-2.3438,8.7891,0.4216,0.0166,-0.2440
1635653096780,8.6094,-2.3359,8.7500,0.2450,0.0389,-0.1567
1635653096782,8.6797,-2.3496,8.5703,0.0502,0.0251,-0.0748
1635653096784,8.3828,-2.3027,8.4531,-0.1051,0.0070,-0.0205
1635653096809,8.2344,-2.5391,8.3906,-0.2317,0.0124,0.0039
1635653096812,8.2813,-2.3809,8.1563,-0.3242,0.0102,0.0465
1635653096814,8.0391,-1.9463,8.1250,-0.3679,0.0092,0.0625
1635653096840,7.8438,-2.2129,8.1641,-0.4253,0.0379,0.0486
1635653096842,7.8789,-2.8320,7.6563,-0.5850,0.0570,0.0901
1635653096844,7.6602,-3.0273,7.3906,-0.7305,0.0336,0.1508
1635653096870,7.3711,-3.4141,7.3164,-0.7510,0.0432,0.1826
1635653096872,7.4805,-3.9609,7.2266,-0.7412,0.0581,0.2072
1635653096874,7.4688,-4.2539,7.0391,-0.6743,0.0730,0.2274
1635653096900,7.2773,-4.2109,6.8164,-0.5337,0.1166,0.2369
1635653096902,7.0313,-4.0234,6.7344,-0.3657,0.1783,0.2433
1635653096904,6.7813,-3.9414,6.8750,-0.2104,0.2358,0.2549
1635653096930,6.7070,-4.1367,6.9180,-0.1083,0.2688,0.2742
1635653096933,6.7813,-4.3477,6.9570,-0.0562,0.2815,0.2954
1635653096935,6.6055,-3.9766,7.0234,0.0417,0.3005,0.2815
1635653096960,6.1523,-3.4141,7.1797,0.1726,0.3401,0.2349
1635653096962,6.0039,-3.4160,7.2344,0.1927,0.3708,0.2146
1635653096964,5.7695,-3.2617,7.1250,0.1332,0.3762,0.2241
1635653096990,5.4180,-3.1387,7.0742,0.0704,0.3921,0.2284
1635653096993,5.2344,-3.4199,7.0977,0.0013,0.4038,0.2220
1635653096994,5.1680,-3.5762,7.0742,-0.0413,0.4060,0.2284
1635653097020,5.0195,-3.6094,7.0195,-0.0508,0.4019,0.2241
1635653097022,4.8984,-3.7344,6.9492,-0.0466,0.4006,0.2083
1635653097024,4.7344,-3.5859,6.9141,-0.0232,0.3933,0.2146
1635653097050,4.3945,-3.2520,6.8984,0.0151,0.3965,0.2061
1635653097052,4.0586,-3.1387,6.9453,0.0162,0.4038,0.1976
1635653097054,4.0078,-3.3262,6.8594,-0.0232,0.3933,0.1943
1635653097080,3.7852,-3.3848,6.8750,-0.0391,0.3708,0.2008
1635653097082,3.5664,-3.4688,6.8633,-0.0253,0.3667,0.1880
1635653097084,3.3262,-3.3262,6.8711,0.0205,0.3591,0.1785
1635653097110,3.0547,-3.2305,6.8750,0.0439,0.3486,0.1582
1635653097113,2.7832,-3.0234,6.8086,0.0439,0.3369,0.1390
1635653097114,2.3984,-2.9453,6.7227,0.0300,0.3167,0.1199
1635653097140,2.1152,-3.0137,6.6055,-0.0072,0.2922,0.1114
1635653097143,1.9102,-3.1035,6.6055,-0.0338,0.2517,0.1071
1635653097144,1.6328,-3.1523,6.6172,-0.0370,0.2188,0.0955
1635653097171,1.4502,-3.2520,6.6328,-0.0168,0.1858,0.0795
1635653097173,1.4551,-3.4355,6.9297,0.0205,0.1464,0.0710
1635653097174,1.5146,-3.4395,6.7461,0.0620,0.1124,0.0614
1635653097201,1.2832,-3.0488,6.8477,0.1300,0.0656,0.0359
1635653097203,1.0957,-2.8984,6.9922,0.2067,0.0475,0.0008
1635653097205,1.1133,-2.9375,7.0352,0.1970,0.0230,-0.0109
1635653097231,1.4434,-3.1387,7.0313,0.1428,-0.0206,-0.0322
1635653097233,1.9893,-3.0078,7.0078,0.1172,-0.0632,-0.0609
1635653097235,2.1992,-2.7539,6.9492,0.1002,-0.0983,-0.0854
1635653097261,2.3691,-2.7949,7.0000,0.0375,-0.1270,-0.0992
1635653097264,2.9316,-3.4219,7.3516,-0.0189,-0.1642,-0.1046
1635653097266,3.7813,-4.0859,7.5586,-0.0093,-0.2015,-0.1205
1635653097290,4.1602,-4.0938,7.6602,0.0662,-0.2185,-0.1322
1635653097292,4.4141,-3.6094,7.7266,0.2056,-0.1941,-0.1631
1635653097293,4.7305,-3.0566,7.6328,0.3279,-0.1716,-0.1801
1635653097320,5.1484,-2.4453,7.6914,0.3450,-0.1802,-0.2067
1635653097322,5.3320,-2.0059,7.9375,0.3279,-0.2015,-0.2917
1635653097323,5.9531,-2.4395,8.2188,0.2216,-0.2185,-0.3440
1635653097351,6.9531,-3.0898,8.2578,0.0886,-0.2737,-0.3823
1635653097353,7.4688,-3.3301,8.4375,0.0119,-0.3120,-0.4407
1635653097355,7.7617,-3.3047,8.4766,0.0024,-0.2813,-0.4771
1635653097381,7.6719,-3.1016,8.4063,0.0364,-0.2483,-0.4622
1635653097383,7.3750,-3.1504,8.2969,-0.0072,-0.2015,-0.4163
1635653097385,7.2305,-3.3125,8.2031,-0.0689,-0.1781,-0.3801
1635653097411,6.9063,-3.4180,7.9805,-0.0966,-0.1387,-0.3459
1635653097414,6.8438,-3.6133,7.7969,-0.1019,-0.1143,-0.3120
1635653097415,6.9805,-3.6387,7.6914,-0.0699,-0.1164,-0.2715
1635653097448,7.0820,-3.5449,7.7305,-0.0072,-0.1217,-0.2206
1635653097449,7.6133,-3.4004,8.1172,0.0577,-0.1260,-0.1748
1635653097451,8.0781,-3.6191,8.3984,0.0853,-0.1409,-0.1227
1635653097471,8.1641,-3.4629,8.3984,0.0258,-0.1526,-0.1184
1635653097474,8.0547,-3.2930,8.1094,-0.0104,-0.1270,-0.0726
1635653097475,7.4688,-3.0293,7.2617,-0.0828,-0.1047,-0.0046
1635653097501,7.2578,-3.1230,7.4883,-0.1678,-0.1015,0.0486
1635653097504,7.5156,-3.5430,7.3047,-0.1753,-0.0738,0.0986
1635653097505,7.5039,-3.2773,7.3281,-0.1210,-0.0759,0.1582
1635653097532,7.5195,-3.2930,7.4375,-0.0370,-0.0504,0.1614
1635653097534,7.4688,-3.4355,7.4609,-0.0157,-0.0281,0.1710
1635653097535,7.2656,-3.4648,7.4219,-0.0210,-0.0153,0.1986
1635653097562,7.0234,-3.4219,7.3711,-0.0125,0.0060,0.2114
1635653097564,6.9453,-3.4648,7.2891,0.0119,0.0187,0.2114
1635653097565,6.8516,-3.5625,7.2852,0.0513,0.0241,0.2146
1635653097592,6.9375,-3.6953,7.3750,0.0981,0.0336,0.2146
1635653097594,6.7656,-3.6211,7.3984,0.1812,0.0389,0.2178
1635653097596,6.7578,-3.7402,7.3750,0.2354,0.0485,0.2274
1635653097622,6.3906,-2.9395,7.6211,0.3342,0.0528,0.2306
1635653097624,5.6211,-2.4258,7.6680,0.4067,0.0273,0.1752
1635653097626,5.6445,-2.8223,7.5820,0.2418,0.0198,0.1826
1635653097652,5.7891,-3.8145,7.5664,0.0715,-0.0440,0.2349
1635653097654,5.6484,-3.6719,7.6914,0.0651,-0.0941,0.2423
1635653097656,5.3867,-3.4844,7.6602,0.1896,-0.0834,0.2369
1635653097682,5.1367,-3.7598,7.6719,0.2227,-0.0759,0.2498
1635653097684,4.7422,-3.2188,7.7539,0.2673,-0.0781,0.2710
1635653097686,4.2148,-2.7617,7.8398,0.3555,-0.0589,0.2656
1635653097712,4.0664,-2.7617,7.7031,0.3555,-0.0504,0.2476
1635653097714,3.8145,-2.7363,7.6367,0.3022,-0.0685,0.2369
1635653097716,3.5996,-2.8105,7.6719,0.2493,-0.0611,0.2220
1635653097742,3.3613,-2.7461,7.5234,0.1949,-0.0515,0.2040
1635653097744,3.0977,-2.6426,7.2539,0.1471,-0.0451,0.1848
1635653097746,2.8711,-2.6152,7.0000,0.0939,-0.0430,0.1582
1635653097772,2.6582,-2.7109,6.9102,0.0439,-0.0462,0.1359
1635653097774,2.4316,-2.8242,6.7070,0.0077,-0.0419,0.1188
1635653097776,2.1113,-2.8555,6.5313,-0.0104,-0.0345,0.1071
1635653097801,1.9199,-2.7402,6.3203,-0.0125,-0.0206,0.0826
1635653097803,1.6846,-2.5059,6.0156,-0.0051,-0.0206,0.0582
1635653097804,1.4268,-2.2480,5.9961,-0.0093,-0.0238,0.0273
1635653097831,1.4316,-2.4199,6.1875,-0.0402,-0.0238,-0.0024
1635653097833,1.4219,-2.5508,5.6563,-0.1093,-0.0270,-0.0205
1635653097834,1.5625,-2.5488,5.8008,-0.1476,-0.0759,-0.0450
1635653097862,1.7764,-2.5918,5.9180,-0.1125,-0.0823,-0.0748
1635653097863,2.3008,-2.6406,6.1289,-0.0774,-0.0919,-0.1057
1635653097864,2.7090,-2.8652,6.3242,-0.0615,-0.1078,-0.1525
1635653097895,2.9336,-3.1172,6.4609,-0.0977,-0.1132,-0.1929
1635653097900,3.2422,-3.1504,6.5977,-0.1274,-0.1078,-0.2141
1635653097902,3.4043,-2.9531,6.8359,-0.1136,-0.1025,-0.2312
1635653097922,3.8848,-3.1602,7.1836,-0.0934,-0.0898,-0.2610
1635653097927,4.7227,-3.5625,7.3164,-0.0848,-0.0941,-0.2854
1635653097931,5.2422,-3.5879,7.5508,-0.0668,-0.1089,-0.3003
1635653097942,5.7617,-3.7266,7.8359,-0.0317,-0.0834,-0.3206
1635653097946,6.3008,-3.7852,8.1172,0.0205,-0.0557,-0.3013
1635653097971,6.3711,-3.3340,8.3281,0.0875,-0.0313,-0.3066
1635653097976,6.4805,-2.9512,8.4609,0.1417,0.0209,-0.3088
1635653097987,6.6836,-2.4922,8.4219,0.1343,0.0560,-0.2896
1635653098001,6.7070,-2.2480,8.4297,0.0833,0.0677,-0.2705
1635653098005,6.9570,-2.2168,8.3906,-0.0264,0.0666,-0.2759
1635653098010,7.4063,-2.4199,8.4453,-0.1093,0.0262,-0.2993
1635653098022,7.7383,-2.6445,8.5469,-0.1913,-0.0164,-0.3228
1635653098026,7.9219,-2.9707,8.5859,-0.2891,-0.0174,-0.3247
1635653098052,7.9414,-3.0352,8.5703,-0.3179,-0.0164,-0.3323
1635653098060,7.7852,-2.8359,8.3203,-0.3264,-0.0142,-0.3247
1635653098064,7.5000,-2.6836,8.1563,-0.3604,-0.0089,-0.3345
1635653098072,7.4414,-2.7285,7.8828,-0.4158,-0.0004,-0.3193
1635653098076,7.5742,-3.0195,7.7617,-0.4712,-0.0164,-0.2854
1635653098102,7.8516,-3.3105,7.8125,-0.4978,-0.0366,-0.2651
1635653098107,7.7305,-3.4434,7.8906,-0.4902,-0.0387,-0.2429
1635653098111,7.8164,-3.4063,7.7227,-0.4434,-0.0249,-0.2046
1635653098122,7.6797,-3.3086,7.1602,-0.4082,-0.0377,-0.1599
1635653098126,7.1250,-3.2363,6.5859,-0.4275,-0.0611,-0.1024
1635653098152,7.2344,-3.7266,6.8125,-0.4167,-0.1036,-0.0333
1635653098156,7.6875,-4.1563,6.6523,-0.3030,-0.1440,0.0476
1635653098161,7.6875,-4.1211,6.7734,-0.1284,-0.2015,0.1114
1635653098172,7.8672,-4.0625,6.9844,0.0843,-0.2079,0.1433
1635653098177,7.7031,-4.0547,7.2148,0.2756,-0.2004,0.1774
1635653098202,7.6133,-4.0313,7.4688,0.4131,-0.1792,0.2306
1635653098207,7.7656,-4.0820,7.5234,0.5513,-0.1675,0.2666
1635653098219,8.0156,-3.9355,7.5703,0.6895,-0.1600,0.2742
1635653098225,7.7617,-3.3555,7.8398,0.8384,-0.1429,0.2603
1635653098229,7.2891,-2.7402,7.9375,0.9214,-0.1015,0.2316
1635653098242,7.2891,-2.7305,7.9453,0.8311,-0.0812,0.2263
1635653098247,7.0234,-2.6973,7.9648,0.6831,-0.0898,0.2284
1635653098272,6.8438,-2.8320,7.9883,0.5015,-0.0674,0.2327
1635653098283,6.7383,-2.8691,7.8906,0.3438,-0.0621,0.2114
1635653098286,6.4844,-2.9063,7.7734,0.1938,-0.0430,0.2029
1635653098291,6.1836,-2.8887,7.6289,0.0651,-0.0142,0.2040
1635653098299,6.0117,-2.9844,7.4688,-0.0966,0.0336,0.1923
1635653098312,5.7500,-2.8223,7.1172,-0.0966,0.0336,0.1923
1635653098315,5.1406,-3.0195,6.8281,-0.2263,0.0592,0.1636
1635653098342,4.9414,-3.0723,6.9102,-0.2520,0.0602,0.1625
1635653098345,4.7969,-3.0996,6.9375,-0.2423,0.0656,0.1603
1635653098349,4.6914,-3.1816,7.0742,-0.2274,0.0709,0.1401
1635653098362,4.5586,-3.2559,7.0938,-0.1870,0.0879,0.1273
1635653098365,4.3008,-3.1211,7.0234,-0.1466,0.1071,0.1178
1635653098392,3.9688,-2.9023,6.9258,-0.1179,0.1357,0.0922
1635653098395,3.7480,-2.7090,6.8047,-0.0891,0.1549,0.0763
1635653098399,3.4590,-2.6465,6.7305,-0.0912,0.1603,0.0540
1635653098412,3.2559,-2.6016,6.6836,-0.1040,0.1644,0.0380
1635653098415,2.9824,-2.6738,6.6055,-0.1083,0.1613,0.0210
1635653098442,2.7832,-2.8770,6.4297,-0.1072,0.1570,0.0071
1635653098445,2.6328,-2.8945,6.3242,-0.1019,0.1411,0.0061
1635653098449,2.3652,-2.7266,6.3828,-0.0902,0.1241,0.0029
1635653098462,2.0918,-2.5352,6.3984,-0.0636,0.1166,-0.0056
1635653098465,1.8291,-2.4180,6.4102,-0.0381,0.1006,-0.0141
1635653098499,1.5674,-2.3340,6.5117,-0.0242,0.0836,-0.0322
1635653098502,1.6084,-2.4766,6.6641,-0.0093,0.0656,-0.0556
1635653098505,1.4648,-2.3242,6.4102,0.0077,0.0507,-0.0716
1635653098515,1.3018,-2.0996,6.3867,0.0077,0.0273,-0.1131
1635653098519,1.3447,-2.3008,6.4727,-0.0093,0.0124,-0.1534
1635653098532,1.6084,-2.4102,6.3984,-0.0562,-0.0110,-0.1705
1635653098535,1.9727,-2.2969,6.4766,-0.0848,-0.0462,-0.2025
1635653098562,2.4531,-2.0684,6.6172,-0.0785,-0.0728,-0.2515
1635653098566,3.0254,-2.1270,6.7617,-0.1136,-0.0994,-0.3184
1635653098569,3.5391,-2.7754,6.9844,-0.2317,-0.1260,-0.3599
1635653098582,4.2109,-3.3438,7.2266,-0.3413,-0.1515,-0.3684
1635653098586,4.8984,-3.8652,7.4688,-0.3413,-0.1738,-0.3865
1635653098612,5.4531,-4.0352,7.6914,-0.2646,-0.1632,-0.3982
1635653098616,6.0039,-3.8867,7.7773,-0.1487,-0.1292,-0.4131
1635653098619,6.6523,-3.7344,7.6094,-0.0519,-0.1068,-0.4185
1635653098632,7.2344,-3.5625,7.5742,0.0130,-0.1238,-0.3928
1635653098648,7.5195,-3.3398,7.6094,0.0800,-0.1504,-0.3801
1635653098660,7.6563,-2.9453,7.6172,0.1630,-0.1813,-0.4004
1635653098664,7.7148,-2.8320,7.5664,0.2119,-0.2217,-0.3896
1635653098673,8.0391,-3.0078,7.6563,0.1992,-0.2876,-0.3896
1635653098681,8.5625,-2.8496,7.6367,0.2194,-0.3186,-0.3706
1635653098699,8.6406,-2.6797,7.7188,0.2512,-0.3462,-0.3726
1635653098714,8.6641,-2.5586,7.7891,0.2607,-0.3503,-0.3440
1635653098731,8.6484,-2.4434,7.8555,0.2588,-0.3601,-0.2917
1635653098735,8.5781,-2.4297,7.8945,0.2194,-0.3633,-0.2407
1635653098746,8.5859,-2.4922,7.9492,0.1512,-0.3652,-0.1823
1635653098751,8.7109,-2.7461,7.9844,0.0800,-0.3665,-0.1270
1635653098763,8.7578,-2.9863,8.0547,0.0130,-0.3633,-0.0759
1635653098780,8.8125,-3.1660,8.0859,-0.0370,-0.3440,-0.0227
1635653098784,8.5469,-3.0703,7.7461,-0.0795,-0.3164,0.0422
1635653098787,7.8906,-2.4980,7.6328,-0.1125,-0.2791,0.1167
1635653098792,7.8789,-2.9023,7.9961,-0.1370,-0.2397,0.1528
1635653098796,8.3750,-3.3770,7.6602,-0.1923,-0.2291,0.2178
1635653098823,8.3125,-3.2051,7.4219,-0.2200,-0.2451,0.2795
1635653098827,8.0703,-3.1660,7.4492,-0.1764,-0.2090,0.2964
1635653098830,7.9648,-3.4082,7.5625,-0.1530,-0.1696,0.3315
1635653098843,8.0078,-3.3906,7.4922,-0.1519,-0.1429,0.3730
1635653098847,7.9648,-3.3672,7.4102,-0.1433,-0.1132,0.4189
1635653098873,7.8242,-3.1777,7.2148,-0.1381,-0.0770,0.4507
1635653098876,7.6445,-3.0703,7.1016,-0.1508,-0.0493,0.4456
1635653098880,7.2773,-2.8340,7.1875,-0.1433,-0.0526,0.4050
1635653098893,7.0117,-2.7480,7.1523,-0.1508,-0.0898,0.3572
1635653098897,7.0430,-3.2813,6.9609,-0.2391,-0.1664,0.3306
1635653098923,6.9648,-3.9844,6.7813,-0.3369,-0.1973,0.3157
1635653098928,6.8125,-3.9355,6.7383,-0.2881,-0.1973,0.3081
1635653098932,6.5547,-3.8672,6.8984,-0.1147,-0.1919,0.3125
1635653098943,6.3438,-3.7129,6.9375,0.0311,-0.1824,0.3167
1635653098947,5.9180,-3.2266,6.9141,0.1609,-0.1876,0.3049
1635653098973,5.3828,-2.6797,6.8281,0.2715,-0.1802,0.2751
1635653098977,5.1445,-2.4629,6.8633,0.2800,-0.1866,0.2593
1635653098980,5.2266,-2.6133,6.8711,0.2268,-0.2185,0.2284
1635653098993,5.1680,-2.8008,6.7969,0.1715,-0.2515,0.1976
1635653098996,5.1563,-3.0059,6.6836,0.1438,-0.2588,0.1752
1635653099023,5.1445,-3.1621,6.5859,0.1354,-0.2588,0.1688
1635653099027,5.0078,-3.2520,6.6055,0.1481,-0.2472,0.1433
1635653099042,4.8008,-3.1074,6.6641,0.1672,-0.2196,0.1295
1635653099060,4.5625,-3.1133,6.7461,0.1598,-0.1792,0.1252
1635653099063,4.4063,-3.3320,6.6133,0.1098,-0.1472,0.1061
1635653099067,4.2383,-3.2500,6.3203,0.0587,-0.1281,0.1018
1635653099073,3.8848,-3.0645,6.1602,0.0449,-0.1025,0.0901
1635653099091,3.5000,-2.9102,6.0742,0.0481,-0.0611,0.0720
1635653099096,3.1992,-2.8145,5.9297,0.0332,-0.0238,0.0550
1635653099099,2.9063,-2.7363,5.6836,0.0237,-0.0015,0.0444
1635653099123,2.5586,-2.5156,5.4297,0.0300,0.0166,0.0242
1635653099127,2.2168,-2.3027,5.3164,0.0417,0.0347,-0.0003
1635653099130,2.0898,-2.2754,5.3281,0.0151,0.0475,-0.0280
1635653099143,1.9336,-2.3828,4.9883,-0.0625,0.0517,-0.0450
1635653099157,1.8984,-2.4609,4.8164,-0.1807,0.0389,-0.0822
1635653099163,2.0371,-2.6406,4.7930,-0.2413,0.0262,-0.1482
1635653099167,2.1523,-2.6777,4.7188,-0.2328,0.0251,-0.1960
1635653099193,2.3574,-2.8125,4.7891,-0.2147,0.0304,-0.2482
1635653099197,2.8594,-3.1504,5.0508,-0.2136,0.0379,-0.2961
1635653099200,3.5000,-3.2871,5.3789,-0.2423,0.0411,-0.3269
1635653099213,4.1484,-3.1523,5.7539,-0.2646,0.0507,-0.3503
1635653099217,4.6836,-3.2891,6.1133,-0.2998,0.0592,-0.3716
1635653099243,5.2031,-3.3965,6.2656,-0.3604,0.0709,-0.3792
1635653099255,5.7617,-3.3828,6.3789,-0.3923,0.0793,-0.3918
1635653099259,6.0781,-3.5254,6.6680,-0.3901,0.0922,-0.3982
1635653099263,6.7695,-3.6660,6.9023,-0.3232,0.1283,-0.4153
1635653099267,7.2383,-3.5957,6.8750,-0.1870,0.1613,-0.4099
1635653099294,7.7188,-3.3867,7.1563,-0.0423,0.1910,-0.4067
1635653099311,8.5313,-3.4063,7.5508,0.0981,0.2262,-0.4226
1635653099327,8.7500,-2.9824,7.7617,0.2087,0.2305,-0.4790
1635653099344,9.3906,-2.4531,8.1250,0.1886,0.2739,-0.5420
1635653099348,9.3906,-2.4531,8.1250,0.0173,0.2379,-0.5898
1635653099351,9.0938,-2.8945,8.1641,0.0173,0.2379,-0.5898
1635653099355,9.3750,-3.1348,8.1328,-0.3657,0.2751,-0.4280
1635653099358,9.1094,-3.1523,8.1797,-0.3901,0.2465,-0.3184
1635653099363,8.8281,-2.9375,7.9766,-0.3743,0.2507,-0.2386
1635653099367,8.5703,-3.0059,7.7930,-0.3999,0.2145,-0.2683
1635653099394,8.5469,-3.0977,7.5859,-0.4275,0.1869,-0.2429
1635653099397,8.3750,-3.2656,7.4492,-0.4148,0.1421,-0.1940
1635653099401,8.1641,-3.3457,7.3008,-0.3838,0.1017,-0.1534
1635653099414,7.9844,-3.2559,7.2227,-0.3359,0.0687,-0.1035
1635653099417,7.6367,-3.0605,6.8320,-0.2966,0.0400,-0.0588
1635653099444,7.0352,-2.7188,6.5781,-0.2795,0.0049,-0.0120
1635653099447,7.0234,-2.8066,6.9688,-0.2402,-0.0281,0.0103
1635653099451,7.4922,-3.1602,6.9063,-0.2114,-0.0621,0.0518
1635653099464,7.5742,-3.3906,6.7773,-0.2189,-0.1153,0.0922
1635653099467,7.6875,-3.4043,6.7773,-0.1678,-0.1292,0.1093
1635653099494,7.7344,-3.4414,6.8555,-0.0987,-0.1301,0.1305
1635653099497,7.6445,-3.4531,6.8047,-0.0742,-0.1260,0.1433
1635653099501,7.6563,-3.3887,6.7539,-0.0604,-0.1196,0.1582
1635653099514,7.6289,-3.2422,6.7461,-0.0349,-0.1174,0.1837
1635653099517,7.4883,-3.1523,6.7461,-0.0264,-0.1196,0.2083
1635653099544,7.3906,-3.1758,6.7539,-0.0295,-0.1207,0.2295
1635653099548,7.3398,-3.4160,6.7773,-0.0391,-0.1301,0.2444
1635653099551,7.3711,-3.4355,6.7695,-0.0455,-0.1418,0.2656
1635653099564,7.3711,-3.7129,6.8945,-0.0253,-0.1578,0.2581
1635653099567,7.5703,-3.8945,6.8711,0.0183,-0.1610,0.2837
1635653099594,7.3398,-3.9375,6.9023,0.0524,-0.1696,0.2688
1635653099598,7.3516,-3.8027,6.9492,0.1066,-0.1515,0.2859
1635653099601,7.1484,-3.5859,6.9766,0.1821,-0.1504,0.2805
1635653099614,6.7578,-3.5059,7.0313,0.1938,-0.1312,0.2710
1635653099623,6.6875,-3.1504,6.8398,0.1907,-0.1227,0.3167
1635653099634,6.4375,-3.1465,6.7305,0.1545,-0.1526,0.3198
1635653099638,6.2852,-3.3164,6.7109,0.0992,-0.1653,0.3518
1635653099664,6.1445,-3.3086,6.7148,0.0747,-0.1898,0.3657
1635653099672,5.9180,-3.3555,6.7734,0.0449,-0.2015,0.3816
1635653099675,5.9141,-3.5332,6.6484,-0.0051,-0.2100,0.3943
1635653099684,5.6680,-3.3730,6.5703,-0.0285,-0.2196,0.3870
1635653099688,5.2500,-3.2480,6.5469,0.0162,-0.1951,0.3645
1635653099706,4.9102,-3.2734,6.3984,0.0492,-0.1716,0.3518
1635653099721,4.5859,-3.1719,6.2148,0.0566,-0.1632,0.3486
1635653099726,4.1875,-2.9551,5.9961,0.0939,-0.1547,0.3296
1635653099729,3.7598,-2.7891,5.8086,0.1396,-0.1418,0.3103
1635653099754,3.3965,-2.6621,5.7266,0.1545,-0.1344,0.2922
1635653099758,3.0977,-2.5078,5.6016,0.1512,-0.1281,0.2666
1635653099761,2.7383,-2.4199,5.4219,0.1268,-0.1174,0.2358
1635653099774,2.3965,-2.3340,5.2227,0.0620,-0.1078,0.1954
1635653099778,2.0059,-2.1914,5.0117,-0.0264,-0.1004,0.1550
1635653099804,1.6875,-2.3438,5.1133,-0.1349,-0.0951,0.1082
1635653099808,1.6543,-2.7832,4.9844,-0.2700,-0.0919,0.0571
1635653099811,1.6611,-3.0938,4.7148,-0.4019,-0.1004,0.0125
1635653099824,2.0273,-3.3867,4.6719,-0.4392,-0.1057,-0.0578
1635653099828,2.6543,-3.5957,4.6992,-0.3721,-0.0866,-0.1088
1635653099854,3.3359,-3.5449,4.8828,-0.3242,-0.0674,-0.1663
1635653099858,4.1563,-3.6191,5.1484,-0.2881,-0.0366,-0.2429
1635653099861,4.6055,-3.8301,5.3516,-0.2688,-0.0089,-0.3003
1635653099874,4.8594,-3.8066,5.5313,-0.2646,0.0411,-0.3279
1635653099878,5.2383,-3.8887,5.8438,-0.2678,0.0900,-0.3440
1635653099904,5.7734,-4.0547,6.1328,-0.3157,0.1337,-0.3801
1635653099919,6.2109,-4.1836,6.1445,-0.3699,0.1719,-0.4226
1635653099922,6.8086,-4.1914,6.2031,-0.3816,0.1890,-0.4302
1635653099927,7.4297,-4.3945,6.4375,-0.3369,0.1858,-0.4258
1635653099930,8.0156,-4.5547,6.5664,-0.2498,0.1666,-0.4238
1635653099954,8.2500,-4.2148,6.7617,-0.1008,0.1486,-0.4536
1635653099968,8.4688,-3.9063,7.0391,0.0630,0.1495,-0.4875
1635653099972,8.9063,-3.9063,7.1680,0.1343,0.1326,-0.5449
1635653099976,9.0938,-3.8809,7.2813,0.1609,0.1017,-0.5664
1635653099980,9.3672,-3.7246,7.4688,0.1843,0.0869,-0.5313
1635653100015,9.4141,-3.7754,7.6641,0.1927,0.0975,-0.4866
1635653100018,9.3906,-3.8770,7.6953,0.1512,0.1219,-0.4407
1635653100022,9.3594,-3.7617,7.6094,0.1226,0.1230,-0.3599
1635653100025,8.9688,-3.5566,7.5547,0.1098,0.1071,-0.2886
1635653100034,8.6484,-3.4258,7.4023,0.0757,0.1017,-0.2035
1635653100038,8.5156,-3.3945,7.2266,0.0311,0.0751,-0.1259
1635653100065,8.3438,-3.2734,6.9570,-0.0051,0.0453,-0.0524
1635653100068,7.7656,-2.8574,6.4180,-0.0221,0.0166,0.0093
1635653100071,7.3711,-2.6367,6.5781,-0.0083,-0.0025,0.0465
1635653100085,7.6211,-3.1660,6.6641,0.0141,-0.0174,0.0677
1635653100088,7.6758,-3.2559,6.3867,-0.0168,-0.0621,0.1262
1635653100105,7.3633,-3.3262,6.3984,-0.0136,-0.0855,0.1571
1635653100108,7.2578,-3.6074,6.4258,0.0173,-0.0823,0.1646
1635653100135,7.2617,-3.8125,6.3984,0.0396,-0.0941,0.1943
1635653100138,7.2109,-3.9258,6.4063,0.0875,-0.1015,0.2146
1635653100142,7.1055,-3.9766,6.3828,0.1726,-0.1015,0.2391
1635653100177,7.0625,-3.9570,6.3633,0.2747,-0.0994,0.2593
1635653100181,7.0273,-3.8086,6.3164,0.3821,-0.0972,0.2742
1635653100185,6.8906,-3.7129,6.3398,0.4780,-0.0941,0.3008
1635653100189,6.6523,-3.4785,6.3750,0.5459,-0.0887,0.3188
1635653100192,6.4180,-3.3301,6.3828,0.5884,-0.0845,0.3220
1635653100205,6.4141,-3.3262,6.4297,0.5918,-0.0855,0.3252
1635653100211,6.4883,-3.3906,6.4688,0.5713,-0.0972,0.3262
1635653100229,6.5273,-3.3770,6.4727,0.5557,-0.1078,0.3147
1635653100233,6.5859,-3.3262,6.6055,0.5620,-0.1164,0.2964
1635653100245,6.5078,-3.3262,6.7656,0.5693,-0.1260,0.2710
1635653100248,6.4805,-3.3203,6.8633,0.5522,-0.1281,0.2539
1635653100275,6.5898,-3.2988,6.8438,0.5503,-0.1292,0.2593
1635653100292,6.5664,-3.0898,6.9219,0.5811,-0.1323,0.2476
1635653100308,6.5898,-2.9121,7.0547,0.6118,-0.1185,0.2433
1635653100327,6.6211,-2.9434,7.1836,0.5962,-0.1004,0.2380
1635653100341,6.6289,-3.0020,7.2773,0.5547,-0.0887,0.2338
1635653100357,6.6172,-2.9160,7.2539,0.5132,-0.0706,0.2349
1635653100390,6.4688,-2.8418,7.1289,0.4514,-0.0504,0.2391
1635653100423,6.3516,-2.7520,7.0273,0.3770,-0.0259,0.2327
1635653100428,6.1250,-2.6719,6.9141,0.3323,-0.0057,0.2274
1635653100441,5.9141,-2.6797,6.8477,0.3013,0.0145,0.2146
1635653100472,5.7891,-2.7051,6.7148,0.2778,0.0358,0.2083
1635653100488,5.7148,-3.1621,6.5313,0.2471,0.0634,0.1763
1635653100510,5.6836,-3.2168,6.4609,0.2747,0.0858,0.1636
1635653100513,5.4805,-3.1523,6.3867,0.3206,0.1208,0.1539
1635653100517,5.1992,-3.0664,6.3320,0.3672,0.1635,0.1465
1635653100521,4.8438,-2.8535,6.3164,0.4045,0.2059,0.1411
1635653100525,4.4805,-2.6328,6.1797,0.4109,0.2465,0.1359
1635653100537,4.0664,-2.4395,5.9805,0.3918,0.2793,0.1348
1635653100542,3.7266,-2.4199,5.7930,0.3247,0.3071,0.1273
1635653100546,3.4180,-2.3574,5.5508,0.2236,0.3220,0.1104
1635653100570,3.1289,-2.2383,5.4375,0.1088,0.3284,0.0933
1635653100587,2.9629,-2.3438,5.5352,0.0098,0.3271,0.0710
1635653100590,2.8711,-2.3750,5.2109,-0.0848,0.3293,0.0444
1635653100604,2.8242,-2.1445,4.8086,-0.1678,0.3176,-0.0003
1635653100619,2.9375,-2.0156,4.6719,-0.2051,0.3113,-0.0705
1635653100623,3.2051,-1.8477,4.4883,-0.2231,0.2986,-0.1152
1635653100629,3.3145,-1.6416,4.4375,-0.2827,0.2656,-0.1694
1635653100637,3.3574,-1.6416,4.4414,-0.3816,0.2177,-0.2290
1635653100652,3.5879,-1.9814,4.6250,-0.4753,0.1475,-0.2769
1635653100657,4.0547,-2.8574,5.1328,-0.5146,0.0634,-0.3162
1635653100668,4.9102,-3.8105,5.7188,-0.4529,-0.0206,-0.3396
1635653100685,5.5977,-4.2461,6.4609,-0.2903,-0.0706,-0.3577
1635653100717,6.1641,-4.3477,7.4102,-0.0370,-0.0642,-0.3972
1635653100734,6.8320,-4.3750,8.1250,0.2216,-0.0259,-0.4312
1635653100750,7.5195,-3.9375,8.4766,0.4087,0.0007,-0.4790
1635653100767,7.8906,-3.4082,8.9766,0.5313,0.0336,-0.5396
1635653100783,8.0781,-2.6660,9.3281,0.5791,0.1092,-0.4822
1635653100799,8.1875,-2.3496,9.6641,0.4736,0.1475,-0.5078
1635653100803,8.5156,-2.4023,9.7266,0.3152,0.1869,-0.4397
1635653100816,8.7188,-2.3047,9.3672,0.1907,0.2039,-0.3459
1635653100827,8.7734,-2.0313,9.0547,0.0449,0.2092,-0.3162
1635653100835,8.4922,-1.9893,8.8047,-0.0987,0.2454,-0.2971
1635653100848,8.4766,-1.9941,8.3125,-0.2380,0.2559,-0.2472
1635653100880,8.4531,-2.0078,8.0234,-0.3445,0.2113,-0.1992
1635653100884,8.1719,-2.2754,7.7539,-0.4297,0.1730,-0.1599
1635653100888,8.0000,-2.4023,7.5586,-0.4902,0.1421,-0.1184
1635653100892,7.9219,-2.5156,7.4922,-0.4966,0.0975,-0.0844
1635653100896,7.7422,-2.7051,7.1836,-0.4893,0.0549,-0.0503
1635653100900,7.2578,-2.6016,6.8867,-0.4712,0.0102,-0.0088
1635653100903,7.1406,-2.8965,7.3008,-0.4221,-0.0270,0.0242
1635653100907,7.5000,-3.4102,7.3672,-0.3486,-0.0472,0.0784
1635653100930,7.4102,-3.2793,7.1719,-0.2859,-0.0866,0.1348
1635653100948,7.0977,-3.0488,7.1406,-0.2040,-0.0919,0.1401
1635653100955,7.0664,-3.1172,7.2109,-0.1530,-0.0812,0.1528
1635653100959,7.0469,-3.3438,7.2031,-0.1423,-0.0962,0.1837
1635653100962,7.0117,-3.4063,7.1602,-0.1083,-0.1057,0.2114
1635653100966,6.8867,-3.3125,7.0664,-0.0306,-0.1057,0.2220
1635653100970,6.8320,-3.2891,7.0391,0.0205,-0.0983,0.2241
1635653100981,6.6953,-3.1172,7.0430,0.0662,-0.0983,0.2263
1635653100991,6.5430,-2.8867,7.1406,0.0992,-0.1036,0.2349
1635653100995,6.4805,-2.9063,7.1992,0.0790,-0.1217,0.2433
1635653100999,6.5352,-2.8066,7.1680,0.0151,-0.1398,0.2913
1635653101003,6.3398,-2.7285,7.2461,-0.0498,-0.1749,0.2795
1635653101007,6.3555,-2.6152,7.2500,-0.1295,-0.1930,0.2847
1635653101011,6.2813,-2.6055,7.2617,-0.1934,-0.2260,0.2954
1635653101015,6.2695,-2.8965,7.4375,-0.2615,-0.2430,0.3306
1635653101027,6.3750,-3.2207,7.5117,-0.3135,-0.2673,0.3464
1635653101031,6.4141,-3.4531,7.5547,-0.3423,-0.2781,0.3540
1635653101045,6.3867,-3.5000,7.5117,-0.3179,-0.2600,0.3562
1635653101061,6.1758,-3.2695,7.5547,-0.2615,-0.2302,0.3486
1635653101077,5.8359,-2.9844,7.4570,-0.2434,-0.1833,0.3359
1635653101110,5.5703,-2.9063,7.3516,-0.2837,-0.1418,0.3135
1635653101128,5.5703,-3.1230,7.1797,-0.3540,-0.1196,0.2913
1635653101140,5.5820,-3.4395,6.9375,-0.4231,-0.1068,0.2764
1635653101146,5.5547,-3.7793,6.7227,-0.4456,-0.0855,0.2529
1635653101159,5.5508,-3.9707,6.4922,-0.4041,-0.0483,0.2306
1635653101176,5.4023,-3.9336,6.3203,-0.3220,-0.0079,0.2146
1635653101192,5.1563,-3.9551,6.0977,-0.2200,0.0443,0.1891
1635653101208,4.9805,-3.7578,5.8594,-0.1168,0.0879,0.1699
1635653101225,4.7813,-3.5352,5.6133,-0.0349,0.1208,0.1486
1635653101241,4.6367,-3.4531,5.4336,0.0194,0.1464,0.1221
1635653101245,4.5078,-3.3789,5.2813,0.0385,0.1635,0.1029
1635653101249,4.4180,-3.2598,5.1055,0.0311,0.1772,0.0912
1635653101253,4.2461,-3.1680,4.8984,0.0183,0.1847,0.0720
1635653101257,4.0703,-3.0156,4.7188,-0.0061,0.1869,0.0614
1635653101260,3.9980,-2.9238,4.5625,-0.0338,0.1804,0.0486
1635653101264,3.8008,-2.9102,4.4453,-0.0689,0.1624,0.0284
1635653101268,3.8340,-3.0293,4.5781,-0.1093,0.1443,0.0018
1635653101290,3.7363,-3.1211,4.2891,-0.1423,0.1272,-0.0205
1635653101307,3.5566,-2.9336,4.2031,-0.1667,0.0985,-0.0514
1635653101312,3.6191,-2.9082,4.3867,-0.1658,0.0826,-0.0929
1635653101315,3.5488,-3.0293,4.5313,-0.1870,0.0698,-0.1194
1635653101325,3.6914,-3.1348,4.6602,-0.2603,0.0528,-0.1407
1635653101348,3.8008,-3.2031,4.8086,-0.3508,0.0273,-0.1642
1635653101352,3.8242,-3.1230,4.9883,-0.4541,0.0060,-0.1960
1635653101356,4.0547,-3.0918,5.1875,-0.5454,-0.0047,-0.2249
1635653101368,4.4961,-3.2402,5.6133,-0.6318,-0.0281,-0.2472
1635653101372,4.8711,-3.6855,6.1250,-0.7295,-0.0504,-0.2588
1635653101375,5.1484,-4.1875,6.5469,-0.8018,-0.0579,-0.2546
1635653101379,5.5391,-4.7305,7.0078,-0.7881,-0.0568,-0.2610
1635653101382,6.0117,-5.1406,7.3789,-0.6763,-0.0313,-0.3013
1635653101386,6.3125,-5.1016,7.6016,-0.4861,0.0007,-0.3738
1635653101390,6.6953,-5.1094,7.6992,-0.2805,0.0645,-0.3770
1635653101393,6.7148,-4.9258,8.0156,-0.1115,0.0900,-0.4099
1635653101397,7.0625,-4.6016,8.4219,0.0066,0.1283,-0.4492
1635653101400,8.0000,-3.9766,8.7578,0.0949,0.1719,-0.4375
1635653101405,8.2813,-3.6055,8.8047,0.0417,0.1964,-0.4333
1635653101409,8.2578,-3.5273,8.6328,-0.0519,0.2177,-0.4121
1635653101414,8.3750,-3.5586,8.3828,-0.2083,0.2145,-0.3418
1635653101418,8.2656,-3.2559,8.1016,-0.3210,0.1879,-0.2515
1635653101422,8.1250,-3.4609,7.8164,-0.4082,0.1836,-0.1525
1635653101425,8.4453,-3.7129,7.4961,-0.4744,0.1603,-0.0141
1635653101429,8.3672,-3.7070,7.3281,-0.4541,0.0943,-0.0024
1635653101433,8.2656,-3.7051,7.1680,-0.4072,0.0570,-0.0131
1635653101437,8.1406,-3.8066,6.8398,-0.3689,0.0145,0.0103
1635653101441,7.8750,-3.5430,6.5859,-0.3318,-0.0345,0.0454
1635653101445,7.7422,-3.6875,7.0195,-0.2720,-0.0781,0.0625
1635653101450,8.0547,-4.3711,6.8008,-0.2529,-0.1089,0.1199
1635653101454,8.0469,-4.4492,6.5625,-0.2720,-0.1759,0.1752
1635653101458,7.8359,-4.5195,6.5430,-0.2136,-0.1973,0.1869
1635653101462,7.7656,-4.7500,6.5117,-0.1508,-0.1898,0.1934
1635653101488,7.7188,-4.9219,6.4609,-0.0764,-0.1898,0.2092
1635653101491,7.6797,-4.8398,6.3867,0.0353,-0.1792,0.2241
1635653101495,7.2422,-4.0859,6.4180,0.1886,-0.1493,0.2295
1635653101508,7.1484,-4.4688,6.3906,0.2428,-0.1164,0.2751
1635653101518,7.1094,-4.5078,6.2617,0.1683,-0.1440,0.2369
1635653101528,6.6719,-4.1641,6.3125,0.1927,-0.1451,0.2231
1635653101531,6.4180,-4.1133,6.4336,0.2227,-0.1366,0.1986
1635653101558,6.3867,-4.1641,6.4297,0.2024,-0.1451,0.1912
1635653101564,6.4375,-3.9453,6.3516,0.1812,-0.1642,0.1976
1635653101570,6.1875,-3.8066,6.4609,0.2141,-0.1792,0.1731
1635653101578,6.1953,-3.5566,6.4961,0.2087,-0.1696,0.1688
1635653101582,6.1016,-3.7129,6.5586,0.1683,-0.1833,0.1550
1635653101608,6.2695,-3.9492,6.5820,0.0747,-0.1824,0.1528
1635653101620,6.2422,-4.1094,6.5078,0.0173,-0.1898,0.1444
1635653101623,6.0977,-4.2539,6.4609,0.0002,-0.1727,0.1411
1635653101628,5.8438,-4.1797,6.4414,0.0407,-0.1515,0.1241
1635653101631,5.6992,-4.0859,6.3633,0.0875,-0.1238,0.1210
1635653101658,5.6680,-4.2891,6.3867,0.1013,-0.1068,0.1146
1635653101669,5.7148,-4.3672,6.3633,0.1332,-0.0887,0.1082
1635653101673,5.5625,-4.1602,6.2969,0.1853,-0.0696,0.1061
1635653101678,5.3516,-4.0117,6.1523,0.2098,-0.0440,0.0955
1635653101681,5.1055,-3.7676,6.0117,0.2194,-0.0291,0.0944
1635653101708,4.9063,-3.5977,5.8164,0.2311,-0.0196,0.0922
1635653101712,4.6445,-3.4297,5.7227,0.2194,-0.0121,0.0933
1635653101715,4.4219,-3.4512,5.6523,0.1981,-0.0047,0.0965
1635653101728,4.1758,-3.3887,5.4609,0.1853,0.0038,0.0955
1635653101732,3.8633,-3.2676,5.3086,0.1918,0.0070,0.0859
1635653101758,3.5879,-2.9922,5.1367,0.2024,0.0209,0.0646
1635653101762,3.1953,-3.0508,4.9141,0.1949,0.0326,0.0646
1635653101765,2.7422,-2.8633,4.7617,0.1555,0.0368,0.0550
1635653101778,2.1660,-2.6563,4.7539,0.1268,0.0549,0.0369
1635653101782,1.8740,-2.8652,4.8672,0.0673,0.0677,0.0188
1635653101808,1.5488,-3.3535,4.4883,-0.0359,0.0709,0.0082
1635653101812,1.5410,-3.3652,4.3516,-0.1243,0.0496,-0.0163
1635653101815,1.5391,-3.5059,4.4961,-0.0848,0.0538,-0.0812
1635653101829,1.5195,-3.3516,4.5742,-0.0157,0.0687,-0.1365
1635653101832,2.0078,-3.1426,4.5898,0.0407,0.0773,-0.2046
1635653101851,2.5156,-2.9512,4.7344,0.0875,0.0677,-0.2673
1635653101872,3.2773,-2.6445,4.9766,0.1098,0.0570,-0.3130
1635653101882,4.3672,-2.5254,5.2617,0.1002,0.0400,-0.3599
1635653101885,5.1992,-2.5820,5.5586,0.0332,0.0187,-0.4216
1635653101890,6.2656,-3.0059,6.1016,-0.0349,0.0251,-0.4866
1635653101900,7.4570,-3.7461,6.4414,-0.0742,0.0475,-0.5674
1635653101903,8.4297,-4.3398,6.5820,-0.0785,0.0740,-0.5938
1635653101929,9.2891,-5.0391,6.9961,-0.0221,0.1155,-0.6343
1635653101932,9.9922,-5.4609,7.3750,0.1215,0.1687,-0.6982
1635653101935,10.1563,-6.0703,7.6523,0.2418,0.2081,-0.7578
1635653101949,10.5000,-5.8516,7.9805,0.3853,0.2708,-0.7461
1635653101953,10.4844,-5.3516,8.2891,0.6387,0.3145,-0.7100
1635653101979,10.5078,-4.8711,8.2578,0.8101,0.3613,-0.6172
1635653101982,10.2344,-4.1250,8.1875,0.9014,0.3667,-0.4844
1635653101985,9.6719,-3.2695,8.1875,0.9150,0.3879,-0.3589
1635653101998,8.8828,-2.9395,8.0156,0.8452,0.3857,-0.2163
1635653102002,8.1484,-2.9277,7.6484,0.6758,0.3135,-0.0716
1635653102029,7.3945,-2.5391,7.2500,0.5288,0.2262,0.0327
1635653102032,6.8125,-1.8193,7.4531,0.4939,0.1624,0.0848
1635653102036,6.4180,-1.9482,7.5820,0.4673,0.1155,0.1125
1635653102048,6.0586,-2.2715,7.4063,0.3301,0.0400,0.1677
1635653102052,5.9414,-2.5195,7.2891,0.2268,-0.0504,0.2072
1635653102078,5.8320,-2.6563,7.2148,0.2056,-0.1100,0.2157
1635653102082,5.7422,-2.6250,7.2109,0.2067,-0.1207,0.2157
1635653102098,5.7383,-2.6934,7.1094,0.2194,-0.1207,0.2167
1635653102102,5.7344,-2.7754,6.9883,0.2247,-0.1355,0.2178
1635653102106,5.6680,-2.7500,6.8477,0.2333,-0.1260,0.2103
1635653102119,5.6367,-2.7617,6.6641,0.2482,-0.1068,0.1997
1635653102122,5.6016,-2.7832,6.5352,0.2769,-0.0994,0.1901
1635653102149,5.5977,-2.7363,6.4727,0.3130,-0.0876,0.1805
1635653102152,5.6523,-2.7207,6.4609,0.3513,-0.0770,0.1667
1635653102163,5.7344,-2.6875,6.5781,0.3770,-0.0663,0.1561
1635653102169,5.9336,-2.6738,6.6563,0.3938,-0.0557,0.1486
1635653102172,6.1055,-2.6328,6.6445,0.4087,-0.0493,0.1370
1635653102199,6.1875,-2.6934,6.6836,0.4045,-0.0377,0.1221
1635653102212,6.2695,-2.8008,6.7344,0.3960,-0.0238,0.1093
1635653102229,6.3008,-2.7891,6.7969,0.3906,0.0007,0.1029
1635653102255,6.2891,-2.7520,6.7969,0.3704,0.0304,0.0955
1635653102277,6.2695,-2.7617,6.8945,0.3472,0.0528,0.0912
1635653102294,6.2109,-2.7949,7.0234,0.3162,0.0719,0.0901
1635653102298,6.1016,-2.9238,6.9766,0.2864,0.0815,0.0837
1635653102301,5.9727,-3.1035,6.9453,0.2661,0.0953,0.0742
1635653102306,5.8477,-3.3789,6.8438,0.2683,0.1166,0.0656
1635653102309,6.0273,-3.5039,6.6953,0.3396,0.1294,0.0582
1635653102327,6.1992,-3.3477,6.6289,0.4758,0.1346,0.0518
1635653102343,6.0977,-3.0547,6.7070,0.6055,0.1506,0.0444
1635653102347,6.0391,-2.7383,6.7773,0.6885,0.1752,0.0369
1635653102361,6.0547,-2.4219,6.9141,0.7300,0.1815,0.0401
1635653102364,6.0234,-2.2402,7.0547,0.7310,0.1793,0.0433
1635653102376,5.9102,-1.8164,7.4453,0.6333,0.1847,0.0380
1635653102380,5.9883,-1.8555,7.5352,0.5532,0.1836,0.0359
1635653102383,6.0117,-1.7588,7.6211,0.4749,0.1815,0.0263
1635653102386,6.0547,-1.7373,7.6953,0.4067,0.1910,0.0188
1635653102395,6.0977,-1.7764,7.7383,0.3386,0.2007,0.0199
1635653102400,5.9922,-1.7832,7.7695,0.2756,0.2113,0.0178
1635653102403,5.9922,-1.7813,7.8281,0.2162,0.2241,0.0178
1635653102409,5.9414,-1.8672,7.8945,0.1438,0.2316,0.0188
1635653102412,5.8789,-1.9121,7.8633,0.0556,0.2368,0.0284
1635653102439,5.8125,-1.9580,7.7188,-0.0253,0.2368,0.0348
1635653102443,5.7188,-2.0527,7.6719,-0.0923,0.2368,0.0412
1635653102446,5.6680,-2.0898,7.6758,-0.1476,0.2347,0.0454
1635653102459,5.6211,-2.2617,7.6875,-0.1848,0.2284,0.0497
1635653102462,5.6016,-2.3652,7.6016,-0.2062,0.2124,0.0561
1635653102495,5.5742,-2.3828,7.5078,-0.2008,0.1943,0.0625
1635653102498,5.5859,-2.4551,7.4688,-0.1859,0.1815,0.0625
1635653102503,5.5703,-2.5039,7.4453,-0.1678,0.1635,0.0625
1635653102518,5.5664,-2.4766,7.4180,-0.1338,0.1495,0.0635
1635653102522,5.5352,-2.5137,7.5078,-0.1061,0.1411,0.0646
1635653102547,5.5703,-2.4824,7.3750,-0.0828,0.1326,0.0720
1635653102551,5.6094,-2.4238,7.0273,-0.0476,0.1198,0.0731
1635653102556,5.1875,-2.2539,7.6563,-0.0029,0.1006,0.0784
1635653102563,5.8008,-2.5938,7.4922,0.0045,0.1166,0.0305
1635653102567,5.5352,-2.4414,7.5156,0.0141,0.0581,0.0986
1635653102585,5.5039,-2.1660,7.6055,0.0587,0.0922,0.0614
1635653102590,5.6016,-2.0645,7.7461,0.0768,0.0879,0.0454
1635653102599,5.5742,-2.2539,7.7422,0.0524,0.0773,0.0476
1635653102613,5.7695,-2.4609,7.3516,0.0205,0.0762,0.0497
1635653102619,5.3672,-2.1152,7.4531,0.0396,0.0719,0.0476
1635653102622,5.2969,-2.1797,7.7188,0.0790,0.0943,0.0231
1635653102649,5.7656,-2.4492,7.5313,0.0481,0.0740,0.0125
1635653102653,5.6680,-2.4492,7.5078,0.0343,0.0496,0.0444
1635653102671,5.5273,-2.4922,7.5625,0.0428,0.0751,0.0327
1635653102689,5.5391,-2.4414,7.6250,0.0417,0.0889,0.0252
1635653102692,5.5352,-2.3867,7.6328,0.0428,0.0889,0.0252
1635653102704,5.5273,-2.3711,7.5898,0.0343,0.0900,0.0167
1635653102708,5.5273,-2.3965,7.6484,0.0279,0.0847,0.0231
1635653102712,5.4961,-2.3789,7.6758,0.0237,0.0815,0.0188
1635653102716,5.5313,-2.3984,7.6484,0.0300,0.0762,0.0167
1635653102729,5.5469,-2.3555,7.6680,0.0375,0.0740,0.0199
1635653102733,5.4727,-2.2305,7.6875,0.0439,0.0773,0.0178
1635653102759,5.4844,-2.2422,7.6484,0.0407,0.0793,0.0188
1635653102770,5.5273,-2.3145,7.6250,0.0247,0.0719,0.0188
1635653102786,5.5625,-2.3086,7.6133,0.0141,0.0656,0.0231
1635653102804,5.5156,-2.3223,7.6133,0.0109,0.0613,0.0231
1635653102819,5.5117,-2.3223,7.6094,0.0109,0.0570,0.0242
1635653102822,5.4961,-2.3301,7.6367,0.0151,0.0517,0.0242
1635653102829,5.5156,-2.3066,7.6250,0.0247,0.0496,0.0220
1635653102834,5.5273,-2.3008,7.6250,0.0279,0.0443,0.0220
1635653102837,5.4648,-2.2773,7.6523,0.0268,0.0400,0.0252
1635653102841,5.4844,-2.3086,7.6719,0.0205,0.0432,0.0252
1635653102849,5.4961,-2.3516,7.6914,0.0119,0.0411,0.0252
1635653102853,5.4648,-2.3496,7.7109,0.0034,0.0421,0.0327
1635653102869,5.4570,-2.3477,7.7305,-0.0029,0.0443,0.0337
1635653102873,5.4219,-2.2910,7.6992,-0.0072,0.0475,0.0359
1635653102899,5.4414,-2.3145,7.7109,-0.0147,0.0528,0.0369
1635653102903,5.3711,-2.2637,7.6914,-0.0306,0.0528,0.0348
1635653102906,5.3594,-2.2109,7.7422,-0.0476,0.0538,0.0337
1635653102919,5.3750,-2.2617,7.7578,-0.0668,0.0560,0.0284
1635653102923,5.3711,-2.3164,7.7305,-0.0955,0.0560,0.0252
1635653102966,5.3555,-2.3809,7.6953,-0.1104,0.0560,0.0220
1635653102970,5.3672,-2.5449,7.6563,-0.1147,0.0538,0.0146
1635653102973,5.3516,-2.5918,7.6094,-0.1104,0.0549,0.0093
1635653102978,5.3242,-2.6113,7.5703,-0.0923,0.0592,0.0029
1635653102982,5.3672,-2.5879,7.5469,-0.0625,0.0592,-0.0046
1635653102989,5.3945,-2.5410,7.5664,-0.0349,0.0581,-0.0024
1635653102994,5.3594,-2.4492,7.6055,-0.0147,0.0560,-0.0003
1635653103020,5.3828,-2.4082,7.6367,0.0002,0.0485,0.0018
1635653103024,5.3906,-2.3867,7.6563,0.0098,0.0432,0.0071
1635653103027,5.3906,-2.3750,7.6797,0.0173,0.0347,0.0103
1635653103039,5.3633,-2.3027,7.6914,0.0268,0.0294,0.0135
1635653103043,5.3398,-2.2930,7.6836,0.0237,0.0294,0.0135
1635653103070,5.3398,-2.3457,7.6797,0.0119,0.0294,0.0125
1635653103075,5.4102,-2.3867,7.6836,0.0024,0.0219,0.0135
1635653103078,5.4336,-2.4082,7.6875,-0.0029,0.0134,0.0146
1635653103091,5.4297,-2.4629,7.6523,0.0024,0.0113,0.0114
1635653103098,5.4297,-2.4941,7.6563,0.0119,0.0070,0.0103
1635653103110,5.3789,-2.4570,7.6523,0.0258,0.0102,0.0114
1635653103113,5.3984,-2.4004,7.6914,0.0332,0.0113,0.0082
1635653103139,5.3633,-2.3145,7.6914,0.0375,0.0145,0.0029
1635653103143,5.3867,-2.3047,7.6914,0.0343,0.0145,0.0050
1635653103147,5.3477,-2.2832,7.7266,0.0173,0.0124,0.0008
1635653103159,5.3359,-2.2285,7.6172,0.0024,0.0113,-0.0003
1635653103163,5.3789,-2.3828,7.7578,-0.0061,0.0060,-0.0024
1635653103189,5.4609,-2.4707,7.8086,-0.0157,-0.0004,-0.0046
1635653103193,5.4141,-2.2969,7.8672,-0.0051,-0.0015,0.0050
1635653103196,5.3242,-2.3301,7.8633,0.0013,0.0134,0.0018
1635653103209,5.3984,-2.3906,7.8203,-0.0136,0.0145,-0.0046
1635653103212,5.3750,-2.3789,7.8242,-0.0189,0.0081,-0.0014
1635653103239,5.2813,-2.3457,7.7891,-0.0189,0.0145,-0.0035
1635653103242,5.2813,-2.3594,7.7188,-0.0274,0.0187,-0.0024
1635653103246,5.3164,-2.3965,7.6602,-0.0413,0.0124,-0.0035
1635653103270,5.3320,-2.4863,7.6328,-0.0476,0.0070,-0.0056
1635653103273,5.3516,-2.5488,7.6289,-0.0444,0.0038,-0.0014
1635653103279,5.3320,-2.5254,7.6055,-0.0381,0.0007,0.0071
1635653103290,5.2930,-2.4980,7.6523,-0.0232,-0.0025,0.0125
1635653103294,5.3242,-2.5449,7.6797,-0.0189,-0.0057,0.0103
1635653103319,5.3281,-2.4551,7.6641,-0.0083,-0.0100,0.0167
1635653103323,5.3125,-2.4121,7.6328,0.0045,-0.0089,0.0135
1635653103325,5.3008,-2.3965,7.6797,0.0141,-0.0079,0.0135
1635653103350,5.3438,-2.3867,7.6602,0.0173,-0.0100,0.0082
1635653103353,5.3906,-2.3555,7.6289,0.0151,-0.0100,0.0029
1635653103355,5.4336,-2.3926,7.6211,0.0098,-0.0110,-0.0003
1635653103379,5.4102,-2.4102,7.6133,0.0056,-0.0110,0.0018
1635653103381,5.3867,-2.3809,7.6406,0.0077,-0.0110,0.0029
1635653103383,5.3711,-2.4258,7.6602,0.0088,-0.0100,0.0029
1635653103410,5.3711,-2.4082,7.6680,0.0066,-0.0100,0.0061
1635653103413,5.3711,-2.4141,7.6914,0.0130,-0.0100,0.0039
1635653103416,5.4063,-2.4082,7.6719,0.0130,-0.0089,0.0050
1635653103440,5.3711,-2.3574,7.7070,0.0247,-0.0068,0.0103
1635653103443,5.3711,-2.3574,7.7070,0.0268,-0.0068,0.0082
1635653103446,5.3594,-2.3965,7.6914,0.0268,-0.0068,0.0082
1635653103470,5.3906,-2.4258,7.6602,0.0290,-0.0068,0.0050
1635653103473,5.3594,-2.4023,7.6602,0.0258,-0.0079,0.0008
1635653103477,5.3750,-2.3438,7.6445,0.0311,-0.0079,-0.0003
1635653103500,5.3789,-2.3340,7.6602,0.0322,-0.0079,-0.0035
1635653103503,5.3867,-2.3359,7.6563,0.0300,-0.0100,-0.0035
1635653103507,5.3828,-2.3477,7.6602,0.0279,-0.0153,-0.0014
1635653103530,5.3594,-2.3613,7.7070,0.0226,-0.0153,-0.0024
1635653103533,5.3555,-2.3672,7.7188,0.0173,-0.0153,-0.0035
1635653103536,5.3711,-2.3770,7.6758,0.0098,-0.0164,-0.0014
1635653103560,5.3711,-2.4004,7.7305,0.0098,-0.0153,0.0018
1635653103563,5.3867,-2.3867,7.7461,0.0151,-0.0132,0.0050
1635653103566,5.3516,-2.3301,7.7422,0.0141,-0.0121,0.0093
1635653103590,5.3477,-2.4082,7.7109,0.0141,-0.0110,0.0071
1635653103593,5.3555,-2.3887,7.6914,0.0098,-0.0121,0.0061
1635653103596,5.3711,-2.3691,7.6680,0.0130,-0.0142,0.0029
1635653103620,5.3789,-2.3691,7.6563,0.0130,-0.0153,0.0008
1635653103623,5.3867,-2.3359,7.6289,0.0098,-0.0142,-0.0035
1635653103627,5.3789,-2.3164,7.6445,0.0088,-0.0132,-0.0056
1635653103650,5.3867,-2.3340,7.6484,0.0002,-0.0142,-0.0067
1635653103654,5.3984,-2.3906,7.6602,-0.0072,-0.0185,-0.0056
1635653103657,5.4102,-2.4121,7.6641,-0.0083,-0.0196,-0.0024
1635653103680,5.3906,-2.4141,7.6641,-0.0051,-0.0196,-0.0024
1635653103683,5.4102,-2.4180,7.6875,0.0034,-0.0185,-0.0035
1635653103686,5.4414,-2.4199,7.6484,0.0045,-0.0142,-0.0035
1635653103715,5.4336,-2.3711,7.5156,0.0045,-0.0153,-0.0003
1635653103719,5.4727,-2.2656,7.4766,0.0066,-0.0142,0.0029
1635653103728,5.4102,-2.7578,7.7930,0.0024,-0.0100,-0.0046
1635653103745,5.4258,-2.3398,7.8945,0.0141,-0.0100,-0.0003
1635653103749,5.2734,-2.1113,7.9766,0.0556,-0.0047,0.0156
