1624949205053,1.9249,7.6133,6.1858,0.0508,0.0062,-0.0400
1624949205070,1.9703,7.7209,6.1427,0.0961,0.0086,-0.0510
1624949205089,2.0660,7.8214,6.1906,0.0997,0.0208,-0.0425
1624949205091,2.1091,7.8669,6.2432,0.0887,0.0282,-0.0254
1624949205092,2.1043,7.8980,6.2336,0.0802,0.0221,-0.0107
1624949205114,2.0900,7.8837,6.2097,0.0777,0.0172,0.0076
1624949205115,2.1283,7.8358,6.2001,0.0838,0.0099,0.0308
1624949205126,2.1330,7.7832,6.1212,0.0973,-0.0011,0.0455
1624949205135,2.1187,7.7879,5.9895,0.1144,-0.0097,0.0443
1624949205139,2.0876,7.7664,5.8532,0.1229,-0.0158,0.0382
1624949205140,2.0349,7.6970,5.8101,0.1217,-0.0097,0.0333
1624949205156,2.0445,7.6707,5.7766,0.1144,-0.0060,0.0284
1624949205160,2.0852,7.7401,5.7670,0.1022,-0.0085,0.0198
1624949205170,2.1354,7.8095,5.7503,0.0777,-0.0036,0.0076
1624949205178,2.1570,7.8573,5.7311,0.0350,0.0025,-0.0034
1624949205190,2.1665,7.8167,5.7574,-0.0102,0.0111,-0.0132
1624949205196,2.1641,7.7353,5.7981,-0.0310,0.0172,-0.0193
1624949205207,2.1689,7.7114,5.8149,-0.0273,0.0159,-0.0254
1624949205218,2.1785,7.6468,5.7742,-0.0090,0.0111,-0.0327
1624949205226,2.1881,7.5152,5.7383,0.0252,0.0050,-0.0364
1624949205236,2.1474,7.4745,5.7335,0.0765,-0.0085,-0.0339
1624949205244,2.1857,7.5008,5.6785,0.1254,-0.0329,-0.0241
1624949205256,2.2240,7.6013,5.6857,0.1474,-0.0573,-0.0009
1624949205264,2.2311,7.6875,5.6282,0.1083,-0.0598,0.0162
1624949205274,2.1953,7.6779,5.7503,0.0472,-0.0427,0.0174
1624949205283,2.2096,7.6037,5.8149,-0.0200,-0.0329,0.0369
1624949205293,2.1450,7.5104,5.8891,-0.0469,-0.0353,0.0577
1624949205302,2.1043,7.5941,5.9680,-0.0310,-0.0500,0.0540
1624949205312,2.1857,7.7736,5.9967,0.0032,-0.0708,0.0479
1624949205322,2.3077,7.9387,5.9848,0.0105,-0.0793,0.0504
1624949205331,2.3221,7.9459,5.9991,-0.0139,-0.0671,0.0516
1624949205343,2.3269,7.9483,5.9728,-0.0762,-0.0463,0.0418
1624949205350,2.3029,7.9004,6.0159,-0.1312,-0.0207,0.0308
1624949205360,2.2575,7.8143,6.0565,-0.1446,-0.0011,0.0357
1624949205370,2.2670,7.8143,6.0853,-0.1177,-0.0048,0.0418
1624949205379,2.2814,7.9076,6.1259,-0.0701,-0.0121,0.0382
1624949205388,2.3245,8.0488,6.1714,-0.0334,-0.0109,0.0247
1624949205398,2.3316,8.1325,6.1666,-0.0347,-0.0024,0.0113
1624949205410,2.3316,8.1421,6.1451,-0.0652,0.0111,0.0015
1624949205418,2.3532,8.1923,6.1953,-0.1092,0.0306,-0.0083
1624949205427,2.4010,8.2091,6.1738,-0.1422,0.0490,-0.0290
1624949205437,2.3747,8.1995,6.1546,-0.1776,0.0648,-0.0498
1624949205448,2.3699,8.1301,6.1259,-0.2252,0.0844,-0.0645
1624949205458,2.4250,8.0559,6.1020,-0.2631,0.1027,-0.0742
1624949205465,2.4250,8.0272,6.0422,-0.2876,0.1174,-0.0889
1624949205475,2.4417,8.0153,5.9680,-0.3095,0.1247,-0.1011
1624949205485,2.5685,7.9315,5.8412,-0.3425,0.1381,-0.1084
1624949205494,2.6953,7.9100,5.7096,-0.3975,0.1638,-0.1231
1624949205507,2.8102,7.9172,5.5756,-0.4757,0.1943,-0.1390
1624949205515,2.9490,7.8573,5.4751,-0.5649,0.2298,-0.1487
1624949205525,3.1189,7.8573,5.4655,-0.6602,0.2737,-0.1732
1624949205535,3.2601,7.8956,5.4129,-0.7860,0.3324,-0.2257
1624949205544,3.3725,7.8286,5.3746,-0.9522,0.3947,-0.2807
1624949205554,3.4132,7.6563,5.2478,-1.1391,0.4680,-0.3174
1624949205563,3.4180,7.4601,5.2478,-1.3138,0.5486,-0.3430
1624949205573,3.3103,7.1251,5.2980,-1.4519,0.6244,-0.3503
1624949205583,3.2457,6.7830,5.4272,-1.5447,0.6769,-0.3345
1624949205592,3.2002,6.5102,5.5517,-1.5850,0.7038,-0.3149
1624949205602,3.2194,6.3164,5.7192,-1.5582,0.7111,-0.2966
1624949205611,3.2768,6.2111,5.8651,-1.4971,0.7135,-0.2807
1624949205621,3.3079,6.2589,5.9561,-1.4286,0.7123,-0.2721
1624949205631,3.3605,6.2111,6.0996,-1.3908,0.7245,-0.2612
1624949205638,3.3510,6.1417,6.2025,-1.3944,0.7490,-0.2489
1624949205650,3.2529,6.0029,6.4561,-1.4238,0.7979,-0.2440
1624949205660,3.0710,5.7828,6.9993,-1.4433,0.8504,-0.2270
1624949205669,2.8341,5.5913,7.1931,-1.4299,0.8528,-0.1817
1624949205679,2.7863,5.1965,7.4157,-1.3395,0.8089,-0.1439
1624949205688,2.7767,5.3401,7.8488,-1.2295,0.7820,-0.1512
1624949205698,2.7169,5.6464,8.2747,-1.1306,0.7636,-0.1671
1624949205708,2.8461,5.7110,8.5642,-1.0768,0.7380,-0.1817
1624949205717,2.9681,5.7206,8.7054,-1.1024,0.7502,-0.2282
1624949205727,2.9849,5.7828,8.8514,-1.2149,0.7917,-0.2990
1624949205736,2.9466,5.6607,8.8873,-1.3431,0.8394,-0.3821
1624949205746,2.9011,5.4071,8.9327,-1.4824,0.8968,-0.4640
1624949205756,2.7599,5.0984,8.9423,-1.5997,0.9579,-0.5250
1624949205765,2.5398,4.7132,9.0117,-1.6547,1.0043,-0.5629
1624949205773,2.3388,4.2681,8.9758,-1.6156,1.0361,-0.5898
1624949205782,2.1211,3.9929,8.9806,-1.5117,1.0495,-0.6154
1624949205792,1.8268,4.0910,9.0213,-1.3663,1.0324,-0.6619
1624949205802,1.5540,4.3040,8.9997,-1.2332,0.9921,-0.7450
1624949205811,1.2860,4.5433,8.8274,-1.1953,0.9579,-0.8488
1624949205822,1.0658,4.6916,8.6815,-1.2918,0.9652,-0.9661
1624949205833,0.5753,4.4500,8.5020,-1.4641,1.0275,-1.0748
1624949205842,0.0561,4.2274,8.4398,-1.6351,1.0630,-1.1640
1624949205852,-0.5062,4.1054,8.4972,-1.6852,1.0312,-1.2117
1624949205861,-1.1164,3.8972,8.5929,-1.6095,0.9542,-1.2214
1624949205871,-1.5519,4.0001,8.5618,-1.4848,0.8382,-1.2446
1624949205881,-1.8917,4.2011,8.7198,-1.3639,0.7270,-1.2984
1624949205890,-2.2554,4.4811,8.7700,-1.2686,0.6342,-1.3912
1624949205900,-2.4923,4.5241,8.6695,-1.2454,0.5560,-1.4951
1624949205909,-2.7627,4.2968,8.6934,-1.2442,0.5071,-1.5806
1624949205918,-3.0618,4.1628,8.6743,-1.2332,0.4484,-1.6454
1624949205928,-3.2293,4.0360,8.7915,-1.1721,0.3483,-1.7052
1624949205938,-3.2867,4.0073,8.9327,-1.0536,0.2566,-1.7773
1624949205948,-3.2987,4.0240,9.1720,-0.8996,0.1931,-1.8592
1624949205958,-3.2724,3.9235,9.2940,-0.7726,0.1454,-1.9532
1624949205967,-3.2317,3.8805,9.4902,-0.6846,0.1247,-2.0437
1624949205977,-3.3154,3.5503,9.5883,-0.6712,0.1259,-2.0986
1624949205986,-3.4470,3.1507,9.5860,-0.6944,0.1259,-2.1402
1624949205996,-3.5954,2.7439,9.5716,-0.6834,0.1088,-2.1951
1624949206006,-3.6145,2.5142,9.5237,-0.5942,0.0575,-2.2550
1624949206015,-3.4877,2.3515,9.4783,-0.4940,-0.0158,-2.3039
1624949206024,-3.4135,2.3156,9.4544,-0.4342,-0.0671,-2.3430
1624949206032,-3.3465,2.1528,9.4568,-0.4354,-0.0854,-2.3662
1624949206044,-3.2700,1.6743,9.4161,-0.4879,-0.0573,-2.3735
1624949206051,-3.2054,0.9804,9.5142,-0.5209,-0.0036,-2.3650
1624949206063,-3.2484,0.3582,9.6290,-0.4879,0.0172,-2.3418
1624949206073,-3.2652,-0.0246,9.5644,-0.3902,-0.0109,-2.3088
1624949206082,-3.2460,-0.1132,9.4591,-0.2314,-0.0732,-2.2684
1624949206092,-3.2197,0.0711,9.3156,-0.0957,-0.1429,-2.2330
1624949206099,-3.1336,0.2625,9.2629,-0.0310,-0.2039,-2.1951
1624949206109,-2.9972,0.2625,9.3084,-0.0676,-0.2284,-2.1451
1624949206119,-2.7986,-0.0988,9.1146,-0.2167,-0.2113,-2.0779
1624949206128,-2.7268,-0.6156,9.1696,-0.3877,-0.1685,-1.9985
1624949206138,-2.7076,-1.2545,9.2103,-0.4769,-0.1367,-1.9154
1624949206147,-2.6359,-1.7857,9.1816,-0.4476,-0.1453,-1.8018
1624949206159,-2.7364,-2.0178,9.2366,-0.3120,-0.1710,-1.6686
1624949206169,-2.8129,-1.9939,9.2629,-0.1385,-0.2174,-1.5574
1624949206178,-2.7890,-1.7953,9.2845,-0.0066,-0.2687,-1.4511
1624949206188,-2.6550,-1.6063,9.3156,0.0301,-0.2882,-1.3399
1624949206198,-2.5808,-1.5106,9.3251,-0.0432,-0.2724,-1.2471
1624949206207,-2.5760,-1.4914,9.3802,-0.1666,-0.2320,-1.1677
1624949206217,-2.6335,-1.6900,9.4424,-0.2802,-0.1893,-1.0858
1624949206226,-2.7052,-1.9508,9.3898,-0.3706,-0.1648,-0.9979
1624949206236,-2.6885,-2.1901,9.3922,-0.4134,-0.1600,-0.9123
1624949206244,-2.6933,-2.3672,9.3491,-0.4024,-0.1624,-0.8219
1624949206255,-2.6167,-2.4055,9.2964,-0.3914,-0.1746,-0.7169
1624949206265,-2.5114,-2.4509,9.2749,-0.3682,-0.1807,-0.6093
1624949206274,-2.3918,-2.5347,9.2677,-0.3315,-0.1819,-0.4908
1624949206284,-2.3033,-2.5826,9.2581,-0.3047,-0.1868,-0.3577
1624949206294,-2.3152,-2.5012,9.2677,-0.2802,-0.1929,-0.2428
1624949206303,-2.3942,-2.4055,9.3275,-0.2375,-0.2027,-0.1524
1624949206313,-2.3511,-2.2523,9.2892,-0.2179,-0.2284,-0.0669
1624949206321,-2.2458,-2.1494,9.3922,-0.2167,-0.2418,0.0308
1624949206332,-2.1573,-2.1423,9.5166,-0.2338,-0.2308,0.1286
1624949206341,-2.1310,-1.9819,9.6147,-0.2949,-0.2211,0.1896
1624949206351,-2.1549,-1.6972,9.6003,-0.3951,-0.2149,0.2202
1624949206361,-2.2434,-1.4555,9.6147,-0.5172,-0.1819,0.2410
1624949206370,-2.3822,-1.3646,9.5285,-0.6504,-0.1636,0.2691
1624949206380,-2.2674,-1.5584,9.4232,-0.7970,-0.1538,0.3069
1624949206390,-1.8127,-2.5179,9.0500,-0.9192,-0.0659,0.3729
1624949206399,-1.6165,-4.2408,9.4400,-0.9143,0.1711,0.5782
1624949206407,-1.8797,-4.4155,9.9401,-0.6370,0.2542,0.8494
1624949206416,-2.5497,-2.9582,9.9066,0.0728,0.1394,0.7260
1624949206426,-2.4420,-1.7307,10.2512,0.8242,-0.0769,0.6111
1624949206435,-2.2817,-0.7831,10.0454,1.0453,-0.1270,0.7504
1624949206449,-2.2267,-0.3141,10.0717,0.7888,-0.0341,0.8506
1624949206456,-1.6907,-0.7568,10.2488,0.2891,0.0722,0.8616
1624949206467,-1.5543,-1.3407,10.2153,-0.2106,0.1943,0.8897
1624949206476,-1.5758,-1.7642,10.3182,-0.5172,0.2591,0.9435
1624949206486,-1.6931,-1.9580,10.3469,-0.5844,0.2505,1.0241
1624949206495,-1.9850,-1.9772,10.1770,-0.4940,0.2127,1.1426
1624949206505,-2.1477,-1.8097,10.0956,-0.3902,0.1577,1.2501
1624949206515,-2.1501,-1.7666,9.9186,-0.3279,0.1467,1.3417
1624949206524,-2.1047,-1.7355,9.9521,-0.3108,0.1943,1.4285
1624949206534,-2.1023,-1.9365,9.9808,-0.2436,0.2469,1.5054
1624949206543,-2.0879,-1.9389,9.8181,-0.1519,0.2481,1.5702
1624949206553,-2.1812,-1.7690,9.6601,-0.0518,0.2310,1.6374
1624949206563,-2.2769,-1.5345,9.5453,0.0020,0.2139,1.7070
1624949206572,-2.1908,-1.4364,9.5333,-0.0261,0.2334,1.7730
1624949206582,-2.1812,-1.3861,9.6123,-0.1006,0.2737,1.8524
1624949206591,-2.2602,-1.2928,9.5549,-0.1006,0.2970,1.9343
1624949206601,-2.3583,-1.0559,9.5046,-0.0444,0.2847,1.9856
1624949206610,-2.3942,-0.7831,9.4568,0.0020,0.2750,2.0320
1624949206620,-2.2650,-0.6013,9.4759,-0.0237,0.2933,2.0919
1624949206630,-2.1023,-0.4769,9.4089,-0.0933,0.2970,2.1579
1624949206639,-1.9563,-0.4649,9.5070,-0.1605,0.3141,2.2214
1624949206648,-1.9156,-0.4362,9.5955,-0.2069,0.3373,2.2825
1624949206658,-1.9348,-0.1610,9.8109,-0.2387,0.3409,2.3448
1624949206668,-2.0759,0.1812,10.0047,-0.2387,0.3446,2.3875
1624949206677,-2.0831,0.4922,9.8707,-0.2534,0.3373,2.4193
1624949206687,-2.0688,0.8368,9.7630,-0.3083,0.3446,2.4376
1624949206697,-2.1310,1.0330,9.8372,-0.3719,0.3825,2.4278
1624949206707,-2.0353,1.2460,9.9904,-0.4586,0.4240,2.4083
1624949206714,-2.1334,1.3321,10.1291,-0.5466,0.4656,2.3961
1624949206724,-2.1549,1.5044,10.2536,-0.6052,0.4888,2.3765
1624949206733,-2.2482,1.8250,10.2703,-0.6712,0.4863,2.3448
1624949206743,-2.3296,2.2175,10.2655,-0.7555,0.4961,2.2861
1624949206757,-2.4061,2.4472,10.2727,-0.8630,0.5144,2.2079
1624949206764,-2.4133,2.5883,10.1172,-0.9901,0.5205,2.1261
1624949206774,-2.4325,2.4520,10.1387,-1.1049,0.5315,2.0320
1624949206784,-2.3966,2.2964,10.2320,-1.1867,0.5462,1.9404
1624949206793,-2.3583,2.2055,10.2655,-1.2185,0.5401,1.8634
1624949206803,-2.2602,2.1505,10.1722,-1.2173,0.4998,1.8072
1624949206813,-2.2434,2.0500,10.1028,-1.1929,0.4827,1.7449
1624949206822,-2.3104,1.9806,10.1315,-1.1464,0.4704,1.6667
1624949206832,-2.3248,1.9973,10.0573,-1.0707,0.4387,1.5751
1624949206841,-2.2745,1.9710,9.9951,-0.9693,0.4106,1.4945
1624949206851,-2.2291,1.8083,9.9856,-0.8447,0.3971,1.4187
1624949206860,-2.1405,1.7365,10.0430,-0.7029,0.3886,1.3393
1624949206870,-2.1932,1.6862,10.0215,-0.5563,0.3788,1.2428
1624949206880,-2.2722,1.7198,10.0956,-0.4012,0.3666,1.1304
1624949206889,-2.3272,1.7533,10.1531,-0.2594,0.3507,1.0143
1624949206898,-2.3679,1.8035,10.0693,-0.1177,0.3299,0.8982
1624949206909,-2.3463,1.8107,10.0789,0.0008,0.3128,0.7907
1624949206918,-2.3535,1.8226,9.9880,0.1009,0.2811,0.6661
1624949206928,-2.3750,2.0093,9.8420,0.1828,0.2346,0.5195
1624949206937,-2.3990,2.2079,9.7008,0.2622,0.1785,0.3888
1624949206947,-2.3798,2.4400,9.4472,0.2879,0.1039,0.2666
1624949206957,-2.3128,2.7008,9.1553,0.2683,0.0306,0.1408
1624949206966,-2.2674,2.7487,8.8777,0.2353,-0.0134,0.0003
1624949206976,-2.2793,2.5907,8.7485,0.2048,-0.0366,-0.1329
1624949206986,-2.2937,2.4256,8.7150,0.1913,-0.0647,-0.2636
1624949206995,-2.3224,2.1983,8.7461,0.2305,-0.0976,-0.3723
1624949207005,-2.3774,2.0380,8.7963,0.3086,-0.1465,-0.4676
1624949207014,-2.4875,1.9614,8.8586,0.4027,-0.2076,-0.5715
1624949207022,-2.5952,1.8968,9.1409,0.4907,-0.2675,-0.6753
1624949207031,-2.6263,1.9375,9.3826,0.5701,-0.3249,-0.7804
1624949207041,-2.4707,1.9423,9.4065,0.6605,-0.3835,-0.8720
1624949207051,-2.3511,1.8561,9.3419,0.7668,-0.4348,-0.9527
1624949207078,-2.3344,1.8992,9.3706,0.8816,-0.4678,-1.0370
1624949207079,-2.4779,2.1720,9.4113,0.9720,-0.4898,-1.1261
1624949207082,-2.6646,2.5477,9.3108,1.0258,-0.5375,-1.2300
1624949207091,-2.6598,2.6793,9.3156,1.0478,-0.5900,-1.3448
1624949207100,-2.5449,2.4472,9.3251,1.0429,-0.6047,-1.4401
1624949207110,-2.3966,2.1361,9.4496,1.0123,-0.5973,-1.4951
1624949207120,-2.3822,1.8992,9.4855,0.9940,-0.5949,-1.5293
1624949207128,-2.4516,1.8442,9.5788,1.0490,-0.6230,-1.5941
1624949207137,-2.6119,2.0236,9.4759,1.1357,-0.6841,-1.6808
1624949207149,-2.7100,2.2486,9.3826,1.2115,-0.7561,-1.7602
1624949207157,-2.6502,2.4232,9.2605,1.2213,-0.8087,-1.8274
1624949207167,-2.6191,2.4137,9.2438,1.1785,-0.8453,-1.8848
1624949207176,-2.6167,2.5213,9.1672,1.0918,-0.8942,-1.9447
1624949207186,-2.5713,2.6577,8.9830,0.9757,-0.9663,-2.0094
1624949207195,-2.4947,2.5907,9.0117,0.8657,-1.0078,-2.0656
1624949207205,-2.4875,2.5501,8.7772,0.7582,-1.0433,-2.1133
1624949207216,-2.3559,2.2294,8.7437,0.6678,-1.0872,-2.1365
1624949207224,-2.1884,1.8083,8.6910,0.6275,-1.1153,-2.1573
1624949207234,-2.0257,1.5451,8.7676,0.6299,-1.1263,-2.1890
1624949207246,-1.9515,1.1933,8.8753,0.7155,-1.1349,-2.1878
1624949207253,-1.9395,0.9110,8.9734,0.8694,-1.1593,-2.1781
1624949207262,-1.8008,0.8871,9.1720,1.0307,-1.1960,-2.1829
1624949207272,-1.8582,0.9804,9.3323,1.1590,-1.2265,-2.1683
1624949207282,-1.8797,1.1526,9.3515,1.2445,-1.2705,-2.1475
1624949207291,-1.7386,1.4063,9.3874,1.2982,-1.3230,-2.1548
1624949207302,-1.5471,1.5714,9.4089,1.3141,-1.3585,-2.1512
1624949207313,-1.3078,1.5690,9.3922,1.2555,-1.3853,-2.1182
1624949207320,-1.0590,1.5283,9.4280,1.1223,-1.3878,-2.0901
1624949207330,-0.9489,1.5020,9.4328,0.9403,-1.3707,-2.0913
1624949207339,-0.8508,1.1862,9.5166,0.7607,-1.3438,-2.0852
1624949207353,-0.7982,0.8703,9.5214,0.6006,-1.3084,-2.0693
1624949207358,-0.7072,0.6573,9.5644,0.4919,-1.2864,-2.0388
1624949207371,-0.5302,0.3630,9.6673,0.4846,-1.2693,-1.9801
1624949207378,-0.3746,0.2410,9.7367,0.5359,-1.2644,-1.9117
1624949207388,-0.2263,0.3678,9.7128,0.5847,-1.2852,-1.8592
1624949207398,-0.0181,0.3271,9.6290,0.6202,-1.2913,-1.8188
1624949207406,0.1781,0.3391,9.5333,0.5896,-1.2693,-1.7785
1624949207416,0.4198,0.3199,9.4902,0.5126,-1.2424,-1.7346
1624949207427,0.6567,0.2314,9.4902,0.4503,-1.2070,-1.6918
1624949207435,0.8481,0.1788,9.5309,0.3990,-1.1691,-1.6380
1624949207446,0.8337,0.1883,9.6123,0.3184,-1.1141,-1.5635
1624949207456,0.8002,0.1261,9.4711,0.2708,-1.0970,-1.4633
1624949207466,0.8026,0.1501,9.3706,0.2463,-1.0897,-1.3864
1624949207475,0.7883,0.0496,9.2940,0.2329,-1.0885,-1.3289
1624949207485,1.0276,-0.1825,9.3610,0.1193,-1.0518,-1.2422
1624949207494,1.2764,-0.2735,9.5596,-0.0444,-0.9688,-1.1298
1624949207504,1.3506,-0.2998,9.7870,-0.1629,-0.8661,-1.0150
1624949207514,1.3243,-0.4123,10.0885,-0.1507,-0.7977,-0.9111
1624949207523,1.2908,-0.4434,10.1555,-0.0725,-0.7745,-0.8048
1624949207533,1.3936,-0.4553,10.0406,0.0044,-0.7708,-0.7010
1624949207543,1.6784,-0.4290,9.9616,0.0130,-0.7317,-0.5837
1624949207552,1.9272,-0.1921,10.0693,-0.0530,-0.6340,-0.4859
1624949207562,2.1402,0.1788,10.3014,-0.1813,-0.5130,-0.4175
1624949207572,2.1953,0.3080,10.4115,-0.2998,-0.3872,-0.3186
1624949207579,2.1043,0.1285,10.3947,-0.4366,-0.2687,-0.1646
1624949207591,1.9871,-0.1610,10.2631,-0.5832,-0.1624,0.0003
1624949207600,1.8626,-0.4027,10.1387,-0.6846,-0.0695,0.1273
1624949207610,1.7621,-0.4697,10.0813,-0.7213,0.0135,0.2324
1624949207620,1.6784,-0.5798,9.9784,-0.7091,0.0660,0.3570
1624949207629,1.6210,-0.6611,9.8228,-0.6516,0.0880,0.5048
1624949207639,1.5348,-0.6779,9.7152,-0.5747,0.0941,0.6453
1624949207649,1.5181,-0.7616,9.7798,-0.4928,0.1015,0.7761
1624949207658,1.5779,-0.7401,10.0813,-0.4183,0.1308,0.9105
1624949207668,1.5205,-0.8047,10.2775,-0.3181,0.1662,1.0436
1624949207677,1.6138,-0.8932,10.4211,-0.2350,0.1809,1.1902
1624949207686,1.7215,-0.9219,10.4809,-0.1923,0.2041,1.3185
1624949207694,1.8315,-0.8669,10.5551,-0.1923,0.2481,1.4162
1624949207704,1.7957,-0.6611,10.5598,-0.2375,0.2921,1.4945
1624949207713,1.6736,-0.5415,10.5479,-0.2961,0.3434,1.5690
1624949207726,1.5396,-0.5630,10.4761,-0.3670,0.3959,1.6508
1624949207735,1.5205,-0.6037,10.5431,-0.4427,0.4374,1.7388
1624949207745,1.4606,-0.7496,10.5311,-0.4806,0.4973,1.8243
1624949207754,1.7239,-1.1229,10.7130,-0.4818,0.5938,1.9208
1624949207764,1.4296,-1.5441,10.3253,-0.3877,0.7307,2.1053
1624949207773,1.2501,-0.7449,10.4928,-0.1752,0.6635,2.2226
1624949207783,0.9270,0.4157,10.2655,0.1388,0.5535,2.0907
1624949207793,0.6136,1.2077,10.0238,0.2671,0.5022,2.0112
1624949207802,0.4820,1.2986,9.9425,0.1107,0.5291,2.1481
1624949207812,0.4102,1.0306,10.1579,-0.1348,0.6280,2.3203
1624949207821,0.2810,0.7626,10.6436,-0.3279,0.7062,2.3961
1624949207831,0.1279,0.7315,10.7848,-0.4525,0.7013,2.4120
1624949207841,-0.1090,0.9301,10.6867,-0.5148,0.6610,2.4168
1624949207850,-0.3340,1.1933,10.4067,-0.5710,0.6158,2.4181
1624949207858,-0.3962,1.2340,10.1866,-0.6248,0.5938,2.4193
1624949207870,-0.5206,1.2675,10.0741,-0.6871,0.6048,2.4315
1624949207879,-0.6450,1.1048,10.1746,-0.7213,0.6195,2.4645
1624949207889,-0.7982,0.9014,10.1100,-0.7323,0.5999,2.4828
1624949207897,-0.7814,0.9373,9.8922,-0.7176,0.5352,2.4926
1624949207908,-0.7072,1.0785,9.6219,-0.6602,0.4509,2.5048
1624949207917,-0.6570,1.1479,9.3898,-0.5710,0.3874,2.5378
1624949207927,-0.4991,1.1694,9.2486,-0.5307,0.3251,2.5854
1624949207937,-0.3220,1.2819,9.1505,-0.5563,0.2701,2.6099
1624949207946,-0.1880,1.2101,9.3826,-0.5710,0.2444,2.5940
1624949207956,-0.1497,1.3201,9.5429,-0.5539,0.2200,2.5903
1624949207965,-0.1760,1.5092,9.7535,-0.5038,0.1895,2.5879
1624949207975,-0.2167,1.6049,9.8516,-0.3780,0.1626,2.5549
1624949207985,-0.1689,1.7724,9.7774,-0.2753,0.1222,2.5293
1624949207992,0.0178,2.0643,9.8803,-0.1959,0.0917,2.4877
1624949208002,0.1494,2.1026,10.0717,-0.1214,0.1137,2.4181
1624949208011,0.1925,2.4472,10.2201,-0.1165,0.1149,2.3533
1624949208021,0.2690,2.6721,10.4306,-0.1373,0.1222,2.2592
1624949208035,0.2714,2.6314,10.6005,-0.1605,0.1626,2.1554
1624949208043,0.3049,2.7606,10.6819,-0.2424,0.1772,2.0564
1624949208052,0.3647,2.9209,10.7848,-0.3047,0.1931,1.9269
1624949208062,0.3624,2.7343,10.9834,-0.3364,0.2420,1.7877
1624949208071,0.3480,2.7439,11.1365,-0.3938,0.2640,1.6643
1624949208081,0.3671,2.8252,11.1987,-0.4537,0.2542,1.5323
1624949208091,0.3695,3.0310,11.2227,-0.5209,0.2481,1.3674
1624949208100,0.4078,2.9784,11.1078,-0.6052,0.2469,1.2086
1624949208110,0.5179,2.8037,11.0599,-0.7103,0.2676,1.0766
1624949208119,0.5921,2.3873,10.9786,-0.7738,0.3165,0.9532
1624949208129,0.5586,1.8968,10.8589,-0.7958,0.3568,0.8372
1624949208139,0.4820,1.5786,10.8278,-0.7396,0.3874,0.7272
1624949208148,0.4174,1.3106,10.7752,-0.5918,0.4289,0.6136
1624949208158,0.2571,1.1885,10.7584,-0.3645,0.4680,0.4780
1624949208167,0.1159,1.2077,10.6149,-0.0774,0.4814,0.3485
1624949208176,0.0393,1.3680,10.4570,0.2231,0.4741,0.2251
1624949208187,-0.0660,1.6432,10.2631,0.4662,0.4668,0.1005
1624949208196,-0.1306,2.0189,10.0167,0.6422,0.4484,-0.0351
1624949208206,-0.1832,2.3610,9.8468,0.7546,0.4265,-0.1805
1624949208216,-0.3029,2.6075,9.7247,0.8108,0.4069,-0.3296
1624949208225,-0.3914,2.7822,9.6027,0.8242,0.3739,-0.4884
1624949208235,-0.4751,2.9521,9.4759,0.8108,0.3263,-0.6448
1624949208244,-0.5517,2.9616,9.4520,0.7570,0.2750,-0.7853
1624949208254,-0.6498,2.9377,9.3874,0.6727,0.2139,-0.9343
1624949208263,-0.7623,2.9185,9.3539,0.5676,0.1418,-1.0980
1624949208271,-0.8317,2.8468,9.3228,0.4626,0.0612,-1.2532
1624949208282,-0.8149,2.6984,9.3539,0.3856,-0.0109,-1.3717
1624949208292,-0.7551,2.4185,9.3228,0.3233,-0.0903,-1.4585
1624949208300,-0.6450,2.1217,9.3180,0.2781,-0.1563,-1.5489
1624949208309,-0.5780,1.7796,9.3515,0.2708,-0.1905,-1.6270
1624949208319,-0.5230,1.4541,9.3802,0.2818,-0.2223,-1.6930
1624949208328,-0.5374,1.3058,9.3347,0.3050,-0.2650,-1.7578
1624949208341,-0.5900,1.2867,9.3395,0.3660,-0.3176,-1.8164
1624949208350,-0.6426,1.2460,9.3228,0.4235,-0.3664,-1.8543
1624949208359,-0.6929,1.2220,9.2055,0.4479,-0.4177,-1.8811
1624949208369,-0.7240,1.2795,9.0811,0.4577,-0.4630,-1.9154
1624949208378,-0.7527,1.2436,8.9136,0.4601,-0.5081,-1.9496
1624949208388,-0.7216,1.3201,8.8562,0.4455,-0.5485,-1.9936
1624949208398,-0.6642,1.3680,8.8059,0.4369,-0.5631,-2.0339
1624949208407,-0.5972,1.3082,8.7700,0.4589,-0.5729,-2.0583
1624949208417,-0.5445,1.1216,8.8992,0.5114,-0.5815,-2.0656
1624949208427,-0.4871,1.0019,8.9997,0.5884,-0.5912,-2.0766
1624949208436,-0.4201,1.0713,9.0715,0.6568,-0.5973,-2.1047
1624949208446,-0.3483,1.1503,9.1122,0.6886,-0.6022,-2.1353
1624949208456,-0.2670,1.1407,9.2151,0.6947,-0.5949,-2.1622
1624949208465,-0.2622,1.1359,9.1768,0.6568,-0.5888,-2.1805
1624949208475,-0.2765,1.0186,9.1744,0.5872,-0.5949,-2.1927
1624949208484,-0.3268,0.9229,9.1600,0.5139,-0.5998,-2.2025
1624949208494,-0.3699,0.8344,9.1553,0.4430,-0.6034,-2.2147
1624949208503,-0.3675,0.7507,9.2486,0.4064,-0.6010,-2.2232
1624949208513,-0.3316,0.6071,9.3539,0.4076,-0.5937,-2.2269
1624949208523,-0.2813,0.5138,9.3754,0.4455,-0.5973,-2.2196
1624949208532,-0.1760,0.5042,9.2892,0.4687,-0.6230,-2.2074
1624949208542,-0.0301,0.7267,9.0954,0.4699,-0.6621,-2.2025
1624949208552,0.1805,0.8296,8.9064,0.4442,-0.6865,-2.1854
1624949208561,0.3982,0.7148,8.9830,0.3624,-0.6670,-2.1524
1624949208571,0.3934,0.5712,9.0883,0.2427,-0.6389,-2.1182
1624949208578,0.4174,0.3319,9.1361,0.1034,-0.6474,-2.0815
1624949208590,0.3911,0.1740,9.1744,0.0105,-0.6523,-2.0363
1624949208599,0.2953,0.0208,9.3084,-0.0066,-0.6401,-1.9985
1624949208607,0.1925,-0.0677,9.4017,0.0435,-0.6486,-1.9557
1624949208617,0.1613,-0.1108,9.3730,0.1608,-0.6951,-1.8970
1624949208627,0.1877,-0.1634,9.2223,0.2903,-0.7745,-1.8384
1624949208637,0.4724,-0.2711,9.3539,0.3807,-0.8233,-1.7688
1624949208650,0.7404,-0.1347,9.5644,0.4076,-0.8258,-1.6991
1624949208657,1.0276,-0.0486,9.6793,0.4064,-0.8258,-1.6503
1624949208667,1.3243,0.0065,9.6243,0.3929,-0.8478,-1.6050
1624949208677,1.6018,0.0448,9.6889,0.3819,-0.8515,-1.5574
1624949208686,1.7406,0.0376,9.7582,0.3465,-0.8209,-1.5049
1624949208696,1.8626,0.0974,9.7870,0.2964,-0.7867,-1.4352
1624949208704,1.9942,0.0280,9.8922,0.2475,-0.7549,-1.3473
1624949208715,2.1426,-0.1251,9.9808,0.2133,-0.7171,-1.2495
1624949208723,2.3293,-0.2041,10.0478,0.1767,-0.6731,-1.1493
1624949208734,2.5302,-0.2304,10.1196,0.1327,-0.6315,-1.0357
1624949208744,2.7217,-0.2424,10.1531,0.0802,-0.5802,-0.8977
1624949208754,2.7982,-0.2424,10.1650,0.0154,-0.5191,-0.7498
1624949208763,2.8150,-0.2615,10.1794,-0.0579,-0.4544,-0.6093
1624949208773,2.8078,-0.2854,10.1267,-0.1275,-0.3933,-0.4737
1624949208782,2.8030,-0.3788,10.0573,-0.1544,-0.3200,-0.3247
1624949208792,2.7576,-0.4099,9.9736,-0.1739,-0.2553,-0.1646
1624949208802,2.7432,-0.4553,9.9904,-0.1776,-0.1905,-0.0107
1624949208811,2.6068,-0.5510,9.9425,-0.1507,-0.1367,0.1408
1624949208820,2.5614,-0.6468,9.9138,-0.1434,-0.1025,0.2886
1624949208830,2.4991,-0.6970,9.9018,-0.1348,-0.0757,0.4291
1624949208840,2.4082,-0.7090,9.9473,-0.1055,-0.0427,0.5586
1624949208850,2.3245,-0.7137,9.9281,-0.0786,-0.0268,0.6881
1624949208859,2.2957,-0.7377,9.9257,-0.0542,-0.0305,0.8164
1624949208869,2.2551,-0.8190,10.0526,-0.0078,-0.0109,0.9581
1624949208879,2.1211,-0.6970,10.2296,0.0325,0.0184,1.0974
1624949208888,2.1139,-0.6037,10.2392,0.0741,0.0233,1.2159
1624949208897,2.2120,-0.5056,10.1674,0.0948,0.0147,1.3185
1624949208907,2.2981,-0.3309,10.0286,0.0679,0.0257,1.4004
1624949208915,2.3915,-0.2424,9.9186,0.0093,0.0477,1.4737
1624949208924,2.5566,-0.2256,9.9090,-0.0823,0.0758,1.5506
1624949208934,2.5494,-0.2471,10.0980,-0.1801,0.1174,1.6301
1624949208943,2.3723,-0.2376,10.3325,-0.2656,0.1687,1.7132
1624949208957,2.2192,-0.3620,10.4402,-0.3511,0.1980,1.8206
1624949208965,2.3891,-0.9841,10.6149,-0.4354,0.2530,1.9477
1624949208974,2.3269,-1.7068,10.1794,-0.4378,0.3703,2.1261
1624949208984,2.5853,-1.2593,10.6077,-0.2582,0.3751,2.2177
1624949208994,2.3125,-0.6085,10.5240,0.1388,0.3629,2.1701
1624949209003,2.1043,-0.0366,10.5670,0.4894,0.3360,2.2299
1624949209013,1.9249,0.5520,10.6723,0.6348,0.3470,2.3301
1624949209022,1.8435,1.0067,10.9236,0.5835,0.4265,2.3753
1624949209032,1.9296,1.0809,11.0408,0.3453,0.5059,2.4352
1624949209042,1.9560,1.0976,10.8278,0.0374,0.5584,2.4743
1624949209051,1.8914,1.0641,10.6627,-0.2387,0.6060,2.4779
1624949209059,1.6329,0.8703,10.6316,-0.4464,0.6671,2.4901
1624949209070,1.1831,1.0689,10.6388,-0.5795,0.7013,2.5219
1624949209080,0.7500,1.0019,10.5838,-0.6223,0.6928,2.5647
1624949209088,0.5131,0.7841,10.5359,-0.5820,0.6659,2.6013
1624949209099,0.4772,0.8703,10.4426,-0.5172,0.5999,2.6380
1624949209109,0.5562,0.9373,10.3493,-0.4586,0.5450,2.6514
1624949209118,0.6136,1.2412,10.1674,-0.4378,0.4998,2.6502
1624949209128,0.6088,1.5283,9.9449,-0.4794,0.4716,2.6685
1624949209138,0.4509,1.8753,9.8013,-0.4953,0.4399,2.6526
1624949209147,0.3001,2.2007,9.7128,-0.4904,0.4020,2.6148
1624949209157,0.2451,2.2749,9.6960,-0.4647,0.3593,2.5952
1624949209166,0.3312,2.4855,9.7295,-0.4464,0.3080,2.5683
1624949209176,0.5251,2.4304,9.7798,-0.4390,0.2713,2.5244
1624949209186,0.6878,2.3849,9.8994,-0.4476,0.2554,2.4584
1624949209195,0.7237,2.5548,9.8707,-0.4525,0.2322,2.3765
1624949209205,0.7380,2.6984,9.9736,-0.4378,0.2017,2.2886
1624949209215,0.7045,2.7439,9.9760,-0.4036,0.1662,2.1872
1624949209222,0.7835,2.9449,10.0023,-0.4158,0.1308,2.0821
1624949209232,0.8457,2.8707,10.1889,-0.4415,0.1271,1.9685
1624949209241,0.8816,2.7056,10.2631,-0.4488,0.1345,1.8304
1624949209251,0.9079,2.7941,10.3660,-0.4586,0.1259,1.6899
1624949209265,0.7643,2.9664,10.4546,-0.4195,0.1186,1.5335
1624949209272,0.7428,3.1172,10.5335,-0.3792,0.1051,1.3723
1624949209282,0.8050,3.1794,10.5144,-0.3889,0.0978,1.2049
1624949209291,0.8888,3.2464,10.5503,-0.4342,0.1161,1.0143
1624949209301,0.8553,3.1172,10.5718,-0.4818,0.1540,0.8115
1624949209311,0.8098,3.0549,10.6460,-0.5258,0.1955,0.6185
1624949209320,0.7117,2.8803,10.6340,-0.5307,0.2298,0.4438
1624949209329,0.7237,2.6075,10.6053,-0.4818,0.2664,0.2715
1624949209339,0.6926,2.4687,10.5862,-0.4109,0.3055,0.0980
1624949209349,0.6256,2.4209,10.5646,-0.2814,0.3385,-0.0742
1624949209359,0.5562,2.4113,10.4426,-0.1373,0.3593,-0.2367
1624949209368,0.5203,2.4017,10.3493,0.0044,0.3751,-0.3943
1624949209378,0.4987,2.4017,10.2177,0.1437,0.3947,-0.5495
1624949209387,0.4892,2.3419,10.1698,0.2818,0.4191,-0.6998
1624949209397,0.5131,2.2701,10.2153,0.3893,0.4399,-0.8573
1624949209407,0.5370,2.2653,10.2536,0.4797,0.4533,-1.0137
1624949209416,0.5179,2.2868,10.3206,0.5444,0.4607,-1.1689
1624949209425,0.4174,2.3945,10.2440,0.5847,0.4521,-1.3289
1624949209435,0.2858,2.4448,10.1196,0.5786,0.4179,-1.4731
1624949209445,0.2571,2.4041,10.0526,0.5017,0.3641,-1.6050
1624949209455,0.2738,2.4065,9.9999,0.3612,0.3312,-1.7394
1624949209464,0.3241,2.2581,10.0310,0.1828,0.3165,-1.8702
1624949209474,0.3480,2.0332,9.9664,0.0325,0.3031,-1.9923
1624949209483,0.3073,1.7820,9.8157,-0.0750,0.2664,-2.1035
1624949209493,0.2834,1.5618,9.7128,-0.1385,0.2188,-2.1927
1624949209503,0.2499,1.4207,9.5501,-0.1470,0.1736,-2.2733
1624949209512,0.1757,1.2795,9.3467,-0.1141,0.1235,-2.3454
1624949209522,0.1757,1.1455,9.1170,-0.0493,0.0563,-2.4053
1624949209530,0.2260,1.0952,9.0284,0.0044,-0.0060,-2.4542
1624949209539,0.2882,0.9756,8.9303,0.0325,-0.0598,-2.4945
1624949209549,0.3839,0.8081,9.0117,0.0399,-0.1025,-2.5397
1624949209558,0.4604,0.7507,9.0452,0.0069,-0.1319,-2.5837
1624949209568,0.4628,0.6502,9.0835,-0.0628,-0.1661,-2.6166
1624949209577,0.4820,0.5449,9.0835,-0.1483,-0.2039,-2.6411
1624949209589,0.5203,0.4181,9.1170,-0.2265,-0.2394,-2.6594
1624949209599,0.5179,0.2649,9.0763,-0.2534,-0.2809,-2.6618
1624949209607,0.2690,0.0759,8.4039,-0.2521,-0.3848,-2.6460
1624949209617,0.2427,-0.4218,8.3465,-0.2888,-0.5521,-2.6069
1624949209627,0.4868,-0.9100,8.4661,-0.4329,-0.6548,-2.5751
1624949209637,0.6208,-1.1038,8.5642,-0.6089,-0.6376,-2.6435
1624949209647,0.7572,-1.3072,8.9710,-0.6467,-0.5851,-2.7889
1624949209656,0.9630,-1.5680,9.0859,-0.6089,-0.5839,-2.8573
1624949209666,1.3290,-1.6230,9.0021,-0.5478,-0.6120,-2.8194
1624949209676,1.7263,-1.4914,8.9806,-0.4464,-0.6169,-2.7449
1624949209685,2.1211,-1.5943,8.9375,-0.3352,-0.5986,-2.6557
1624949209695,2.4226,-1.6924,8.7030,-0.2949,-0.5851,-2.5800
1624949209704,2.6092,-1.8527,8.5475,-0.3034,-0.5704,-2.5177
1624949209713,2.7408,-2.2380,8.3967,-0.3315,-0.5460,-2.4419
1624949209724,2.8963,-2.7524,8.4422,-0.4048,-0.5191,-2.3747
1624949209733,3.0232,-3.0372,8.6001,-0.4794,-0.4703,-2.3344
1624949209743,3.1332,-3.1592,8.7700,-0.5038,-0.3982,-2.2758
1624949209752,3.2122,-3.3578,8.9208,-0.4635,-0.3188,-2.1622
1624949209762,3.3127,-3.8795,9.1313,-0.3462,-0.2577,-2.0094
1624949209772,3.3438,-4.0422,9.1194,-0.1703,-0.2223,-1.8946
1624949209781,3.2816,-3.8507,9.1241,0.0716,-0.2003,-1.8066
1624949209791,3.1572,-3.4464,9.1792,0.3257,-0.1942,-1.6710
1624949209800,3.1021,-3.0659,9.1481,0.4919,-0.1978,-1.4817
1624949209810,3.0926,-2.7237,9.0643,0.5469,-0.2015,-1.3008
1624949209820,3.0734,-2.4892,9.0260,0.5310,-0.1929,-1.1591
1624949209829,2.9633,-2.3504,8.9566,0.4687,-0.1880,-1.0272
1624949209837,2.7959,-2.2763,8.9471,0.3880,-0.1978,-0.8891
1624949209847,2.5614,-2.2380,8.8562,0.3233,-0.2308,-0.7437
1624949209857,2.3867,-2.2643,8.9184,0.2989,-0.2895,-0.6032
1624949209867,2.3053,-2.2978,9.0332,0.3233,-0.3567,-0.4689
1624949209876,2.2623,-2.3098,9.1768,0.3966,-0.4116,-0.3418
1624949209886,2.3412,-2.3433,9.4256,0.5090,-0.4581,-0.2147
1624949209896,2.4417,-2.2930,9.7487,0.6458,-0.4813,-0.0877
1624949209906,2.5111,-2.1303,9.9999,0.7802,-0.4813,0.0345
1624949209915,2.5422,-1.7809,9.9880,0.8670,-0.4837,0.1432
1624949209926,2.6930,-1.4914,10.0478,0.8682,-0.4898,0.2373
1624949209935,2.8485,-1.1492,9.9736,0.7668,-0.4642,0.3192
1624949209945,2.9562,-0.8908,9.9664,0.5811,-0.4031,0.3973
1624949209954,2.8796,-0.7927,9.9042,0.3538,-0.3408,0.4792
1624949209964,2.7695,-0.9387,9.8755,0.1461,-0.3066,0.5623
1624949209974,2.7193,-1.2210,9.8109,-0.0444,-0.2944,0.6478
1624949209983,2.7576,-1.5082,9.9114,-0.1923,-0.2760,0.7480
1624949209993,2.8030,-1.7690,9.9784,-0.2680,-0.2553,0.8591
1624949210002,2.9466,-2.0633,9.8851,-0.2558,-0.2650,0.9752
1624949210011,3.2529,-2.5251,9.6721,-0.1849,-0.2821,1.1108
1624949210021,3.6860,-3.5229,9.7295,-0.0334,-0.1966,1.3014
1624949210031,3.7602,-3.7287,9.7176,0.2598,-0.0537,1.5287
1624949210041,3.5759,-3.1855,10.3253,0.7900,-0.0427,1.6606
1624949210050,3.1835,-2.7644,10.2488,1.4277,-0.0989,1.6936
1624949210058,3.0495,-2.1447,10.1148,1.7955,-0.1441,1.7645
1624949210118,3.1404,-1.2904,10.0071,1.7894,-0.1172,1.8768
1624949210119,3.2409,-0.4960,9.9329,1.5902,-0.0182,1.9709
1624949210120,3.4993,-0.4434,9.9975,1.2494,0.0807,2.0760
1624949210121,3.7458,-0.6300,9.8587,0.8462,0.1821,2.1566
1624949210121,3.6070,-0.6420,9.7870,0.5347,0.2908,2.2030
1624949210122,3.2122,-0.7616,9.9305,0.3367,0.3678,2.2751
1624949210129,2.6618,-0.8454,10.0310,0.2524,0.3886,2.3399
1624949210137,2.2766,-0.8214,9.9449,0.2365,0.3703,2.3973
1624949210146,2.2072,-0.9076,9.8492,0.2488,0.3373,2.4608
1624949210154,2.3867,-0.9674,9.7224,0.2879,0.3287,2.5317
1624949210164,2.6140,-0.8143,9.7128,0.3453,0.3251,2.6013
1624949210174,2.6810,-0.5319,9.7271,0.4724,0.3324,2.6343
1624949210183,2.5829,-0.1514,9.7463,0.6104,0.3397,2.6563
1624949210192,2.3843,0.3630,9.9521,0.6800,0.3385,2.6637
1624949210202,2.2311,0.6693,10.2488,0.6373,0.3519,2.6820
1624949210214,2.1330,1.0186,10.2560,0.4760,0.3776,2.7113
1624949210223,2.0995,1.1909,10.1650,0.2928,0.3861,2.7211
1624949210233,2.0445,1.2460,10.0119,0.1461,0.3898,2.7064
1624949210242,1.9296,1.4278,9.8635,0.0667,0.3837,2.6734
1624949210252,1.8794,1.5570,9.8540,0.0264,0.3849,2.6526
1624949210262,1.8507,1.5259,9.8157,-0.0054,0.3910,2.6404
1624949210271,1.7239,1.6815,9.8731,-0.0347,0.3898,2.6062
1624949210281,1.6162,1.7126,9.7941,-0.0615,0.3703,2.5757
1624949210290,1.5659,1.9471,9.7343,-0.1312,0.3544,2.5293
1624949210300,1.5229,1.8801,9.8133,-0.1764,0.3531,2.4682
1624949210310,1.5300,1.9279,9.8540,-0.1813,0.3360,2.4144
1624949210318,1.6090,1.9566,9.8109,-0.1764,0.2860,2.3704
1624949210328,1.6042,2.1672,9.8300,-0.1226,0.2408,2.2764
1624949210339,1.5994,2.3323,10.0454,-0.0371,0.2188,2.1847
1624949210348,1.5923,2.3873,10.1219,0.0215,0.1907,2.1053
1624949210358,1.6736,2.6625,10.1746,0.0423,0.1454,1.9819
1624949210367,1.7669,2.7295,10.4761,0.0252,0.1381,1.8378
1624949210377,1.8148,2.7582,10.6555,-0.0444,0.1479,1.7070
1624949210387,1.9081,2.8611,10.6867,-0.1348,0.1381,1.5971
1624949210396,1.8626,2.8851,10.7872,-0.2204,0.1394,1.4663
1624949210406,1.7645,2.8539,10.8853,-0.2643,0.1442,1.3234
1624949210416,1.6999,2.8516,10.9451,-0.2998,0.1284,1.1756
1624949210425,1.6808,2.9162,11.0240,-0.3621,0.1088,1.0070
1624949210435,1.7119,2.8970,11.1891,-0.4513,0.1137,0.8213
1624949210444,1.7239,2.7295,11.1245,-0.6015,0.1332,0.6392
1624949210454,1.8028,2.5333,11.1174,-0.7885,0.1650,0.4694
1624949210463,1.8004,2.2294,11.1676,-0.9412,0.2285,0.3069
1624949210472,1.7406,1.6934,11.2849,-1.0316,0.3165,0.1701
1624949210482,1.6281,1.2244,11.2203,-1.0243,0.3923,0.0626
1624949210490,1.5133,0.8033,11.0695,-0.9106,0.4448,-0.0498
1624949210500,1.3841,0.7100,10.8900,-0.7310,0.4656,-0.1866
1624949210510,1.4032,0.7435,10.5862,-0.5209,0.5242,-0.3332
1624949210521,1.3889,0.8320,10.3349,-0.2778,0.5951,-0.4456
1624949210531,1.3721,0.7841,10.1219,-0.0273,0.6488,-0.5287
1624949210540,1.2979,0.9277,9.8755,0.1999,0.6891,-0.6338
1624949210550,1.2046,1.1096,9.5357,0.3893,0.7075,-0.7584
1624949210560,1.1807,1.2197,9.3251,0.5151,0.7197,-0.8745
1624949210569,1.0802,1.3201,9.0595,0.5664,0.7380,-0.9747
1624949210579,0.9534,1.3177,8.9734,0.6019,0.7514,-1.0809
1624949210588,0.8289,1.2675,8.8705,0.6519,0.7514,-1.2031
1624949210598,0.7189,1.2508,8.8394,0.7289,0.7331,-1.3228
1624949210608,0.6136,1.2531,8.9279,0.8438,0.6977,-1.4426
1624949210617,0.5131,1.2819,8.9471,0.9830,0.6537,-1.5525
1624949210627,0.4557,1.2986,8.8825,1.1296,0.5963,-1.6613
1624949210637,0.4365,1.4398,8.9208,1.2371,0.5315,-1.7602
1624949210646,0.4126,1.7748,8.9088,1.2897,0.4716,-1.8604
1624949210656,0.4413,1.9566,8.8753,1.2787,0.4081,-1.9679
1624949210665,0.4054,2.0141,8.6958,1.1895,0.3287,-2.0620
1624949210675,0.3911,1.9806,8.6264,1.0001,0.2383,-2.1414
1624949210685,0.3911,1.9949,8.6025,0.7497,0.1772,-2.2208
1624949210694,0.2858,1.8873,8.6456,0.4968,0.1430,-2.3051
1624949210704,0.2475,1.5905,8.7724,0.2598,0.0917,-2.3796
1624949210713,0.3265,1.2053,8.8418,0.0594,0.0245,-2.4248
1624949210723,0.4533,0.8727,8.8538,-0.0896,-0.0439,-2.4517
1624949210733,0.5633,0.6908,8.8681,-0.1996,-0.1050,-2.4700
1624949210742,0.6519,0.4898,8.9471,-0.2741,-0.1624,-2.4761
1624949210752,0.6279,0.3271,8.9136,-0.3279,-0.2198,-2.4835
1624949210761,0.5825,0.2051,8.8418,-0.3780,-0.2931,-2.4884
1624949210771,0.6423,0.0256,8.8155,-0.4427,-0.3554,-2.4700
1624949210779,0.6686,-0.1682,8.8418,-0.5307,-0.3970,-2.4334
1624949210788,0.7811,-0.4242,8.9088,-0.6382,-0.4312,-2.4004
1624949210798,0.9510,-0.5845,8.9806,-0.7408,-0.4666,-2.3821
1624949210807,1.0778,-0.6587,8.9806,-0.8349,-0.4923,-2.3674
1624949210818,1.2381,-0.7664,8.9303,-0.8984,-0.5045,-2.3430
1624949210828,1.3506,-1.0296,8.8992,-0.9082,-0.4947,-2.3027
1624949210838,1.4128,-1.2689,8.9519,-0.8557,-0.4703,-2.2526
1624949210848,1.3649,-1.4938,8.9782,-0.7372,-0.4568,-2.2049
1624949210858,1.2621,-1.7594,8.8203,-0.5759,-0.4959,-2.1671
1624949210867,1.3530,-2.1279,9.0835,-0.4036,-0.5326,-2.1170
1624949210877,1.4415,-2.0226,9.3730,-0.2692,-0.5277,-2.0681
1624949210887,1.6329,-1.7953,9.5237,-0.1483,-0.5228,-2.0082
1624949210896,1.9272,-1.7762,9.5453,-0.0237,-0.5436,-1.9386
1624949210906,2.1761,-1.7403,9.5237,0.0814,-0.5485,-1.8885
1624949210915,2.2287,-1.6876,9.6817,0.1547,-0.5155,-1.8372
1624949210925,2.1689,-1.6398,9.8013,0.2072,-0.4886,-1.7651
1624949210935,2.1570,-1.7618,10.0047,0.2622,-0.4837,-1.6783
1624949210944,2.1713,-1.8121,10.0502,0.3294,-0.4874,-1.5892
1624949210954,2.2335,-1.7642,10.1579,0.3856,-0.4788,-1.5122
1624949210963,2.3556,-1.6852,10.2847,0.4283,-0.4532,-1.4377
1624949210973,2.4489,-1.4866,10.2966,0.4198,-0.4202,-1.3558
1624949210983,2.5135,-1.3694,10.3230,0.3893,-0.3799,-1.2715
1624949210992,2.5542,-1.3263,10.3230,0.3196,-0.3334,-1.1909
1624949211002,2.6499,-1.3096,10.3014,0.2072,-0.2846,-1.1078
1624949211011,2.6762,-1.3263,10.2488,0.0692,-0.2333,-1.0235
1624949211021,2.7001,-1.4196,10.1698,-0.0469,-0.1795,-0.9392
1624949211029,2.6523,-1.4268,10.0669,-0.1483,-0.1355,-0.8610
1624949211040,2.5948,-1.3622,10.0669,-0.2057,-0.0989,-0.7828
1624949211050,2.4944,-1.3120,10.0406,-0.2081,-0.0744,-0.6924
1624949211059,2.4274,-1.3766,9.9616,-0.2057,-0.0659,-0.5837
1624949211069,2.3986,-1.4651,9.8516,-0.2130,-0.0659,-0.4689
1624949211079,2.3364,-1.5991,9.7224,-0.2155,-0.0683,-0.3613
1624949211086,2.3388,-1.6589,9.6266,-0.2143,-0.0671,-0.2636
1624949211097,2.3269,-1.5943,9.6195,-0.1947,-0.0549,-0.1732
1624949211106,2.2479,-1.5871,9.7319,-0.1348,-0.0439,-0.0828
1624949211116,2.1546,-1.6446,9.7917,-0.0554,-0.0451,0.0150
1624949211126,2.0971,-1.6972,9.7535,0.0227,-0.0537,0.1249
1624949211135,2.0660,-1.7403,9.8037,0.1046,-0.0659,0.2348
1624949211146,1.9823,-1.7331,9.7726,0.1962,-0.0781,0.3277
1624949211155,1.9608,-1.7092,9.7654,0.2842,-0.0903,0.4096
1624949211165,2.0254,-1.7068,9.7343,0.3648,-0.0964,0.4963
1624949211174,2.0302,-1.7044,9.6913,0.4198,-0.1025,0.5843
1624949211184,2.0230,-1.8623,9.6075,0.4540,-0.1050,0.6588
1624949211194,2.1019,-2.0777,9.5214,0.4736,-0.0891,0.7370
1624949211204,2.2024,-2.2117,9.7128,0.4797,-0.0048,0.8274
1624949211213,2.0924,-2.3074,10.1579,0.5689,0.1015,0.9276
1624949211223,2.1881,-2.0896,10.3876,0.7973,0.1247,1.0009
1624949211232,2.2957,-1.6158,10.1722,1.1076,0.0831,1.0742
1624949211242,2.3149,-1.1564,10.0191,1.3947,0.0416,1.1731
1624949211252,2.1785,-0.7784,9.7511,1.5609,0.0306,1.2904
1624949211261,2.0445,-0.3835,9.6243,1.5023,0.0282,1.3649
1624949211271,1.9799,0.0208,9.5453,1.2897,0.0685,1.3930
1624949211278,1.9272,0.1788,9.6075,1.0209,0.1552,1.4224
1624949211290,1.9703,-0.0629,9.6649,0.8083,0.2408,1.4993
1624949211298,1.9560,-0.5869,9.5549,0.7008,0.2835,1.6362
1624949211309,1.9536,-0.8095,9.6147,0.7448,0.2591,1.7412
1624949211319,1.9033,-0.5415,9.5166,0.8865,0.2078,1.7755
1624949211328,1.9009,-0.1586,9.6482,1.0612,0.1833,1.8158
1624949211336,1.8483,0.2099,9.7056,1.1712,0.2017,1.8940
1624949211347,1.8148,0.1309,9.8994,1.2164,0.2493,1.9844
1624949211357,1.8363,0.0520,9.9042,1.2078,0.3067,2.0711
1624949211367,1.9201,0.0161,10.0526,1.1858,0.3568,2.1432
1624949211376,1.9847,-0.1514,10.2225,1.1956,0.4130,2.2006
1624949211386,1.9225,-0.0797,10.3158,1.2237,0.4448,2.2568
1624949211394,1.8985,0.2147,10.3564,1.2787,0.4533,2.3020
1624949211403,1.8866,0.9229,10.2703,1.2616,0.4631,2.3179
1624949211413,1.7861,1.4900,10.1937,1.1736,0.4765,2.3215
1624949211422,1.8339,1.8203,10.0502,1.0270,0.5108,2.3313
1624949211435,1.8268,2.1959,9.9497,0.8217,0.5718,2.3460
1624949211444,1.7454,2.3012,9.7870,0.6580,0.6415,2.3533
1624949211453,1.7957,2.3012,9.6817,0.5786,0.6659,2.3680
1624949211463,1.9942,2.1720,9.7774,0.5554,0.6928,2.3997
1624949211473,2.0708,2.1457,9.8157,0.5798,0.7307,2.4266
1624949211482,2.0708,2.6123,9.7798,0.6092,0.7441,2.4083
1624949211492,2.1091,2.9616,9.6051,0.6470,0.7588,2.3912
1624949211501,2.1857,3.1842,9.4735,0.6556,0.8040,2.4034
1624949211511,2.1043,3.3205,9.1840,0.6532,0.8687,2.3851
1624949211521,1.9081,3.4378,9.2629,0.6837,0.9115,2.3509
1624949211530,1.7885,3.7034,9.3898,0.7228,0.9164,2.3142
1624949211540,1.7502,3.9092,9.5118,0.7240,0.9017,2.2861
1624949211549,1.7717,4.2226,9.7056,0.6764,0.8797,2.2263
1624949211559,1.8028,4.4523,9.7200,0.5835,0.8528,2.1493
1624949211569,1.7813,4.5744,9.7104,0.4308,0.8211,2.0650
1624949211578,1.7526,4.7012,9.6601,0.2365,0.7991,1.9477
1624949211588,1.7047,4.7874,9.6482,0.0508,0.7661,1.8219
1624949211598,1.7334,4.5983,9.6051,-0.0444,0.7197,1.7034
1624949211607,1.8770,4.8520,9.4735,-0.1043,0.6549,1.5812
1624949211616,1.9009,5.1152,9.4089,-0.0994,0.5889,1.4761
1624949211626,1.8770,5.3521,9.4759,-0.0909,0.5340,1.3662
1624949211636,1.9272,5.2492,9.4568,-0.1312,0.4985,1.2684
1624949211646,1.9177,5.1367,9.5955,-0.1849,0.4753,1.1463
1624949211655,1.9512,5.0841,9.6458,-0.2179,0.4521,1.0070
1624949211665,1.8961,4.8639,9.7295,-0.2045,0.4362,0.8701
1624949211674,1.7861,4.7227,9.7822,-0.1373,0.4179,0.7431
1624949211684,1.6736,4.6677,9.8994,-0.0420,0.3935,0.6062
1624949211694,1.6186,4.6940,9.9856,0.0802,0.3654,0.4597
1624949211701,1.5970,4.8735,10.0262,0.1767,0.3385,0.2984
1624949211711,1.5635,5.1056,10.0023,0.2268,0.3226,0.1225
1624949211720,1.4511,5.3138,9.9401,0.2280,0.3031,-0.0571
1624949211730,1.3984,5.4837,9.8803,0.1718,0.2823,-0.2477
1624949211743,1.3673,5.6033,9.7965,0.0643,0.2566,-0.4469
1624949211751,1.3745,5.6177,9.6960,-0.0786,0.2359,-0.6399
1624949211761,1.3697,5.5172,9.6051,-0.2387,0.2151,-0.8280
1624949211770,1.3769,5.3784,9.3969,-0.3951,0.2041,-1.0040
1624949211780,1.3745,5.1487,9.1864,-0.5405,0.2004,-1.1640
1624949211790,1.3147,4.8496,8.9471,-0.6480,0.2102,-1.3057
1624949211799,1.1615,4.6079,8.8849,-0.6822,0.2151,-1.4377
1624949211809,0.9630,4.3949,8.7868,-0.6663,0.2029,-1.5611
1624949211818,0.7859,4.2107,8.6671,-0.6309,0.1711,-1.6845
1624949211828,0.7069,4.1221,8.6001,-0.6028,0.1430,-1.8066
1624949211837,0.6830,4.0384,8.5475,-0.5881,0.1296,-1.9300
1624949211847,0.7021,3.8494,8.5235,-0.5734,0.1198,-2.0388
1624949211857,0.6878,3.6101,8.5116,-0.5331,0.1161,-2.1267
1624949211867,0.5897,3.1698,8.5164,-0.4598,0.1198,-2.1939
1624949211876,0.4604,2.7798,8.5307,-0.3413,0.1039,-2.2660
1624949211886,0.3073,2.5979,8.5020,-0.1971,0.0587,-2.3527
1624949211895,0.2020,2.5190,8.4398,-0.0322,-0.0048,-2.4419
1624949211905,0.1398,2.5357,8.4230,0.1571,-0.0683,-2.5262
1624949211914,0.0728,2.5644,8.3991,0.3245,-0.1282,-2.5910
1624949211924,0.0321,2.6266,8.3872,0.4442,-0.2027,-2.6313
1624949211934,0.0297,2.6362,8.4398,0.4968,-0.2748,-2.6643
1624949211943,0.0393,2.6362,8.5331,0.5285,-0.3347,-2.7046
1624949211952,0.0489,2.5381,8.6719,0.5359,-0.4031,-2.7266
1624949211962,-0.0396,2.4520,8.7604,0.5456,-0.4972,-2.7339
1624949211972,-0.0612,2.3084,8.7293,0.5530,-0.6108,-2.7290
1624949211982,-0.0420,2.1122,8.7652,0.5469,-0.7195,-2.7254
1624949211991,0.0776,1.9925,8.8729,0.5139,-0.8075,-2.7242
1624949212001,0.2188,1.9519,8.9662,0.4699,-0.8673,-2.7205
1624949212010,0.3073,1.9782,9.0213,0.4540,-0.9162,-2.7217
1624949212018,0.3839,1.8131,9.1170,0.5004,-0.9748,-2.7107
1624949212028,0.4916,1.5570,9.0643,0.5872,-1.0359,-2.6814
1624949212037,0.5897,1.5116,9.0954,0.6898,-1.0995,-2.6521
1624949212051,0.6662,1.6001,9.0787,0.8034,-1.1618,-2.6374
1624949212058,0.8553,1.5642,9.1792,0.9048,-1.2326,-2.6313
1624949212068,1.1233,1.5116,9.3491,0.9427,-1.2766,-2.6142
1624949212078,1.4272,1.6240,9.5668,0.8951,-1.2852,-2.5922
1624949212087,1.6808,1.6958,9.7128,0.8169,-1.2729,-2.5665
1624949212097,1.9272,1.5882,9.7463,0.7155,-1.2876,-2.5238
1624949212107,2.3005,1.4853,9.9449,0.5530,-1.2840,-2.4542
1624949212116,2.4991,1.4948,10.0430,0.3367,-1.2509,-2.3809
1624949212126,2.6618,1.4565,10.0765,0.0948,-1.2070,-2.3063
1624949212135,2.8126,1.1694,10.0550,-0.1581,-1.1666,-2.2135
1624949212145,2.9059,0.8320,10.0119,-0.4122,-1.0958,-2.0998
1624949212155,3.0902,0.5784,10.0191,-0.6455,-0.9968,-1.9862
1624949212164,3.1332,0.3726,10.0430,-0.7970,-0.8673,-1.8702
1624949212173,3.0997,0.1788,10.1052,-0.8349,-0.7501,-1.7394
1624949212183,2.9418,-0.0270,10.0550,-0.7958,-0.6535,-1.5867
1624949212193,2.7839,-0.1467,10.0262,-0.7091,-0.5912,-1.4206
1624949212203,2.6355,-0.2041,9.9832,-0.6309,-0.5350,-1.2556
1624949212212,2.5231,-0.1443,9.8875,-0.6101,-0.4898,-1.0883
1624949212222,2.4872,-0.1084,9.8252,-0.6394,-0.4446,-0.9099
1624949212231,2.4776,-0.0031,9.8468,-0.7066,-0.3823,-0.7352
1624949212240,2.4345,-0.0055,9.8228,-0.7750,-0.3078,-0.5703
1624949212251,2.4297,-0.1993,9.7965,-0.7995,-0.2406,-0.3968
1624949212258,2.3460,-0.4194,9.7343,-0.7701,-0.1819,-0.2098
1624949212270,2.2144,-0.6061,9.8755,-0.6834,-0.1392,-0.0229
1624949212279,2.0612,-0.7855,9.8396,-0.5233,-0.1160,0.1530
1624949212289,2.0038,-0.7329,9.8396,-0.3462,-0.1135,0.3228
1624949212299,1.9823,-0.6252,9.9090,-0.1568,-0.1257,0.4890
1624949212308,1.9153,-0.4673,10.0645,0.0191,-0.1233,0.6490
1624949212316,1.8961,-0.1825,10.1339,0.1229,-0.1147,0.7932
1624949212325,1.9320,0.1309,10.0837,0.1437,-0.1050,0.9214
1624949212335,1.9847,0.3223,10.0885,0.1107,-0.0903,1.0253
1624949212345,2.0062,0.4396,10.1196,0.0374,-0.0512,1.1047
1624949212357,1.9272,0.5473,10.1842,-0.0652,-0.0073,1.1792
1624949212366,1.8531,0.5544,10.1937,-0.1397,0.0318,1.2464
1624949212376,1.8291,0.4970,10.1387,-0.1813,0.0551,1.3014
1624949212385,1.8626,0.4755,10.0023,-0.2033,0.0709,1.3576
1624949212395,1.8961,0.4300,9.9066,-0.2216,0.0893,1.4236
1624949212404,1.9560,0.3415,9.8970,-0.2521,0.1161,1.4993
1624949212414,1.9895,0.3199,10.0071,-0.2888,0.1394,1.5568
1624949212423,1.8890,0.2841,10.1387,-0.2766,0.1674,1.6081
1624949212433,1.7957,0.1309,10.2177,-0.2143,0.1809,1.6765
1624949212443,1.8339,-0.0581,10.1483,-0.1519,0.1699,1.7681
1624949212453,1.9560,-0.0820,10.0669,-0.1104,0.1516,1.8549
1624949212462,2.1091,0.0137,9.9114,-0.0921,0.1394,1.9135
1624949212472,2.2910,0.1142,9.9712,-0.1104,0.1467,1.9465
1624949212482,2.3962,0.1931,9.9760,-0.1153,0.1980,1.9721
1624949212491,2.2790,0.0759,10.1004,-0.0884,0.2908,2.0308
1624949212499,2.1187,0.0208,10.3325,0.0154,0.3641,2.1224
1624949212508,1.8411,0.4324,10.3206,0.1974,0.3886,2.1493
1624949212520,1.7143,0.7004,10.6173,0.3905,0.3996,2.1151
1624949212529,1.6521,0.7507,10.3517,0.4784,0.4057,2.1383
1624949212539,1.8938,0.8248,10.3684,0.4345,0.4326,2.1798
1624949212549,2.0086,0.9493,10.3182,0.3722,0.4924,2.1652
1624949212558,2.1953,0.7722,10.3828,0.2940,0.5450,2.1798
1624949212568,2.2287,0.8440,10.2392,0.2195,0.5670,2.2189
1624949212578,2.0852,0.7818,10.2009,0.2231,0.6048,2.2739
1624949212586,1.7406,0.9564,10.3014,0.2451,0.6305,2.2959
1624949212597,1.4152,1.1431,10.1913,0.2854,0.6256,2.2983
1624949212606,1.3219,1.3824,9.9951,0.3147,0.6060,2.2996
1624949212616,1.3841,1.5211,9.8516,0.2891,0.5938,2.3179
1624949212623,1.4583,1.5666,9.8611,0.2329,0.5951,2.3411
1624949212633,1.5085,1.5810,9.8061,0.1779,0.5999,2.3509
1624949212642,1.5013,1.5882,9.7535,0.1364,0.5889,2.3692
1624949212652,1.4846,1.7939,9.6913,0.1119,0.5694,2.3692
1624949212666,1.4559,2.0500,9.6147,0.0899,0.5584,2.3729
1624949212674,1.3793,2.1026,9.5955,0.0838,0.5376,2.3961
1624949212683,1.3147,2.1696,9.4448,0.0948,0.5034,2.4046
1624949212691,1.2549,2.3515,9.4615,0.1034,0.4729,2.3814
1624949212702,1.2668,2.3251,9.4496,0.1327,0.4448,2.3692
1624949212711,1.4343,2.4496,9.4424,0.1571,0.4032,2.3619
1624949212722,1.5492,2.7534,9.5357,0.1730,0.3837,2.3081
1624949212730,1.5037,3.0621,9.6865,0.2060,0.3776,2.2495
1624949212741,1.3362,3.4785,9.7271,0.2182,0.3507,2.1957
1624949212750,1.2118,3.7943,9.8300,0.2146,0.3189,2.1212
1624949212760,1.1711,4.1006,9.8611,0.1779,0.2921,2.0357
1624949212770,1.2668,4.2896,9.9186,0.1290,0.2640,1.9269
1624949212779,1.3171,4.4715,10.0334,0.0814,0.2591,1.7999
1624949212788,1.3195,4.6103,10.1315,0.0069,0.2505,1.6679
1624949212798,1.3290,4.7586,10.2799,-0.0603,0.2395,1.5054
1624949212808,1.3099,4.9883,10.3708,-0.1385,0.2395,1.3283
1624949212817,1.1951,5.1558,10.4163,-0.2619,0.2310,1.1670
1624949212827,1.0969,5.1319,10.4952,-0.3999,0.2298,0.9862
1624949212836,1.0778,5.0338,10.4785,-0.5441,0.2346,0.7773
1624949212847,1.0491,4.7204,10.3804,-0.6736,0.2566,0.5769
1624949212856,0.9988,4.3040,10.3852,-0.7445,0.2835,0.3802
1624949212866,0.9462,3.9164,10.3660,-0.7323,0.2994,0.1860
1624949212875,0.8768,3.6508,10.3517,-0.6700,0.3031,0.0125
1624949212884,0.8960,3.5742,10.3708,-0.5686,0.3092,-0.1561
1624949212894,0.9270,3.4665,10.3660,-0.4610,0.3226,-0.3296
1624949212903,0.9103,3.3469,10.3110,-0.3523,0.3434,-0.4811
1624949212913,0.9701,3.2583,10.2607,-0.2668,0.3739,-0.6264
1624949212923,0.9582,3.3134,10.2033,-0.1617,0.4032,-0.7853
1624949212931,0.9294,3.5168,10.0956,-0.0530,0.4167,-0.9392
1624949212940,0.8864,3.5933,10.0023,0.0460,0.4277,-1.0589
1624949212950,0.7452,3.7130,9.8468,0.1022,0.4314,-1.1762
1624949212959,0.6830,3.7202,9.8109,0.0948,0.4155,-1.3094
1624949212973,0.6160,3.7225,9.7367,0.0203,0.4045,-1.4474
1624949212981,0.5490,3.6914,9.7032,-0.1190,0.3874,-1.5880
1624949212991,0.5227,3.4258,9.6817,-0.3083,0.3739,-1.7211
1624949213000,0.5346,3.1124,9.6577,-0.4940,0.3751,-1.8482
1624949213010,0.5538,2.6960,9.6865,-0.6357,0.3947,-1.9569
1624949213020,0.5633,2.2486,9.6721,-0.6907,0.4130,-2.0278
1624949213029,0.3528,1.8609,9.2845,-0.6357,0.3715,-2.0864
1624949213039,0.2810,1.4087,9.2270,-0.5282,0.2713,-2.1524
1624949213048,0.2619,1.1885,9.0811,-0.4403,0.2114,-2.2232
1624949213058,0.2164,1.0713,9.1337,-0.3462,0.1907,-2.2990
1624949213067,0.2068,1.0139,9.1457,-0.2069,0.1528,-2.3711
1624949213077,0.2427,0.8871,9.2246,-0.0408,0.1039,-2.4126
1624949213087,0.3432,0.9756,9.2390,0.0948,0.0587,-2.4468
1624949213096,0.4270,1.1024,9.2151,0.2036,0.0221,-2.4798
1624949213105,0.3265,1.2867,9.1050,0.2928,-0.0182,-2.5067
1624949213116,0.2260,1.2388,8.9160,0.2976,-0.1319,-2.5275
1624949213124,0.2236,1.0330,8.8011,0.1864,-0.2565,-2.5397
1624949213133,0.3480,0.9421,8.8059,-0.0506,-0.3224,-2.5580
1624949213144,0.4604,0.8775,8.9351,-0.2814,-0.3322,-2.5898
1624949213152,0.5801,0.6214,8.9136,-0.4073,-0.3457,-2.6191
1624949213163,0.7572,0.2338,8.9423,-0.4220,-0.3811,-2.6325
1624949213173,0.9270,-0.0797,9.0787,-0.3450,-0.4092,-2.6301
1624949213182,1.0347,-0.1203,9.2797,-0.2338,-0.4153,-2.6288
1624949213192,1.2046,-0.0892,9.6195,-0.1226,-0.4275,-2.6142
1624949213202,1.4535,-0.0390,9.8324,-0.0542,-0.4458,-2.5702
1624949213212,1.6258,0.1094,9.7846,-0.0383,-0.4446,-2.5213
1624949213221,1.5564,0.1979,9.5668,-0.0970,-0.4910,-2.4798
1624949213229,1.5923,-0.0629,9.2462,-0.2692,-0.5741,-2.4248
1624949213238,1.7287,-0.2902,8.9878,-0.6077,-0.6511,-2.3723
1624949213248,2.0230,-0.5415,9.0380,-1.0377,-0.6193,-2.3430
1624949213257,2.1809,-0.8477,8.9112,-1.4482,-0.5008,-2.3381
1624949213267,2.3867,-1.5704,9.0213,-1.7194,-0.3542,-2.3320
1624949213281,2.5590,-2.5849,9.0069,-1.7878,-0.2394,-2.3027
1624949213288,2.7097,-3.0802,9.0428,-1.6461,-0.1209,-2.2562
1624949213298,2.7193,-3.4751,9.2438,-1.2869,-0.0121,-2.1304
1624949213308,2.6212,-3.8101,9.3706,-0.7860,0.0490,-1.9496
1624949213317,2.3699,-3.7048,9.2534,-0.2631,0.0367,-1.8018
1624949213327,2.0995,-3.2310,9.0787,0.2085,-0.0292,-1.6979
1624949213336,1.8890,-2.8242,8.9184,0.5004,-0.1025,-1.5708
1624949213345,1.8148,-2.5084,8.8011,0.5652,-0.1697,-1.4304
1624949213356,1.8579,-2.2763,8.7533,0.4650,-0.1844,-1.3216
1624949213366,1.8411,-2.1853,8.8322,0.2793,-0.1490,-1.2459
1624949213375,1.8148,-2.1614,9.0308,0.0863,-0.0879,-1.1860
1624949213384,1.7741,-2.1303,9.3323,-0.0554,-0.0366,-1.1164
1624949213394,1.6377,-2.0537,9.4759,-0.0847,-0.0231,-1.0272
1624949213403,1.5253,-2.0298,9.4974,-0.0188,-0.0585,-0.9221
1624949213413,1.4296,-1.9915,9.4472,0.0765,-0.1306,-0.8195
1624949213423,1.4487,-1.8982,9.4472,0.1156,-0.1929,-0.7266
1624949213432,1.4176,-1.7379,9.4065,0.0875,-0.2223,-0.6387
1624949213442,1.4128,-1.7235,9.3969,0.0264,-0.2345,-0.5507
1624949213452,1.4535,-1.8121,9.4568,-0.0689,-0.2430,-0.4640
1624949213461,1.4296,-1.8432,9.4376,-0.1519,-0.2540,-0.3748
1624949213471,1.4128,-1.8791,9.4687,-0.1849,-0.2626,-0.2844
1624949213480,1.4008,-1.9365,9.5309,-0.1788,-0.2785,-0.1988
1624949213489,1.3745,-1.9413,9.5836,-0.1409,-0.2980,-0.1231
1624949213500,1.3936,-1.9796,9.6697,-0.0762,-0.3139,-0.0461
1624949213510,1.3769,-1.9652,9.7032,-0.0005,-0.3224,0.0320
1624949213518,1.3625,-1.8527,9.7056,0.0777,-0.3249,0.1053
1624949213529,1.3769,-1.7451,9.6889,0.1498,-0.3273,0.1713
1624949213538,1.4008,-1.6637,9.5381,0.1974,-0.3371,0.2348
1624949213546,1.4798,-1.5919,9.5190,0.1999,-0.3481,0.2971
1624949213555,1.5109,-1.4771,9.5381,0.1718,-0.3359,0.3582
1624949213565,1.5444,-1.4292,9.4615,0.1486,-0.3237,0.4205
1624949213574,1.6162,-1.5273,9.4855,0.1498,-0.3347,0.4767
1624949213588,1.7287,-1.7068,9.4280,0.1522,-0.3469,0.5390
1624949213596,1.8363,-1.8408,9.3730,0.1547,-0.3432,0.6148
1624949213606,1.9272,-2.1494,9.4568,0.1779,-0.3334,0.7126
1624949213615,2.0373,-2.6208,9.5118,0.2085,-0.3237,0.8262
1624949213625,2.1905,-2.9151,9.5405,0.2524,-0.3200,0.9569
1624949213634,2.3316,-3.0922,9.6721,0.3990,-0.3188,1.1035
1624949213644,2.6236,-3.2023,9.7224,0.6409,-0.3298,1.2428
1624949213654,2.9179,-3.1257,9.8085,0.8987,-0.3481,1.3808
1624949213663,3.0710,-2.7644,9.7941,1.1015,-0.3310,1.5189
1624949213673,3.1069,-2.2858,9.8252,1.2310,-0.2919,1.6264
1624949213682,3.0136,-1.7283,9.7271,1.2701,-0.2430,1.7095
1624949213692,2.9514,-1.6015,9.6673,1.2433,-0.1746,1.8011
1624949213702,2.9059,-1.6924,9.5740,1.1700,-0.0659,1.9123
1624949213711,3.0016,-1.5417,9.7750,1.0771,0.0392,1.9953
1624949213721,2.9011,-1.4053,10.0621,1.0417,0.1418,2.0173
1624949213729,2.7982,-1.3167,10.0861,1.0441,0.1809,2.0858
1624949213740,2.8629,-1.3718,10.0167,0.9757,0.1626,2.2177
1624949213750,3.0256,-1.5058,10.1770,0.8877,0.2004,2.3093
1624949213759,3.0614,-1.2378,10.3852,0.7497,0.3067,2.3692
1624949213769,2.9251,-0.7999,10.4330,0.6104,0.4020,2.4254
1624949213778,2.7576,-0.7999,10.3804,0.5395,0.4497,2.4901
1624949213788,2.6260,-0.8286,10.2033,0.5029,0.4888,2.5561
1624949213798,2.3532,-0.6898,10.0693,0.4797,0.5205,2.6050
1624949213807,2.1043,-0.6468,10.0238,0.5212,0.5340,2.6612
1624949213817,1.9464,-0.5128,9.9760,0.5627,0.5352,2.7260
1624949213827,1.9105,-0.3381,9.9640,0.5970,0.5181,2.7724
1624949213836,2.0134,0.0161,9.9162,0.6116,0.4839,2.8066
1624949213846,1.9895,0.3846,9.8157,0.5713,0.4607,2.8591
1624949213853,1.8435,0.7602,9.7319,0.4760,0.4582,2.9031
1624949213863,1.7071,1.0163,9.7654,0.3868,0.4570,2.9263
1624949213872,1.6018,1.2340,9.8970,0.3123,0.4643,2.9593
1624949213882,1.4798,1.3345,9.9927,0.2708,0.4472,3.0192
1624949213896,1.5157,1.1550,10.1866,0.2842,0.4252,3.0668
1624949213903,1.8746,1.3800,10.2942,0.3306,0.4118,3.0888
1624949213912,1.9632,1.7820,10.4665,0.3966,0.4203,3.0815
1624949213922,1.8124,2.4161,10.5263,0.4601,0.4191,3.0497
1624949213932,1.7095,3.0191,10.5574,0.4552,0.4106,3.0265
1624949213942,1.7382,3.5215,10.4833,0.3783,0.4069,2.9825
1624949213951,1.8579,3.9690,10.4426,0.2207,0.4191,2.9104
1624949213961,1.7669,4.4189,10.4857,0.0276,0.4424,2.8090
1624949213971,1.6090,4.5840,10.5790,-0.1703,0.4582,2.6856
1624949213980,1.5540,4.6845,10.6460,-0.3535,0.4558,2.5317
1624949213990,1.5348,4.7251,10.7178,-0.4843,0.4436,2.3423
1624949213999,1.5181,4.8424,10.7608,-0.5954,0.4374,2.1371
1624949214009,1.4200,4.9931,10.8494,-0.7005,0.4399,1.9233
1624949214019,1.3123,5.1128,10.9427,-0.7909,0.4411,1.6899
1624949214028,1.2836,5.1582,11.0025,-0.8911,0.4265,1.4309
1624949214037,1.2932,4.9118,10.9427,-0.9925,0.4252,1.1743
1624949214048,1.2429,4.7299,10.8900,-1.0988,0.4484,0.9178
1624949214057,1.1257,4.4069,10.8518,-1.2051,0.4741,0.6612
1624949214067,1.0180,4.0695,10.8326,-1.2991,0.4851,0.4071
1624949214076,0.9917,3.8446,10.7656,-1.3798,0.4863,0.1786
1624949214086,1.0682,3.5191,10.6627,-1.4299,0.5059,-0.0339
1624949214096,1.0945,3.1626,10.6843,-1.4238,0.5499,-0.2440
1624949214105,1.0347,2.9832,10.7225,-1.4005,0.5914,-0.4517
1624949214114,1.0132,2.7822,10.5287,-1.3529,0.6134,-0.6545
1624949214124,1.1113,2.3060,10.2583,-1.3004,0.6500,-0.8390
1624949214134,1.1376,1.7652,10.0573,-1.2356,0.7270,-1.0052
1624949214144,1.0682,1.1838,9.9018,-1.1244,0.8150,-1.1579
1624949214153,0.9725,0.6789,9.7319,-0.9192,0.8675,-1.3021
1624949214161,0.7500,0.4468,9.4950,-0.6370,0.8797,-1.4413
1624949214170,0.5155,0.2865,9.3012,-0.3303,0.8699,-1.5611
1624949214181,0.3265,0.1070,9.1983,-0.0493,0.8443,-1.6686
1624949214190,0.2044,0.0998,9.1768,0.1706,0.8308,-1.7810
1624949214199,0.0967,0.0711,9.2055,0.3758,0.8125,-1.8909
1624949214209,0.0274,0.0041,9.2007,0.6067,0.7746,-1.9985
1624949214221,-0.0899,0.0424,9.1935,0.8438,0.7099,-2.0925
1624949214230,-0.1904,0.1931,9.1433,1.0722,0.6268,-2.1646
1624949214240,-0.2909,0.2793,8.9136,1.2750,0.5291,-2.2232
1624949214249,-0.3363,0.3702,8.7796,1.4558,0.4240,-2.2843
1624949214259,-0.3986,0.4157,8.6743,1.6073,0.3226,-2.3564
1624949214268,-0.4369,0.5616,8.6001,1.7173,0.2261,-2.4322
1624949214278,-0.4799,0.7865,8.6193,1.8114,0.1308,-2.5055
1624949214288,-0.4560,0.9373,8.6121,1.9091,0.0245,-2.5678
1624949214297,-0.3746,1.1335,8.6312,1.9971,-0.0952,-2.6228
1624949214307,-0.3316,1.2938,8.6647,2.0777,-0.2137,-2.6680
1624949214317,-0.2646,1.4685,8.7772,2.1156,-0.3396,-2.7144
1624949214326,-0.1617,1.6623,8.9255,2.0850,-0.4740,-2.7694
1624949214335,0.0704,1.9088,9.0069,1.9714,-0.6034,-2.8292
1624949214345,0.2690,2.0882,9.0260,1.7478,-0.7207,-2.8817
1624949214354,0.4796,2.1337,9.1529,1.3996,-0.8295,-2.9318
1624949214365,0.7500,1.9806,9.2821,0.9842,-0.8979,-2.9807
1624949214374,0.9821,1.7867,9.3539,0.5432,-0.9260,-3.0125
1624949214384,1.2549,1.3943,9.5237,0.1388,-0.9345,-3.0186
1624949214393,1.4630,0.8344,9.6314,-0.1373,-0.9577,-2.9942
1624949214403,1.6473,0.2721,9.5309,-0.3071,-0.9932,-2.9490
1624949214413,1.9033,-0.1299,9.5955,-0.3987,-1.0213,-2.9025
1624949214422,2.0780,-0.3165,9.7008,-0.4048,-1.0078,-2.8622
1624949214432,2.1378,-0.4218,9.7247,-0.3572,-0.9956,-2.8170
1624949214442,2.2551,-0.5199,9.4424,-0.3352,-1.0262,-2.7449
1624949214451,2.5207,-0.6515,9.1888,-0.3657,-1.0420,-2.6301
1624949214461,2.8078,-0.8190,9.0428,-0.4769,-0.9822,-2.5055
1624949214470,3.0016,-1.0033,9.0859,-0.6052,-0.8539,-2.4126
1624949214480,3.0686,-1.3598,9.2055,-0.6749,-0.7268,-2.3454
1624949214490,3.0686,-1.6374,9.2462,-0.6272,-0.6376,-2.2843
1624949214497,3.0447,-1.8001,9.3467,-0.4769,-0.5924,-2.2000
1624949214507,2.9322,-1.6805,9.3754,-0.2741,-0.5900,-2.1011
1624949214516,2.8174,-1.4172,9.4352,-0.0945,-0.6193,-1.9826
1624949214526,2.6762,-1.0798,9.1983,-0.0285,-0.6718,-1.8567
1624949214540,2.7145,-0.8836,9.1505,-0.1556,-0.7391,-1.7199
1624949214547,2.9466,-1.1181,9.1026,-0.4708,-0.7342,-1.5537
1624949214557,3.1811,-1.5871,9.3036,-0.8899,-0.6181,-1.3986
1624949214567,3.2170,-1.9891,9.6314,-1.2234,-0.4458,-1.3057
1624949214576,3.0830,-2.3935,9.9473,-1.3248,-0.3176,-1.2141
1624949214586,2.8748,-2.7309,10.0573,-1.1953,-0.2785,-1.0773
1624949214595,2.6284,-2.7429,10.0238,-0.9021,-0.3041,-0.9136
1624949214605,2.4680,-2.5897,9.9353,-0.5307,-0.3493,-0.7340
1624949214614,2.3795,-2.2212,9.8037,-0.2472,-0.3896,-0.5592
1624949214624,2.4058,-1.8719,9.6625,-0.0933,-0.3970,-0.3992
1624949214634,2.4178,-1.6374,9.5740,-0.0689,-0.3738,-0.2587
1624949214643,2.3747,-1.5608,9.7415,-0.1141,-0.3286,-0.1414
1624949214653,2.2455,-1.5201,9.8875,-0.1727,-0.2724,-0.0425
1624949214663,2.0971,-1.5010,9.9640,-0.1935,-0.2394,0.0577
1624949214672,1.9895,-1.5130,10.0262,-0.1409,-0.2406,0.1640
1624949214682,1.9703,-1.4531,10.0143,-0.0676,-0.2589,0.2666
1624949214691,1.9584,-1.3909,9.9281,0.0118,-0.2809,0.3558
1624949214701,2.0541,-1.3742,9.9401,0.0582,-0.3017,0.4340
1624949214711,2.1211,-1.3191,9.9305,0.0802,-0.2944,0.5171
1624949214720,2.1929,-1.2234,9.9568,0.0899,-0.2748,0.5940
1624949214730,2.3005,-1.1947,9.9951,0.0838,-0.2528,0.6625
1624949214739,2.3627,-1.2210,9.9090,0.0741,-0.2320,0.7382
1624949214748,2.3532,-1.3383,9.9018,0.0631,-0.1917,0.8433
1624949214758,2.3101,-1.5273,9.8181,0.0826,-0.1624,0.9667
1624949214768,2.3675,-1.7475,9.6793,0.1278,-0.1893,1.0852
1624949214777,2.5948,-2.0130,9.4759,0.1987,-0.2284,1.1939
1624949214787,2.9418,-2.3648,9.4926,0.2744,-0.2101,1.3185
1624949214797,3.0351,-2.4677,9.2701,0.4235,-0.1563,1.4688
1624949214804,3.2074,-2.6065,9.9449,0.6849,-0.0989,1.6056
1624949214814,3.0327,-2.5371,9.9856,1.0417,-0.0500,1.7315
1624949214823,2.9897,-2.1064,10.2248,1.3813,-0.0353,1.8500
1624949214833,2.8892,-1.5943,10.0286,1.6513,-0.0231,1.9294
1624949214848,2.9322,-1.1660,9.8994,1.7539,-0.0451,1.9856
1624949214855,3.1931,-0.7879,9.6051,1.5988,-0.0390,2.0516
1624949214864,3.5065,-0.4912,9.5166,1.2494,0.0526,2.1236
1624949214874,3.6932,-0.3022,9.6171,0.8364,0.1858,2.1896
1624949214883,3.7410,-0.4577,9.7463,0.4565,0.2896,2.2434
1624949214892,3.5783,-0.5295,9.8587,0.1400,0.3593,2.2812
1624949214902,3.0543,-0.6994,9.9497,-0.1067,0.3874,2.3558
1624949214912,2.6930,-1.1469,9.9927,-0.2692,0.3947,2.4559
1624949214922,2.5542,-1.3766,9.8564,-0.3462,0.3666,2.5354
1624949214931,2.6355,-1.3120,9.6003,-0.3315,0.3006,2.5854
1624949214941,2.8078,-1.2952,9.1529,-0.2509,0.2139,2.6465
1624949214950,3.0351,-1.2521,9.1170,-0.1446,0.1577,2.7186
1624949214960,2.9992,-0.9770,9.4161,-0.0444,0.1870,2.7760
1624949214968,2.6714,-0.6635,9.9353,0.0582,0.2371,2.8188
1624949214979,2.3101,-0.2304,10.2368,0.1131,0.2127,2.8506
1624949214989,2.1163,-0.0964,10.2775,0.1266,0.1858,2.9019
1624949214999,1.9751,-0.0270,10.3876,0.1070,0.1723,2.9398
1624949215008,1.9679,0.2865,10.3541,0.0716,0.1430,2.9361
1624949215018,2.1522,0.6358,10.3636,0.0679,0.1125,2.9104
1624949215027,2.0876,1.0474,10.3588,0.1046,0.1149,2.8762
1624949215037,1.9129,1.3489,10.6292,0.1486,0.1430,2.8383
1624949215047,1.6353,1.6910,10.8302,0.2121,0.1589,2.8005
1624949215056,1.5683,1.9255,10.8900,0.2463,0.1479,2.7650
1624949215063,1.6664,2.2749,10.8159,0.2353,0.1308,2.7039
1624949215124,1.6975,2.5213,10.8566,0.1877,0.1577,2.6050
1624949215125,1.6281,2.8851,10.9523,0.1425,0.1955,2.4792
1624949215126,1.5372,2.9616,10.9714,0.1009,0.2322,2.3765
1624949215127,1.4606,2.8276,10.9547,0.0814,0.2505,2.2727
1624949215127,1.4224,2.8276,10.8159,0.0814,0.2737,2.1297
1624949215128,1.3721,2.9497,10.7967,0.1290,0.2970,1.9611
1624949215137,1.3458,3.0358,10.7130,0.1681,0.3067,1.8145
1624949215143,1.3147,2.9042,10.6029,0.1987,0.3092,1.6826
1624949215150,1.1376,2.9784,10.4354,0.2390,0.2933,1.5299
1624949215160,0.9414,3.0573,10.2918,0.2549,0.2554,1.3820
1624949215169,0.8840,3.0310,10.1339,0.2109,0.2053,1.2379
1624949215179,0.9534,2.8539,9.8683,0.1290,0.1833,1.0864
1624949215191,0.9797,2.4831,9.7630,0.0557,0.1907,0.9532
1624949215200,0.9103,2.1624,9.6697,0.0350,0.2053,0.8237
1624949215209,0.7787,1.6575,9.6099,0.1266,0.1882,0.7089
1624949215219,0.7667,1.3273,9.3874,0.3380,0.1601,0.5867
1624949215229,0.6591,1.1072,9.2366,0.7130,0.1259,0.4767
1624949215238,0.5633,0.9469,9.1529,1.2115,0.0551,0.4205
1624949215248,0.6615,0.9780,9.1026,1.7454,-0.0488,0.3717
1624949215258,0.7739,1.5499,8.9208,2.2341,-0.1526,0.2422
1624949215267,0.8912,2.3849,8.7604,2.5676,-0.2320,0.0846
1624949215277,0.9773,3.1196,8.6025,2.6873,-0.2907,-0.0132
1624949215286,1.0012,3.5000,8.5810,2.6030,-0.3066,-0.0522
1624949215296,1.0706,3.4426,8.8059,2.3917,-0.2748,-0.0877
1624949215306,1.3171,3.0191,9.5118,2.1339,-0.1563,-0.1194
1624949215316,0.7261,2.0500,9.0978,1.8981,-0.0976,0.0137
1624949215324,0.7691,1.5355,9.2629,1.8052,-0.1942,0.1200
1624949215334,0.8601,2.0858,9.3754,1.8517,-0.3347,-0.0364
1624949215343,0.9079,2.5596,9.6913,2.0386,-0.4483,-0.1622
1624949215354,0.9510,3.1770,9.3515,2.0875,-0.6071,-0.1671
1624949215364,1.1998,3.8637,8.9925,1.9250,-0.7256,-0.1927
1624949215373,1.4559,4.2250,8.8992,1.6232,-0.7561,-0.3308
1624949215383,1.8579,4.4859,8.7820,1.2103,-0.7476,-0.4615
1624949215392,2.3197,4.3231,8.6145,0.7216,-0.6853,-0.4285
1624949215402,2.4585,3.6101,8.4877,0.3062,-0.6095,-0.3809
1624949215412,2.0014,3.1866,7.9277,0.0557,-0.6010,-0.4957
1624949215421,1.9703,3.2344,8.5618,-0.0188,-0.6169,-0.7523
1624949215431,2.1091,2.4017,10.7225,-0.0041,-0.4642,-0.7987
1624949215438,1.7478,-0.1012,10.6005,-0.1251,-0.2223,-0.1866
1624949215448,1.6712,-0.2495,10.7489,-0.1422,-0.1257,0.1970
1624949215459,1.1376,1.6528,10.8374,0.4100,-0.2333,-0.1231
1624949215467,1.2405,2.7295,10.4474,1.1418,-0.5057,-0.3528
1624949215477,1.5324,3.9211,9.9329,1.2689,-0.6328,-0.2599
1624949215491,1.6281,4.8926,9.5549,0.9122,-0.6120,-0.2294
1624949215497,1.8076,4.9620,9.2701,0.3270,-0.5289,-0.3406
1624949215508,1.9632,4.4715,9.2175,-0.3767,-0.3420,-0.4554
1624949215517,1.9871,3.3158,9.5214,-0.9363,-0.0830,-0.4310
1624949215527,1.8435,1.6934,9.9521,-1.1073,0.1137,-0.3149
1624949215537,1.5588,0.6119,10.4689,-0.9143,0.1711,-0.2135
1624949215546,1.1855,0.0591,10.7010,-0.4085,0.0978,-0.1023
1624949215556,1.3003,0.4300,10.4641,0.1754,-0.0207,0.0247
1624949215565,1.5540,1.2029,10.3445,0.7436,-0.0353,0.1835
1624949215575,1.5635,2.3203,10.3923,1.1810,-0.0036,0.2910
1624949215585,1.4846,3.3182,10.0406,1.4131,-0.0109,0.3375
1624949215594,1.5061,4.1509,9.5668,1.3385,0.0086,0.3338
1624949215604,1.4152,4.8041,9.0787,1.0307,0.0575,0.2581
1624949215613,1.4989,4.8113,8.7628,0.6825,0.0807,0.2080
1624949215622,1.7310,4.5098,8.9423,0.3783,0.1113,0.2263
1624949215633,1.8746,4.2178,8.8753,0.1229,0.1442,0.2593
1624949215642,1.7287,3.9259,9.1672,-0.0041,0.1919,0.2581
1624949215652,1.4128,3.7872,9.3730,-0.0676,0.2163,0.2177
1624949215661,1.1807,3.6005,9.1672,-0.0640,0.1711,0.2348
1624949215671,1.3506,3.3660,8.9949,-0.0212,0.0868,0.2923
1624949215680,1.5348,3.2679,8.7269,0.0154,0.0453,0.3143
1624949215690,1.6305,3.2009,8.6121,-0.0005,0.0257,0.3008
1624949215700,1.7263,3.1076,8.5188,-0.0738,0.0221,0.2984
1624949215710,1.6353,2.9688,8.3704,-0.1434,0.0404,0.3192
1624949215719,1.4966,2.8396,8.3872,-0.1422,0.0331,0.3448
1624949215729,1.5564,2.8803,8.4470,-0.0615,-0.0292,0.3595
1624949215739,1.7669,2.9353,8.3608,0.0435,-0.0879,0.3778
1624949215748,1.9272,3.0382,8.3130,0.1241,-0.1184,0.3961
1624949215756,1.9177,3.1578,8.3584,0.1742,-0.1319,0.4034
1624949215765,1.9320,3.1530,8.3058,0.1535,-0.1490,0.4132
1624949215775,2.0062,2.8252,8.5523,0.1241,-0.1099,0.4377
1624949215784,1.9009,2.5716,8.9471,0.1107,-0.0573,0.4633
1624949215794,1.8076,2.3658,9.2294,0.1645,-0.0598,0.5012
1624949215804,1.8363,2.1983,9.3419,0.3074,-0.1135,0.5500
1624949215816,1.9775,2.1074,9.5381,0.5334,-0.1648,0.5940
1624949215825,2.1091,2.4304,9.5190,0.7668,-0.2259,0.6062
1624949215835,2.3962,2.9736,9.3515,0.9378,-0.3114,0.5867
1624949215844,2.7336,3.5191,9.1888,1.0429,-0.3444,0.5696
1624949215854,2.8676,4.0480,9.0954,1.0087,-0.3114,0.5488
1624949215863,2.9897,4.4811,9.0069,0.8352,-0.2650,0.5134
1624949215873,3.0926,4.6246,8.8442,0.6177,-0.2088,0.4865
1624949215883,3.1907,4.4069,8.7748,0.4051,-0.1416,0.4767
1624949215892,3.2935,4.1198,8.7078,0.2219,-0.1050,0.4719
1624949215902,3.3869,3.6890,8.6599,0.1449,-0.0647,0.4767
1624949215910,3.4252,3.4737,8.6360,0.1718,-0.0488,0.4877
1624949215921,3.4419,3.5239,8.7317,0.2610,-0.0720,0.4767
1624949215929,3.4060,3.7872,8.5355,0.4210,-0.0940,0.4450
1624949215940,3.2457,4.2083,8.3034,0.5273,-0.1160,0.4230
1624949215950,3.2098,4.6079,8.1551,0.5530,-0.1282,0.4034
1624949215959,3.2266,4.9333,8.0713,0.5298,-0.1184,0.3485
1624949215969,3.2553,5.0721,8.0689,0.4821,-0.0989,0.2861
1624949215979,3.3295,4.9285,8.0617,0.4051,-0.0879,0.2483
1624949215988,3.3749,4.6175,8.1072,0.3575,-0.0781,0.2238
1624949215998,3.2983,4.3758,8.2053,0.3819,-0.0903,0.1970
1624949216008,3.2433,4.0934,8.1909,0.5066,-0.1135,0.1945
1624949216017,3.1452,3.9331,8.2125,0.7350,-0.1404,0.1884
1624949216027,2.9394,4.2849,8.2843,0.9647,-0.2015,0.1469
1624949216036,2.8341,4.8041,8.0689,1.2054,-0.3139,0.1078
1624949216046,2.9921,5.3592,7.7435,1.3728,-0.4312,0.0577
1624949216056,3.0854,5.8641,7.8607,1.3556,-0.4849,-0.0144
1624949216063,3.1883,6.1297,7.5066,1.1968,-0.5045,-0.0657
1624949216072,3.3438,5.9622,7.1357,0.9635,-0.5619,-0.0889
1624949216082,3.3175,5.6775,7.3917,0.7985,-0.5692,-0.1133
1624949216092,3.1476,5.4549,7.5353,0.6776,-0.5839,-0.1378
1624949216105,3.1572,5.1247,7.5425,0.6568,-0.6560,-0.1390
1624949216113,3.3869,4.8352,7.5999,0.7448,-0.7305,-0.1243
1624949216123,3.5352,4.7945,7.6502,0.8755,-0.7684,-0.1353
1624949216133,3.4228,4.9070,7.5162,1.0270,-0.8307,-0.1549
1624949216142,3.5257,5.0529,7.4611,1.1883,-0.9052,-0.1585
1624949216152,3.7865,5.4765,7.4755,1.2897,-0.9443,-0.1817
1624949216161,4.0042,5.7373,7.5521,1.3104,-0.9419,-0.2172
1624949216171,4.1430,6.2087,7.3152,1.2481,-0.9296,-0.2721
1624949216180,4.1095,6.5724,7.1716,1.1614,-0.8918,-0.3051
1624949216190,4.0784,6.6849,7.1955,1.0710,-0.8221,-0.2966
1624949216199,4.0880,6.7040,7.2601,0.9219,-0.7549,-0.3064
1624949216209,4.1215,6.6418,7.3104,0.8083,-0.7122,-0.3442
1624949216219,4.2220,6.5461,7.3582,0.7387,-0.6755,-0.3699
1624949216228,4.3368,6.5174,7.2841,0.6886,-0.6364,-0.3980
1624949216238,4.5211,6.7016,7.1955,0.6446,-0.5973,-0.4517
1624949216248,4.5641,6.9696,6.9108,0.5909,-0.5460,-0.5116
1624949216257,4.5211,7.0773,6.7289,0.5004,-0.4642,-0.5495
1624949216267,4.4158,7.0079,6.5064,0.4137,-0.3725,-0.5825
1624949216276,4.3201,6.7566,6.4681,0.2964,-0.2956,-0.5935
1624949216286,4.1047,6.5030,6.6117,0.2023,-0.2284,-0.5984
1624949216296,4.0593,6.3331,6.7983,0.1852,-0.2015,-0.5935
1624949216305,4.1095,6.2135,6.5878,0.2292,-0.2284,-0.5519
1624949216315,4.0975,6.0651,6.4514,0.3037,-0.2357,-0.5067
1624949216324,3.9300,6.2087,6.3628,0.3624,-0.2284,-0.5031
1624949216333,3.7290,6.5413,6.3987,0.4137,-0.2320,-0.5189
1624949216343,3.7673,6.6825,6.3987,0.4198,-0.2528,-0.5006
1624949216353,3.9827,6.6298,6.3293,0.3844,-0.2736,-0.4749
1624949216363,4.1645,6.6729,6.3030,0.3367,-0.2638,-0.4676
1624949216370,4.1598,6.7399,6.1929,0.2756,-0.2394,-0.4493
1624949216380,4.1358,6.7447,6.2767,0.2219,-0.2198,-0.4188
1624949216389,3.8511,6.8811,6.4059,0.1742,-0.1929,-0.4016
1624949216399,3.5950,7.0079,6.4035,0.1241,-0.2027,-0.3736
1624949216412,3.5568,6.8117,6.3533,0.0887,-0.2369,-0.3345
1624949216420,3.6979,6.6466,6.3772,0.0679,-0.2650,-0.3161
1624949216430,3.8439,6.6203,6.4442,0.0704,-0.2809,-0.3125
1624949216440,3.8822,6.6825,6.4179,0.1168,-0.2968,-0.2929
1624949216449,3.8894,6.7399,6.2575,0.1706,-0.3078,-0.2661
1624949216458,3.8798,6.9074,6.1690,0.2060,-0.2968,-0.2612
1624949216469,3.7147,7.1227,6.2073,0.2317,-0.2785,-0.2636
1624949216478,3.6453,7.1802,6.2240,0.2390,-0.2748,-0.2538
1624949216488,3.6764,7.1036,6.2408,0.2182,-0.2772,-0.2404
1624949216497,3.7027,6.9959,6.2264,0.1999,-0.2785,-0.2355
1624949216507,3.7171,6.9194,6.1858,0.1999,-0.2834,-0.2282
1624949216516,3.6812,6.9337,6.2288,0.2255,-0.2882,-0.2245
1624949216526,3.6668,7.0581,6.2863,0.2708,-0.2907,-0.2208
1624949216536,3.6812,7.2280,6.2552,0.3013,-0.2992,-0.2245
1624949216545,3.7243,7.3237,6.2288,0.2854,-0.2980,-0.2257
1624949216554,3.7051,7.2280,6.1690,0.2500,-0.2931,-0.2245
1624949216564,3.7434,7.4171,6.0254,0.1938,-0.2882,-0.2404
1624949216574,3.6501,7.2998,5.9824,0.1388,-0.2772,-0.2147
1624949216584,3.5998,7.0055,5.9225,0.0789,-0.2846,-0.1781
1624949216593,3.5927,6.8595,5.8986,0.0484,-0.2907,-0.1646
1624949216603,3.5161,6.8739,5.9225,0.0594,-0.2968,-0.1487
1624949216613,3.5759,6.9552,5.9632,0.0973,-0.3078,-0.1292
1624949216622,3.6956,7.0270,6.0063,0.1315,-0.3102,-0.1158
1624949216632,3.6597,7.1323,6.0518,0.1486,-0.3017,-0.1072
1624949216642,3.6262,7.1563,6.0254,0.1584,-0.2907,-0.0962
1624949216651,3.6309,7.1873,6.0374,0.1547,-0.2760,-0.0913
1624949216661,3.5950,7.2783,6.0613,0.1596,-0.2626,-0.0999
1624949216670,3.6644,7.3620,6.1044,0.1669,-0.2565,-0.0962
1624949216680,3.7649,7.4673,6.1164,0.1571,-0.2394,-0.0987
1624949216687,3.7530,7.4506,6.1546,0.1290,-0.2088,-0.0987
1624949216697,3.7434,7.3931,6.1451,0.1168,-0.1929,-0.0938
1624949216707,3.7051,7.3309,6.0709,0.1144,-0.1795,-0.0950
1624949216717,3.6740,7.3142,6.0231,0.1229,-0.1697,-0.0962
1624949216730,3.6788,7.3285,5.9800,0.1388,-0.1636,-0.0999
1624949216738,3.6549,7.3548,5.9561,0.1596,-0.1600,-0.1035
1624949216747,3.6668,7.3333,5.9561,0.1742,-0.1514,-0.1023
1624949216757,3.6620,7.4075,5.9513,0.1828,-0.1380,-0.1048
1624949216766,3.6118,7.4530,5.9824,0.1974,-0.1196,-0.1023
1624949216776,3.6309,7.4482,5.9872,0.2121,-0.1147,-0.0926
1624949216786,3.6740,7.4410,6.0135,0.2231,-0.1111,-0.0852
1624949216795,3.7027,7.4697,5.9728,0.2329,-0.1001,-0.0852
1624949216805,3.6860,7.5582,5.9776,0.2500,-0.0879,-0.0913
1624949216815,3.6860,7.5893,5.9513,0.2585,-0.0781,-0.0913
1624949216824,3.6764,7.4218,5.9608,0.2537,-0.0622,-0.1060
1624949216834,3.7649,7.6851,5.8005,0.2549,-0.0537,-0.1353
1624949216843,3.7578,7.5869,5.8914,0.2842,-0.0268,-0.0962
1624949216853,3.7817,7.5104,5.7862,0.3062,-0.0182,-0.0657
1624949216862,3.8774,7.5582,5.7814,0.3062,-0.0011,-0.0693
1624949216872,3.8319,7.6300,5.7981,0.3196,0.0172,-0.0620
1624949216882,3.7937,7.7209,5.7503,0.2964,0.0269,-0.0486
1624949216891,3.8248,7.6779,5.7072,0.2573,0.0404,-0.0437
1624949216901,3.8798,7.6516,5.6354,0.2036,0.0563,-0.0571
1624949216910,3.8631,7.6276,5.5086,0.1632,0.0795,-0.0596
1624949216918,3.7913,7.4482,5.5062,0.1461,0.1027,-0.0254
1624949216930,3.7961,7.3884,5.4775,0.1498,0.1039,-0.0058
1624949216939,3.8750,7.3788,5.4057,0.1620,0.1027,0.0125
1624949216949,3.9085,7.4362,5.4320,0.1608,0.1125,0.0394
1624949216959,3.9253,7.4577,5.3818,0.1510,0.1259,0.0650
1624949216968,3.8918,7.4266,5.3937,0.1364,0.1394,0.0943
1624949216978,3.7817,7.3979,5.3435,0.1290,0.1552,0.1176
1624949216987,3.7219,7.3190,5.3698,0.1229,0.1626,0.1371
1624949216995,3.6716,7.3740,5.3387,0.1339,0.1552,0.1542
1624949217004,3.5783,7.5176,5.3315,0.1632,0.1394,0.1664
1624949217014,3.5233,7.7257,5.2789,0.1804,0.1222,0.1738
1624949217024,3.5950,7.8884,5.3387,0.1694,0.1039,0.1725
1624949217037,3.6357,7.9746,5.3459,0.1388,0.0954,0.1640
1624949217045,3.6716,8.0272,5.3818,0.1046,0.0880,0.1567
1624949217055,3.6333,8.0296,5.3555,0.0631,0.0893,0.1457
1624949217065,3.6357,7.9363,5.3028,0.0386,0.0929,0.1371
1624949217074,3.6716,7.8502,5.3076,0.0240,0.0917,0.1286
1624949217084,3.6429,7.8406,5.2908,0.0337,0.0880,0.1212
1624949217093,3.6597,7.8095,5.2765,0.0582,0.0819,0.1139
1624949217103,3.6812,7.8023,5.2837,0.0838,0.0819,0.1017
1624949217112,3.6357,7.8454,5.2573,0.1205,0.0795,0.0870
1624949217122,3.6860,7.8645,5.2167,0.1437,0.0648,0.0724
1624949217132,3.7195,7.8741,5.1832,0.1474,0.0612,0.0626
1624949217141,3.7338,7.7951,5.1568,0.1425,0.0538,0.0601
1624949217151,3.7625,7.7449,5.1616,0.1376,0.0441,0.0443
1624949217159,3.8104,8.0368,5.0396,0.1413,0.0343,0.0320
1624949217170,3.8248,7.8119,5.0492,0.1498,0.0416,0.0870
1624949217180,3.8008,7.7018,5.0516,0.1364,0.0355,0.1017
1624949217188,3.7913,7.7138,5.0851,0.1522,0.0306,0.0919
1624949217199,3.7961,7.6492,5.0587,0.1645,0.0221,0.0980
1624949217208,3.8224,7.6348,5.0851,0.1791,0.0147,0.1005
1624949217218,3.8607,7.7042,5.0970,0.1950,0.0111,0.0968
1624949217228,3.8367,7.7999,5.0970,0.1987,0.0062,0.0980
1624949217237,3.8870,7.8549,5.0874,0.1779,0.0001,0.0968
1624949217247,3.8918,7.9004,5.0420,0.1559,0.0050,0.0895
1624949217257,3.8631,7.8286,5.0276,0.1229,0.0147,0.0846
1624949217266,3.8152,7.7353,5.0827,0.0826,0.0208,0.0846
1624949217276,3.8463,7.6348,5.0372,0.0521,0.0233,0.0797
1624949217286,3.8941,7.6013,5.0707,0.0533,0.0196,0.0748
1624949217295,3.9037,7.5869,5.0731,0.0606,0.0147,0.0773
1624949217303,3.9492,7.6181,5.0492,0.0643,0.0111,0.0809
1624949217312,3.9612,7.6205,5.0851,0.0484,0.0184,0.0882
1624949217322,3.9612,7.5989,5.1568,0.0411,0.0294,0.0980
1624949217331,3.9516,7.5941,5.1473,0.0350,0.0343,0.1078
1624949217341,3.9109,7.6994,5.1186,0.0276,0.0355,0.1078
1624949217352,3.8559,7.7281,5.0707,0.0105,0.0379,0.1053
1624949217362,3.8631,7.7042,5.0564,-0.0090,0.0416,0.1090
1624949217372,3.8439,7.7353,5.0516,-0.0175,0.0379,0.1139
1624949217382,3.8559,7.7784,5.0683,-0.0163,0.0318,0.1249
1624949217391,3.8654,7.7281,5.1090,-0.0127,0.0343,0.1298
1624949217401,3.9277,7.7736,5.1090,-0.0054,0.0318,0.1176
1624949217410,3.8846,7.8286,5.1257,0.0044,0.0331,0.1090
1624949217420,3.8774,7.8717,5.1640,0.0142,0.0282,0.1102
1624949217429,3.9277,7.9291,5.1234,0.0154,0.0184,0.1066
1624949217439,3.8989,7.9650,5.1712,0.0130,0.0184,0.0980
1624949217449,3.8870,8.0512,5.1664,0.0093,0.0147,0.0882
1624949217458,3.9468,8.0918,5.1425,0.0044,0.0111,0.0724
1624949217468,3.9588,8.0655,5.0946,-0.0078,0.0062,0.0589
1624949217478,3.9133,7.9770,5.0755,-0.0127,0.0050,0.0479
1624949217486,3.9181,7.9459,5.0898,-0.0090,0.0025,0.0333
1624949217497,3.9827,7.9842,5.1664,0.0020,-0.0073,0.0272
1624949217506,4.0114,7.9578,5.1473,0.0118,-0.0097,0.0296
1624949217516,4.0090,7.8837,5.2071,0.0240,-0.0048,0.0308
1624949217526,3.9827,7.9052,5.2669,0.0313,0.0001,0.0272
1624949217535,3.9923,7.9243,5.2550,0.0460,-0.0036,0.0223
1624949217545,3.9923,7.9220,5.2262,0.0643,-0.0073,0.0150
1624949217554,3.9492,8.0081,5.2693,0.0618,-0.0060,0.0064
1624949217564,3.9253,7.9913,5.2047,0.0411,-0.0060,0.0040
1624949217574,3.9827,7.9220,5.2143,0.0166,-0.0085,0.0015
1624949217583,3.9707,7.8549,5.2095,-0.0139,-0.0036,-0.0070
1624949217593,3.9037,7.8214,5.2071,-0.0261,0.0001,-0.0070
1624949217603,3.6860,7.7377,5.3555,-0.0603,0.0001,-0.0058
1624949217612,3.8583,8.3287,5.4488,-0.1495,0.0074,-0.0913
1624949217620,4.2579,7.6851,5.3100,-0.0554,-0.0048,-0.0486
1624949217629,3.9061,7.6563,5.3363,0.0227,0.0050,0.0076
1624949217639,3.6573,8.0990,5.3937,0.0508,0.0196,-0.0596
1624949217648,4.0018,7.9794,5.2143,0.1498,-0.0170,-0.0461
1624949217662,4.0593,8.1229,5.2191,0.1180,-0.0036,-0.0547
1624949217670,3.9205,7.9746,5.2597,0.0386,0.0208,-0.0437
1624949217679,3.8989,7.7449,5.2861,0.0105,0.0245,-0.0290
1624949217689,3.9564,7.7329,5.2454,0.0362,0.0172,-0.0351
1624949217698,4.0114,7.7832,5.2119,0.0374,0.0099,-0.0376
1624949217708,3.9205,7.7018,5.2310,0.0105,0.0172,-0.0254
1624949217717,3.9277,7.5917,5.2286,-0.0054,0.0147,-0.0107
1624949217727,3.8989,7.6157,5.2597,-0.0017,0.0050,0.0101
1624949217737,3.8511,7.5654,5.1856,0.0215,-0.0121,0.0430
1624949217747,3.9372,7.5917,5.1951,0.0325,-0.0170,0.0418
1624949217756,4.0162,7.6133,5.1592,0.0301,-0.0182,0.0516
1624949217766,4.0329,7.6013,5.1975,0.0252,-0.0158,0.0821
1624949217775,3.9779,7.4841,5.1760,0.0386,-0.0121,0.1078
1624949217785,3.9779,7.6157,5.1329,0.0374,0.0013,0.0858
1624949217794,3.8941,7.4817,5.1640,0.0643,0.0074,0.1029
1624949217804,3.9444,7.5846,5.0085,0.0789,0.0013,0.0846
1624949217814,3.9851,7.6181,4.9774,0.0973,0.0050,0.0834
1624949217823,3.9181,7.6133,4.9870,0.1180,0.0123,0.0931
1624949217832,3.8463,7.7305,5.0994,0.1364,0.0196,0.0797
1624949217843,3.9755,7.9243,4.9630,0.1278,0.0074,0.0565
1624949217851,3.9300,7.7832,5.0228,0.1058,0.0123,0.0724
1624949217862,3.8511,7.7975,4.9822,0.0997,0.0086,0.0516
1624949217871,3.9851,7.9196,4.9295,0.0618,0.0037,0.0247
1624949217881,4.0018,7.8047,4.9846,0.0374,0.0099,0.0247
1624949217890,3.9851,7.8621,5.0779,0.0227,0.0159,0.0064
1624949217898,3.9994,7.8573,5.0922,-0.0005,0.0147,0.0003
1624949217909,4.0305,7.8310,5.0874,-0.0163,0.0086,0.0101
1624949217918,3.9588,7.7497,5.1712,-0.0359,0.0086,0.0235
1624949217927,3.9779,7.7521,5.1186,-0.0347,0.0013,0.0113
1624949217937,3.9947,7.7568,5.1042,-0.0163,-0.0060,0.0137
1624949217957,4.0138,7.8621,5.1162,-0.0115,-0.0097,0.0064
1624949217961,3.9779,7.8860,5.1329,-0.0224,-0.0036,-0.0119
1624949217969,3.9755,7.9100,5.1473,-0.0359,0.0001,-0.0229
1624949217975,4.0114,7.8214,5.1042,-0.0493,0.0025,-0.0278
1624949217984,4.0736,7.7521,5.0587,-0.0603,0.0025,-0.0290
1624949217994,4.0114,7.6827,5.0300,-0.0786,0.0123,-0.0205
1624949218004,3.9492,7.6970,5.1568,-0.0774,0.0245,-0.0266
1624949218013,3.9612,7.7521,5.1880,-0.0530,0.0159,-0.0229
1624949218023,3.9348,7.7592,5.1616,-0.0285,0.0123,-0.0107
1624949218032,3.8654,7.7377,5.1616,0.0044,0.0123,-0.0119
1624949218042,3.8870,7.7640,5.1329,0.0386,0.0074,-0.0205
1624949218052,3.8894,7.8382,5.1975,0.0533,0.0062,-0.0327
1624949218061,3.9516,7.8262,5.1066,0.0386,0.0074,-0.0486
1624949218071,3.9659,7.7784,5.1329,0.0350,0.0135,-0.0498
1624949218080,4.0018,7.9459,5.2717,0.0264,0.0135,-0.0535
1624949218090,3.9181,7.8860,5.1736,-0.0273,0.0184,-0.0486
1624949218100,4.1909,7.9124,3.6996,-0.0322,0.0636,-0.0547
1624949218109,3.5472,7.4218,5.2406,-0.0200,0.1882,-0.0376
1624949218119,3.6070,7.6252,4.9774,-0.0554,0.0379,-0.0571
1624949218131,4.1933,7.8167,4.8649,-0.0139,-0.0170,-0.0229
1624949218140,3.9133,7.8023,5.0205,-0.0640,-0.0011,-0.0302
1624949218148,3.8822,7.6516,5.2286,-0.0933,-0.0011,-0.0254
1624949218159,3.9516,7.6803,5.2621,-0.0933,-0.0402,-0.0290
1624949218167,3.8822,7.7784,5.3219,-0.0896,-0.0610,-0.0302
1624949218177,3.8774,7.7856,5.4536,-0.0847,-0.0671,-0.0241
1624949218193,3.8319,7.8119,5.5636,-0.0725,-0.0720,-0.0217
1624949218197,3.8487,7.7879,5.4249,-0.0432,-0.0854,-0.0156
1624949218210,3.9516,7.6803,5.1688,-0.0005,-0.0720,-0.0095
1624949218222,3.8319,7.6611,5.2215,0.0350,-0.0182,-0.0229
